# Energy(MeV) 	mg/cm2 	cm
# Starting Energy: 20 MeV
20.000000	0.000000	0.000000
19.999646	0.001000	0.010041
19.999292	0.002000	0.020081
19.998937	0.003000	0.030122
19.998583	0.004000	0.040163
19.998229	0.005000	0.050203
19.997875	0.006000	0.060244
19.997521	0.007000	0.070285
19.997166	0.008000	0.080325
19.996812	0.009000	0.090366
19.996458	0.010000	0.100407
19.996104	0.011000	0.110447
19.995749	0.012000	0.120488
19.995395	0.013000	0.130529
19.995041	0.014000	0.140569
19.994687	0.015000	0.150610
19.994332	0.016000	0.160651
19.993978	0.017000	0.170691
19.993624	0.018000	0.180732
19.993269	0.019000	0.190773
19.992915	0.020000	0.200813
19.992561	0.021000	0.210854
19.992206	0.022000	0.220895
19.991852	0.023000	0.230935
19.991498	0.024000	0.240976
19.991144	0.025000	0.251017
19.990789	0.026000	0.261057
19.990435	0.027000	0.271098
19.990081	0.028000	0.281139
19.989726	0.029000	0.291179
19.989372	0.030000	0.301220
19.989017	0.031000	0.311261
19.988663	0.032000	0.321301
19.988309	0.033000	0.331342
19.987954	0.034000	0.341383
19.987600	0.035000	0.351423
19.987246	0.036000	0.361464
19.986891	0.037000	0.371505
19.986537	0.038000	0.381545
19.986182	0.039000	0.391586
19.985828	0.040000	0.401627
19.985474	0.041000	0.411667
19.985119	0.042000	0.421708
19.984765	0.043000	0.431749
19.984410	0.044000	0.441789
19.984056	0.045000	0.451830
19.983702	0.046000	0.461871
19.983347	0.047000	0.471911
19.982993	0.048000	0.481952
19.982638	0.049000	0.491993
19.982284	0.050000	0.502033
19.981929	0.051000	0.512074
19.981575	0.052000	0.522115
19.981220	0.053000	0.532155
19.980866	0.054000	0.542196
19.980511	0.055000	0.552237
19.980157	0.056000	0.562277
19.979802	0.057000	0.572318
19.979448	0.058000	0.582359
19.979093	0.059000	0.592399
19.978739	0.060000	0.602440
19.978384	0.061000	0.612481
19.978030	0.062000	0.622521
19.977675	0.063000	0.632562
19.977321	0.064000	0.642603
19.976966	0.065000	0.652643
19.976612	0.066000	0.662684
19.976257	0.067000	0.672725
19.975903	0.068000	0.682765
19.975548	0.069000	0.692806
19.975194	0.070000	0.702847
19.974839	0.071000	0.712887
19.974485	0.072000	0.722928
19.974130	0.073000	0.732969
19.973775	0.074000	0.743009
19.973421	0.075000	0.753050
19.973066	0.076000	0.763091
19.972712	0.077000	0.773131
19.972357	0.078000	0.783172
19.972002	0.079000	0.793213
19.971648	0.080000	0.803253
19.971293	0.081000	0.813294
19.970939	0.082000	0.823335
19.970584	0.083000	0.833375
19.970229	0.084000	0.843416
19.969875	0.085000	0.853457
19.969520	0.086000	0.863497
19.969165	0.087000	0.873538
19.968811	0.088000	0.883579
19.968456	0.089000	0.893619
19.968101	0.090000	0.903660
19.967747	0.091000	0.913701
19.967392	0.092000	0.923741
19.967037	0.093000	0.933782
19.966683	0.094000	0.943823
19.966328	0.095000	0.953863
19.965973	0.096000	0.963904
19.965619	0.097000	0.973945
19.965264	0.098000	0.983985
19.964909	0.099000	0.994026
19.964555	0.100000	1.004067
19.964200	0.101000	1.014107
19.963845	0.102000	1.024148
19.963490	0.103000	1.034189
19.963136	0.104000	1.044229
19.962781	0.105000	1.054270
19.962426	0.106000	1.064311
19.962071	0.107000	1.074351
19.961717	0.108000	1.084392
19.961362	0.109000	1.094433
19.961007	0.110000	1.104473
19.960652	0.111000	1.114514
19.960298	0.112000	1.124555
19.959943	0.113000	1.134595
19.959588	0.114000	1.144636
19.959233	0.115000	1.154677
19.958878	0.116000	1.164717
19.958524	0.117000	1.174758
19.958169	0.118000	1.184799
19.957814	0.119000	1.194839
19.957459	0.120000	1.204880
19.957104	0.121000	1.214921
19.956750	0.122000	1.224961
19.956395	0.123000	1.235002
19.956040	0.124000	1.245043
19.955685	0.125000	1.255083
19.955330	0.126000	1.265124
19.954975	0.127000	1.275165
19.954620	0.128000	1.285205
19.954266	0.129000	1.295246
19.953911	0.130000	1.305287
19.953556	0.131000	1.315327
19.953201	0.132000	1.325368
19.952846	0.133000	1.335409
19.952491	0.134000	1.345449
19.952136	0.135000	1.355490
19.951781	0.136000	1.365531
19.951426	0.137000	1.375571
19.951072	0.138000	1.385612
19.950717	0.139000	1.395653
19.950362	0.140000	1.405693
19.950007	0.141000	1.415734
19.949652	0.142000	1.425775
19.949297	0.143000	1.435815
19.948942	0.144000	1.445856
19.948587	0.145000	1.455897
19.948232	0.146000	1.465937
19.947877	0.147000	1.475978
19.947522	0.148000	1.486019
19.947167	0.149000	1.496059
19.946812	0.150000	1.506100
19.946457	0.151000	1.516141
19.946102	0.152000	1.526181
19.945747	0.153000	1.536222
19.945392	0.154000	1.546263
19.945037	0.155000	1.556303
19.944682	0.156000	1.566344
19.944327	0.157000	1.576385
19.943972	0.158000	1.586425
19.943617	0.159000	1.596466
19.943262	0.160000	1.606507
19.942907	0.161000	1.616547
19.942552	0.162000	1.626588
19.942197	0.163000	1.636629
19.941842	0.164000	1.646669
19.941487	0.165000	1.656710
19.941132	0.166000	1.666751
19.940777	0.167000	1.676791
19.940422	0.168000	1.686832
19.940067	0.169000	1.696873
19.939712	0.170000	1.706913
19.939357	0.171000	1.716954
19.939001	0.172000	1.726995
19.938646	0.173000	1.737035
19.938291	0.174000	1.747076
19.937936	0.175000	1.757117
19.937581	0.176000	1.767157
19.937226	0.177000	1.777198
19.936871	0.178000	1.787239
19.936516	0.179000	1.797279
19.936161	0.180000	1.807320
19.935805	0.181000	1.817361
19.935450	0.182000	1.827401
19.935095	0.183000	1.837442
19.934740	0.184000	1.847483
19.934385	0.185000	1.857523
19.934030	0.186000	1.867564
19.933674	0.187000	1.877605
19.933319	0.188000	1.887645
19.932964	0.189000	1.897686
19.932609	0.190000	1.907727
19.932254	0.191000	1.917767
19.931899	0.192000	1.927808
19.931543	0.193000	1.937849
19.931188	0.194000	1.947889
19.930833	0.195000	1.957930
19.930478	0.196000	1.967971
19.930122	0.197000	1.978011
19.929767	0.198000	1.988052
19.929412	0.199000	1.998093
19.929057	0.200000	2.008133
19.928702	0.201000	2.018174
19.928346	0.202000	2.028215
19.927991	0.203000	2.038255
19.927636	0.204000	2.048296
19.927281	0.205000	2.058337
19.926925	0.206000	2.068377
19.926570	0.207000	2.078418
19.926215	0.208000	2.088459
19.925859	0.209000	2.098499
19.925504	0.210000	2.108540
19.925149	0.211000	2.118581
19.924794	0.212000	2.128621
19.924438	0.213000	2.138662
19.924083	0.214000	2.148703
19.923728	0.215000	2.158743
19.923372	0.216000	2.168784
19.923017	0.217000	2.178825
19.922662	0.218000	2.188865
19.922306	0.219000	2.198906
19.921951	0.220000	2.208947
19.921596	0.221000	2.218987
19.921240	0.222000	2.229028
19.920885	0.223000	2.239069
19.920529	0.224000	2.249109
19.920174	0.225000	2.259150
19.919819	0.226000	2.269191
19.919463	0.227000	2.279231
19.919108	0.228000	2.289272
19.918753	0.229000	2.299313
19.918397	0.230000	2.309353
19.918042	0.231000	2.319394
19.917686	0.232000	2.329435
19.917331	0.233000	2.339475
19.916976	0.234000	2.349516
19.916620	0.235000	2.359557
19.916265	0.236000	2.369597
19.915909	0.237000	2.379638
19.915554	0.238000	2.389679
19.915198	0.239000	2.399719
19.914843	0.240000	2.409760
19.914488	0.241000	2.419801
19.914132	0.242000	2.429841
19.913777	0.243000	2.439882
19.913421	0.244000	2.449923
19.913066	0.245000	2.459963
19.912710	0.246000	2.470004
19.912355	0.247000	2.480045
19.911999	0.248000	2.490085
19.911644	0.249000	2.500126
19.911288	0.250000	2.510167
19.910933	0.251000	2.520207
19.910577	0.252000	2.530248
19.910222	0.253000	2.540289
19.909866	0.254000	2.550329
19.909511	0.255000	2.560370
19.909155	0.256000	2.570411
19.908800	0.257000	2.580451
19.908444	0.258000	2.590492
19.908088	0.259000	2.600533
19.907733	0.260000	2.610573
19.907377	0.261000	2.620614
19.907022	0.262000	2.630655
19.906666	0.263000	2.640695
19.906311	0.264000	2.650736
19.905955	0.265000	2.660777
19.905599	0.266000	2.670817
19.905244	0.267000	2.680858
19.904888	0.268000	2.690899
19.904533	0.269000	2.700939
19.904177	0.270000	2.710980
19.903821	0.271000	2.721021
19.903466	0.272000	2.731061
19.903110	0.273000	2.741102
19.902755	0.274000	2.751143
19.902399	0.275000	2.761183
19.902043	0.276000	2.771224
19.901688	0.277000	2.781265
19.901332	0.278000	2.791305
19.900976	0.279000	2.801346
19.900621	0.280000	2.811387
19.900265	0.281000	2.821427
19.899909	0.282000	2.831468
19.899554	0.283000	2.841509
19.899198	0.284000	2.851549
19.898842	0.285000	2.861590
19.898487	0.286000	2.871631
19.898131	0.287000	2.881671
19.897775	0.288000	2.891712
19.897420	0.289000	2.901753
19.897064	0.290000	2.911793
19.896708	0.291000	2.921834
19.896352	0.292000	2.931875
19.895997	0.293000	2.941915
19.895641	0.294000	2.951956
19.895285	0.295000	2.961997
19.894929	0.296000	2.972037
19.894574	0.297000	2.982078
19.894218	0.298000	2.992119
19.893862	0.299000	3.002159
19.893506	0.300000	3.012200
19.893151	0.301000	3.022241
19.892795	0.302000	3.032281
19.892439	0.303000	3.042322
19.892083	0.304000	3.052363
19.891728	0.305000	3.062403
19.891372	0.306000	3.072444
19.891016	0.307000	3.082485
19.890660	0.308000	3.092525
19.890304	0.309000	3.102566
19.889949	0.310000	3.112607
19.889593	0.311000	3.122647
19.889237	0.312000	3.132688
19.888881	0.313000	3.142729
19.888525	0.314000	3.152769
19.888169	0.315000	3.162810
19.887814	0.316000	3.172851
19.887458	0.317000	3.182891
19.887102	0.318000	3.192932
19.886746	0.319000	3.202973
19.886390	0.320000	3.213013
19.886034	0.321000	3.223054
19.885678	0.322000	3.233095
19.885322	0.323000	3.243135
19.884967	0.324000	3.253176
19.884611	0.325000	3.263217
19.884255	0.326000	3.273257
19.883899	0.327000	3.283298
19.883543	0.328000	3.293339
19.883187	0.329000	3.303379
19.882831	0.330000	3.313420
19.882475	0.331000	3.323461
19.882119	0.332000	3.333501
19.881763	0.333000	3.343542
19.881407	0.334000	3.353583
19.881051	0.335000	3.363623
19.880695	0.336000	3.373664
19.880339	0.337000	3.383705
19.879984	0.338000	3.393745
19.879628	0.339000	3.403786
19.879272	0.340000	3.413827
19.878916	0.341000	3.423867
19.878560	0.342000	3.433908
19.878204	0.343000	3.443949
19.877848	0.344000	3.453989
19.877492	0.345000	3.464030
19.877136	0.346000	3.474071
19.876780	0.347000	3.484111
19.876424	0.348000	3.494152
19.876068	0.349000	3.504193
19.875712	0.350000	3.514233
19.875356	0.351000	3.524274
19.874999	0.352000	3.534315
19.874643	0.353000	3.544355
19.874287	0.354000	3.554396
19.873931	0.355000	3.564437
19.873575	0.356000	3.574477
19.873219	0.357000	3.584518
19.872863	0.358000	3.594559
19.872507	0.359000	3.604599
19.872151	0.360000	3.614640
19.871795	0.361000	3.624681
19.871439	0.362000	3.634721
19.871083	0.363000	3.644762
19.870727	0.364000	3.654803
19.870370	0.365000	3.664843
19.870014	0.366000	3.674884
19.869658	0.367000	3.684925
19.869302	0.368000	3.694965
19.868946	0.369000	3.705006
19.868590	0.370000	3.715047
19.868234	0.371000	3.725087
19.867878	0.372000	3.735128
19.867521	0.373000	3.745169
19.867165	0.374000	3.755209
19.866809	0.375000	3.765250
19.866453	0.376000	3.775291
19.866097	0.377000	3.785331
19.865741	0.378000	3.795372
19.865384	0.379000	3.805413
19.865028	0.380000	3.815453
19.864672	0.381000	3.825494
19.864316	0.382000	3.835535
19.863960	0.383000	3.845575
19.863603	0.384000	3.855616
19.863247	0.385000	3.865657
19.862891	0.386000	3.875697
19.862535	0.387000	3.885738
19.862179	0.388000	3.895779
19.861822	0.389000	3.905819
19.861466	0.390000	3.915860
19.861110	0.391000	3.925901
19.860754	0.392000	3.935942
19.860397	0.393000	3.945982
19.860041	0.394000	3.956023
19.859685	0.395000	3.966064
19.859329	0.396000	3.976104
19.858972	0.397000	3.986145
19.858616	0.398000	3.996186
19.858260	0.399000	4.006226
19.857903	0.400000	4.016267
19.857547	0.401000	4.026308
19.857191	0.402000	4.036348
19.856834	0.403000	4.046389
19.856478	0.404000	4.056430
19.856122	0.405000	4.066470
19.855766	0.406000	4.076511
19.855409	0.407000	4.086552
19.855053	0.408000	4.096592
19.854697	0.409000	4.106633
19.854340	0.410000	4.116674
19.853984	0.411000	4.126714
19.853627	0.412000	4.136755
19.853271	0.413000	4.146796
19.852915	0.414000	4.156836
19.852558	0.415000	4.166877
19.852202	0.416000	4.176918
19.851846	0.417000	4.186958
19.851489	0.418000	4.196999
19.851133	0.419000	4.207040
19.850776	0.420000	4.217080
19.850420	0.421000	4.227121
19.850064	0.422000	4.237162
19.849707	0.423000	4.247202
19.849351	0.424000	4.257243
19.848994	0.425000	4.267284
19.848638	0.426000	4.277324
19.848281	0.427000	4.287365
19.847925	0.428000	4.297406
19.847569	0.429000	4.307446
19.847212	0.430000	4.317487
19.846856	0.431000	4.327528
19.846499	0.432000	4.337568
19.846143	0.433000	4.347609
19.845786	0.434000	4.357650
19.845430	0.435000	4.367690
19.845073	0.436000	4.377731
19.844717	0.437000	4.387772
19.844360	0.438000	4.397812
19.844004	0.439000	4.407853
19.843647	0.440000	4.417894
19.843291	0.441000	4.427934
19.842934	0.442000	4.437975
19.842578	0.443000	4.448016
19.842221	0.444000	4.458056
19.841865	0.445000	4.468097
19.841508	0.446000	4.478138
19.841152	0.447000	4.488178
19.840795	0.448000	4.498219
19.840439	0.449000	4.508260
19.840082	0.450000	4.518300
19.839725	0.451000	4.528341
19.839369	0.452000	4.538382
19.839012	0.453000	4.548422
19.838656	0.454000	4.558463
19.838299	0.455000	4.568504
19.837943	0.456000	4.578544
19.837586	0.457000	4.588585
19.837229	0.458000	4.598626
19.836873	0.459000	4.608666
19.836516	0.460000	4.618707
19.836159	0.461000	4.628748
19.835803	0.462000	4.638788
19.835446	0.463000	4.648829
19.835090	0.464000	4.658870
19.834733	0.465000	4.668910
19.834376	0.466000	4.678951
19.834020	0.467000	4.688992
19.833663	0.468000	4.699032
19.833306	0.469000	4.709073
19.832950	0.470000	4.719114
19.832593	0.471000	4.729154
19.832236	0.472000	4.739195
19.831880	0.473000	4.749236
19.831523	0.474000	4.759276
19.831166	0.475000	4.769317
19.830810	0.476000	4.779358
19.830453	0.477000	4.789398
19.830096	0.478000	4.799439
19.829739	0.479000	4.809480
19.829383	0.480000	4.819520
19.829026	0.481000	4.829561
19.828669	0.482000	4.839602
19.828313	0.483000	4.849642
19.827956	0.484000	4.859683
19.827599	0.485000	4.869724
19.827242	0.486000	4.879764
19.826886	0.487000	4.889805
19.826529	0.488000	4.899846
19.826172	0.489000	4.909886
19.825815	0.490000	4.919927
19.825459	0.491000	4.929968
19.825102	0.492000	4.940008
19.824745	0.493000	4.950049
19.824388	0.494000	4.960090
19.824031	0.495000	4.970130
19.823675	0.496000	4.980171
19.823318	0.497000	4.990212
19.822961	0.498000	5.000252
19.822604	0.499000	5.010293
19.822247	0.500000	5.020334
19.821890	0.501000	5.030374
19.821534	0.502000	5.040415
19.821177	0.503000	5.050456
19.820820	0.504000	5.060496
19.820463	0.505000	5.070537
19.820106	0.506000	5.080578
19.819749	0.507000	5.090618
19.819392	0.508000	5.100659
19.819036	0.509000	5.110700
19.818679	0.510000	5.120740
19.818322	0.511000	5.130781
19.817965	0.512000	5.140822
19.817608	0.513000	5.150862
19.817251	0.514000	5.160903
19.816894	0.515000	5.170944
19.816537	0.516000	5.180984
19.816180	0.517000	5.191025
19.815824	0.518000	5.201066
19.815467	0.519000	5.211106
19.815110	0.520000	5.221147
19.814753	0.521000	5.231188
19.814396	0.522000	5.241228
19.814039	0.523000	5.251269
19.813682	0.524000	5.261310
19.813325	0.525000	5.271350
19.812968	0.526000	5.281391
19.812611	0.527000	5.291432
19.812254	0.528000	5.301472
19.811897	0.529000	5.311513
19.811540	0.530000	5.321554
19.811183	0.531000	5.331594
19.810826	0.532000	5.341635
19.810469	0.533000	5.351676
19.810112	0.534000	5.361716
19.809755	0.535000	5.371757
19.809398	0.536000	5.381798
19.809041	0.537000	5.391838
19.808684	0.538000	5.401879
19.808327	0.539000	5.411920
19.807970	0.540000	5.421960
19.807613	0.541000	5.432001
19.807256	0.542000	5.442042
19.806899	0.543000	5.452082
19.806542	0.544000	5.462123
19.806185	0.545000	5.472164
19.805828	0.546000	5.482204
19.805471	0.547000	5.492245
19.805113	0.548000	5.502286
19.804756	0.549000	5.512326
19.804399	0.550000	5.522367
19.804042	0.551000	5.532408
19.803685	0.552000	5.542448
19.803328	0.553000	5.552489
19.802971	0.554000	5.562530
19.802614	0.555000	5.572570
19.802257	0.556000	5.582611
19.801899	0.557000	5.592652
19.801542	0.558000	5.602692
19.801185	0.559000	5.612733
19.800828	0.560000	5.622774
19.800471	0.561000	5.632814
19.800114	0.562000	5.642855
19.799757	0.563000	5.652896
19.799399	0.564000	5.662936
19.799042	0.565000	5.672977
19.798685	0.566000	5.683018
19.798328	0.567000	5.693058
19.797971	0.568000	5.703099
19.797614	0.569000	5.713140
19.797256	0.570000	5.723180
19.796899	0.571000	5.733221
19.796542	0.572000	5.743262
19.796185	0.573000	5.753302
19.795827	0.574000	5.763343
19.795470	0.575000	5.773384
19.795113	0.576000	5.783424
19.794756	0.577000	5.793465
19.794399	0.578000	5.803506
19.794041	0.579000	5.813546
19.793684	0.580000	5.823587
19.793327	0.581000	5.833628
19.792970	0.582000	5.843668
19.792612	0.583000	5.853709
19.792255	0.584000	5.863750
19.791898	0.585000	5.873790
19.791540	0.586000	5.883831
19.791183	0.587000	5.893872
19.790826	0.588000	5.903912
19.790469	0.589000	5.913953
19.790111	0.590000	5.923994
19.789754	0.591000	5.934034
19.789397	0.592000	5.944075
19.789039	0.593000	5.954116
19.788682	0.594000	5.964156
19.788325	0.595000	5.974197
19.787967	0.596000	5.984238
19.787610	0.597000	5.994278
19.787253	0.598000	6.004319
19.786895	0.599000	6.014360
19.786538	0.600000	6.024400
19.786181	0.601000	6.034441
19.785823	0.602000	6.044482
19.785466	0.603000	6.054522
19.785108	0.604000	6.064563
19.784751	0.605000	6.074604
19.784394	0.606000	6.084644
19.784036	0.607000	6.094685
19.783679	0.608000	6.104726
19.783321	0.609000	6.114766
19.782964	0.610000	6.124807
19.782607	0.611000	6.134848
19.782249	0.612000	6.144888
19.781892	0.613000	6.154929
19.781534	0.614000	6.164970
19.781177	0.615000	6.175010
19.780819	0.616000	6.185051
19.780462	0.617000	6.195092
19.780105	0.618000	6.205132
19.779747	0.619000	6.215173
19.779390	0.620000	6.225214
19.779032	0.621000	6.235254
19.778675	0.622000	6.245295
19.778317	0.623000	6.255336
19.777960	0.624000	6.265376
19.777602	0.625000	6.275417
19.777245	0.626000	6.285458
19.776887	0.627000	6.295498
19.776530	0.628000	6.305539
19.776172	0.629000	6.315580
19.775815	0.630000	6.325620
19.775457	0.631000	6.335661
19.775100	0.632000	6.345702
19.774742	0.633000	6.355742
19.774385	0.634000	6.365783
19.774027	0.635000	6.375824
19.773669	0.636000	6.385864
19.773312	0.637000	6.395905
19.772954	0.638000	6.405946
19.772597	0.639000	6.415986
19.772239	0.640000	6.426027
19.771882	0.641000	6.436068
19.771524	0.642000	6.446108
19.771166	0.643000	6.456149
19.770809	0.644000	6.466190
19.770451	0.645000	6.476230
19.770094	0.646000	6.486271
19.769736	0.647000	6.496312
19.769378	0.648000	6.506352
19.769021	0.649000	6.516393
19.768663	0.650000	6.526434
19.768306	0.651000	6.536474
19.767948	0.652000	6.546515
19.767590	0.653000	6.556556
19.767233	0.654000	6.566596
19.766875	0.655000	6.576637
19.766517	0.656000	6.586678
19.766160	0.657000	6.596718
19.765802	0.658000	6.606759
19.765444	0.659000	6.616800
19.765087	0.660000	6.626840
19.764729	0.661000	6.636881
19.764371	0.662000	6.646922
19.764014	0.663000	6.656962
19.763656	0.664000	6.667003
19.763298	0.665000	6.677044
19.762940	0.666000	6.687084
19.762583	0.667000	6.697125
19.762225	0.668000	6.707166
19.761867	0.669000	6.717206
19.761509	0.670000	6.727247
19.761152	0.671000	6.737288
19.760794	0.672000	6.747328
19.760436	0.673000	6.757369
19.760079	0.674000	6.767410
19.759721	0.675000	6.777450
19.759363	0.676000	6.787491
19.759005	0.677000	6.797532
19.758647	0.678000	6.807572
19.758290	0.679000	6.817613
19.757932	0.680000	6.827654
19.757574	0.681000	6.837694
19.757216	0.682000	6.847735
19.756858	0.683000	6.857776
19.756501	0.684000	6.867816
19.756143	0.685000	6.877857
19.755785	0.686000	6.887898
19.755427	0.687000	6.897938
19.755069	0.688000	6.907979
19.754712	0.689000	6.918020
19.754354	0.690000	6.928060
19.753996	0.691000	6.938101
19.753638	0.692000	6.948142
19.753280	0.693000	6.958182
19.752922	0.694000	6.968223
19.752564	0.695000	6.978264
19.752207	0.696000	6.988304
19.751849	0.697000	6.998345
19.751491	0.698000	7.008386
19.751133	0.699000	7.018426
19.750775	0.700000	7.028467
19.750417	0.701000	7.038508
19.750059	0.702000	7.048548
19.749701	0.703000	7.058589
19.749343	0.704000	7.068630
19.748985	0.705000	7.078670
19.748627	0.706000	7.088711
19.748270	0.707000	7.098752
19.747912	0.708000	7.108792
19.747554	0.709000	7.118833
19.747196	0.710000	7.128874
19.746838	0.711000	7.138914
19.746480	0.712000	7.148955
19.746122	0.713000	7.158996
19.745764	0.714000	7.169036
19.745406	0.715000	7.179077
19.745048	0.716000	7.189118
19.744690	0.717000	7.199158
19.744332	0.718000	7.209199
19.743974	0.719000	7.219240
19.743616	0.720000	7.229280
19.743258	0.721000	7.239321
19.742900	0.722000	7.249362
19.742542	0.723000	7.259402
19.742184	0.724000	7.269443
19.741826	0.725000	7.279484
19.741468	0.726000	7.289524
19.741110	0.727000	7.299565
19.740752	0.728000	7.309606
19.740394	0.729000	7.319646
19.740036	0.730000	7.329687
19.739678	0.731000	7.339728
19.739320	0.732000	7.349768
19.738961	0.733000	7.359809
19.738603	0.734000	7.369850
19.738245	0.735000	7.379890
19.737887	0.736000	7.389931
19.737529	0.737000	7.399972
19.737171	0.738000	7.410012
19.736813	0.739000	7.420053
19.736455	0.740000	7.430094
19.736097	0.741000	7.440134
19.735739	0.742000	7.450175
19.735380	0.743000	7.460216
19.735022	0.744000	7.470256
19.734664	0.745000	7.480297
19.734306	0.746000	7.490338
19.733948	0.747000	7.500378
19.733590	0.748000	7.510419
19.733232	0.749000	7.520460
19.732873	0.750000	7.530500
19.732515	0.751000	7.540541
19.732157	0.752000	7.550582
19.731799	0.753000	7.560622
19.731441	0.754000	7.570663
19.731082	0.755000	7.580704
19.730724	0.756000	7.590744
19.730366	0.757000	7.600785
19.730008	0.758000	7.610826
19.729650	0.759000	7.620866
19.729291	0.760000	7.630907
19.728933	0.761000	7.640948
19.728575	0.762000	7.650988
19.728217	0.763000	7.661029
19.727859	0.764000	7.671070
19.727500	0.765000	7.681110
19.727142	0.766000	7.691151
19.726784	0.767000	7.701192
19.726426	0.768000	7.711232
19.726067	0.769000	7.721273
19.725709	0.770000	7.731314
19.725351	0.771000	7.741354
19.724992	0.772000	7.751395
19.724634	0.773000	7.761436
19.724276	0.774000	7.771476
19.723918	0.775000	7.781517
19.723559	0.776000	7.791558
19.723201	0.777000	7.801598
19.722843	0.778000	7.811639
19.722484	0.779000	7.821680
19.722126	0.780000	7.831720
19.721768	0.781000	7.841761
19.721409	0.782000	7.851802
19.721051	0.783000	7.861842
19.720693	0.784000	7.871883
19.720334	0.785000	7.881924
19.719976	0.786000	7.891964
19.719618	0.787000	7.902005
19.719259	0.788000	7.912046
19.718901	0.789000	7.922086
19.718542	0.790000	7.932127
19.718184	0.791000	7.942168
19.717826	0.792000	7.952208
19.717467	0.793000	7.962249
19.717109	0.794000	7.972290
19.716750	0.795000	7.982330
19.716392	0.796000	7.992371
19.716034	0.797000	8.002412
19.715675	0.798000	8.012452
19.715317	0.799000	8.022493
19.714958	0.800000	8.032534
19.714600	0.801000	8.042574
19.714241	0.802000	8.052615
19.713883	0.803000	8.062656
19.713525	0.804000	8.072696
19.713166	0.805000	8.082737
19.712808	0.806000	8.092778
19.712449	0.807000	8.102818
19.712091	0.808000	8.112859
19.711732	0.809000	8.122900
19.711374	0.810000	8.132940
19.711015	0.811000	8.142981
19.710657	0.812000	8.153022
19.710298	0.813000	8.163062
19.709940	0.814000	8.173103
19.709581	0.815000	8.183144
19.709223	0.816000	8.193184
19.708864	0.817000	8.203225
19.708506	0.818000	8.213266
19.708147	0.819000	8.223306
19.707788	0.820000	8.233347
19.707430	0.821000	8.243388
19.707071	0.822000	8.253428
19.706713	0.823000	8.263469
19.706354	0.824000	8.273510
19.705996	0.825000	8.283550
19.705637	0.826000	8.293591
19.705279	0.827000	8.303632
19.704920	0.828000	8.313672
19.704561	0.829000	8.323713
19.704203	0.830000	8.333754
19.703844	0.831000	8.343794
19.703486	0.832000	8.353835
19.703127	0.833000	8.363876
19.702768	0.834000	8.373916
19.702410	0.835000	8.383957
19.702051	0.836000	8.393998
19.701692	0.837000	8.404038
19.701334	0.838000	8.414079
19.700975	0.839000	8.424120
19.700617	0.840000	8.434160
19.700258	0.841000	8.444201
19.699899	0.842000	8.454242
19.699541	0.843000	8.464282
19.699182	0.844000	8.474323
19.698823	0.845000	8.484364
19.698464	0.846000	8.494404
19.698106	0.847000	8.504445
19.697747	0.848000	8.514486
19.697388	0.849000	8.524526
19.697030	0.850000	8.534567
19.696671	0.851000	8.544608
19.696312	0.852000	8.554648
19.695954	0.853000	8.564689
19.695595	0.854000	8.574730
19.695236	0.855000	8.584770
19.694877	0.856000	8.594811
19.694519	0.857000	8.604852
19.694160	0.858000	8.614892
19.693801	0.859000	8.624933
19.693442	0.860000	8.634974
19.693084	0.861000	8.645014
19.692725	0.862000	8.655055
19.692366	0.863000	8.665096
19.692007	0.864000	8.675136
19.691648	0.865000	8.685177
19.691290	0.866000	8.695218
19.690931	0.867000	8.705258
19.690572	0.868000	8.715299
19.690213	0.869000	8.725340
19.689854	0.870000	8.735380
19.689496	0.871000	8.745421
19.689137	0.872000	8.755462
19.688778	0.873000	8.765502
19.688419	0.874000	8.775543
19.688060	0.875000	8.785584
19.687701	0.876000	8.795624
19.687343	0.877000	8.805665
19.686984	0.878000	8.815706
19.686625	0.879000	8.825746
19.686266	0.880000	8.835787
19.685907	0.881000	8.845828
19.685548	0.882000	8.855868
19.685189	0.883000	8.865909
19.684831	0.884000	8.875950
19.684472	0.885000	8.885990
19.684113	0.886000	8.896031
19.683754	0.887000	8.906072
19.683395	0.888000	8.916112
19.683036	0.889000	8.926153
19.682677	0.890000	8.936194
19.682318	0.891000	8.946234
19.681959	0.892000	8.956275
19.681600	0.893000	8.966316
19.681241	0.894000	8.976356
19.680882	0.895000	8.986397
19.680523	0.896000	8.996438
19.680164	0.897000	9.006478
19.679806	0.898000	9.016519
19.679447	0.899000	9.026560
19.679088	0.900000	9.036600
19.678729	0.901000	9.046641
19.678370	0.902000	9.056682
19.678011	0.903000	9.066722
19.677652	0.904000	9.076763
19.677293	0.905000	9.086804
19.676934	0.906000	9.096844
19.676575	0.907000	9.106885
19.676216	0.908000	9.116926
19.675857	0.909000	9.126966
19.675498	0.910000	9.137007
19.675138	0.911000	9.147048
19.674779	0.912000	9.157088
19.674420	0.913000	9.167129
19.674061	0.914000	9.177170
19.673702	0.915000	9.187210
19.673343	0.916000	9.197251
19.672984	0.917000	9.207292
19.672625	0.918000	9.217332
19.672266	0.919000	9.227373
19.671907	0.920000	9.237414
19.671548	0.921000	9.247454
19.671189	0.922000	9.257495
19.670830	0.923000	9.267536
19.670471	0.924000	9.277576
19.670111	0.925000	9.287617
19.669752	0.926000	9.297658
19.669393	0.927000	9.307698
19.669034	0.928000	9.317739
19.668675	0.929000	9.327780
19.668316	0.930000	9.337820
19.667957	0.931000	9.347861
19.667598	0.932000	9.357902
19.667238	0.933000	9.367942
19.666879	0.934000	9.377983
19.666520	0.935000	9.388024
19.666161	0.936000	9.398064
19.665802	0.937000	9.408105
19.665442	0.938000	9.418146
19.665083	0.939000	9.428186
19.664724	0.940000	9.438227
19.664365	0.941000	9.448268
19.664006	0.942000	9.458308
19.663647	0.943000	9.468349
19.663287	0.944000	9.478390
19.662928	0.945000	9.488430
19.662569	0.946000	9.498471
19.662210	0.947000	9.508512
19.661850	0.948000	9.518552
19.661491	0.949000	9.528593
19.661132	0.950000	9.538634
19.660773	0.951000	9.548674
19.660413	0.952000	9.558715
19.660054	0.953000	9.568756
19.659695	0.954000	9.578796
19.659336	0.955000	9.588837
19.658976	0.956000	9.598878
19.658617	0.957000	9.608918
19.658258	0.958000	9.618959
19.657898	0.959000	9.629000
19.657539	0.960000	9.639040
19.657180	0.961000	9.649081
19.656820	0.962000	9.659122
19.656461	0.963000	9.669162
19.656102	0.964000	9.679203
19.655743	0.965000	9.689244
19.655383	0.966000	9.699284
19.655024	0.967000	9.709325
19.654665	0.968000	9.719366
19.654305	0.969000	9.729406
19.653946	0.970000	9.739447
19.653586	0.971000	9.749488
19.653227	0.972000	9.759528
19.652868	0.973000	9.769569
19.652508	0.974000	9.779610
19.652149	0.975000	9.789650
19.651790	0.976000	9.799691
19.651430	0.977000	9.809732
19.651071	0.978000	9.819772
19.650711	0.979000	9.829813
19.650352	0.980000	9.839854
19.649993	0.981000	9.849894
19.649633	0.982000	9.859935
19.649274	0.983000	9.869976
19.648914	0.984000	9.880016
19.648555	0.985000	9.890057
19.648195	0.986000	9.900098
19.647836	0.987000	9.910138
19.647476	0.988000	9.920179
19.647117	0.989000	9.930220
19.646758	0.990000	9.940260
19.646398	0.991000	9.950301
19.646039	0.992000	9.960342
19.645679	0.993000	9.970382
19.645320	0.994000	9.980423
19.644960	0.995000	9.990464
19.644601	0.996000	10.000504
19.644241	0.997000	10.010545
19.643882	0.998000	10.020586
19.643522	0.999000	10.030626
19.643163	1.000000	10.040667
19.642803	1.001000	10.050708
19.642444	1.002000	10.060748
19.642084	1.003000	10.070789
19.641724	1.004000	10.080830
19.641365	1.005000	10.090870
19.641005	1.006000	10.100911
19.640646	1.007000	10.110952
19.640286	1.008000	10.120992
19.639927	1.009000	10.131033
19.639567	1.010000	10.141074
19.639208	1.011000	10.151114
19.638848	1.012000	10.161155
19.638488	1.013000	10.171196
19.638129	1.014000	10.181236
19.637769	1.015000	10.191277
19.637410	1.016000	10.201318
19.637050	1.017000	10.211358
19.636690	1.018000	10.221399
19.636331	1.019000	10.231440
19.635971	1.020000	10.241480
19.635611	1.021000	10.251521
19.635252	1.022000	10.261562
19.634892	1.023000	10.271602
19.634532	1.024000	10.281643
19.634173	1.025000	10.291684
19.633813	1.026000	10.301724
19.633453	1.027000	10.311765
19.633094	1.028000	10.321806
19.632734	1.029000	10.331846
19.632374	1.030000	10.341887
19.632015	1.031000	10.351928
19.631655	1.032000	10.361968
19.631295	1.033000	10.372009
19.630936	1.034000	10.382050
19.630576	1.035000	10.392090
19.630216	1.036000	10.402131
19.629857	1.037000	10.412172
19.629497	1.038000	10.422212
19.629137	1.039000	10.432253
19.628777	1.040000	10.442294
19.628418	1.041000	10.452334
19.628058	1.042000	10.462375
19.627698	1.043000	10.472416
19.627338	1.044000	10.482456
19.626979	1.045000	10.492497
19.626619	1.046000	10.502538
19.626259	1.047000	10.512578
19.625899	1.048000	10.522619
19.625539	1.049000	10.532660
19.625180	1.050000	10.542700
19.624820	1.051000	10.552741
19.624460	1.052000	10.562782
19.624100	1.053000	10.572822
19.623740	1.054000	10.582863
19.623381	1.055000	10.592904
19.623021	1.056000	10.602944
19.622661	1.057000	10.612985
19.622301	1.058000	10.623026
19.621941	1.059000	10.633066
19.621581	1.060000	10.643107
19.621222	1.061000	10.653148
19.620862	1.062000	10.663188
19.620502	1.063000	10.673229
19.620142	1.064000	10.683270
19.619782	1.065000	10.693310
19.619422	1.066000	10.703351
19.619062	1.067000	10.713392
19.618702	1.068000	10.723432
19.618343	1.069000	10.733473
19.617983	1.070000	10.743514
19.617623	1.071000	10.753554
19.617263	1.072000	10.763595
19.616903	1.073000	10.773636
19.616543	1.074000	10.783676
19.616183	1.075000	10.793717
19.615823	1.076000	10.803758
19.615463	1.077000	10.813798
19.615103	1.078000	10.823839
19.614743	1.079000	10.833880
19.614383	1.080000	10.843920
19.614023	1.081000	10.853961
19.613663	1.082000	10.864002
19.613303	1.083000	10.874042
19.612943	1.084000	10.884083
19.612583	1.085000	10.894124
19.612223	1.086000	10.904164
19.611863	1.087000	10.914205
19.611503	1.088000	10.924246
19.611143	1.089000	10.934286
19.610783	1.090000	10.944327
19.610423	1.091000	10.954368
19.610063	1.092000	10.964408
19.609703	1.093000	10.974449
19.609343	1.094000	10.984490
19.608983	1.095000	10.994530
19.608623	1.096000	11.004571
19.608263	1.097000	11.014612
19.607903	1.098000	11.024652
19.607543	1.099000	11.034693
19.607183	1.100000	11.044734
19.606823	1.101000	11.054774
19.606463	1.102000	11.064815
19.606103	1.103000	11.074856
19.605743	1.104000	11.084896
19.605383	1.105000	11.094937
19.605023	1.106000	11.104978
19.604662	1.107000	11.115018
19.604302	1.108000	11.125059
19.603942	1.109000	11.135100
19.603582	1.110000	11.145140
19.603222	1.111000	11.155181
19.602862	1.112000	11.165222
19.602502	1.113000	11.175262
19.602142	1.114000	11.185303
19.601781	1.115000	11.195344
19.601421	1.116000	11.205384
19.601061	1.117000	11.215425
19.600701	1.118000	11.225466
19.600341	1.119000	11.235506
19.599981	1.120000	11.245547
19.599620	1.121000	11.255588
19.599260	1.122000	11.265628
19.598900	1.123000	11.275669
19.598540	1.124000	11.285710
19.598180	1.125000	11.295750
19.597819	1.126000	11.305791
19.597459	1.127000	11.315832
19.597099	1.128000	11.325872
19.596739	1.129000	11.335913
19.596379	1.130000	11.345954
19.596018	1.131000	11.355994
19.595658	1.132000	11.366035
19.595298	1.133000	11.376076
19.594938	1.134000	11.386116
19.594577	1.135000	11.396157
19.594217	1.136000	11.406198
19.593857	1.137000	11.416238
19.593496	1.138000	11.426279
19.593136	1.139000	11.436320
19.592776	1.140000	11.446360
19.592416	1.141000	11.456401
19.592055	1.142000	11.466442
19.591695	1.143000	11.476482
19.591335	1.144000	11.486523
19.590974	1.145000	11.496564
19.590614	1.146000	11.506604
19.590254	1.147000	11.516645
19.589893	1.148000	11.526686
19.589533	1.149000	11.536726
19.589173	1.150000	11.546767
19.588812	1.151000	11.556808
19.588452	1.152000	11.566848
19.588092	1.153000	11.576889
19.587731	1.154000	11.586930
19.587371	1.155000	11.596970
19.587011	1.156000	11.607011
19.586650	1.157000	11.617052
19.586290	1.158000	11.627092
19.585929	1.159000	11.637133
19.585569	1.160000	11.647174
19.585209	1.161000	11.657214
19.584848	1.162000	11.667255
19.584488	1.163000	11.677296
19.584127	1.164000	11.687336
19.583767	1.165000	11.697377
19.583407	1.166000	11.707418
19.583046	1.167000	11.717458
19.582686	1.168000	11.727499
19.582325	1.169000	11.737540
19.581965	1.170000	11.747581
19.581604	1.171000	11.757621
19.581244	1.172000	11.767662
19.580883	1.173000	11.777703
19.580523	1.174000	11.787743
19.580162	1.175000	11.797784
19.579802	1.176000	11.807825
19.579441	1.177000	11.817865
19.579081	1.178000	11.827906
19.578720	1.179000	11.837947
19.578360	1.180000	11.847987
19.577999	1.181000	11.858028
19.577639	1.182000	11.868069
19.577278	1.183000	11.878109
19.576918	1.184000	11.888150
19.576557	1.185000	11.898191
19.576197	1.186000	11.908231
19.575836	1.187000	11.918272
19.575476	1.188000	11.928313
19.575115	1.189000	11.938353
19.574755	1.190000	11.948394
19.574394	1.191000	11.958435
19.574033	1.192000	11.968475
19.573673	1.193000	11.978516
19.573312	1.194000	11.988557
19.572952	1.195000	11.998597
19.572591	1.196000	12.008638
19.572231	1.197000	12.018679
19.571870	1.198000	12.028719
19.571509	1.199000	12.038760
19.571149	1.200000	12.048801
19.570788	1.201000	12.058841
19.570427	1.202000	12.068882
19.570067	1.203000	12.078923
19.569706	1.204000	12.088963
19.569346	1.205000	12.099004
19.568985	1.206000	12.109045
19.568624	1.207000	12.119085
19.568264	1.208000	12.129126
19.567903	1.209000	12.139167
19.567542	1.210000	12.149207
19.567182	1.211000	12.159248
19.566821	1.212000	12.169289
19.566460	1.213000	12.179329
19.566100	1.214000	12.189370
19.565739	1.215000	12.199411
19.565378	1.216000	12.209451
19.565017	1.217000	12.219492
19.564657	1.218000	12.229533
19.564296	1.219000	12.239573
19.563935	1.220000	12.249614
19.563575	1.221000	12.259655
19.563214	1.222000	12.269695
19.562853	1.223000	12.279736
19.562492	1.224000	12.289777
19.562132	1.225000	12.299817
19.561771	1.226000	12.309858
19.561410	1.227000	12.319899
19.561049	1.228000	12.329939
19.560688	1.229000	12.339980
19.560328	1.230000	12.350021
19.559967	1.231000	12.360061
19.559606	1.232000	12.370102
19.559245	1.233000	12.380143
19.558885	1.234000	12.390183
19.558524	1.235000	12.400224
19.558163	1.236000	12.410265
19.557802	1.237000	12.420305
19.557441	1.238000	12.430346
19.557080	1.239000	12.440387
19.556720	1.240000	12.450427
19.556359	1.241000	12.460468
19.555998	1.242000	12.470509
19.555637	1.243000	12.480549
19.555276	1.244000	12.490590
19.554915	1.245000	12.500631
19.554554	1.246000	12.510671
19.554194	1.247000	12.520712
19.553833	1.248000	12.530753
19.553472	1.249000	12.540793
19.553111	1.250000	12.550834
19.552750	1.251000	12.560875
19.552389	1.252000	12.570915
19.552028	1.253000	12.580956
19.551667	1.254000	12.590997
19.551306	1.255000	12.601037
19.550945	1.256000	12.611078
19.550585	1.257000	12.621119
19.550224	1.258000	12.631159
19.549863	1.259000	12.641200
19.549502	1.260000	12.651241
19.549141	1.261000	12.661281
19.548780	1.262000	12.671322
19.548419	1.263000	12.681363
19.548058	1.264000	12.691403
19.547697	1.265000	12.701444
19.547336	1.266000	12.711485
19.546975	1.267000	12.721525
19.546614	1.268000	12.731566
19.546253	1.269000	12.741607
19.545892	1.270000	12.751647
19.545531	1.271000	12.761688
19.545170	1.272000	12.771729
19.544809	1.273000	12.781769
19.544448	1.274000	12.791810
19.544087	1.275000	12.801851
19.543726	1.276000	12.811891
19.543365	1.277000	12.821932
19.543004	1.278000	12.831973
19.542643	1.279000	12.842013
19.542282	1.280000	12.852054
19.541921	1.281000	12.862095
19.541559	1.282000	12.872135
19.541198	1.283000	12.882176
19.540837	1.284000	12.892217
19.540476	1.285000	12.902257
19.540115	1.286000	12.912298
19.539754	1.287000	12.922339
19.539393	1.288000	12.932379
19.539032	1.289000	12.942420
19.538671	1.290000	12.952461
19.538310	1.291000	12.962501
19.537949	1.292000	12.972542
19.537587	1.293000	12.982583
19.537226	1.294000	12.992623
19.536865	1.295000	13.002664
19.536504	1.296000	13.012705
19.536143	1.297000	13.022745
19.535782	1.298000	13.032786
19.535420	1.299000	13.042827
19.535059	1.300000	13.052867
19.534698	1.301000	13.062908
19.534337	1.302000	13.072949
19.533976	1.303000	13.082989
19.533615	1.304000	13.093030
19.533253	1.305000	13.103071
19.532892	1.306000	13.113111
19.532531	1.307000	13.123152
19.532170	1.308000	13.133193
19.531809	1.309000	13.143233
19.531447	1.310000	13.153274
19.531086	1.311000	13.163315
19.530725	1.312000	13.173355
19.530364	1.313000	13.183396
19.530002	1.314000	13.193437
19.529641	1.315000	13.203477
19.529280	1.316000	13.213518
19.528919	1.317000	13.223559
19.528557	1.318000	13.233599
19.528196	1.319000	13.243640
19.527835	1.320000	13.253681
19.527474	1.321000	13.263721
19.527112	1.322000	13.273762
19.526751	1.323000	13.283803
19.526390	1.324000	13.293843
19.526028	1.325000	13.303884
19.525667	1.326000	13.313925
19.525306	1.327000	13.323965
19.524944	1.328000	13.334006
19.524583	1.329000	13.344047
19.524222	1.330000	13.354087
19.523860	1.331000	13.364128
19.523499	1.332000	13.374169
19.523138	1.333000	13.384209
19.522776	1.334000	13.394250
19.522415	1.335000	13.404291
19.522054	1.336000	13.414331
19.521692	1.337000	13.424372
19.521331	1.338000	13.434413
19.520969	1.339000	13.444453
19.520608	1.340000	13.454494
19.520247	1.341000	13.464535
19.519885	1.342000	13.474575
19.519524	1.343000	13.484616
19.519162	1.344000	13.494657
19.518801	1.345000	13.504697
19.518440	1.346000	13.514738
19.518078	1.347000	13.524779
19.517717	1.348000	13.534819
19.517355	1.349000	13.544860
19.516994	1.350000	13.554901
19.516632	1.351000	13.564941
19.516271	1.352000	13.574982
19.515910	1.353000	13.585023
19.515548	1.354000	13.595063
19.515187	1.355000	13.605104
19.514825	1.356000	13.615145
19.514464	1.357000	13.625185
19.514102	1.358000	13.635226
19.513741	1.359000	13.645267
19.513379	1.360000	13.655307
19.513018	1.361000	13.665348
19.512656	1.362000	13.675389
19.512295	1.363000	13.685429
19.511933	1.364000	13.695470
19.511572	1.365000	13.705511
19.511210	1.366000	13.715551
19.510848	1.367000	13.725592
19.510487	1.368000	13.735633
19.510125	1.369000	13.745673
19.509764	1.370000	13.755714
19.509402	1.371000	13.765755
19.509041	1.372000	13.775795
19.508679	1.373000	13.785836
19.508318	1.374000	13.795877
19.507956	1.375000	13.805917
19.507594	1.376000	13.815958
19.507233	1.377000	13.825999
19.506871	1.378000	13.836039
19.506510	1.379000	13.846080
19.506148	1.380000	13.856121
19.505786	1.381000	13.866161
19.505425	1.382000	13.876202
19.505063	1.383000	13.886243
19.504701	1.384000	13.896283
19.504340	1.385000	13.906324
19.503978	1.386000	13.916365
19.503617	1.387000	13.926405
19.503255	1.388000	13.936446
19.502893	1.389000	13.946487
19.502532	1.390000	13.956527
19.502170	1.391000	13.966568
19.501808	1.392000	13.976609
19.501447	1.393000	13.986649
19.501085	1.394000	13.996690
19.500723	1.395000	14.006731
19.500361	1.396000	14.016771
19.500000	1.397000	14.026812
19.499638	1.398000	14.036853
19.499276	1.399000	14.046893
19.498915	1.400000	14.056934
19.498553	1.401000	14.066975
19.498191	1.402000	14.077015
19.497829	1.403000	14.087056
19.497468	1.404000	14.097097
19.497106	1.405000	14.107137
19.496744	1.406000	14.117178
19.496382	1.407000	14.127219
19.496021	1.408000	14.137259
19.495659	1.409000	14.147300
19.495297	1.410000	14.157341
19.494935	1.411000	14.167381
19.494574	1.412000	14.177422
19.494212	1.413000	14.187463
19.493850	1.414000	14.197503
19.493488	1.415000	14.207544
19.493126	1.416000	14.217585
19.492764	1.417000	14.227625
19.492403	1.418000	14.237666
19.492041	1.419000	14.247707
19.491679	1.420000	14.257747
19.491317	1.421000	14.267788
19.490955	1.422000	14.277829
19.490593	1.423000	14.287869
19.490232	1.424000	14.297910
19.489870	1.425000	14.307951
19.489508	1.426000	14.317991
19.489146	1.427000	14.328032
19.488784	1.428000	14.338073
19.488422	1.429000	14.348113
19.488060	1.430000	14.358154
19.487698	1.431000	14.368195
19.487337	1.432000	14.378235
19.486975	1.433000	14.388276
19.486613	1.434000	14.398317
19.486251	1.435000	14.408357
19.485889	1.436000	14.418398
19.485527	1.437000	14.428439
19.485165	1.438000	14.438479
19.484803	1.439000	14.448520
19.484441	1.440000	14.458561
19.484079	1.441000	14.468601
19.483717	1.442000	14.478642
19.483355	1.443000	14.488683
19.482993	1.444000	14.498723
19.482631	1.445000	14.508764
19.482269	1.446000	14.518805
19.481907	1.447000	14.528845
19.481545	1.448000	14.538886
19.481183	1.449000	14.548927
19.480821	1.450000	14.558967
19.480459	1.451000	14.569008
19.480097	1.452000	14.579049
19.479735	1.453000	14.589089
19.479373	1.454000	14.599130
19.479011	1.455000	14.609171
19.478649	1.456000	14.619211
19.478287	1.457000	14.629252
19.477925	1.458000	14.639293
19.477563	1.459000	14.649333
19.477201	1.460000	14.659374
19.476839	1.461000	14.669415
19.476477	1.462000	14.679455
19.476115	1.463000	14.689496
19.475753	1.464000	14.699537
19.475391	1.465000	14.709577
19.475029	1.466000	14.719618
19.474667	1.467000	14.729659
19.474304	1.468000	14.739699
19.473942	1.469000	14.749740
19.473580	1.470000	14.759781
19.473218	1.471000	14.769821
19.472856	1.472000	14.779862
19.472494	1.473000	14.789903
19.472132	1.474000	14.799943
19.471770	1.475000	14.809984
19.471407	1.476000	14.820025
19.471045	1.477000	14.830065
19.470683	1.478000	14.840106
19.470321	1.479000	14.850147
19.469959	1.480000	14.860187
19.469597	1.481000	14.870228
19.469234	1.482000	14.880269
19.468872	1.483000	14.890309
19.468510	1.484000	14.900350
19.468148	1.485000	14.910391
19.467786	1.486000	14.920431
19.467423	1.487000	14.930472
19.467061	1.488000	14.940513
19.466699	1.489000	14.950553
19.466337	1.490000	14.960594
19.465975	1.491000	14.970635
19.465612	1.492000	14.980675
19.465250	1.493000	14.990716
19.464888	1.494000	15.000757
19.464526	1.495000	15.010797
19.464163	1.496000	15.020838
19.463801	1.497000	15.030879
19.463439	1.498000	15.040919
19.463077	1.499000	15.050960
19.462714	1.500000	15.061001
19.462352	1.501000	15.071041
19.461990	1.502000	15.081082
19.461627	1.503000	15.091123
19.461265	1.504000	15.101163
19.460903	1.505000	15.111204
19.460540	1.506000	15.121245
19.460178	1.507000	15.131285
19.459816	1.508000	15.141326
19.459454	1.509000	15.151367
19.459091	1.510000	15.161407
19.458729	1.511000	15.171448
19.458367	1.512000	15.181489
19.458004	1.513000	15.191529
19.457642	1.514000	15.201570
19.457279	1.515000	15.211611
19.456917	1.516000	15.221651
19.456555	1.517000	15.231692
19.456192	1.518000	15.241733
19.455830	1.519000	15.251773
19.455468	1.520000	15.261814
19.455105	1.521000	15.271855
19.454743	1.522000	15.281895
19.454380	1.523000	15.291936
19.454018	1.524000	15.301977
19.453655	1.525000	15.312017
19.453293	1.526000	15.322058
19.452931	1.527000	15.332099
19.452568	1.528000	15.342139
19.452206	1.529000	15.352180
19.451843	1.530000	15.362221
19.451481	1.531000	15.372261
19.451118	1.532000	15.382302
19.450756	1.533000	15.392343
19.450393	1.534000	15.402383
19.450031	1.535000	15.412424
19.449669	1.536000	15.422465
19.449306	1.537000	15.432505
19.448944	1.538000	15.442546
19.448581	1.539000	15.452587
19.448219	1.540000	15.462627
19.447856	1.541000	15.472668
19.447494	1.542000	15.482709
19.447131	1.543000	15.492749
19.446768	1.544000	15.502790
19.446406	1.545000	15.512831
19.446043	1.546000	15.522871
19.445681	1.547000	15.532912
19.445318	1.548000	15.542953
19.444956	1.549000	15.552993
19.444593	1.550000	15.563034
19.444231	1.551000	15.573075
19.443868	1.552000	15.583115
19.443505	1.553000	15.593156
19.443143	1.554000	15.603197
19.442780	1.555000	15.613237
19.442418	1.556000	15.623278
19.442055	1.557000	15.633319
19.441693	1.558000	15.643359
19.441330	1.559000	15.653400
19.440967	1.560000	15.663441
19.440605	1.561000	15.673481
19.440242	1.562000	15.683522
19.439879	1.563000	15.693563
19.439517	1.564000	15.703603
19.439154	1.565000	15.713644
19.438792	1.566000	15.723685
19.438429	1.567000	15.733725
19.438066	1.568000	15.743766
19.437704	1.569000	15.753807
19.437341	1.570000	15.763847
19.436978	1.571000	15.773888
19.436615	1.572000	15.783929
19.436253	1.573000	15.793969
19.435890	1.574000	15.804010
19.435527	1.575000	15.814051
19.435165	1.576000	15.824091
19.434802	1.577000	15.834132
19.434439	1.578000	15.844173
19.434077	1.579000	15.854213
19.433714	1.580000	15.864254
19.433351	1.581000	15.874295
19.432988	1.582000	15.884335
19.432626	1.583000	15.894376
19.432263	1.584000	15.904417
19.431900	1.585000	15.914457
19.431537	1.586000	15.924498
19.431175	1.587000	15.934539
19.430812	1.588000	15.944579
19.430449	1.589000	15.954620
19.430086	1.590000	15.964661
19.429723	1.591000	15.974701
19.429361	1.592000	15.984742
19.428998	1.593000	15.994783
19.428635	1.594000	16.004823
19.428272	1.595000	16.014864
19.427909	1.596000	16.024905
19.427547	1.597000	16.034945
19.427184	1.598000	16.044986
19.426821	1.599000	16.055027
19.426458	1.600000	16.065067
19.426095	1.601000	16.075108
19.425732	1.602000	16.085149
19.425370	1.603000	16.095189
19.425007	1.604000	16.105230
19.424644	1.605000	16.115271
19.424281	1.606000	16.125311
19.423918	1.607000	16.135352
19.423555	1.608000	16.145393
19.423192	1.609000	16.155433
19.422829	1.610000	16.165474
19.422467	1.611000	16.175515
19.422104	1.612000	16.185555
19.421741	1.613000	16.195596
19.421378	1.614000	16.205637
19.421015	1.615000	16.215677
19.420652	1.616000	16.225718
19.420289	1.617000	16.235759
19.419926	1.618000	16.245799
19.419563	1.619000	16.255840
19.419200	1.620000	16.265881
19.418837	1.621000	16.275921
19.418474	1.622000	16.285962
19.418111	1.623000	16.296003
19.417748	1.624000	16.306043
19.417385	1.625000	16.316084
19.417022	1.626000	16.326125
19.416659	1.627000	16.336165
19.416296	1.628000	16.346206
19.415933	1.629000	16.356247
19.415570	1.630000	16.366287
19.415207	1.631000	16.376328
19.414844	1.632000	16.386369
19.414481	1.633000	16.396409
19.414118	1.634000	16.406450
19.413755	1.635000	16.416491
19.413392	1.636000	16.426531
19.413029	1.637000	16.436572
19.412666	1.638000	16.446613
19.412303	1.639000	16.456653
19.411940	1.640000	16.466694
19.411577	1.641000	16.476735
19.411214	1.642000	16.486775
19.410851	1.643000	16.496816
19.410488	1.644000	16.506857
19.410125	1.645000	16.516897
19.409761	1.646000	16.526938
19.409398	1.647000	16.536979
19.409035	1.648000	16.547019
19.408672	1.649000	16.557060
19.408309	1.650000	16.567101
19.407946	1.651000	16.577141
19.407583	1.652000	16.587182
19.407220	1.653000	16.597223
19.406856	1.654000	16.607263
19.406493	1.655000	16.617304
19.406130	1.656000	16.627345
19.405767	1.657000	16.637385
19.405404	1.658000	16.647426
19.405041	1.659000	16.657467
19.404678	1.660000	16.667507
19.404314	1.661000	16.677548
19.403951	1.662000	16.687589
19.403588	1.663000	16.697629
19.403225	1.664000	16.707670
19.402862	1.665000	16.717711
19.402498	1.666000	16.727751
19.402135	1.667000	16.737792
19.401772	1.668000	16.747833
19.401409	1.669000	16.757873
19.401045	1.670000	16.767914
19.400682	1.671000	16.777955
19.400319	1.672000	16.787995
19.399956	1.673000	16.798036
19.399592	1.674000	16.808077
19.399229	1.675000	16.818117
19.398866	1.676000	16.828158
19.398503	1.677000	16.838199
19.398139	1.678000	16.848239
19.397776	1.679000	16.858280
19.397413	1.680000	16.868321
19.397049	1.681000	16.878361
19.396686	1.682000	16.888402
19.396323	1.683000	16.898443
19.395960	1.684000	16.908483
19.395596	1.685000	16.918524
19.395233	1.686000	16.928565
19.394870	1.687000	16.938605
19.394506	1.688000	16.948646
19.394143	1.689000	16.958687
19.393780	1.690000	16.968727
19.393416	1.691000	16.978768
19.393053	1.692000	16.988809
19.392690	1.693000	16.998849
19.392326	1.694000	17.008890
19.391963	1.695000	17.018931
19.391599	1.696000	17.028971
19.391236	1.697000	17.039012
19.390873	1.698000	17.049053
19.390509	1.699000	17.059093
19.390146	1.700000	17.069134
19.389782	1.701000	17.079175
19.389419	1.702000	17.089215
19.389056	1.703000	17.099256
19.388692	1.704000	17.109297
19.388329	1.705000	17.119337
19.387965	1.706000	17.129378
19.387602	1.707000	17.139419
19.387238	1.708000	17.149459
19.386875	1.709000	17.159500
19.386512	1.710000	17.169541
19.386148	1.711000	17.179581
19.385785	1.712000	17.189622
19.385421	1.713000	17.199663
19.385058	1.714000	17.209703
19.384694	1.715000	17.219744
19.384331	1.716000	17.229785
19.383967	1.717000	17.239825
19.383604	1.718000	17.249866
19.383240	1.719000	17.259907
19.382877	1.720000	17.269947
19.382513	1.721000	17.279988
19.382150	1.722000	17.290029
19.381786	1.723000	17.300069
19.381422	1.724000	17.310110
19.381059	1.725000	17.320151
19.380695	1.726000	17.330191
19.380332	1.727000	17.340232
19.379968	1.728000	17.350273
19.379605	1.729000	17.360313
19.379241	1.730000	17.370354
19.378878	1.731000	17.380395
19.378514	1.732000	17.390435
19.378150	1.733000	17.400476
19.377787	1.734000	17.410517
19.377423	1.735000	17.420557
19.377060	1.736000	17.430598
19.376696	1.737000	17.440639
19.376332	1.738000	17.450679
19.375969	1.739000	17.460720
19.375605	1.740000	17.470761
19.375242	1.741000	17.480801
19.374878	1.742000	17.490842
19.374514	1.743000	17.500883
19.374151	1.744000	17.510923
19.373787	1.745000	17.520964
19.373423	1.746000	17.531005
19.373060	1.747000	17.541045
19.372696	1.748000	17.551086
19.372332	1.749000	17.561127
19.371969	1.750000	17.571167
19.371605	1.751000	17.581208
19.371241	1.752000	17.591249
19.370877	1.753000	17.601289
19.370514	1.754000	17.611330
19.370150	1.755000	17.621371
19.369786	1.756000	17.631411
19.369423	1.757000	17.641452
19.369059	1.758000	17.651493
19.368695	1.759000	17.661533
19.368331	1.760000	17.671574
19.367968	1.761000	17.681615
19.367604	1.762000	17.691655
19.367240	1.763000	17.701696
19.366876	1.764000	17.711737
19.366513	1.765000	17.721777
19.366149	1.766000	17.731818
19.365785	1.767000	17.741859
19.365421	1.768000	17.751899
19.365057	1.769000	17.761940
19.364694	1.770000	17.771981
19.364330	1.771000	17.782021
19.363966	1.772000	17.792062
19.363602	1.773000	17.802103
19.363238	1.774000	17.812143
19.362875	1.775000	17.822184
19.362511	1.776000	17.832225
19.362147	1.777000	17.842265
19.361783	1.778000	17.852306
19.361419	1.779000	17.862347
19.361055	1.780000	17.872387
19.360692	1.781000	17.882428
19.360328	1.782000	17.892469
19.359964	1.783000	17.902509
19.359600	1.784000	17.912550
19.359236	1.785000	17.922591
19.358872	1.786000	17.932631
19.358508	1.787000	17.942672
19.358144	1.788000	17.952713
19.357780	1.789000	17.962753
19.357417	1.790000	17.972794
19.357053	1.791000	17.982835
19.356689	1.792000	17.992875
19.356325	1.793000	18.002916
19.355961	1.794000	18.012957
19.355597	1.795000	18.022997
19.355233	1.796000	18.033038
19.354869	1.797000	18.043079
19.354505	1.798000	18.053119
19.354141	1.799000	18.063160
19.353777	1.800000	18.073201
19.353413	1.801000	18.083241
19.353049	1.802000	18.093282
19.352685	1.803000	18.103323
19.352321	1.804000	18.113363
19.351957	1.805000	18.123404
19.351593	1.806000	18.133445
19.351229	1.807000	18.143485
19.350865	1.808000	18.153526
19.350501	1.809000	18.163567
19.350137	1.810000	18.173607
19.349773	1.811000	18.183648
19.349409	1.812000	18.193689
19.349045	1.813000	18.203729
19.348681	1.814000	18.213770
19.348317	1.815000	18.223811
19.347953	1.816000	18.233851
19.347589	1.817000	18.243892
19.347225	1.818000	18.253933
19.346861	1.819000	18.263973
19.346497	1.820000	18.274014
19.346133	1.821000	18.284055
19.345768	1.822000	18.294095
19.345404	1.823000	18.304136
19.345040	1.824000	18.314177
19.344676	1.825000	18.324217
19.344312	1.826000	18.334258
19.343948	1.827000	18.344299
19.343584	1.828000	18.354339
19.343220	1.829000	18.364380
19.342855	1.830000	18.374421
19.342491	1.831000	18.384461
19.342127	1.832000	18.394502
19.341763	1.833000	18.404543
19.341399	1.834000	18.414583
19.341035	1.835000	18.424624
19.340671	1.836000	18.434665
19.340306	1.837000	18.444705
19.339942	1.838000	18.454746
19.339578	1.839000	18.464787
19.339214	1.840000	18.474827
19.338850	1.841000	18.484868
19.338485	1.842000	18.494909
19.338121	1.843000	18.504949
19.337757	1.844000	18.514990
19.337393	1.845000	18.525031
19.337029	1.846000	18.535071
19.336664	1.847000	18.545112
19.336300	1.848000	18.555153
19.335936	1.849000	18.565193
19.335572	1.850000	18.575234
19.335207	1.851000	18.585275
19.334843	1.852000	18.595315
19.334479	1.853000	18.605356
19.334114	1.854000	18.615397
19.333750	1.855000	18.625437
19.333386	1.856000	18.635478
19.333022	1.857000	18.645519
19.332657	1.858000	18.655559
19.332293	1.859000	18.665600
19.331929	1.860000	18.675641
19.331564	1.861000	18.685681
19.331200	1.862000	18.695722
19.330836	1.863000	18.705763
19.330471	1.864000	18.715803
19.330107	1.865000	18.725844
19.329743	1.866000	18.735885
19.329378	1.867000	18.745925
19.329014	1.868000	18.755966
19.328650	1.869000	18.766007
19.328285	1.870000	18.776047
19.327921	1.871000	18.786088
19.327557	1.872000	18.796129
19.327192	1.873000	18.806169
19.326828	1.874000	18.816210
19.326463	1.875000	18.826251
19.326099	1.876000	18.836291
19.325735	1.877000	18.846332
19.325370	1.878000	18.856373
19.325006	1.879000	18.866413
19.324641	1.880000	18.876454
19.324277	1.881000	18.886495
19.323913	1.882000	18.896535
19.323548	1.883000	18.906576
19.323184	1.884000	18.916617
19.322819	1.885000	18.926657
19.322455	1.886000	18.936698
19.322090	1.887000	18.946739
19.321726	1.888000	18.956779
19.321361	1.889000	18.966820
19.320997	1.890000	18.976861
19.320632	1.891000	18.986901
19.320268	1.892000	18.996942
19.319903	1.893000	19.006983
19.319539	1.894000	19.017023
19.319174	1.895000	19.027064
19.318810	1.896000	19.037105
19.318445	1.897000	19.047145
19.318081	1.898000	19.057186
19.317716	1.899000	19.067227
19.317352	1.900000	19.077267
19.316987	1.901000	19.087308
19.316623	1.902000	19.097349
19.316258	1.903000	19.107389
19.315894	1.904000	19.117430
19.315529	1.905000	19.127471
19.315164	1.906000	19.137511
19.314800	1.907000	19.147552
19.314435	1.908000	19.157593
19.314071	1.909000	19.167633
19.313706	1.910000	19.177674
19.313342	1.911000	19.187715
19.312977	1.912000	19.197755
19.312612	1.913000	19.207796
19.312248	1.914000	19.217837
19.311883	1.915000	19.227877
19.311518	1.916000	19.237918
19.311154	1.917000	19.247959
19.310789	1.918000	19.257999
19.310425	1.919000	19.268040
19.310060	1.920000	19.278081
19.309695	1.921000	19.288121
19.309331	1.922000	19.298162
19.308966	1.923000	19.308203
19.308601	1.924000	19.318243
19.308237	1.925000	19.328284
19.307872	1.926000	19.338325
19.307507	1.927000	19.348365
19.307142	1.928000	19.358406
19.306778	1.929000	19.368447
19.306413	1.930000	19.378487
19.306048	1.931000	19.388528
19.305684	1.932000	19.398569
19.305319	1.933000	19.408609
19.304954	1.934000	19.418650
19.304589	1.935000	19.428691
19.304225	1.936000	19.438731
19.303860	1.937000	19.448772
19.303495	1.938000	19.458813
19.303130	1.939000	19.468853
19.302766	1.940000	19.478894
19.302401	1.941000	19.488935
19.302036	1.942000	19.498975
19.301671	1.943000	19.509016
19.301307	1.944000	19.519057
19.300942	1.945000	19.529097
19.300577	1.946000	19.539138
19.300212	1.947000	19.549179
19.299847	1.948000	19.559219
19.299483	1.949000	19.569260
19.299118	1.950000	19.579301
19.298753	1.951000	19.589342
19.298388	1.952000	19.599382
19.298023	1.953000	19.609423
19.297658	1.954000	19.619464
19.297294	1.955000	19.629504
19.296929	1.956000	19.639545
19.296564	1.957000	19.649586
19.296199	1.958000	19.659626
19.295834	1.959000	19.669667
19.295469	1.960000	19.679708
19.295104	1.961000	19.689748
19.294739	1.962000	19.699789
19.294375	1.963000	19.709830
19.294010	1.964000	19.719870
19.293645	1.965000	19.729911
19.293280	1.966000	19.739952
19.292915	1.967000	19.749992
19.292550	1.968000	19.760033
19.292185	1.969000	19.770074
19.291820	1.970000	19.780114
19.291455	1.971000	19.790155
19.291090	1.972000	19.800196
19.290725	1.973000	19.810236
19.290360	1.974000	19.820277
19.289995	1.975000	19.830318
19.289630	1.976000	19.840358
19.289265	1.977000	19.850399
19.288900	1.978000	19.860440
19.288535	1.979000	19.870480
19.288170	1.980000	19.880521
19.287805	1.981000	19.890562
19.287440	1.982000	19.900602
19.287075	1.983000	19.910643
19.286710	1.984000	19.920684
19.286345	1.985000	19.930724
19.285980	1.986000	19.940765
19.285615	1.987000	19.950806
19.285250	1.988000	19.960846
19.284885	1.989000	19.970887
19.284520	1.990000	19.980928
19.284155	1.991000	19.990968
19.283790	1.992000	20.001009
19.283425	1.993000	20.011050
19.283060	1.994000	20.021090
19.282695	1.995000	20.031131
19.282330	1.996000	20.041172
19.281965	1.997000	20.051212
19.281600	1.998000	20.061253
19.281235	1.999000	20.071294
19.280869	2.000000	20.081334
19.280504	2.001000	20.091375
19.280139	2.002000	20.101416
19.279774	2.003000	20.111456
19.279409	2.004000	20.121497
19.279044	2.005000	20.131538
19.278679	2.006000	20.141578
19.278314	2.007000	20.151619
19.277948	2.008000	20.161660
19.277583	2.009000	20.171700
19.277218	2.010000	20.181741
19.276853	2.011000	20.191782
19.276488	2.012000	20.201822
19.276123	2.013000	20.211863
19.275757	2.014000	20.221904
19.275392	2.015000	20.231944
19.275027	2.016000	20.241985
19.274662	2.017000	20.252026
19.274297	2.018000	20.262066
19.273931	2.019000	20.272107
19.273566	2.020000	20.282148
19.273201	2.021000	20.292188
19.272836	2.022000	20.302229
19.272470	2.023000	20.312270
19.272105	2.024000	20.322310
19.271740	2.025000	20.332351
19.271375	2.026000	20.342392
19.271009	2.027000	20.352432
19.270644	2.028000	20.362473
19.270279	2.029000	20.372514
19.269914	2.030000	20.382554
19.269548	2.031000	20.392595
19.269183	2.032000	20.402636
19.268818	2.033000	20.412676
19.268452	2.034000	20.422717
19.268087	2.035000	20.432758
19.267722	2.036000	20.442798
19.267357	2.037000	20.452839
19.266991	2.038000	20.462880
19.266626	2.039000	20.472920
19.266261	2.040000	20.482961
19.265895	2.041000	20.493002
19.265530	2.042000	20.503042
19.265164	2.043000	20.513083
19.264799	2.044000	20.523124
19.264434	2.045000	20.533164
19.264068	2.046000	20.543205
19.263703	2.047000	20.553246
19.263338	2.048000	20.563286
19.262972	2.049000	20.573327
19.262607	2.050000	20.583368
19.262241	2.051000	20.593408
19.261876	2.052000	20.603449
19.261511	2.053000	20.613490
19.261145	2.054000	20.623530
19.260780	2.055000	20.633571
19.260414	2.056000	20.643612
19.260049	2.057000	20.653652
19.259684	2.058000	20.663693
19.259318	2.059000	20.673734
19.258953	2.060000	20.683774
19.258587	2.061000	20.693815
19.258222	2.062000	20.703856
19.257856	2.063000	20.713896
19.257491	2.064000	20.723937
19.257125	2.065000	20.733978
19.256760	2.066000	20.744018
19.256394	2.067000	20.754059
19.256029	2.068000	20.764100
19.255663	2.069000	20.774140
19.255298	2.070000	20.784181
19.254932	2.071000	20.794222
19.254567	2.072000	20.804262
19.254201	2.073000	20.814303
19.253836	2.074000	20.824344
19.253470	2.075000	20.834384
19.253105	2.076000	20.844425
19.252739	2.077000	20.854466
19.252374	2.078000	20.864506
19.252008	2.079000	20.874547
19.251642	2.080000	20.884588
19.251277	2.081000	20.894628
19.250911	2.082000	20.904669
19.250546	2.083000	20.914710
19.250180	2.084000	20.924750
19.249815	2.085000	20.934791
19.249449	2.086000	20.944832
19.249083	2.087000	20.954872
19.248718	2.088000	20.964913
19.248352	2.089000	20.974954
19.247986	2.090000	20.984994
19.247621	2.091000	20.995035
19.247255	2.092000	21.005076
19.246890	2.093000	21.015116
19.246524	2.094000	21.025157
19.246158	2.095000	21.035198
19.245793	2.096000	21.045238
19.245427	2.097000	21.055279
19.245061	2.098000	21.065320
19.244696	2.099000	21.075360
19.244330	2.100000	21.085401
19.243964	2.101000	21.095442
19.243599	2.102000	21.105482
19.243233	2.103000	21.115523
19.242867	2.104000	21.125564
19.242501	2.105000	21.135604
19.242136	2.106000	21.145645
19.241770	2.107000	21.155686
19.241404	2.108000	21.165726
19.241039	2.109000	21.175767
19.240673	2.110000	21.185808
19.240307	2.111000	21.195848
19.239941	2.112000	21.205889
19.239576	2.113000	21.215930
19.239210	2.114000	21.225970
19.238844	2.115000	21.236011
19.238478	2.116000	21.246052
19.238112	2.117000	21.256092
19.237747	2.118000	21.266133
19.237381	2.119000	21.276174
19.237015	2.120000	21.286214
19.236649	2.121000	21.296255
19.236284	2.122000	21.306296
19.235918	2.123000	21.316336
19.235552	2.124000	21.326377
19.235186	2.125000	21.336418
19.234820	2.126000	21.346458
19.234454	2.127000	21.356499
19.234089	2.128000	21.366540
19.233723	2.129000	21.376580
19.233357	2.130000	21.386621
19.232991	2.131000	21.396662
19.232625	2.132000	21.406702
19.232259	2.133000	21.416743
19.231893	2.134000	21.426784
19.231527	2.135000	21.436824
19.231162	2.136000	21.446865
19.230796	2.137000	21.456906
19.230430	2.138000	21.466946
19.230064	2.139000	21.476987
19.229698	2.140000	21.487028
19.229332	2.141000	21.497068
19.228966	2.142000	21.507109
19.228600	2.143000	21.517150
19.228234	2.144000	21.527190
19.227868	2.145000	21.537231
19.227502	2.146000	21.547272
19.227136	2.147000	21.557312
19.226771	2.148000	21.567353
19.226405	2.149000	21.577394
19.226039	2.150000	21.587434
19.225673	2.151000	21.597475
19.225307	2.152000	21.607516
19.224941	2.153000	21.617556
19.224575	2.154000	21.627597
19.224209	2.155000	21.637638
19.223843	2.156000	21.647678
19.223477	2.157000	21.657719
19.223111	2.158000	21.667760
19.222745	2.159000	21.677800
19.222379	2.160000	21.687841
19.222013	2.161000	21.697882
19.221647	2.162000	21.707922
19.221280	2.163000	21.717963
19.220914	2.164000	21.728004
19.220548	2.165000	21.738044
19.220182	2.166000	21.748085
19.219816	2.167000	21.758126
19.219450	2.168000	21.768166
19.219084	2.169000	21.778207
19.218718	2.170000	21.788248
19.218352	2.171000	21.798288
19.217986	2.172000	21.808329
19.217620	2.173000	21.818370
19.217254	2.174000	21.828410
19.216888	2.175000	21.838451
19.216521	2.176000	21.848492
19.216155	2.177000	21.858532
19.215789	2.178000	21.868573
19.215423	2.179000	21.878614
19.215057	2.180000	21.888654
19.214691	2.181000	21.898695
19.214325	2.182000	21.908736
19.213958	2.183000	21.918776
19.213592	2.184000	21.928817
19.213226	2.185000	21.938858
19.212860	2.186000	21.948898
19.212494	2.187000	21.958939
19.212128	2.188000	21.968980
19.211761	2.189000	21.979020
19.211395	2.190000	21.989061
19.211029	2.191000	21.999102
19.210663	2.192000	22.009142
19.210297	2.193000	22.019183
19.209930	2.194000	22.029224
19.209564	2.195000	22.039264
19.209198	2.196000	22.049305
19.208832	2.197000	22.059346
19.208465	2.198000	22.069386
19.208099	2.199000	22.079427
19.207733	2.200000	22.089468
19.207367	2.201000	22.099508
19.207000	2.202000	22.109549
19.206634	2.203000	22.119590
19.206268	2.204000	22.129630
19.205901	2.205000	22.139671
19.205535	2.206000	22.149712
19.205169	2.207000	22.159752
19.204803	2.208000	22.169793
19.204436	2.209000	22.179834
19.204070	2.210000	22.189874
19.203704	2.211000	22.199915
19.203337	2.212000	22.209956
19.202971	2.213000	22.219996
19.202605	2.214000	22.230037
19.202238	2.215000	22.240078
19.201872	2.216000	22.250118
19.201506	2.217000	22.260159
19.201139	2.218000	22.270200
19.200773	2.219000	22.280240
19.200407	2.220000	22.290281
19.200040	2.221000	22.300322
19.199674	2.222000	22.310362
19.199307	2.223000	22.320403
19.198941	2.224000	22.330444
19.198575	2.225000	22.340484
19.198208	2.226000	22.350525
19.197842	2.227000	22.360566
19.197475	2.228000	22.370606
19.197109	2.229000	22.380647
19.196742	2.230000	22.390688
19.196376	2.231000	22.400728
19.196010	2.232000	22.410769
19.195643	2.233000	22.420810
19.195277	2.234000	22.430850
19.194910	2.235000	22.440891
19.194544	2.236000	22.450932
19.194177	2.237000	22.460972
19.193811	2.238000	22.471013
19.193444	2.239000	22.481054
19.193078	2.240000	22.491094
19.192711	2.241000	22.501135
19.192345	2.242000	22.511176
19.191978	2.243000	22.521216
19.191612	2.244000	22.531257
19.191245	2.245000	22.541298
19.190879	2.246000	22.551338
19.190512	2.247000	22.561379
19.190146	2.248000	22.571420
19.189779	2.249000	22.581460
19.189413	2.250000	22.591501
19.189046	2.251000	22.601542
19.188680	2.252000	22.611582
19.188313	2.253000	22.621623
19.187946	2.254000	22.631664
19.187580	2.255000	22.641704
19.187213	2.256000	22.651745
19.186847	2.257000	22.661786
19.186480	2.258000	22.671826
19.186114	2.259000	22.681867
19.185747	2.260000	22.691908
19.185380	2.261000	22.701948
19.185014	2.262000	22.711989
19.184647	2.263000	22.722030
19.184280	2.264000	22.732070
19.183914	2.265000	22.742111
19.183547	2.266000	22.752152
19.183181	2.267000	22.762192
19.182814	2.268000	22.772233
19.182447	2.269000	22.782274
19.182081	2.270000	22.792314
19.181714	2.271000	22.802355
19.181347	2.272000	22.812396
19.180981	2.273000	22.822436
19.180614	2.274000	22.832477
19.180247	2.275000	22.842518
19.179880	2.276000	22.852558
19.179514	2.277000	22.862599
19.179147	2.278000	22.872640
19.178780	2.279000	22.882680
19.178414	2.280000	22.892721
19.178047	2.281000	22.902762
19.177680	2.282000	22.912802
19.177313	2.283000	22.922843
19.176947	2.284000	22.932884
19.176580	2.285000	22.942924
19.176213	2.286000	22.952965
19.175846	2.287000	22.963006
19.175480	2.288000	22.973046
19.175113	2.289000	22.983087
19.174746	2.290000	22.993128
19.174379	2.291000	23.003168
19.174013	2.292000	23.013209
19.173646	2.293000	23.023250
19.173279	2.294000	23.033290
19.172912	2.295000	23.043331
19.172545	2.296000	23.053372
19.172178	2.297000	23.063412
19.171812	2.298000	23.073453
19.171445	2.299000	23.083494
19.171078	2.300000	23.093534
19.170711	2.301000	23.103575
19.170344	2.302000	23.113616
19.169977	2.303000	23.123656
19.169611	2.304000	23.133697
19.169244	2.305000	23.143738
19.168877	2.306000	23.153778
19.168510	2.307000	23.163819
19.168143	2.308000	23.173860
19.167776	2.309000	23.183900
19.167409	2.310000	23.193941
19.167042	2.311000	23.203982
19.166676	2.312000	23.214022
19.166309	2.313000	23.224063
19.165942	2.314000	23.234104
19.165575	2.315000	23.244144
19.165208	2.316000	23.254185
19.164841	2.317000	23.264226
19.164474	2.318000	23.274266
19.164107	2.319000	23.284307
19.163740	2.320000	23.294348
19.163373	2.321000	23.304388
19.163006	2.322000	23.314429
19.162639	2.323000	23.324470
19.162272	2.324000	23.334510
19.161905	2.325000	23.344551
19.161538	2.326000	23.354592
19.161171	2.327000	23.364632
19.160804	2.328000	23.374673
19.160437	2.329000	23.384714
19.160070	2.330000	23.394754
19.159703	2.331000	23.404795
19.159336	2.332000	23.414836
19.158969	2.333000	23.424876
19.158602	2.334000	23.434917
19.158235	2.335000	23.444958
19.157868	2.336000	23.454998
19.157501	2.337000	23.465039
19.157134	2.338000	23.475080
19.156767	2.339000	23.485120
19.156400	2.340000	23.495161
19.156033	2.341000	23.505202
19.155666	2.342000	23.515242
19.155299	2.343000	23.525283
19.154931	2.344000	23.535324
19.154564	2.345000	23.545364
19.154197	2.346000	23.555405
19.153830	2.347000	23.565446
19.153463	2.348000	23.575486
19.153096	2.349000	23.585527
19.152729	2.350000	23.595568
19.152362	2.351000	23.605608
19.151995	2.352000	23.615649
19.151627	2.353000	23.625690
19.151260	2.354000	23.635730
19.150893	2.355000	23.645771
19.150526	2.356000	23.655812
19.150159	2.357000	23.665852
19.149792	2.358000	23.675893
19.149424	2.359000	23.685934
19.149057	2.360000	23.695974
19.148690	2.361000	23.706015
19.148323	2.362000	23.716056
19.147956	2.363000	23.726096
19.147588	2.364000	23.736137
19.147221	2.365000	23.746178
19.146854	2.366000	23.756218
19.146487	2.367000	23.766259
19.146120	2.368000	23.776300
19.145752	2.369000	23.786340
19.145385	2.370000	23.796381
19.145018	2.371000	23.806422
19.144651	2.372000	23.816462
19.144283	2.373000	23.826503
19.143916	2.374000	23.836544
19.143549	2.375000	23.846584
19.143181	2.376000	23.856625
19.142814	2.377000	23.866666
19.142447	2.378000	23.876706
19.142080	2.379000	23.886747
19.141712	2.380000	23.896788
19.141345	2.381000	23.906828
19.140978	2.382000	23.916869
19.140610	2.383000	23.926910
19.140243	2.384000	23.936950
19.139876	2.385000	23.946991
19.139508	2.386000	23.957032
19.139141	2.387000	23.967072
19.138774	2.388000	23.977113
19.138406	2.389000	23.987154
19.138039	2.390000	23.997194
19.137672	2.391000	24.007235
19.137304	2.392000	24.017276
19.136937	2.393000	24.027316
19.136570	2.394000	24.037357
19.136202	2.395000	24.047398
19.135835	2.396000	24.057438
19.135467	2.397000	24.067479
19.135100	2.398000	24.077520
19.134733	2.399000	24.087560
19.134365	2.400000	24.097601
19.133998	2.401000	24.107642
19.133630	2.402000	24.117682
19.133263	2.403000	24.127723
19.132895	2.404000	24.137764
19.132528	2.405000	24.147804
19.132160	2.406000	24.157845
19.131793	2.407000	24.167886
19.131426	2.408000	24.177926
19.131058	2.409000	24.187967
19.130691	2.410000	24.198008
19.130323	2.411000	24.208048
19.129956	2.412000	24.218089
19.129588	2.413000	24.228130
19.129221	2.414000	24.238170
19.128853	2.415000	24.248211
19.128486	2.416000	24.258252
19.128118	2.417000	24.268292
19.127751	2.418000	24.278333
19.127383	2.419000	24.288374
19.127016	2.420000	24.298414
19.126648	2.421000	24.308455
19.126280	2.422000	24.318496
19.125913	2.423000	24.328536
19.125545	2.424000	24.338577
19.125178	2.425000	24.348618
19.124810	2.426000	24.358658
19.124443	2.427000	24.368699
19.124075	2.428000	24.378740
19.123707	2.429000	24.388780
19.123340	2.430000	24.398821
19.122972	2.431000	24.408862
19.122605	2.432000	24.418902
19.122237	2.433000	24.428943
19.121869	2.434000	24.438984
19.121502	2.435000	24.449024
19.121134	2.436000	24.459065
19.120767	2.437000	24.469106
19.120399	2.438000	24.479146
19.120031	2.439000	24.489187
19.119664	2.440000	24.499228
19.119296	2.441000	24.509268
19.118928	2.442000	24.519309
19.118561	2.443000	24.529350
19.118193	2.444000	24.539390
19.117825	2.445000	24.549431
19.117458	2.446000	24.559472
19.117090	2.447000	24.569512
19.116722	2.448000	24.579553
19.116354	2.449000	24.589594
19.115987	2.450000	24.599634
19.115619	2.451000	24.609675
19.115251	2.452000	24.619716
19.114884	2.453000	24.629756
19.114516	2.454000	24.639797
19.114148	2.455000	24.649838
19.113780	2.456000	24.659878
19.113413	2.457000	24.669919
19.113045	2.458000	24.679960
19.112677	2.459000	24.690000
19.112309	2.460000	24.700041
19.111942	2.461000	24.710082
19.111574	2.462000	24.720122
19.111206	2.463000	24.730163
19.110838	2.464000	24.740204
19.110470	2.465000	24.750244
19.110103	2.466000	24.760285
19.109735	2.467000	24.770326
19.109367	2.468000	24.780366
19.108999	2.469000	24.790407
19.108631	2.470000	24.800448
19.108263	2.471000	24.810488
19.107896	2.472000	24.820529
19.107528	2.473000	24.830570
19.107160	2.474000	24.840610
19.106792	2.475000	24.850651
19.106424	2.476000	24.860692
19.106056	2.477000	24.870732
19.105689	2.478000	24.880773
19.105321	2.479000	24.890814
19.104953	2.480000	24.900854
19.104585	2.481000	24.910895
19.104217	2.482000	24.920936
19.103849	2.483000	24.930976
19.103481	2.484000	24.941017
19.103113	2.485000	24.951058
19.102745	2.486000	24.961098
19.102377	2.487000	24.971139
19.102009	2.488000	24.981180
19.101642	2.489000	24.991220
19.101274	2.490000	25.001261
19.100906	2.491000	25.011302
19.100538	2.492000	25.021342
19.100170	2.493000	25.031383
19.099802	2.494000	25.041424
19.099434	2.495000	25.051464
19.099066	2.496000	25.061505
19.098698	2.497000	25.071546
19.098330	2.498000	25.081586
19.097962	2.499000	25.091627
19.097594	2.500000	25.101668
19.097226	2.501000	25.111708
19.096858	2.502000	25.121749
19.096490	2.503000	25.131790
19.096122	2.504000	25.141830
19.095754	2.505000	25.151871
19.095386	2.506000	25.161912
19.095018	2.507000	25.171952
19.094650	2.508000	25.181993
19.094282	2.509000	25.192034
19.093913	2.510000	25.202074
19.093545	2.511000	25.212115
19.093177	2.512000	25.222156
19.092809	2.513000	25.232196
19.092441	2.514000	25.242237
19.092073	2.515000	25.252278
19.091705	2.516000	25.262318
19.091337	2.517000	25.272359
19.090969	2.518000	25.282400
19.090601	2.519000	25.292440
19.090233	2.520000	25.302481
19.089864	2.521000	25.312522
19.089496	2.522000	25.322562
19.089128	2.523000	25.332603
19.088760	2.524000	25.342644
19.088392	2.525000	25.352684
19.088024	2.526000	25.362725
19.087656	2.527000	25.372766
19.087287	2.528000	25.382806
19.086919	2.529000	25.392847
19.086551	2.530000	25.402888
19.086183	2.531000	25.412928
19.085815	2.532000	25.422969
19.085446	2.533000	25.433010
19.085078	2.534000	25.443050
19.084710	2.535000	25.453091
19.084342	2.536000	25.463132
19.083974	2.537000	25.473172
19.083605	2.538000	25.483213
19.083237	2.539000	25.493254
19.082869	2.540000	25.503294
19.082501	2.541000	25.513335
19.082132	2.542000	25.523376
19.081764	2.543000	25.533416
19.081396	2.544000	25.543457
19.081028	2.545000	25.553498
19.080659	2.546000	25.563538
19.080291	2.547000	25.573579
19.079923	2.548000	25.583620
19.079554	2.549000	25.593660
19.079186	2.550000	25.603701
19.078818	2.551000	25.613742
19.078450	2.552000	25.623782
19.078081	2.553000	25.633823
19.077713	2.554000	25.643864
19.077345	2.555000	25.653904
19.076976	2.556000	25.663945
19.076608	2.557000	25.673986
19.076240	2.558000	25.684026
19.075871	2.559000	25.694067
19.075503	2.560000	25.704108
19.075135	2.561000	25.714148
19.074766	2.562000	25.724189
19.074398	2.563000	25.734230
19.074029	2.564000	25.744270
19.073661	2.565000	25.754311
19.073293	2.566000	25.764352
19.072924	2.567000	25.774392
19.072556	2.568000	25.784433
19.072187	2.569000	25.794474
19.071819	2.570000	25.804514
19.071451	2.571000	25.814555
19.071082	2.572000	25.824596
19.070714	2.573000	25.834636
19.070345	2.574000	25.844677
19.069977	2.575000	25.854718
19.069608	2.576000	25.864758
19.069240	2.577000	25.874799
19.068871	2.578000	25.884840
19.068503	2.579000	25.894880
19.068135	2.580000	25.904921
19.067766	2.581000	25.914962
19.067398	2.582000	25.925002
19.067029	2.583000	25.935043
19.066661	2.584000	25.945084
19.066292	2.585000	25.955124
19.065924	2.586000	25.965165
19.065555	2.587000	25.975206
19.065187	2.588000	25.985246
19.064818	2.589000	25.995287
19.064449	2.590000	26.005328
19.064081	2.591000	26.015368
19.063712	2.592000	26.025409
19.063344	2.593000	26.035450
19.062975	2.594000	26.045490
19.062607	2.595000	26.055531
19.062238	2.596000	26.065572
19.061870	2.597000	26.075612
19.061501	2.598000	26.085653
19.061132	2.599000	26.095694
19.060764	2.600000	26.105734
19.060395	2.601000	26.115775
19.060027	2.602000	26.125816
19.059658	2.603000	26.135856
19.059289	2.604000	26.145897
19.058921	2.605000	26.155938
19.058552	2.606000	26.165978
19.058184	2.607000	26.176019
19.057815	2.608000	26.186060
19.057446	2.609000	26.196100
19.057078	2.610000	26.206141
19.056709	2.611000	26.216182
19.056340	2.612000	26.226222
19.055972	2.613000	26.236263
19.055603	2.614000	26.246304
19.055234	2.615000	26.256344
19.054866	2.616000	26.266385
19.054497	2.617000	26.276426
19.054128	2.618000	26.286466
19.053760	2.619000	26.296507
19.053391	2.620000	26.306548
19.053022	2.621000	26.316588
19.052653	2.622000	26.326629
19.052285	2.623000	26.336670
19.051916	2.624000	26.346710
19.051547	2.625000	26.356751
19.051178	2.626000	26.366792
19.050810	2.627000	26.376832
19.050441	2.628000	26.386873
19.050072	2.629000	26.396914
19.049703	2.630000	26.406954
19.049335	2.631000	26.416995
19.048966	2.632000	26.427036
19.048597	2.633000	26.437076
19.048228	2.634000	26.447117
19.047859	2.635000	26.457158
19.047491	2.636000	26.467198
19.047122	2.637000	26.477239
19.046753	2.638000	26.487280
19.046384	2.639000	26.497320
19.046015	2.640000	26.507361
19.045647	2.641000	26.517402
19.045278	2.642000	26.527442
19.044909	2.643000	26.537483
19.044540	2.644000	26.547524
19.044171	2.645000	26.557564
19.043802	2.646000	26.567605
19.043433	2.647000	26.577646
19.043065	2.648000	26.587686
19.042696	2.649000	26.597727
19.042327	2.650000	26.607768
19.041958	2.651000	26.617808
19.041589	2.652000	26.627849
19.041220	2.653000	26.637890
19.040851	2.654000	26.647930
19.040482	2.655000	26.657971
19.040113	2.656000	26.668012
19.039744	2.657000	26.678052
19.039375	2.658000	26.688093
19.039007	2.659000	26.698134
19.038638	2.660000	26.708174
19.038269	2.661000	26.718215
19.037900	2.662000	26.728256
19.037531	2.663000	26.738296
19.037162	2.664000	26.748337
19.036793	2.665000	26.758378
19.036424	2.666000	26.768418
19.036055	2.667000	26.778459
19.035686	2.668000	26.788500
19.035317	2.669000	26.798540
19.034948	2.670000	26.808581
19.034579	2.671000	26.818622
19.034210	2.672000	26.828662
19.033841	2.673000	26.838703
19.033472	2.674000	26.848744
19.033103	2.675000	26.858784
19.032734	2.676000	26.868825
19.032365	2.677000	26.878866
19.031996	2.678000	26.888906
19.031627	2.679000	26.898947
19.031257	2.680000	26.908988
19.030888	2.681000	26.919028
19.030519	2.682000	26.929069
19.030150	2.683000	26.939110
19.029781	2.684000	26.949150
19.029412	2.685000	26.959191
19.029043	2.686000	26.969232
19.028674	2.687000	26.979272
19.028305	2.688000	26.989313
19.027936	2.689000	26.999354
19.027566	2.690000	27.009394
19.027197	2.691000	27.019435
19.026828	2.692000	27.029476
19.026459	2.693000	27.039516
19.026090	2.694000	27.049557
19.025721	2.695000	27.059598
19.025352	2.696000	27.069638
19.024982	2.697000	27.079679
19.024613	2.698000	27.089720
19.024244	2.699000	27.099760
19.023875	2.700000	27.109801
19.023506	2.701000	27.119842
19.023137	2.702000	27.129882
19.022767	2.703000	27.139923
19.022398	2.704000	27.149964
19.022029	2.705000	27.160004
19.021660	2.706000	27.170045
19.021291	2.707000	27.180086
19.020921	2.708000	27.190126
19.020552	2.709000	27.200167
19.020183	2.710000	27.210208
19.019814	2.711000	27.220248
19.019444	2.712000	27.230289
19.019075	2.713000	27.240330
19.018706	2.714000	27.250370
19.018337	2.715000	27.260411
19.017967	2.716000	27.270452
19.017598	2.717000	27.280492
19.017229	2.718000	27.290533
19.016859	2.719000	27.300574
19.016490	2.720000	27.310614
19.016121	2.721000	27.320655
19.015751	2.722000	27.330696
19.015382	2.723000	27.340736
19.015013	2.724000	27.350777
19.014643	2.725000	27.360818
19.014274	2.726000	27.370858
19.013905	2.727000	27.380899
19.013535	2.728000	27.390940
19.013166	2.729000	27.400981
19.012797	2.730000	27.411021
19.012427	2.731000	27.421062
19.012058	2.732000	27.431103
19.011689	2.733000	27.441143
19.011319	2.734000	27.451184
19.010950	2.735000	27.461225
19.010580	2.736000	27.471265
19.010211	2.737000	27.481306
19.009842	2.738000	27.491347
19.009472	2.739000	27.501387
19.009103	2.740000	27.511428
19.008733	2.741000	27.521469
19.008364	2.742000	27.531509
19.007995	2.743000	27.541550
19.007625	2.744000	27.551591
19.007256	2.745000	27.561631
19.006886	2.746000	27.571672
19.006517	2.747000	27.581713
19.006147	2.748000	27.591753
19.005778	2.749000	27.601794
19.005408	2.750000	27.611835
19.005039	2.751000	27.621875
19.004669	2.752000	27.631916
19.004300	2.753000	27.641957
19.003930	2.754000	27.651997
19.003561	2.755000	27.662038
19.003191	2.756000	27.672079
19.002822	2.757000	27.682119
19.002452	2.758000	27.692160
19.002083	2.759000	27.702201
19.001713	2.760000	27.712241
19.001344	2.761000	27.722282
19.000974	2.762000	27.732323
19.000605	2.763000	27.742363
19.000235	2.764000	27.752404
18.999865	2.765000	27.762445
18.999496	2.766000	27.772485
18.999126	2.767000	27.782526
18.998757	2.768000	27.792567
18.998387	2.769000	27.802607
18.998017	2.770000	27.812648
18.997648	2.771000	27.822689
18.997278	2.772000	27.832729
18.996909	2.773000	27.842770
18.996539	2.774000	27.852811
18.996169	2.775000	27.862851
18.995800	2.776000	27.872892
18.995430	2.777000	27.882933
18.995060	2.778000	27.892973
18.994691	2.779000	27.903014
18.994321	2.780000	27.913055
18.993952	2.781000	27.923095
18.993582	2.782000	27.933136
18.993212	2.783000	27.943177
18.992843	2.784000	27.953217
18.992473	2.785000	27.963258
18.992103	2.786000	27.973299
18.991733	2.787000	27.983339
18.991364	2.788000	27.993380
18.990994	2.789000	28.003421
18.990624	2.790000	28.013461
18.990255	2.791000	28.023502
18.989885	2.792000	28.033543
18.989515	2.793000	28.043583
18.989145	2.794000	28.053624
18.988776	2.795000	28.063665
18.988406	2.796000	28.073705
18.988036	2.797000	28.083746
18.987666	2.798000	28.093787
18.987297	2.799000	28.103827
18.986927	2.800000	28.113868
18.986557	2.801000	28.123909
18.986187	2.802000	28.133949
18.985817	2.803000	28.143990
18.985448	2.804000	28.154031
18.985078	2.805000	28.164071
18.984708	2.806000	28.174112
18.984338	2.807000	28.184153
18.983968	2.808000	28.194193
18.983599	2.809000	28.204234
18.983229	2.810000	28.214275
18.982859	2.811000	28.224315
18.982489	2.812000	28.234356
18.982119	2.813000	28.244397
18.981749	2.814000	28.254437
18.981379	2.815000	28.264478
18.981010	2.816000	28.274519
18.980640	2.817000	28.284559
18.980270	2.818000	28.294600
18.979900	2.819000	28.304641
18.979530	2.820000	28.314681
18.979160	2.821000	28.324722
18.978790	2.822000	28.334763
18.978420	2.823000	28.344803
18.978050	2.824000	28.354844
18.977680	2.825000	28.364885
18.977311	2.826000	28.374925
18.976941	2.827000	28.384966
18.976571	2.828000	28.395007
18.976201	2.829000	28.405047
18.975831	2.830000	28.415088
18.975461	2.831000	28.425129
18.975091	2.832000	28.435169
18.974721	2.833000	28.445210
18.974351	2.834000	28.455251
18.973981	2.835000	28.465291
18.973611	2.836000	28.475332
18.973241	2.837000	28.485373
18.972871	2.838000	28.495413
18.972501	2.839000	28.505454
18.972131	2.840000	28.515495
18.971761	2.841000	28.525535
18.971391	2.842000	28.535576
18.971021	2.843000	28.545617
18.970651	2.844000	28.555657
18.970281	2.845000	28.565698
18.969911	2.846000	28.575739
18.969541	2.847000	28.585779
18.969171	2.848000	28.595820
18.968800	2.849000	28.605861
18.968430	2.850000	28.615901
18.968060	2.851000	28.625942
18.967690	2.852000	28.635983
18.967320	2.853000	28.646023
18.966950	2.854000	28.656064
18.966580	2.855000	28.666105
18.966210	2.856000	28.676145
18.965840	2.857000	28.686186
18.965470	2.858000	28.696227
18.965099	2.859000	28.706267
18.964729	2.860000	28.716308
18.964359	2.861000	28.726349
18.963989	2.862000	28.736389
18.963619	2.863000	28.746430
18.963249	2.864000	28.756471
18.962879	2.865000	28.766511
18.962508	2.866000	28.776552
18.962138	2.867000	28.786593
18.961768	2.868000	28.796633
18.961398	2.869000	28.806674
18.961028	2.870000	28.816715
18.960657	2.871000	28.826755
18.960287	2.872000	28.836796
18.959917	2.873000	28.846837
18.959547	2.874000	28.856877
18.959177	2.875000	28.866918
18.958806	2.876000	28.876959
18.958436	2.877000	28.886999
18.958066	2.878000	28.897040
18.957696	2.879000	28.907081
18.957325	2.880000	28.917121
18.956955	2.881000	28.927162
18.956585	2.882000	28.937203
18.956215	2.883000	28.947243
18.955844	2.884000	28.957284
18.955474	2.885000	28.967325
18.955104	2.886000	28.977365
18.954733	2.887000	28.987406
18.954363	2.888000	28.997447
18.953993	2.889000	29.007487
18.953623	2.890000	29.017528
18.953252	2.891000	29.027569
18.952882	2.892000	29.037609
18.952512	2.893000	29.047650
18.952141	2.894000	29.057691
18.951771	2.895000	29.067731
18.951401	2.896000	29.077772
18.951030	2.897000	29.087813
18.950660	2.898000	29.097853
18.950289	2.899000	29.107894
18.949919	2.900000	29.117935
18.949549	2.901000	29.127975
18.949178	2.902000	29.138016
18.948808	2.903000	29.148057
18.948438	2.904000	29.158097
18.948067	2.905000	29.168138
18.947697	2.906000	29.178179
18.947326	2.907000	29.188219
18.946956	2.908000	29.198260
18.946585	2.909000	29.208301
18.946215	2.910000	29.218341
18.945845	2.911000	29.228382
18.945474	2.912000	29.238423
18.945104	2.913000	29.248463
18.944733	2.914000	29.258504
18.944363	2.915000	29.268545
18.943992	2.916000	29.278585
18.943622	2.917000	29.288626
18.943251	2.918000	29.298667
18.942881	2.919000	29.308707
18.942510	2.920000	29.318748
18.942140	2.921000	29.328789
18.941769	2.922000	29.338829
18.941399	2.923000	29.348870
18.941028	2.924000	29.358911
18.940658	2.925000	29.368951
18.940287	2.926000	29.378992
18.939917	2.927000	29.389033
18.939546	2.928000	29.399073
18.939176	2.929000	29.409114
18.938805	2.930000	29.419155
18.938435	2.931000	29.429195
18.938064	2.932000	29.439236
18.937693	2.933000	29.449277
18.937323	2.934000	29.459317
18.936952	2.935000	29.469358
18.936582	2.936000	29.479399
18.936211	2.937000	29.489439
18.935841	2.938000	29.499480
18.935470	2.939000	29.509521
18.935099	2.940000	29.519561
18.934729	2.941000	29.529602
18.934358	2.942000	29.539643
18.933987	2.943000	29.549683
18.933617	2.944000	29.559724
18.933246	2.945000	29.569765
18.932876	2.946000	29.579805
18.932505	2.947000	29.589846
18.932134	2.948000	29.599887
18.931764	2.949000	29.609927
18.931393	2.950000	29.619968
18.931022	2.951000	29.630009
18.930651	2.952000	29.640049
18.930281	2.953000	29.650090
18.929910	2.954000	29.660131
18.929539	2.955000	29.670171
18.929169	2.956000	29.680212
18.928798	2.957000	29.690253
18.928427	2.958000	29.700293
18.928057	2.959000	29.710334
18.927686	2.960000	29.720375
18.927315	2.961000	29.730415
18.926944	2.962000	29.740456
18.926574	2.963000	29.750497
18.926203	2.964000	29.760537
18.925832	2.965000	29.770578
18.925461	2.966000	29.780619
18.925091	2.967000	29.790659
18.924720	2.968000	29.800700
18.924349	2.969000	29.810741
18.923978	2.970000	29.820781
18.923607	2.971000	29.830822
18.923237	2.972000	29.840863
18.922866	2.973000	29.850903
18.922495	2.974000	29.860944
18.922124	2.975000	29.870985
18.921753	2.976000	29.881025
18.921382	2.977000	29.891066
18.921012	2.978000	29.901107
18.920641	2.979000	29.911147
18.920270	2.980000	29.921188
18.919899	2.981000	29.931229
18.919528	2.982000	29.941269
18.919157	2.983000	29.951310
18.918786	2.984000	29.961351
18.918416	2.985000	29.971391
18.918045	2.986000	29.981432
18.917674	2.987000	29.991473
18.917303	2.988000	30.001513
18.916932	2.989000	30.011554
18.916561	2.990000	30.021595
18.916190	2.991000	30.031635
18.915819	2.992000	30.041676
18.915448	2.993000	30.051717
18.915077	2.994000	30.061757
18.914706	2.995000	30.071798
18.914335	2.996000	30.081839
18.913964	2.997000	30.091879
18.913594	2.998000	30.101920
18.913223	2.999000	30.111961
18.912852	3.000000	30.122001
18.912481	3.001000	30.132042
18.912110	3.002000	30.142083
18.911739	3.003000	30.152123
18.911368	3.004000	30.162164
18.910997	3.005000	30.172205
18.910626	3.006000	30.182245
18.910255	3.007000	30.192286
18.909884	3.008000	30.202327
18.909513	3.009000	30.212367
18.909142	3.010000	30.222408
18.908770	3.011000	30.232449
18.908399	3.012000	30.242489
18.908028	3.013000	30.252530
18.907657	3.014000	30.262571
18.907286	3.015000	30.272611
18.906915	3.016000	30.282652
18.906544	3.017000	30.292693
18.906173	3.018000	30.302733
18.905802	3.019000	30.312774
18.905431	3.020000	30.322815
18.905060	3.021000	30.332855
18.904689	3.022000	30.342896
18.904318	3.023000	30.352937
18.903946	3.024000	30.362977
18.903575	3.025000	30.373018
18.903204	3.026000	30.383059
18.902833	3.027000	30.393099
18.902462	3.028000	30.403140
18.902091	3.029000	30.413181
18.901720	3.030000	30.423221
18.901348	3.031000	30.433262
18.900977	3.032000	30.443303
18.900606	3.033000	30.453343
18.900235	3.034000	30.463384
18.899864	3.035000	30.473425
18.899493	3.036000	30.483465
18.899121	3.037000	30.493506
18.898750	3.038000	30.503547
18.898379	3.039000	30.513587
18.898008	3.040000	30.523628
18.897637	3.041000	30.533669
18.897265	3.042000	30.543709
18.896894	3.043000	30.553750
18.896523	3.044000	30.563791
18.896152	3.045000	30.573831
18.895780	3.046000	30.583872
18.895409	3.047000	30.593913
18.895038	3.048000	30.603953
18.894667	3.049000	30.613994
18.894295	3.050000	30.624035
18.893924	3.051000	30.634075
18.893553	3.052000	30.644116
18.893181	3.053000	30.654157
18.892810	3.054000	30.664197
18.892439	3.055000	30.674238
18.892068	3.056000	30.684279
18.891696	3.057000	30.694319
18.891325	3.058000	30.704360
18.890954	3.059000	30.714401
18.890582	3.060000	30.724441
18.890211	3.061000	30.734482
18.889840	3.062000	30.744523
18.889468	3.063000	30.754563
18.889097	3.064000	30.764604
18.888725	3.065000	30.774645
18.888354	3.066000	30.784685
18.887983	3.067000	30.794726
18.887611	3.068000	30.804767
18.887240	3.069000	30.814807
18.886869	3.070000	30.824848
18.886497	3.071000	30.834889
18.886126	3.072000	30.844929
18.885754	3.073000	30.854970
18.885383	3.074000	30.865011
18.885011	3.075000	30.875051
18.884640	3.076000	30.885092
18.884269	3.077000	30.895133
18.883897	3.078000	30.905173
18.883526	3.079000	30.915214
18.883154	3.080000	30.925255
18.882783	3.081000	30.935295
18.882411	3.082000	30.945336
18.882040	3.083000	30.955377
18.881668	3.084000	30.965417
18.881297	3.085000	30.975458
18.880925	3.086000	30.985499
18.880554	3.087000	30.995539
18.880182	3.088000	31.005580
18.879811	3.089000	31.015621
18.879439	3.090000	31.025661
18.879068	3.091000	31.035702
18.878696	3.092000	31.045743
18.878325	3.093000	31.055783
18.877953	3.094000	31.065824
18.877582	3.095000	31.075865
18.877210	3.096000	31.085905
18.876839	3.097000	31.095946
18.876467	3.098000	31.105987
18.876095	3.099000	31.116027
18.875724	3.100000	31.126068
18.875352	3.101000	31.136109
18.874981	3.102000	31.146149
18.874609	3.103000	31.156190
18.874238	3.104000	31.166231
18.873866	3.105000	31.176271
18.873494	3.106000	31.186312
18.873123	3.107000	31.196353
18.872751	3.108000	31.206393
18.872379	3.109000	31.216434
18.872008	3.110000	31.226475
18.871636	3.111000	31.236515
18.871265	3.112000	31.246556
18.870893	3.113000	31.256597
18.870521	3.114000	31.266637
18.870150	3.115000	31.276678
18.869778	3.116000	31.286719
18.869406	3.117000	31.296759
18.869035	3.118000	31.306800
18.868663	3.119000	31.316841
18.868291	3.120000	31.326881
18.867919	3.121000	31.336922
18.867548	3.122000	31.346963
18.867176	3.123000	31.357003
18.866804	3.124000	31.367044
18.866433	3.125000	31.377085
18.866061	3.126000	31.387125
18.865689	3.127000	31.397166
18.865317	3.128000	31.407207
18.864946	3.129000	31.417247
18.864574	3.130000	31.427288
18.864202	3.131000	31.437329
18.863830	3.132000	31.447369
18.863459	3.133000	31.457410
18.863087	3.134000	31.467451
18.862715	3.135000	31.477491
18.862343	3.136000	31.487532
18.861971	3.137000	31.497573
18.861600	3.138000	31.507613
18.861228	3.139000	31.517654
18.860856	3.140000	31.527695
18.860484	3.141000	31.537735
18.860112	3.142000	31.547776
18.859740	3.143000	31.557817
18.859369	3.144000	31.567857
18.858997	3.145000	31.577898
18.858625	3.146000	31.587939
18.858253	3.147000	31.597979
18.857881	3.148000	31.608020
18.857509	3.149000	31.618061
18.857137	3.150000	31.628101
18.856766	3.151000	31.638142
18.856394	3.152000	31.648183
18.856022	3.153000	31.658223
18.855650	3.154000	31.668264
18.855278	3.155000	31.678305
18.854906	3.156000	31.688345
18.854534	3.157000	31.698386
18.854162	3.158000	31.708427
18.853790	3.159000	31.718467
18.853418	3.160000	31.728508
18.853046	3.161000	31.738549
18.852674	3.162000	31.748589
18.852302	3.163000	31.758630
18.851930	3.164000	31.768671
18.851559	3.165000	31.778711
18.851187	3.166000	31.788752
18.850815	3.167000	31.798793
18.850443	3.168000	31.808833
18.850071	3.169000	31.818874
18.849699	3.170000	31.828915
18.849327	3.171000	31.838955
18.848955	3.172000	31.848996
18.848583	3.173000	31.859037
18.848211	3.174000	31.869077
18.847838	3.175000	31.879118
18.847466	3.176000	31.889159
18.847094	3.177000	31.899199
18.846722	3.178000	31.909240
18.846350	3.179000	31.919281
18.845978	3.180000	31.929321
18.845606	3.181000	31.939362
18.845234	3.182000	31.949403
18.844862	3.183000	31.959443
18.844490	3.184000	31.969484
18.844118	3.185000	31.979525
18.843746	3.186000	31.989565
18.843374	3.187000	31.999606
18.843002	3.188000	32.009647
18.842629	3.189000	32.019687
18.842257	3.190000	32.029728
18.841885	3.191000	32.039769
18.841513	3.192000	32.049809
18.841141	3.193000	32.059850
18.840769	3.194000	32.069891
18.840397	3.195000	32.079931
18.840024	3.196000	32.089972
18.839652	3.197000	32.100013
18.839280	3.198000	32.110053
18.838908	3.199000	32.120094
18.838536	3.200000	32.130135
18.838164	3.201000	32.140175
18.837791	3.202000	32.150216
18.837419	3.203000	32.160257
18.837047	3.204000	32.170297
18.836675	3.205000	32.180338
18.836303	3.206000	32.190379
18.835930	3.207000	32.200419
18.835558	3.208000	32.210460
18.835186	3.209000	32.220501
18.834814	3.210000	32.230541
18.834441	3.211000	32.240582
18.834069	3.212000	32.250623
18.833697	3.213000	32.260663
18.833325	3.214000	32.270704
18.832952	3.215000	32.280745
18.832580	3.216000	32.290785
18.832208	3.217000	32.300826
18.831835	3.218000	32.310867
18.831463	3.219000	32.320907
18.831091	3.220000	32.330948
18.830719	3.221000	32.340989
18.830346	3.222000	32.351029
18.829974	3.223000	32.361070
18.829602	3.224000	32.371111
18.829229	3.225000	32.381151
18.828857	3.226000	32.391192
18.828485	3.227000	32.401233
18.828112	3.228000	32.411273
18.827740	3.229000	32.421314
18.827368	3.230000	32.431355
18.826995	3.231000	32.441395
18.826623	3.232000	32.451436
18.826250	3.233000	32.461477
18.825878	3.234000	32.471517
18.825506	3.235000	32.481558
18.825133	3.236000	32.491599
18.824761	3.237000	32.501639
18.824388	3.238000	32.511680
18.824016	3.239000	32.521721
18.823644	3.240000	32.531761
18.823271	3.241000	32.541802
18.822899	3.242000	32.551843
18.822526	3.243000	32.561883
18.822154	3.244000	32.571924
18.821781	3.245000	32.581965
18.821409	3.246000	32.592005
18.821036	3.247000	32.602046
18.820664	3.248000	32.612087
18.820291	3.249000	32.622127
18.819919	3.250000	32.632168
18.819546	3.251000	32.642209
18.819174	3.252000	32.652249
18.818801	3.253000	32.662290
18.818429	3.254000	32.672331
18.818056	3.255000	32.682371
18.817684	3.256000	32.692412
18.817311	3.257000	32.702453
18.816939	3.258000	32.712493
18.816566	3.259000	32.722534
18.816194	3.260000	32.732575
18.815821	3.261000	32.742615
18.815449	3.262000	32.752656
18.815076	3.263000	32.762697
18.814704	3.264000	32.772737
18.814331	3.265000	32.782778
18.813958	3.266000	32.792819
18.813586	3.267000	32.802859
18.813213	3.268000	32.812900
18.812841	3.269000	32.822941
18.812468	3.270000	32.832981
18.812095	3.271000	32.843022
18.811723	3.272000	32.853063
18.811350	3.273000	32.863103
18.810977	3.274000	32.873144
18.810605	3.275000	32.883185
18.810232	3.276000	32.893225
18.809860	3.277000	32.903266
18.809487	3.278000	32.913307
18.809114	3.279000	32.923347
18.808742	3.280000	32.933388
18.808369	3.281000	32.943429
18.807996	3.282000	32.953469
18.807624	3.283000	32.963510
18.807251	3.284000	32.973551
18.806878	3.285000	32.983591
18.806505	3.286000	32.993632
18.806133	3.287000	33.003673
18.805760	3.288000	33.013713
18.805387	3.289000	33.023754
18.805015	3.290000	33.033795
18.804642	3.291000	33.043835
18.804269	3.292000	33.053876
18.803896	3.293000	33.063917
18.803524	3.294000	33.073957
18.803151	3.295000	33.083998
18.802778	3.296000	33.094039
18.802405	3.297000	33.104079
18.802032	3.298000	33.114120
18.801660	3.299000	33.124161
18.801287	3.300000	33.134201
18.800914	3.301000	33.144242
18.800541	3.302000	33.154283
18.800168	3.303000	33.164323
18.799796	3.304000	33.174364
18.799423	3.305000	33.184405
18.799050	3.306000	33.194445
18.798677	3.307000	33.204486
18.798304	3.308000	33.214527
18.797932	3.309000	33.224567
18.797559	3.310000	33.234608
18.797186	3.311000	33.244649
18.796813	3.312000	33.254689
18.796440	3.313000	33.264730
18.796067	3.314000	33.274771
18.795694	3.315000	33.284811
18.795321	3.316000	33.294852
18.794949	3.317000	33.304893
18.794576	3.318000	33.314933
18.794203	3.319000	33.324974
18.793830	3.320000	33.335015
18.793457	3.321000	33.345055
18.793084	3.322000	33.355096
18.792711	3.323000	33.365137
18.792338	3.324000	33.375177
18.791965	3.325000	33.385218
18.791592	3.326000	33.395259
18.791219	3.327000	33.405299
18.790846	3.328000	33.415340
18.790473	3.329000	33.425381
18.790100	3.330000	33.435421
18.789727	3.331000	33.445462
18.789354	3.332000	33.455503
18.788981	3.333000	33.465543
18.788608	3.334000	33.475584
18.788235	3.335000	33.485625
18.787862	3.336000	33.495665
18.787489	3.337000	33.505706
18.787116	3.338000	33.515747
18.786743	3.339000	33.525787
18.786370	3.340000	33.535828
18.785997	3.341000	33.545869
18.785624	3.342000	33.555909
18.785251	3.343000	33.565950
18.784878	3.344000	33.575991
18.784505	3.345000	33.586031
18.784132	3.346000	33.596072
18.783759	3.347000	33.606113
18.783386	3.348000	33.616153
18.783013	3.349000	33.626194
18.782640	3.350000	33.636235
18.782266	3.351000	33.646275
18.781893	3.352000	33.656316
18.781520	3.353000	33.666357
18.781147	3.354000	33.676397
18.780774	3.355000	33.686438
18.780401	3.356000	33.696479
18.780028	3.357000	33.706519
18.779655	3.358000	33.716560
18.779281	3.359000	33.726601
18.778908	3.360000	33.736641
18.778535	3.361000	33.746682
18.778162	3.362000	33.756723
18.777789	3.363000	33.766763
18.777416	3.364000	33.776804
18.777042	3.365000	33.786845
18.776669	3.366000	33.796885
18.776296	3.367000	33.806926
18.775923	3.368000	33.816967
18.775550	3.369000	33.827007
18.775176	3.370000	33.837048
18.774803	3.371000	33.847089
18.774430	3.372000	33.857129
18.774057	3.373000	33.867170
18.773683	3.374000	33.877211
18.773310	3.375000	33.887251
18.772937	3.376000	33.897292
18.772564	3.377000	33.907333
18.772190	3.378000	33.917373
18.771817	3.379000	33.927414
18.771444	3.380000	33.937455
18.771071	3.381000	33.947495
18.770697	3.382000	33.957536
18.770324	3.383000	33.967577
18.769951	3.384000	33.977617
18.769577	3.385000	33.987658
18.769204	3.386000	33.997699
18.768831	3.387000	34.007739
18.768457	3.388000	34.017780
18.768084	3.389000	34.027821
18.767711	3.390000	34.037861
18.767337	3.391000	34.047902
18.766964	3.392000	34.057943
18.766591	3.393000	34.067983
18.766217	3.394000	34.078024
18.765844	3.395000	34.088065
18.765471	3.396000	34.098105
18.765097	3.397000	34.108146
18.764724	3.398000	34.118187
18.764350	3.399000	34.128227
18.763977	3.400000	34.138268
18.763604	3.401000	34.148309
18.763230	3.402000	34.158349
18.762857	3.403000	34.168390
18.762483	3.404000	34.178431
18.762110	3.405000	34.188471
18.761736	3.406000	34.198512
18.761363	3.407000	34.208553
18.760989	3.408000	34.218593
18.760616	3.409000	34.228634
18.760243	3.410000	34.238675
18.759869	3.411000	34.248715
18.759496	3.412000	34.258756
18.759122	3.413000	34.268797
18.758749	3.414000	34.278837
18.758375	3.415000	34.288878
18.758002	3.416000	34.298919
18.757628	3.417000	34.308959
18.757255	3.418000	34.319000
18.756881	3.419000	34.329041
18.756508	3.420000	34.339081
18.756134	3.421000	34.349122
18.755761	3.422000	34.359163
18.755387	3.423000	34.369203
18.755013	3.424000	34.379244
18.754640	3.425000	34.389285
18.754266	3.426000	34.399325
18.753893	3.427000	34.409366
18.753519	3.428000	34.419407
18.753146	3.429000	34.429447
18.752772	3.430000	34.439488
18.752398	3.431000	34.449529
18.752025	3.432000	34.459569
18.751651	3.433000	34.469610
18.751278	3.434000	34.479651
18.750904	3.435000	34.489691
18.750530	3.436000	34.499732
18.750157	3.437000	34.509773
18.749783	3.438000	34.519813
18.749409	3.439000	34.529854
18.749036	3.440000	34.539895
18.748662	3.441000	34.549935
18.748288	3.442000	34.559976
18.747915	3.443000	34.570017
18.747541	3.444000	34.580057
18.747167	3.445000	34.590098
18.746794	3.446000	34.600139
18.746420	3.447000	34.610179
18.746046	3.448000	34.620220
18.745673	3.449000	34.630261
18.745299	3.450000	34.640301
18.744925	3.451000	34.650342
18.744552	3.452000	34.660383
18.744178	3.453000	34.670423
18.743804	3.454000	34.680464
18.743430	3.455000	34.690505
18.743057	3.456000	34.700545
18.742683	3.457000	34.710586
18.742309	3.458000	34.720627
18.741935	3.459000	34.730667
18.741562	3.460000	34.740708
18.741188	3.461000	34.750749
18.740814	3.462000	34.760789
18.740440	3.463000	34.770830
18.740066	3.464000	34.780871
18.739693	3.465000	34.790911
18.739319	3.466000	34.800952
18.738945	3.467000	34.810993
18.738571	3.468000	34.821033
18.738197	3.469000	34.831074
18.737823	3.470000	34.841115
18.737450	3.471000	34.851155
18.737076	3.472000	34.861196
18.736702	3.473000	34.871237
18.736328	3.474000	34.881277
18.735954	3.475000	34.891318
18.735580	3.476000	34.901359
18.735206	3.477000	34.911399
18.734833	3.478000	34.921440
18.734459	3.479000	34.931481
18.734085	3.480000	34.941521
18.733711	3.481000	34.951562
18.733337	3.482000	34.961603
18.732963	3.483000	34.971643
18.732589	3.484000	34.981684
18.732215	3.485000	34.991725
18.731841	3.486000	35.001765
18.731467	3.487000	35.011806
18.731093	3.488000	35.021847
18.730719	3.489000	35.031887
18.730345	3.490000	35.041928
18.729972	3.491000	35.051969
18.729598	3.492000	35.062009
18.729224	3.493000	35.072050
18.728850	3.494000	35.082091
18.728476	3.495000	35.092131
18.728102	3.496000	35.102172
18.727728	3.497000	35.112213
18.727354	3.498000	35.122253
18.726980	3.499000	35.132294
18.726606	3.500000	35.142335
18.726232	3.501000	35.152375
18.725858	3.502000	35.162416
18.725483	3.503000	35.172457
18.725109	3.504000	35.182497
18.724735	3.505000	35.192538
18.724361	3.506000	35.202579
18.723987	3.507000	35.212619
18.723613	3.508000	35.222660
18.723239	3.509000	35.232701
18.722865	3.510000	35.242742
18.722491	3.511000	35.252782
18.722117	3.512000	35.262823
18.721743	3.513000	35.272864
18.721369	3.514000	35.282904
18.720995	3.515000	35.292945
18.720620	3.516000	35.302986
18.720246	3.517000	35.313026
18.719872	3.518000	35.323067
18.719498	3.519000	35.333108
18.719124	3.520000	35.343148
18.718750	3.521000	35.353189
18.718376	3.522000	35.363230
18.718001	3.523000	35.373270
18.717627	3.524000	35.383311
18.717253	3.525000	35.393352
18.716879	3.526000	35.403392
18.716505	3.527000	35.413433
18.716131	3.528000	35.423474
18.715756	3.529000	35.433514
18.715382	3.530000	35.443555
18.715008	3.531000	35.453596
18.714634	3.532000	35.463636
18.714260	3.533000	35.473677
18.713885	3.534000	35.483718
18.713511	3.535000	35.493758
18.713137	3.536000	35.503799
18.712763	3.537000	35.513840
18.712388	3.538000	35.523880
18.712014	3.539000	35.533921
18.711640	3.540000	35.543962
18.711266	3.541000	35.554002
18.710891	3.542000	35.564043
18.710517	3.543000	35.574084
18.710143	3.544000	35.584124
18.709768	3.545000	35.594165
18.709394	3.546000	35.604206
18.709020	3.547000	35.614246
18.708645	3.548000	35.624287
18.708271	3.549000	35.634328
18.707897	3.550000	35.644368
18.707522	3.551000	35.654409
18.707148	3.552000	35.664450
18.706774	3.553000	35.674490
18.706399	3.554000	35.684531
18.706025	3.555000	35.694572
18.705651	3.556000	35.704612
18.705276	3.557000	35.714653
18.704902	3.558000	35.724694
18.704528	3.559000	35.734734
18.704153	3.560000	35.744775
18.703779	3.561000	35.754816
18.703404	3.562000	35.764856
18.703030	3.563000	35.774897
18.702656	3.564000	35.784938
18.702281	3.565000	35.794978
18.701907	3.566000	35.805019
18.701532	3.567000	35.815060
18.701158	3.568000	35.825100
18.700783	3.569000	35.835141
18.700409	3.570000	35.845182
18.700034	3.571000	35.855222
18.699660	3.572000	35.865263
18.699286	3.573000	35.875304
18.698911	3.574000	35.885344
18.698537	3.575000	35.895385
18.698162	3.576000	35.905426
18.697788	3.577000	35.915466
18.697413	3.578000	35.925507
18.697039	3.579000	35.935548
18.696664	3.580000	35.945588
18.696290	3.581000	35.955629
18.695915	3.582000	35.965670
18.695541	3.583000	35.975710
18.695166	3.584000	35.985751
18.694791	3.585000	35.995792
18.694417	3.586000	36.005832
18.694042	3.587000	36.015873
18.693668	3.588000	36.025914
18.693293	3.589000	36.035954
18.692919	3.590000	36.045995
18.692544	3.591000	36.056036
18.692169	3.592000	36.066076
18.691795	3.593000	36.076117
18.691420	3.594000	36.086158
18.691046	3.595000	36.096198
18.690671	3.596000	36.106239
18.690296	3.597000	36.116280
18.689922	3.598000	36.126320
18.689547	3.599000	36.136361
18.689173	3.600000	36.146402
18.688798	3.601000	36.156442
18.688423	3.602000	36.166483
18.688049	3.603000	36.176524
18.687674	3.604000	36.186564
18.687299	3.605000	36.196605
18.686925	3.606000	36.206646
18.686550	3.607000	36.216686
18.686175	3.608000	36.226727
18.685801	3.609000	36.236768
18.685426	3.610000	36.246808
18.685051	3.611000	36.256849
18.684676	3.612000	36.266890
18.684302	3.613000	36.276930
18.683927	3.614000	36.286971
18.683552	3.615000	36.297012
18.683178	3.616000	36.307052
18.682803	3.617000	36.317093
18.682428	3.618000	36.327134
18.682053	3.619000	36.337174
18.681679	3.620000	36.347215
18.681304	3.621000	36.357256
18.680929	3.622000	36.367296
18.680554	3.623000	36.377337
18.680179	3.624000	36.387378
18.679805	3.625000	36.397418
18.679430	3.626000	36.407459
18.679055	3.627000	36.417500
18.678680	3.628000	36.427540
18.678305	3.629000	36.437581
18.677931	3.630000	36.447622
18.677556	3.631000	36.457662
18.677181	3.632000	36.467703
18.676806	3.633000	36.477744
18.676431	3.634000	36.487784
18.676056	3.635000	36.497825
18.675681	3.636000	36.507866
18.675307	3.637000	36.517906
18.674932	3.638000	36.527947
18.674557	3.639000	36.537988
18.674182	3.640000	36.548028
18.673807	3.641000	36.558069
18.673432	3.642000	36.568110
18.673057	3.643000	36.578150
18.672682	3.644000	36.588191
18.672307	3.645000	36.598232
18.671933	3.646000	36.608272
18.671558	3.647000	36.618313
18.671183	3.648000	36.628354
18.670808	3.649000	36.638394
18.670433	3.650000	36.648435
18.670058	3.651000	36.658476
18.669683	3.652000	36.668516
18.669308	3.653000	36.678557
18.668933	3.654000	36.688598
18.668558	3.655000	36.698638
18.668183	3.656000	36.708679
18.667808	3.657000	36.718720
18.667433	3.658000	36.728760
18.667058	3.659000	36.738801
18.666683	3.660000	36.748842
18.666308	3.661000	36.758882
18.665933	3.662000	36.768923
18.665558	3.663000	36.778964
18.665183	3.664000	36.789004
18.664808	3.665000	36.799045
18.664433	3.666000	36.809086
18.664058	3.667000	36.819126
18.663683	3.668000	36.829167
18.663308	3.669000	36.839208
18.662933	3.670000	36.849248
18.662557	3.671000	36.859289
18.662182	3.672000	36.869330
18.661807	3.673000	36.879370
18.661432	3.674000	36.889411
18.661057	3.675000	36.899452
18.660682	3.676000	36.909492
18.660307	3.677000	36.919533
18.659932	3.678000	36.929574
18.659557	3.679000	36.939614
18.659181	3.680000	36.949655
18.658806	3.681000	36.959696
18.658431	3.682000	36.969736
18.658056	3.683000	36.979777
18.657681	3.684000	36.989818
18.657306	3.685000	36.999858
18.656931	3.686000	37.009899
18.656555	3.687000	37.019940
18.656180	3.688000	37.029980
18.655805	3.689000	37.040021
18.655430	3.690000	37.050062
18.655055	3.691000	37.060102
18.654679	3.692000	37.070143
18.654304	3.693000	37.080184
18.653929	3.694000	37.090224
18.653554	3.695000	37.100265
18.653178	3.696000	37.110306
18.652803	3.697000	37.120346
18.652428	3.698000	37.130387
18.652053	3.699000	37.140428
18.651677	3.700000	37.150468
18.651302	3.701000	37.160509
18.650927	3.702000	37.170550
18.650552	3.703000	37.180590
18.650176	3.704000	37.190631
18.649801	3.705000	37.200672
18.649426	3.706000	37.210712
18.649050	3.707000	37.220753
18.648675	3.708000	37.230794
18.648300	3.709000	37.240834
18.647925	3.710000	37.250875
18.647549	3.711000	37.260916
18.647174	3.712000	37.270956
18.646799	3.713000	37.280997
18.646423	3.714000	37.291038
18.646048	3.715000	37.301078
18.645672	3.716000	37.311119
18.645297	3.717000	37.321160
18.644922	3.718000	37.331200
18.644546	3.719000	37.341241
18.644171	3.720000	37.351282
18.643796	3.721000	37.361322
18.643420	3.722000	37.371363
18.643045	3.723000	37.381404
18.642669	3.724000	37.391444
18.642294	3.725000	37.401485
18.641919	3.726000	37.411526
18.641543	3.727000	37.421566
18.641168	3.728000	37.431607
18.640792	3.729000	37.441648
18.640417	3.730000	37.451688
18.640041	3.731000	37.461729
18.639666	3.732000	37.471770
18.639290	3.733000	37.481810
18.638915	3.734000	37.491851
18.638539	3.735000	37.501892
18.638164	3.736000	37.511932
18.637789	3.737000	37.521973
18.637413	3.738000	37.532014
18.637038	3.739000	37.542054
18.636662	3.740000	37.552095
18.636287	3.741000	37.562136
18.635911	3.742000	37.572176
18.635535	3.743000	37.582217
18.635160	3.744000	37.592258
18.634784	3.745000	37.602298
18.634409	3.746000	37.612339
18.634033	3.747000	37.622380
18.633658	3.748000	37.632420
18.633282	3.749000	37.642461
18.632907	3.750000	37.652502
18.632531	3.751000	37.662542
18.632155	3.752000	37.672583
18.631780	3.753000	37.682624
18.631404	3.754000	37.692664
18.631029	3.755000	37.702705
18.630653	3.756000	37.712746
18.630277	3.757000	37.722786
18.629902	3.758000	37.732827
18.629526	3.759000	37.742868
18.629151	3.760000	37.752908
18.628775	3.761000	37.762949
18.628399	3.762000	37.772990
18.628024	3.763000	37.783030
18.627648	3.764000	37.793071
18.627272	3.765000	37.803112
18.626897	3.766000	37.813152
18.626521	3.767000	37.823193
18.626145	3.768000	37.833234
18.625770	3.769000	37.843274
18.625394	3.770000	37.853315
18.625018	3.771000	37.863356
18.624642	3.772000	37.873396
18.624267	3.773000	37.883437
18.623891	3.774000	37.893478
18.623515	3.775000	37.903518
18.623140	3.776000	37.913559
18.622764	3.777000	37.923600
18.622388	3.778000	37.933640
18.622012	3.779000	37.943681
18.621637	3.780000	37.953722
18.621261	3.781000	37.963762
18.620885	3.782000	37.973803
18.620509	3.783000	37.983844
18.620133	3.784000	37.993884
18.619758	3.785000	38.003925
18.619382	3.786000	38.013966
18.619006	3.787000	38.024006
18.618630	3.788000	38.034047
18.618254	3.789000	38.044088
18.617879	3.790000	38.054128
18.617503	3.791000	38.064169
18.617127	3.792000	38.074210
18.616751	3.793000	38.084250
18.616375	3.794000	38.094291
18.615999	3.795000	38.104332
18.615624	3.796000	38.114372
18.615248	3.797000	38.124413
18.614872	3.798000	38.134454
18.614496	3.799000	38.144494
18.614120	3.800000	38.154535
18.613744	3.801000	38.164576
18.613368	3.802000	38.174616
18.612992	3.803000	38.184657
18.612616	3.804000	38.194698
18.612241	3.805000	38.204738
18.611865	3.806000	38.214779
18.611489	3.807000	38.224820
18.611113	3.808000	38.234860
18.610737	3.809000	38.244901
18.610361	3.810000	38.254942
18.609985	3.811000	38.264982
18.609609	3.812000	38.275023
18.609233	3.813000	38.285064
18.608857	3.814000	38.295104
18.608481	3.815000	38.305145
18.608105	3.816000	38.315186
18.607729	3.817000	38.325226
18.607353	3.818000	38.335267
18.606977	3.819000	38.345308
18.606601	3.820000	38.355348
18.606225	3.821000	38.365389
18.605849	3.822000	38.375430
18.605473	3.823000	38.385470
18.605097	3.824000	38.395511
18.604721	3.825000	38.405552
18.604345	3.826000	38.415592
18.603969	3.827000	38.425633
18.603593	3.828000	38.435674
18.603217	3.829000	38.445714
18.602841	3.830000	38.455755
18.602465	3.831000	38.465796
18.602088	3.832000	38.475836
18.601712	3.833000	38.485877
18.601336	3.834000	38.495918
18.600960	3.835000	38.505958
18.600584	3.836000	38.515999
18.600208	3.837000	38.526040
18.599832	3.838000	38.536080
18.599456	3.839000	38.546121
18.599080	3.840000	38.556162
18.598703	3.841000	38.566202
18.598327	3.842000	38.576243
18.597951	3.843000	38.586284
18.597575	3.844000	38.596324
18.597199	3.845000	38.606365
18.596823	3.846000	38.616406
18.596446	3.847000	38.626446
18.596070	3.848000	38.636487
18.595694	3.849000	38.646528
18.595318	3.850000	38.656568
18.594942	3.851000	38.666609
18.594565	3.852000	38.676650
18.594189	3.853000	38.686690
18.593813	3.854000	38.696731
18.593437	3.855000	38.706772
18.593061	3.856000	38.716812
18.592684	3.857000	38.726853
18.592308	3.858000	38.736894
18.591932	3.859000	38.746934
18.591556	3.860000	38.756975
18.591179	3.861000	38.767016
18.590803	3.862000	38.777056
18.590427	3.863000	38.787097
18.590050	3.864000	38.797138
18.589674	3.865000	38.807178
18.589298	3.866000	38.817219
18.588922	3.867000	38.827260
18.588545	3.868000	38.837300
18.588169	3.869000	38.847341
18.587793	3.870000	38.857382
18.587416	3.871000	38.867422
18.587040	3.872000	38.877463
18.586664	3.873000	38.887504
18.586287	3.874000	38.897544
18.585911	3.875000	38.907585
18.585535	3.876000	38.917626
18.585158	3.877000	38.927666
18.584782	3.878000	38.937707
18.584405	3.879000	38.947748
18.584029	3.880000	38.957788
18.583653	3.881000	38.967829
18.583276	3.882000	38.977870
18.582900	3.883000	38.987910
18.582523	3.884000	38.997951
18.582147	3.885000	39.007992
18.581771	3.886000	39.018032
18.581394	3.887000	39.028073
18.581018	3.888000	39.038114
18.580641	3.889000	39.048154
18.580265	3.890000	39.058195
18.579888	3.891000	39.068236
18.579512	3.892000	39.078276
18.579135	3.893000	39.088317
18.578759	3.894000	39.098358
18.578383	3.895000	39.108398
18.578006	3.896000	39.118439
18.577630	3.897000	39.128480
18.577253	3.898000	39.138520
18.576877	3.899000	39.148561
18.576500	3.900000	39.158602
18.576123	3.901000	39.168642
18.575747	3.902000	39.178683
18.575370	3.903000	39.188724
18.574994	3.904000	39.198764
18.574617	3.905000	39.208805
18.574241	3.906000	39.218846
18.573864	3.907000	39.228886
18.573488	3.908000	39.238927
18.573111	3.909000	39.248968
18.572735	3.910000	39.259008
18.572358	3.911000	39.269049
18.571981	3.912000	39.279090
18.571605	3.913000	39.289130
18.571228	3.914000	39.299171
18.570852	3.915000	39.309212
18.570475	3.916000	39.319252
18.570098	3.917000	39.329293
18.569722	3.918000	39.339334
18.569345	3.919000	39.349374
18.568968	3.920000	39.359415
18.568592	3.921000	39.369456
18.568215	3.922000	39.379496
18.567838	3.923000	39.389537
18.567462	3.924000	39.399578
18.567085	3.925000	39.409618
18.566708	3.926000	39.419659
18.566332	3.927000	39.429700
18.565955	3.928000	39.439740
18.565578	3.929000	39.449781
18.565202	3.930000	39.459822
18.564825	3.931000	39.469862
18.564448	3.932000	39.479903
18.564072	3.933000	39.489944
18.563695	3.934000	39.499984
18.563318	3.935000	39.510025
18.562941	3.936000	39.520066
18.562565	3.937000	39.530106
18.562188	3.938000	39.540147
18.561811	3.939000	39.550188
18.561434	3.940000	39.560228
18.561058	3.941000	39.570269
18.560681	3.942000	39.580310
18.560304	3.943000	39.590350
18.559927	3.944000	39.600391
18.559550	3.945000	39.610432
18.559174	3.946000	39.620472
18.558797	3.947000	39.630513
18.558420	3.948000	39.640554
18.558043	3.949000	39.650594
18.557666	3.950000	39.660635
18.557290	3.951000	39.670676
18.556913	3.952000	39.680716
18.556536	3.953000	39.690757
18.556159	3.954000	39.700798
18.555782	3.955000	39.710838
18.555405	3.956000	39.720879
18.555028	3.957000	39.730920
18.554652	3.958000	39.740960
18.554275	3.959000	39.751001
18.553898	3.960000	39.761042
18.553521	3.961000	39.771082
18.553144	3.962000	39.781123
18.552767	3.963000	39.791164
18.552390	3.964000	39.801204
18.552013	3.965000	39.811245
18.551636	3.966000	39.821286
18.551259	3.967000	39.831326
18.550882	3.968000	39.841367
18.550505	3.969000	39.851408
18.550128	3.970000	39.861448
18.549752	3.971000	39.871489
18.549375	3.972000	39.881530
18.548998	3.973000	39.891570
18.548621	3.974000	39.901611
18.548244	3.975000	39.911652
18.547867	3.976000	39.921692
18.547490	3.977000	39.931733
18.547113	3.978000	39.941774
18.546736	3.979000	39.951814
18.546359	3.980000	39.961855
18.545982	3.981000	39.971896
18.545605	3.982000	39.981936
18.545228	3.983000	39.991977
18.544850	3.984000	40.002018
18.544473	3.985000	40.012058
18.544096	3.986000	40.022099
18.543719	3.987000	40.032140
18.543342	3.988000	40.042180
18.542965	3.989000	40.052221
18.542588	3.990000	40.062262
18.542211	3.991000	40.072302
18.541834	3.992000	40.082343
18.541457	3.993000	40.092384
18.541080	3.994000	40.102424
18.540703	3.995000	40.112465
18.540325	3.996000	40.122506
18.539948	3.997000	40.132546
18.539571	3.998000	40.142587
18.539194	3.999000	40.152628
18.538817	4.000000	40.162668
18.538440	4.001000	40.172709
18.538063	4.002000	40.182750
18.537685	4.003000	40.192790
18.537308	4.004000	40.202831
18.536931	4.005000	40.212872
18.536554	4.006000	40.222912
18.536177	4.007000	40.232953
18.535800	4.008000	40.242994
18.535422	4.009000	40.253034
18.535045	4.010000	40.263075
18.534668	4.011000	40.273116
18.534291	4.012000	40.283156
18.533914	4.013000	40.293197
18.533536	4.014000	40.303238
18.533159	4.015000	40.313278
18.532782	4.016000	40.323319
18.532405	4.017000	40.333360
18.532027	4.018000	40.343400
18.531650	4.019000	40.353441
18.531273	4.020000	40.363482
18.530895	4.021000	40.373522
18.530518	4.022000	40.383563
18.530141	4.023000	40.393604
18.529764	4.024000	40.403644
18.529386	4.025000	40.413685
18.529009	4.026000	40.423726
18.528632	4.027000	40.433766
18.528254	4.028000	40.443807
18.527877	4.029000	40.453848
18.527500	4.030000	40.463888
18.527122	4.031000	40.473929
18.526745	4.032000	40.483970
18.526368	4.033000	40.494010
18.525990	4.034000	40.504051
18.525613	4.035000	40.514092
18.525236	4.036000	40.524132
18.524858	4.037000	40.534173
18.524481	4.038000	40.544214
18.524103	4.039000	40.554254
18.523726	4.040000	40.564295
18.523349	4.041000	40.574336
18.522971	4.042000	40.584376
18.522594	4.043000	40.594417
18.522216	4.044000	40.604458
18.521839	4.045000	40.614498
18.521461	4.046000	40.624539
18.521084	4.047000	40.634580
18.520707	4.048000	40.644620
18.520329	4.049000	40.654661
18.519952	4.050000	40.664702
18.519574	4.051000	40.674742
18.519197	4.052000	40.684783
18.518819	4.053000	40.694824
18.518442	4.054000	40.704864
18.518064	4.055000	40.714905
18.517687	4.056000	40.724946
18.517309	4.057000	40.734986
18.516932	4.058000	40.745027
18.516554	4.059000	40.755068
18.516177	4.060000	40.765108
18.515799	4.061000	40.775149
18.515422	4.062000	40.785190
18.515044	4.063000	40.795230
18.514667	4.064000	40.805271
18.514289	4.065000	40.815312
18.513911	4.066000	40.825352
18.513534	4.067000	40.835393
18.513156	4.068000	40.845434
18.512779	4.069000	40.855474
18.512401	4.070000	40.865515
18.512024	4.071000	40.875556
18.511646	4.072000	40.885596
18.511268	4.073000	40.895637
18.510891	4.074000	40.905678
18.510513	4.075000	40.915718
18.510135	4.076000	40.925759
18.509758	4.077000	40.935800
18.509380	4.078000	40.945840
18.509003	4.079000	40.955881
18.508625	4.080000	40.965922
18.508247	4.081000	40.975962
18.507870	4.082000	40.986003
18.507492	4.083000	40.996044
18.507114	4.084000	41.006084
18.506737	4.085000	41.016125
18.506359	4.086000	41.026166
18.505981	4.087000	41.036206
18.505603	4.088000	41.046247
18.505226	4.089000	41.056288
18.504848	4.090000	41.066328
18.504470	4.091000	41.076369
18.504093	4.092000	41.086410
18.503715	4.093000	41.096450
18.503337	4.094000	41.106491
18.502959	4.095000	41.116532
18.502582	4.096000	41.126572
18.502204	4.097000	41.136613
18.501826	4.098000	41.146654
18.501448	4.099000	41.156694
18.501071	4.100000	41.166735
18.500693	4.101000	41.176776
18.500315	4.102000	41.186816
18.499937	4.103000	41.196857
18.499559	4.104000	41.206898
18.499182	4.105000	41.216938
18.498804	4.106000	41.226979
18.498426	4.107000	41.237020
18.498048	4.108000	41.247060
18.497670	4.109000	41.257101
18.497292	4.110000	41.267142
18.496915	4.111000	41.277182
18.496537	4.112000	41.287223
18.496159	4.113000	41.297264
18.495781	4.114000	41.307304
18.495403	4.115000	41.317345
18.495025	4.116000	41.327386
18.494647	4.117000	41.337426
18.494269	4.118000	41.347467
18.493892	4.119000	41.357508
18.493514	4.120000	41.367548
18.493136	4.121000	41.377589
18.492758	4.122000	41.387630
18.492380	4.123000	41.397670
18.492002	4.124000	41.407711
18.491624	4.125000	41.417752
18.491246	4.126000	41.427792
18.490868	4.127000	41.437833
18.490490	4.128000	41.447874
18.490112	4.129000	41.457914
18.489734	4.130000	41.467955
18.489356	4.131000	41.477996
18.488978	4.132000	41.488036
18.488600	4.133000	41.498077
18.488222	4.134000	41.508118
18.487844	4.135000	41.518158
18.487466	4.136000	41.528199
18.487088	4.137000	41.538240
18.486710	4.138000	41.548280
18.486332	4.139000	41.558321
18.485954	4.140000	41.568362
18.485576	4.141000	41.578402
18.485198	4.142000	41.588443
18.484820	4.143000	41.598484
18.484442	4.144000	41.608524
18.484064	4.145000	41.618565
18.483686	4.146000	41.628606
18.483308	4.147000	41.638646
18.482930	4.148000	41.648687
18.482552	4.149000	41.658728
18.482174	4.150000	41.668768
18.481795	4.151000	41.678809
18.481417	4.152000	41.688850
18.481039	4.153000	41.698890
18.480661	4.154000	41.708931
18.480283	4.155000	41.718972
18.479905	4.156000	41.729012
18.479527	4.157000	41.739053
18.479149	4.158000	41.749094
18.478770	4.159000	41.759134
18.478392	4.160000	41.769175
18.478014	4.161000	41.779216
18.477636	4.162000	41.789256
18.477258	4.163000	41.799297
18.476879	4.164000	41.809338
18.476501	4.165000	41.819378
18.476123	4.166000	41.829419
18.475745	4.167000	41.839460
18.475367	4.168000	41.849500
18.474988	4.169000	41.859541
18.474610	4.170000	41.869582
18.474232	4.171000	41.879622
18.473854	4.172000	41.889663
18.473476	4.173000	41.899704
18.473097	4.174000	41.909744
18.472719	4.175000	41.919785
18.472341	4.176000	41.929826
18.471962	4.177000	41.939866
18.471584	4.178000	41.949907
18.471206	4.179000	41.959948
18.470828	4.180000	41.969988
18.470449	4.181000	41.980029
18.470071	4.182000	41.990070
18.469693	4.183000	42.000110
18.469314	4.184000	42.010151
18.468936	4.185000	42.020192
18.468558	4.186000	42.030232
18.468179	4.187000	42.040273
18.467801	4.188000	42.050314
18.467423	4.189000	42.060354
18.467044	4.190000	42.070395
18.466666	4.191000	42.080436
18.466288	4.192000	42.090476
18.465909	4.193000	42.100517
18.465531	4.194000	42.110558
18.465153	4.195000	42.120598
18.464774	4.196000	42.130639
18.464396	4.197000	42.140680
18.464017	4.198000	42.150720
18.463639	4.199000	42.160761
18.463261	4.200000	42.170802
18.462882	4.201000	42.180842
18.462504	4.202000	42.190883
18.462125	4.203000	42.200924
18.461747	4.204000	42.210964
18.461368	4.205000	42.221005
18.460990	4.206000	42.231046
18.460611	4.207000	42.241086
18.460233	4.208000	42.251127
18.459854	4.209000	42.261168
18.459476	4.210000	42.271208
18.459098	4.211000	42.281249
18.458719	4.212000	42.291290
18.458341	4.213000	42.301330
18.457962	4.214000	42.311371
18.457583	4.215000	42.321412
18.457205	4.216000	42.331452
18.456826	4.217000	42.341493
18.456448	4.218000	42.351534
18.456069	4.219000	42.361574
18.455691	4.220000	42.371615
18.455312	4.221000	42.381656
18.454934	4.222000	42.391696
18.454555	4.223000	42.401737
18.454177	4.224000	42.411778
18.453798	4.225000	42.421818
18.453419	4.226000	42.431859
18.453041	4.227000	42.441900
18.452662	4.228000	42.451940
18.452284	4.229000	42.461981
18.451905	4.230000	42.472022
18.451526	4.231000	42.482062
18.451148	4.232000	42.492103
18.450769	4.233000	42.502144
18.450391	4.234000	42.512184
18.450012	4.235000	42.522225
18.449633	4.236000	42.532266
18.449255	4.237000	42.542306
18.448876	4.238000	42.552347
18.448497	4.239000	42.562388
18.448119	4.240000	42.572428
18.447740	4.241000	42.582469
18.447361	4.242000	42.592510
18.446983	4.243000	42.602550
18.446604	4.244000	42.612591
18.446225	4.245000	42.622632
18.445846	4.246000	42.632672
18.445468	4.247000	42.642713
18.445089	4.248000	42.652754
18.444710	4.249000	42.662794
18.444332	4.250000	42.672835
18.443953	4.251000	42.682876
18.443574	4.252000	42.692916
18.443195	4.253000	42.702957
18.442817	4.254000	42.712998
18.442438	4.255000	42.723038
18.442059	4.256000	42.733079
18.441680	4.257000	42.743120
18.441301	4.258000	42.753160
18.440923	4.259000	42.763201
18.440544	4.260000	42.773242
18.440165	4.261000	42.783282
18.439786	4.262000	42.793323
18.439407	4.263000	42.803364
18.439029	4.264000	42.813404
18.438650	4.265000	42.823445
18.438271	4.266000	42.833486
18.437892	4.267000	42.843526
18.437513	4.268000	42.853567
18.437134	4.269000	42.863608
18.436755	4.270000	42.873648
18.436377	4.271000	42.883689
18.435998	4.272000	42.893730
18.435619	4.273000	42.903770
18.435240	4.274000	42.913811
18.434861	4.275000	42.923852
18.434482	4.276000	42.933892
18.434103	4.277000	42.943933
18.433724	4.278000	42.953974
18.433345	4.279000	42.964014
18.432966	4.280000	42.974055
18.432587	4.281000	42.984096
18.432209	4.282000	42.994136
18.431830	4.283000	43.004177
18.431451	4.284000	43.014218
18.431072	4.285000	43.024258
18.430693	4.286000	43.034299
18.430314	4.287000	43.044340
18.429935	4.288000	43.054381
18.429556	4.289000	43.064421
18.429177	4.290000	43.074462
18.428798	4.291000	43.084503
18.428419	4.292000	43.094543
18.428040	4.293000	43.104584
18.427661	4.294000	43.114625
18.427282	4.295000	43.124665
18.426903	4.296000	43.134706
18.426524	4.297000	43.144747
18.426145	4.298000	43.154787
18.425766	4.299000	43.164828
18.425386	4.300000	43.174869
18.425007	4.301000	43.184909
18.424628	4.302000	43.194950
18.424249	4.303000	43.204991
18.423870	4.304000	43.215031
18.423491	4.305000	43.225072
18.423112	4.306000	43.235113
18.422733	4.307000	43.245153
18.422354	4.308000	43.255194
18.421975	4.309000	43.265235
18.421596	4.310000	43.275275
18.421216	4.311000	43.285316
18.420837	4.312000	43.295357
18.420458	4.313000	43.305397
18.420079	4.314000	43.315438
18.419700	4.315000	43.325479
18.419321	4.316000	43.335519
18.418942	4.317000	43.345560
18.418562	4.318000	43.355601
18.418183	4.319000	43.365641
18.417804	4.320000	43.375682
18.417425	4.321000	43.385723
18.417046	4.322000	43.395763
18.416666	4.323000	43.405804
18.416287	4.324000	43.415845
18.415908	4.325000	43.425885
18.415529	4.326000	43.435926
18.415149	4.327000	43.445967
18.414770	4.328000	43.456007
18.414391	4.329000	43.466048
18.414012	4.330000	43.476089
18.413632	4.331000	43.486129
18.413253	4.332000	43.496170
18.412874	4.333000	43.506211
18.412495	4.334000	43.516251
18.412115	4.335000	43.526292
18.411736	4.336000	43.536333
18.411357	4.337000	43.546373
18.410978	4.338000	43.556414
18.410598	4.339000	43.566455
18.410219	4.340000	43.576495
18.409840	4.341000	43.586536
18.409460	4.342000	43.596577
18.409081	4.343000	43.606617
18.408702	4.344000	43.616658
18.408322	4.345000	43.626699
18.407943	4.346000	43.636739
18.407563	4.347000	43.646780
18.407184	4.348000	43.656821
18.406805	4.349000	43.666861
18.406425	4.350000	43.676902
18.406046	4.351000	43.686943
18.405667	4.352000	43.696983
18.405287	4.353000	43.707024
18.404908	4.354000	43.717065
18.404528	4.355000	43.727105
18.404149	4.356000	43.737146
18.403770	4.357000	43.747187
18.403390	4.358000	43.757227
18.403011	4.359000	43.767268
18.402631	4.360000	43.777309
18.402252	4.361000	43.787349
18.401872	4.362000	43.797390
18.401493	4.363000	43.807431
18.401113	4.364000	43.817471
18.400734	4.365000	43.827512
18.400354	4.366000	43.837553
18.399975	4.367000	43.847593
18.399595	4.368000	43.857634
18.399216	4.369000	43.867675
18.398836	4.370000	43.877715
18.398457	4.371000	43.887756
18.398077	4.372000	43.897797
18.397698	4.373000	43.907837
18.397318	4.374000	43.917878
18.396939	4.375000	43.927919
18.396559	4.376000	43.937959
18.396180	4.377000	43.948000
18.395800	4.378000	43.958041
18.395421	4.379000	43.968081
18.395041	4.380000	43.978122
18.394661	4.381000	43.988163
18.394282	4.382000	43.998203
18.393902	4.383000	44.008244
18.393523	4.384000	44.018285
18.393143	4.385000	44.028325
18.392763	4.386000	44.038366
18.392384	4.387000	44.048407
18.392004	4.388000	44.058447
18.391624	4.389000	44.068488
18.391245	4.390000	44.078529
18.390865	4.391000	44.088569
18.390486	4.392000	44.098610
18.390106	4.393000	44.108651
18.389726	4.394000	44.118691
18.389347	4.395000	44.128732
18.388967	4.396000	44.138773
18.388587	4.397000	44.148813
18.388208	4.398000	44.158854
18.387828	4.399000	44.168895
18.387448	4.400000	44.178935
18.387068	4.401000	44.188976
18.386689	4.402000	44.199017
18.386309	4.403000	44.209057
18.385929	4.404000	44.219098
18.385550	4.405000	44.229139
18.385170	4.406000	44.239179
18.384790	4.407000	44.249220
18.384410	4.408000	44.259261
18.384030	4.409000	44.269301
18.383651	4.410000	44.279342
18.383271	4.411000	44.289383
18.382891	4.412000	44.299423
18.382511	4.413000	44.309464
18.382132	4.414000	44.319505
18.381752	4.415000	44.329545
18.381372	4.416000	44.339586
18.380992	4.417000	44.349627
18.380612	4.418000	44.359667
18.380233	4.419000	44.369708
18.379853	4.420000	44.379749
18.379473	4.421000	44.389789
18.379093	4.422000	44.399830
18.378713	4.423000	44.409871
18.378333	4.424000	44.419911
18.377953	4.425000	44.429952
18.377574	4.426000	44.439993
18.377194	4.427000	44.450033
18.376814	4.428000	44.460074
18.376434	4.429000	44.470115
18.376054	4.430000	44.480155
18.375674	4.431000	44.490196
18.375294	4.432000	44.500237
18.374914	4.433000	44.510277
18.374534	4.434000	44.520318
18.374154	4.435000	44.530359
18.373774	4.436000	44.540399
18.373395	4.437000	44.550440
18.373015	4.438000	44.560481
18.372635	4.439000	44.570521
18.372255	4.440000	44.580562
18.371875	4.441000	44.590603
18.371495	4.442000	44.600643
18.371115	4.443000	44.610684
18.370735	4.444000	44.620725
18.370355	4.445000	44.630765
18.369975	4.446000	44.640806
18.369595	4.447000	44.650847
18.369215	4.448000	44.660887
18.368835	4.449000	44.670928
18.368455	4.450000	44.680969
18.368075	4.451000	44.691009
18.367695	4.452000	44.701050
18.367315	4.453000	44.711091
18.366935	4.454000	44.721131
18.366554	4.455000	44.731172
18.366174	4.456000	44.741213
18.365794	4.457000	44.751253
18.365414	4.458000	44.761294
18.365034	4.459000	44.771335
18.364654	4.460000	44.781375
18.364274	4.461000	44.791416
18.363894	4.462000	44.801457
18.363514	4.463000	44.811497
18.363134	4.464000	44.821538
18.362754	4.465000	44.831579
18.362373	4.466000	44.841619
18.361993	4.467000	44.851660
18.361613	4.468000	44.861701
18.361233	4.469000	44.871741
18.360853	4.470000	44.881782
18.360473	4.471000	44.891823
18.360092	4.472000	44.901863
18.359712	4.473000	44.911904
18.359332	4.474000	44.921945
18.358952	4.475000	44.931985
18.358572	4.476000	44.942026
18.358192	4.477000	44.952067
18.357811	4.478000	44.962107
18.357431	4.479000	44.972148
18.357051	4.480000	44.982189
18.356671	4.481000	44.992229
18.356290	4.482000	45.002270
18.355910	4.483000	45.012311
18.355530	4.484000	45.022351
18.355150	4.485000	45.032392
18.354769	4.486000	45.042433
18.354389	4.487000	45.052473
18.354009	4.488000	45.062514
18.353629	4.489000	45.072555
18.353248	4.490000	45.082595
18.352868	4.491000	45.092636
18.352488	4.492000	45.102677
18.352107	4.493000	45.112717
18.351727	4.494000	45.122758
18.351347	4.495000	45.132799
18.350966	4.496000	45.142839
18.350586	4.497000	45.152880
18.350206	4.498000	45.162921
18.349825	4.499000	45.172961
18.349445	4.500000	45.183002
18.349065	4.501000	45.193043
18.348684	4.502000	45.203083
18.348304	4.503000	45.213124
18.347924	4.504000	45.223165
18.347543	4.505000	45.233205
18.347163	4.506000	45.243246
18.346782	4.507000	45.253287
18.346402	4.508000	45.263327
18.346022	4.509000	45.273368
18.345641	4.510000	45.283409
18.345261	4.511000	45.293449
18.344880	4.512000	45.303490
18.344500	4.513000	45.313531
18.344119	4.514000	45.323571
18.343739	4.515000	45.333612
18.343359	4.516000	45.343653
18.342978	4.517000	45.353693
18.342598	4.518000	45.363734
18.342217	4.519000	45.373775
18.341837	4.520000	45.383815
18.341456	4.521000	45.393856
18.341076	4.522000	45.403897
18.340695	4.523000	45.413937
18.340315	4.524000	45.423978
18.339934	4.525000	45.434019
18.339554	4.526000	45.444059
18.339173	4.527000	45.454100
18.338793	4.528000	45.464141
18.338412	4.529000	45.474181
18.338032	4.530000	45.484222
18.337651	4.531000	45.494263
18.337270	4.532000	45.504303
18.336890	4.533000	45.514344
18.336509	4.534000	45.524385
18.336129	4.535000	45.534425
18.335748	4.536000	45.544466
18.335367	4.537000	45.554507
18.334987	4.538000	45.564547
18.334606	4.539000	45.574588
18.334226	4.540000	45.584629
18.333845	4.541000	45.594669
18.333464	4.542000	45.604710
18.333084	4.543000	45.614751
18.332703	4.544000	45.624791
18.332323	4.545000	45.634832
18.331942	4.546000	45.644873
18.331561	4.547000	45.654913
18.331181	4.548000	45.664954
18.330800	4.549000	45.674995
18.330419	4.550000	45.685035
18.330039	4.551000	45.695076
18.329658	4.552000	45.705117
18.329277	4.553000	45.715157
18.328896	4.554000	45.725198
18.328516	4.555000	45.735239
18.328135	4.556000	45.745279
18.327754	4.557000	45.755320
18.327374	4.558000	45.765361
18.326993	4.559000	45.775401
18.326612	4.560000	45.785442
18.326231	4.561000	45.795483
18.325851	4.562000	45.805523
18.325470	4.563000	45.815564
18.325089	4.564000	45.825605
18.324708	4.565000	45.835645
18.324327	4.566000	45.845686
18.323947	4.567000	45.855727
18.323566	4.568000	45.865767
18.323185	4.569000	45.875808
18.322804	4.570000	45.885849
18.322423	4.571000	45.895889
18.322043	4.572000	45.905930
18.321662	4.573000	45.915971
18.321281	4.574000	45.926011
18.320900	4.575000	45.936052
18.320519	4.576000	45.946093
18.320138	4.577000	45.956133
18.319758	4.578000	45.966174
18.319377	4.579000	45.976215
18.318996	4.580000	45.986255
18.318615	4.581000	45.996296
18.318234	4.582000	46.006337
18.317853	4.583000	46.016377
18.317472	4.584000	46.026418
18.317091	4.585000	46.036459
18.316710	4.586000	46.046499
18.316330	4.587000	46.056540
18.315949	4.588000	46.066581
18.315568	4.589000	46.076621
18.315187	4.590000	46.086662
18.314806	4.591000	46.096703
18.314425	4.592000	46.106743
18.314044	4.593000	46.116784
18.313663	4.594000	46.126825
18.313282	4.595000	46.136865
18.312901	4.596000	46.146906
18.312520	4.597000	46.156947
18.312139	4.598000	46.166987
18.311758	4.599000	46.177028
18.311377	4.600000	46.187069
18.310996	4.601000	46.197109
18.310615	4.602000	46.207150
18.310234	4.603000	46.217191
18.309853	4.604000	46.227231
18.309472	4.605000	46.237272
18.309091	4.606000	46.247313
18.308710	4.607000	46.257353
18.308329	4.608000	46.267394
18.307948	4.609000	46.277435
18.307567	4.610000	46.287475
18.307186	4.611000	46.297516
18.306804	4.612000	46.307557
18.306423	4.613000	46.317597
18.306042	4.614000	46.327638
18.305661	4.615000	46.337679
18.305280	4.616000	46.347719
18.304899	4.617000	46.357760
18.304518	4.618000	46.367801
18.304137	4.619000	46.377841
18.303756	4.620000	46.387882
18.303374	4.621000	46.397923
18.302993	4.622000	46.407963
18.302612	4.623000	46.418004
18.302231	4.624000	46.428045
18.301850	4.625000	46.438085
18.301469	4.626000	46.448126
18.301087	4.627000	46.458167
18.300706	4.628000	46.468207
18.300325	4.629000	46.478248
18.299944	4.630000	46.488289
18.299563	4.631000	46.498329
18.299181	4.632000	46.508370
18.298800	4.633000	46.518411
18.298419	4.634000	46.528451
18.298038	4.635000	46.538492
18.297657	4.636000	46.548533
18.297275	4.637000	46.558573
18.296894	4.638000	46.568614
18.296513	4.639000	46.578655
18.296132	4.640000	46.588695
18.295750	4.641000	46.598736
18.295369	4.642000	46.608777
18.294988	4.643000	46.618817
18.294606	4.644000	46.628858
18.294225	4.645000	46.638899
18.293844	4.646000	46.648939
18.293462	4.647000	46.658980
18.293081	4.648000	46.669021
18.292700	4.649000	46.679061
18.292319	4.650000	46.689102
18.291937	4.651000	46.699143
18.291556	4.652000	46.709183
18.291174	4.653000	46.719224
18.290793	4.654000	46.729265
18.290412	4.655000	46.739305
18.290030	4.656000	46.749346
18.289649	4.657000	46.759387
18.289268	4.658000	46.769427
18.288886	4.659000	46.779468
18.288505	4.660000	46.789509
18.288123	4.661000	46.799549
18.287742	4.662000	46.809590
18.287361	4.663000	46.819631
18.286979	4.664000	46.829671
18.286598	4.665000	46.839712
18.286216	4.666000	46.849753
18.285835	4.667000	46.859793
18.285453	4.668000	46.869834
18.285072	4.669000	46.879875
18.284691	4.670000	46.889915
18.284309	4.671000	46.899956
18.283928	4.672000	46.909997
18.283546	4.673000	46.920037
18.283165	4.674000	46.930078
18.282783	4.675000	46.940119
18.282402	4.676000	46.950159
18.282020	4.677000	46.960200
18.281639	4.678000	46.970241
18.281257	4.679000	46.980281
18.280876	4.680000	46.990322
18.280494	4.681000	47.000363
18.280112	4.682000	47.010403
18.279731	4.683000	47.020444
18.279349	4.684000	47.030485
18.278968	4.685000	47.040525
18.278586	4.686000	47.050566
18.278205	4.687000	47.060607
18.277823	4.688000	47.070647
18.277441	4.689000	47.080688
18.277060	4.690000	47.090729
18.276678	4.691000	47.100769
18.276297	4.692000	47.110810
18.275915	4.693000	47.120851
18.275533	4.694000	47.130891
18.275152	4.695000	47.140932
18.274770	4.696000	47.150973
18.274389	4.697000	47.161013
18.274007	4.698000	47.171054
18.273625	4.699000	47.181095
18.273244	4.700000	47.191135
18.272862	4.701000	47.201176
18.272480	4.702000	47.211217
18.272099	4.703000	47.221257
18.271717	4.704000	47.231298
18.271335	4.705000	47.241339
18.270954	4.706000	47.251379
18.270572	4.707000	47.261420
18.270190	4.708000	47.271461
18.269808	4.709000	47.281501
18.269427	4.710000	47.291542
18.269045	4.711000	47.301583
18.268663	4.712000	47.311623
18.268281	4.713000	47.321664
18.267900	4.714000	47.331705
18.267518	4.715000	47.341745
18.267136	4.716000	47.351786
18.266754	4.717000	47.361827
18.266373	4.718000	47.371867
18.265991	4.719000	47.381908
18.265609	4.720000	47.391949
18.265227	4.721000	47.401989
18.264845	4.722000	47.412030
18.264464	4.723000	47.422071
18.264082	4.724000	47.432111
18.263700	4.725000	47.442152
18.263318	4.726000	47.452193
18.262936	4.727000	47.462233
18.262554	4.728000	47.472274
18.262173	4.729000	47.482315
18.261791	4.730000	47.492355
18.261409	4.731000	47.502396
18.261027	4.732000	47.512437
18.260645	4.733000	47.522477
18.260263	4.734000	47.532518
18.259881	4.735000	47.542559
18.259500	4.736000	47.552599
18.259118	4.737000	47.562640
18.258736	4.738000	47.572681
18.258354	4.739000	47.582721
18.257972	4.740000	47.592762
18.257590	4.741000	47.602803
18.257208	4.742000	47.612843
18.256826	4.743000	47.622884
18.256444	4.744000	47.632925
18.256062	4.745000	47.642965
18.255680	4.746000	47.653006
18.255298	4.747000	47.663047
18.254916	4.748000	47.673087
18.254534	4.749000	47.683128
18.254152	4.750000	47.693169
18.253770	4.751000	47.703209
18.253388	4.752000	47.713250
18.253006	4.753000	47.723291
18.252624	4.754000	47.733331
18.252242	4.755000	47.743372
18.251860	4.756000	47.753413
18.251478	4.757000	47.763453
18.251096	4.758000	47.773494
18.250714	4.759000	47.783535
18.250332	4.760000	47.793575
18.249950	4.761000	47.803616
18.249568	4.762000	47.813657
18.249186	4.763000	47.823697
18.248804	4.764000	47.833738
18.248422	4.765000	47.843779
18.248040	4.766000	47.853819
18.247657	4.767000	47.863860
18.247275	4.768000	47.873901
18.246893	4.769000	47.883941
18.246511	4.770000	47.893982
18.246129	4.771000	47.904023
18.245747	4.772000	47.914063
18.245365	4.773000	47.924104
18.244983	4.774000	47.934145
18.244600	4.775000	47.944185
18.244218	4.776000	47.954226
18.243836	4.777000	47.964267
18.243454	4.778000	47.974307
18.243072	4.779000	47.984348
18.242690	4.780000	47.994389
18.242307	4.781000	48.004429
18.241925	4.782000	48.014470
18.241543	4.783000	48.024511
18.241161	4.784000	48.034551
18.240779	4.785000	48.044592
18.240396	4.786000	48.054633
18.240014	4.787000	48.064673
18.239632	4.788000	48.074714
18.239250	4.789000	48.084755
18.238867	4.790000	48.094795
18.238485	4.791000	48.104836
18.238103	4.792000	48.114877
18.237721	4.793000	48.124917
18.237338	4.794000	48.134958
18.236956	4.795000	48.144999
18.236574	4.796000	48.155039
18.236191	4.797000	48.165080
18.235809	4.798000	48.175121
18.235427	4.799000	48.185161
18.235044	4.800000	48.195202
18.234662	4.801000	48.205243
18.234280	4.802000	48.215283
18.233897	4.803000	48.225324
18.233515	4.804000	48.235365
18.233133	4.805000	48.245405
18.232750	4.806000	48.255446
18.232368	4.807000	48.265487
18.231986	4.808000	48.275527
18.231603	4.809000	48.285568
18.231221	4.810000	48.295609
18.230839	4.811000	48.305649
18.230456	4.812000	48.315690
18.230074	4.813000	48.325731
18.229691	4.814000	48.335771
18.229309	4.815000	48.345812
18.228926	4.816000	48.355853
18.228544	4.817000	48.365893
18.228162	4.818000	48.375934
18.227779	4.819000	48.385975
18.227397	4.820000	48.396015
18.227014	4.821000	48.406056
18.226632	4.822000	48.416097
18.226249	4.823000	48.426137
18.225867	4.824000	48.436178
18.225484	4.825000	48.446219
18.225102	4.826000	48.456259
18.224719	4.827000	48.466300
18.224337	4.828000	48.476341
18.223954	4.829000	48.486381
18.223572	4.830000	48.496422
18.223189	4.831000	48.506463
18.222807	4.832000	48.516503
18.222424	4.833000	48.526544
18.222042	4.834000	48.536585
18.221659	4.835000	48.546625
18.221277	4.836000	48.556666
18.220894	4.837000	48.566707
18.220511	4.838000	48.576747
18.220129	4.839000	48.586788
18.219746	4.840000	48.596829
18.219364	4.841000	48.606869
18.218981	4.842000	48.616910
18.218599	4.843000	48.626951
18.218216	4.844000	48.636991
18.217833	4.845000	48.647032
18.217451	4.846000	48.657073
18.217068	4.847000	48.667113
18.216685	4.848000	48.677154
18.216303	4.849000	48.687195
18.215920	4.850000	48.697235
18.215537	4.851000	48.707276
18.215155	4.852000	48.717317
18.214772	4.853000	48.727357
18.214389	4.854000	48.737398
18.214007	4.855000	48.747439
18.213624	4.856000	48.757479
18.213241	4.857000	48.767520
18.212859	4.858000	48.777561
18.212476	4.859000	48.787601
18.212093	4.860000	48.797642
18.211711	4.861000	48.807683
18.211328	4.862000	48.817723
18.210945	4.863000	48.827764
18.210562	4.864000	48.837805
18.210180	4.865000	48.847845
18.209797	4.866000	48.857886
18.209414	4.867000	48.867927
18.209031	4.868000	48.877967
18.208649	4.869000	48.888008
18.208266	4.870000	48.898049
18.207883	4.871000	48.908089
18.207500	4.872000	48.918130
18.207117	4.873000	48.928171
18.206735	4.874000	48.938211
18.206352	4.875000	48.948252
18.205969	4.876000	48.958293
18.205586	4.877000	48.968333
18.205203	4.878000	48.978374
18.204820	4.879000	48.988415
18.204438	4.880000	48.998455
18.204055	4.881000	49.008496
18.203672	4.882000	49.018537
18.203289	4.883000	49.028577
18.202906	4.884000	49.038618
18.202523	4.885000	49.048659
18.202140	4.886000	49.058699
18.201757	4.887000	49.068740
18.201375	4.888000	49.078781
18.200992	4.889000	49.088821
18.200609	4.890000	49.098862
18.200226	4.891000	49.108903
18.199843	4.892000	49.118943
18.199460	4.893000	49.128984
18.199077	4.894000	49.139025
18.198694	4.895000	49.149065
18.198311	4.896000	49.159106
18.197928	4.897000	49.169147
18.197545	4.898000	49.179187
18.197162	4.899000	49.189228
18.196779	4.900000	49.199269
18.196396	4.901000	49.209309
18.196013	4.902000	49.219350
18.195630	4.903000	49.229391
18.195247	4.904000	49.239431
18.194864	4.905000	49.249472
18.194481	4.906000	49.259513
18.194098	4.907000	49.269553
18.193715	4.908000	49.279594
18.193332	4.909000	49.289635
18.192949	4.910000	49.299675
18.192566	4.911000	49.309716
18.192183	4.912000	49.319757
18.191800	4.913000	49.329797
18.191417	4.914000	49.339838
18.191034	4.915000	49.349879
18.190651	4.916000	49.359919
18.190268	4.917000	49.369960
18.189884	4.918000	49.380001
18.189501	4.919000	49.390041
18.189118	4.920000	49.400082
18.188735	4.921000	49.410123
18.188352	4.922000	49.420163
18.187969	4.923000	49.430204
18.187586	4.924000	49.440245
18.187203	4.925000	49.450285
18.186819	4.926000	49.460326
18.186436	4.927000	49.470367
18.186053	4.928000	49.480407
18.185670	4.929000	49.490448
18.185287	4.930000	49.500489
18.184904	4.931000	49.510529
18.184520	4.932000	49.520570
18.184137	4.933000	49.530611
18.183754	4.934000	49.540651
18.183371	4.935000	49.550692
18.182988	4.936000	49.560733
18.182604	4.937000	49.570773
18.182221	4.938000	49.580814
18.181838	4.939000	49.590855
18.181455	4.940000	49.600895
18.181071	4.941000	49.610936
18.180688	4.942000	49.620977
18.180305	4.943000	49.631017
18.179922	4.944000	49.641058
18.179538	4.945000	49.651099
18.179155	4.946000	49.661139
18.178772	4.947000	49.671180
18.178388	4.948000	49.681221
18.178005	4.949000	49.691261
18.177622	4.950000	49.701302
18.177238	4.951000	49.711343
18.176855	4.952000	49.721383
18.176472	4.953000	49.731424
18.176088	4.954000	49.741465
18.175705	4.955000	49.751505
18.175322	4.956000	49.761546
18.174938	4.957000	49.771587
18.174555	4.958000	49.781627
18.174172	4.959000	49.791668
18.173788	4.960000	49.801709
18.173405	4.961000	49.811749
18.173021	4.962000	49.821790
18.172638	4.963000	49.831831
18.172255	4.964000	49.841871
18.171871	4.965000	49.851912
18.171488	4.966000	49.861953
18.171104	4.967000	49.871993
18.170721	4.968000	49.882034
18.170338	4.969000	49.892075
18.169954	4.970000	49.902115
18.169571	4.971000	49.912156
18.169187	4.972000	49.922197
18.168804	4.973000	49.932237
18.168420	4.974000	49.942278
18.168037	4.975000	49.952319
18.167653	4.976000	49.962359
18.167270	4.977000	49.972400
18.166886	4.978000	49.982441
18.166503	4.979000	49.992481
18.166119	4.980000	50.002522
18.165736	4.981000	50.012563
18.165352	4.982000	50.022603
18.164969	4.983000	50.032644
18.164585	4.984000	50.042685
18.164202	4.985000	50.052725
18.163818	4.986000	50.062766
18.163434	4.987000	50.072807
18.163051	4.988000	50.082847
18.162667	4.989000	50.092888
18.162284	4.990000	50.102929
18.161900	4.991000	50.112969
18.161517	4.992000	50.123010
18.161133	4.993000	50.133051
18.160749	4.994000	50.143091
18.160366	4.995000	50.153132
18.159982	4.996000	50.163173
18.159599	4.997000	50.173213
18.159215	4.998000	50.183254
18.158831	4.999000	50.193295
18.158448	5.000000	50.203335
18.158064	5.001000	50.213376
18.157680	5.002000	50.223417
18.157297	5.003000	50.233457
18.156913	5.004000	50.243498
18.156529	5.005000	50.253539
18.156146	5.006000	50.263579
18.155762	5.007000	50.273620
18.155378	5.008000	50.283661
18.154994	5.009000	50.293701
18.154611	5.010000	50.303742
18.154227	5.011000	50.313783
18.153843	5.012000	50.323823
18.153460	5.013000	50.333864
18.153076	5.014000	50.343905
18.152692	5.015000	50.353945
18.152308	5.016000	50.363986
18.151925	5.017000	50.374027
18.151541	5.018000	50.384067
18.151157	5.019000	50.394108
18.150773	5.020000	50.404149
18.150389	5.021000	50.414189
18.150006	5.022000	50.424230
18.149622	5.023000	50.434271
18.149238	5.024000	50.444311
18.148854	5.025000	50.454352
18.148470	5.026000	50.464393
18.148087	5.027000	50.474433
18.147703	5.028000	50.484474
18.147319	5.029000	50.494515
18.146935	5.030000	50.504555
18.146551	5.031000	50.514596
18.146167	5.032000	50.524637
18.145784	5.033000	50.534677
18.145400	5.034000	50.544718
18.145016	5.035000	50.554759
18.144632	5.036000	50.564799
18.144248	5.037000	50.574840
18.143864	5.038000	50.584881
18.143480	5.039000	50.594921
18.143096	5.040000	50.604962
18.142712	5.041000	50.615003
18.142328	5.042000	50.625043
18.141944	5.043000	50.635084
18.141561	5.044000	50.645125
18.141177	5.045000	50.655165
18.140793	5.046000	50.665206
18.140409	5.047000	50.675247
18.140025	5.048000	50.685287
18.139641	5.049000	50.695328
18.139257	5.050000	50.705369
18.138873	5.051000	50.715409
18.138489	5.052000	50.725450
18.138105	5.053000	50.735491
18.137721	5.054000	50.745531
18.137337	5.055000	50.755572
18.136953	5.056000	50.765613
18.136569	5.057000	50.775653
18.136185	5.058000	50.785694
18.135801	5.059000	50.795735
18.135417	5.060000	50.805775
18.135033	5.061000	50.815816
18.134648	5.062000	50.825857
18.134264	5.063000	50.835897
18.133880	5.064000	50.845938
18.133496	5.065000	50.855979
18.133112	5.066000	50.866020
18.132728	5.067000	50.876060
18.132344	5.068000	50.886101
18.131960	5.069000	50.896142
18.131576	5.070000	50.906182
18.131192	5.071000	50.916223
18.130807	5.072000	50.926264
18.130423	5.073000	50.936304
18.130039	5.074000	50.946345
18.129655	5.075000	50.956386
18.129271	5.076000	50.966426
18.128887	5.077000	50.976467
18.128503	5.078000	50.986508
18.128118	5.079000	50.996548
18.127734	5.080000	51.006589
18.127350	5.081000	51.016630
18.126966	5.082000	51.026670
18.126582	5.083000	51.036711
18.126197	5.084000	51.046752
18.125813	5.085000	51.056792
18.125429	5.086000	51.066833
18.125045	5.087000	51.076874
18.124661	5.088000	51.086914
18.124276	5.089000	51.096955
18.123892	5.090000	51.106996
18.123508	5.091000	51.117036
18.123124	5.092000	51.127077
18.122739	5.093000	51.137118
18.122355	5.094000	51.147158
18.121971	5.095000	51.157199
18.121586	5.096000	51.167240
18.121202	5.097000	51.177280
18.120818	5.098000	51.187321
18.120433	5.099000	51.197362
18.120049	5.100000	51.207402
18.119665	5.101000	51.217443
18.119281	5.102000	51.227484
18.118896	5.103000	51.237524
18.118512	5.104000	51.247565
18.118127	5.105000	51.257606
18.117743	5.106000	51.267646
18.117359	5.107000	51.277687
18.116974	5.108000	51.287728
18.116590	5.109000	51.297768
18.116206	5.110000	51.307809
18.115821	5.111000	51.317850
18.115437	5.112000	51.327890
18.115052	5.113000	51.337931
18.114668	5.114000	51.347972
18.114284	5.115000	51.358012
18.113899	5.116000	51.368053
18.113515	5.117000	51.378094
18.113130	5.118000	51.388134
18.112746	5.119000	51.398175
18.112361	5.120000	51.408216
18.111977	5.121000	51.418256
18.111593	5.122000	51.428297
18.111208	5.123000	51.438338
18.110824	5.124000	51.448378
18.110439	5.125000	51.458419
18.110055	5.126000	51.468460
18.109670	5.127000	51.478500
18.109286	5.128000	51.488541
18.108901	5.129000	51.498582
18.108517	5.130000	51.508622
18.108132	5.131000	51.518663
18.107748	5.132000	51.528704
18.107363	5.133000	51.538744
18.106978	5.134000	51.548785
18.106594	5.135000	51.558826
18.106209	5.136000	51.568866
18.105825	5.137000	51.578907
18.105440	5.138000	51.588948
18.105056	5.139000	51.598988
18.104671	5.140000	51.609029
18.104286	5.141000	51.619070
18.103902	5.142000	51.629110
18.103517	5.143000	51.639151
18.103133	5.144000	51.649192
18.102748	5.145000	51.659232
18.102363	5.146000	51.669273
18.101979	5.147000	51.679314
18.101594	5.148000	51.689354
18.101209	5.149000	51.699395
18.100825	5.150000	51.709436
18.100440	5.151000	51.719476
18.100055	5.152000	51.729517
18.099671	5.153000	51.739558
18.099286	5.154000	51.749598
18.098901	5.155000	51.759639
18.098517	5.156000	51.769680
18.098132	5.157000	51.779720
18.097747	5.158000	51.789761
18.097363	5.159000	51.799802
18.096978	5.160000	51.809842
18.096593	5.161000	51.819883
18.096208	5.162000	51.829924
18.095824	5.163000	51.839964
18.095439	5.164000	51.850005
18.095054	5.165000	51.860046
18.094669	5.166000	51.870086
18.094285	5.167000	51.880127
18.093900	5.168000	51.890168
18.093515	5.169000	51.900208
18.093130	5.170000	51.910249
18.092746	5.171000	51.920290
18.092361	5.172000	51.930330
18.091976	5.173000	51.940371
18.091591	5.174000	51.950412
18.091206	5.175000	51.960452
18.090821	5.176000	51.970493
18.090437	5.177000	51.980534
18.090052	5.178000	51.990574
18.089667	5.179000	52.000615
18.089282	5.180000	52.010656
18.088897	5.181000	52.020696
18.088512	5.182000	52.030737
18.088127	5.183000	52.040778
18.087743	5.184000	52.050818
18.087358	5.185000	52.060859
18.086973	5.186000	52.070900
18.086588	5.187000	52.080940
18.086203	5.188000	52.090981
18.085818	5.189000	52.101022
18.085433	5.190000	52.111062
18.085048	5.191000	52.121103
18.084663	5.192000	52.131144
18.084278	5.193000	52.141184
18.083893	5.194000	52.151225
18.083508	5.195000	52.161266
18.083123	5.196000	52.171306
18.082739	5.197000	52.181347
18.082354	5.198000	52.191388
18.081969	5.199000	52.201428
18.081584	5.200000	52.211469
18.081199	5.201000	52.221510
18.080814	5.202000	52.231550
18.080429	5.203000	52.241591
18.080044	5.204000	52.251632
18.079659	5.205000	52.261672
18.079274	5.206000	52.271713
18.078888	5.207000	52.281754
18.078503	5.208000	52.291794
18.078118	5.209000	52.301835
18.077733	5.210000	52.311876
18.077348	5.211000	52.321916
18.076963	5.212000	52.331957
18.076578	5.213000	52.341998
18.076193	5.214000	52.352038
18.075808	5.215000	52.362079
18.075423	5.216000	52.372120
18.075038	5.217000	52.382160
18.074653	5.218000	52.392201
18.074267	5.219000	52.402242
18.073882	5.220000	52.412282
18.073497	5.221000	52.422323
18.073112	5.222000	52.432364
18.072727	5.223000	52.442404
18.072342	5.224000	52.452445
18.071957	5.225000	52.462486
18.071571	5.226000	52.472526
18.071186	5.227000	52.482567
18.070801	5.228000	52.492608
18.070416	5.229000	52.502648
18.070031	5.230000	52.512689
18.069646	5.231000	52.522730
18.069260	5.232000	52.532770
18.068875	5.233000	52.542811
18.068490	5.234000	52.552852
18.068105	5.235000	52.562892
18.067719	5.236000	52.572933
18.067334	5.237000	52.582974
18.066949	5.238000	52.593014
18.066564	5.239000	52.603055
18.066178	5.240000	52.613096
18.065793	5.241000	52.623136
18.065408	5.242000	52.633177
18.065023	5.243000	52.643218
18.064637	5.244000	52.653258
18.064252	5.245000	52.663299
18.063867	5.246000	52.673340
18.063481	5.247000	52.683380
18.063096	5.248000	52.693421
18.062711	5.249000	52.703462
18.062325	5.250000	52.713502
18.061940	5.251000	52.723543
18.061555	5.252000	52.733584
18.061169	5.253000	52.743624
18.060784	5.254000	52.753665
18.060399	5.255000	52.763706
18.060013	5.256000	52.773746
18.059628	5.257000	52.783787
18.059243	5.258000	52.793828
18.058857	5.259000	52.803868
18.058472	5.260000	52.813909
18.058086	5.261000	52.823950
18.057701	5.262000	52.833990
18.057316	5.263000	52.844031
18.056930	5.264000	52.854072
18.056545	5.265000	52.864112
18.056159	5.266000	52.874153
18.055774	5.267000	52.884194
18.055388	5.268000	52.894234
18.055003	5.269000	52.904275
18.054618	5.270000	52.914316
18.054232	5.271000	52.924356
18.053847	5.272000	52.934397
18.053461	5.273000	52.944438
18.053076	5.274000	52.954478
18.052690	5.275000	52.964519
18.052305	5.276000	52.974560
18.051919	5.277000	52.984600
18.051534	5.278000	52.994641
18.051148	5.279000	53.004682
18.050763	5.280000	53.014722
18.050377	5.281000	53.024763
18.049991	5.282000	53.034804
18.049606	5.283000	53.044844
18.049220	5.284000	53.054885
18.048835	5.285000	53.064926
18.048449	5.286000	53.074966
18.048064	5.287000	53.085007
18.047678	5.288000	53.095048
18.047292	5.289000	53.105088
18.046907	5.290000	53.115129
18.046521	5.291000	53.125170
18.046136	5.292000	53.135210
18.045750	5.293000	53.145251
18.045364	5.294000	53.155292
18.044979	5.295000	53.165332
18.044593	5.296000	53.175373
18.044207	5.297000	53.185414
18.043822	5.298000	53.195454
18.043436	5.299000	53.205495
18.043050	5.300000	53.215536
18.042665	5.301000	53.225576
18.042279	5.302000	53.235617
18.041893	5.303000	53.245658
18.041508	5.304000	53.255698
18.041122	5.305000	53.265739
18.040736	5.306000	53.275780
18.040351	5.307000	53.285820
18.039965	5.308000	53.295861
18.039579	5.309000	53.305902
18.039193	5.310000	53.315942
18.038808	5.311000	53.325983
18.038422	5.312000	53.336024
18.038036	5.313000	53.346064
18.037650	5.314000	53.356105
18.037265	5.315000	53.366146
18.036879	5.316000	53.376186
18.036493	5.317000	53.386227
18.036107	5.318000	53.396268
18.035722	5.319000	53.406308
18.035336	5.320000	53.416349
18.034950	5.321000	53.426390
18.034564	5.322000	53.436430
18.034178	5.323000	53.446471
18.033792	5.324000	53.456512
18.033407	5.325000	53.466552
18.033021	5.326000	53.476593
18.032635	5.327000	53.486634
18.032249	5.328000	53.496674
18.031863	5.329000	53.506715
18.031477	5.330000	53.516756
18.031091	5.331000	53.526796
18.030706	5.332000	53.536837
18.030320	5.333000	53.546878
18.029934	5.334000	53.556918
18.029548	5.335000	53.566959
18.029162	5.336000	53.577000
18.028776	5.337000	53.587040
18.028390	5.338000	53.597081
18.028004	5.339000	53.607122
18.027618	5.340000	53.617162
18.027232	5.341000	53.627203
18.026846	5.342000	53.637244
18.026460	5.343000	53.647284
18.026074	5.344000	53.657325
18.025688	5.345000	53.667366
18.025302	5.346000	53.677406
18.024916	5.347000	53.687447
18.024530	5.348000	53.697488
18.024144	5.349000	53.707528
18.023758	5.350000	53.717569
18.023372	5.351000	53.727610
18.022986	5.352000	53.737650
18.022600	5.353000	53.747691
18.022214	5.354000	53.757732
18.021828	5.355000	53.767772
18.021442	5.356000	53.777813
18.021056	5.357000	53.787854
18.020670	5.358000	53.797894
18.020284	5.359000	53.807935
18.019898	5.360000	53.817976
18.019512	5.361000	53.828016
18.019126	5.362000	53.838057
18.018740	5.363000	53.848098
18.018354	5.364000	53.858138
18.017968	5.365000	53.868179
18.017581	5.366000	53.878220
18.017195	5.367000	53.888260
18.016809	5.368000	53.898301
18.016423	5.369000	53.908342
18.016037	5.370000	53.918382
18.015651	5.371000	53.928423
18.015265	5.372000	53.938464
18.014878	5.373000	53.948504
18.014492	5.374000	53.958545
18.014106	5.375000	53.968586
18.013720	5.376000	53.978626
18.013334	5.377000	53.988667
18.012948	5.378000	53.998708
18.012561	5.379000	54.008748
18.012175	5.380000	54.018789
18.011789	5.381000	54.028830
18.011403	5.382000	54.038870
18.011016	5.383000	54.048911
18.010630	5.384000	54.058952
18.010244	5.385000	54.068992
18.009858	5.386000	54.079033
18.009471	5.387000	54.089074
18.009085	5.388000	54.099114
18.008699	5.389000	54.109155
18.008313	5.390000	54.119196
18.007926	5.391000	54.129236
18.007540	5.392000	54.139277
18.007154	5.393000	54.149318
18.006767	5.394000	54.159358
18.006381	5.395000	54.169399
18.005995	5.396000	54.179440
18.005608	5.397000	54.189480
18.005222	5.398000	54.199521
18.004836	5.399000	54.209562
18.004449	5.400000	54.219602
18.004063	5.401000	54.229643
18.003677	5.402000	54.239684
18.003290	5.403000	54.249724
18.002904	5.404000	54.259765
18.002518	5.405000	54.269806
18.002131	5.406000	54.279846
18.001745	5.407000	54.289887
18.001358	5.408000	54.299928
18.000972	5.409000	54.309968
18.000586	5.410000	54.320009
18.000199	5.411000	54.330050
17.999813	5.412000	54.340090
17.999426	5.413000	54.350131
17.999040	5.414000	54.360172
17.998653	5.415000	54.370212
17.998267	5.416000	54.380253
17.997881	5.417000	54.390294
17.997494	5.418000	54.400334
17.997108	5.419000	54.410375
17.996721	5.420000	54.420416
17.996335	5.421000	54.430456
17.995948	5.422000	54.440497
17.995562	5.423000	54.450538
17.995175	5.424000	54.460578
17.994789	5.425000	54.470619
17.994402	5.426000	54.480660
17.994016	5.427000	54.490700
17.993629	5.428000	54.500741
17.993242	5.429000	54.510782
17.992856	5.430000	54.520822
17.992469	5.431000	54.530863
17.992083	5.432000	54.540904
17.991696	5.433000	54.550944
17.991310	5.434000	54.560985
17.990923	5.435000	54.571026
17.990536	5.436000	54.581066
17.990150	5.437000	54.591107
17.989763	5.438000	54.601148
17.989377	5.439000	54.611188
17.988990	5.440000	54.621229
17.988603	5.441000	54.631270
17.988217	5.442000	54.641310
17.987830	5.443000	54.651351
17.987443	5.444000	54.661392
17.987057	5.445000	54.671432
17.986670	5.446000	54.681473
17.986283	5.447000	54.691514
17.985897	5.448000	54.701554
17.985510	5.449000	54.711595
17.985123	5.450000	54.721636
17.984737	5.451000	54.731676
17.984350	5.452000	54.741717
17.983963	5.453000	54.751758
17.983577	5.454000	54.761798
17.983190	5.455000	54.771839
17.982803	5.456000	54.781880
17.982416	5.457000	54.791920
17.982030	5.458000	54.801961
17.981643	5.459000	54.812002
17.981256	5.460000	54.822042
17.980869	5.461000	54.832083
17.980483	5.462000	54.842124
17.980096	5.463000	54.852164
17.979709	5.464000	54.862205
17.979322	5.465000	54.872246
17.978935	5.466000	54.882286
17.978549	5.467000	54.892327
17.978162	5.468000	54.902368
17.977775	5.469000	54.912408
17.977388	5.470000	54.922449
17.977001	5.471000	54.932490
17.976614	5.472000	54.942530
17.976228	5.473000	54.952571
17.975841	5.474000	54.962612
17.975454	5.475000	54.972652
17.975067	5.476000	54.982693
17.974680	5.477000	54.992734
17.974293	5.478000	55.002774
17.973906	5.479000	55.012815
17.973520	5.480000	55.022856
17.973133	5.481000	55.032896
17.972746	5.482000	55.042937
17.972359	5.483000	55.052978
17.971972	5.484000	55.063018
17.971585	5.485000	55.073059
17.971198	5.486000	55.083100
17.970811	5.487000	55.093140
17.970424	5.488000	55.103181
17.970037	5.489000	55.113222
17.969650	5.490000	55.123262
17.969263	5.491000	55.133303
17.968876	5.492000	55.143344
17.968489	5.493000	55.153384
17.968102	5.494000	55.163425
17.967715	5.495000	55.173466
17.967328	5.496000	55.183506
17.966941	5.497000	55.193547
17.966554	5.498000	55.203588
17.966167	5.499000	55.213628
17.965780	5.500000	55.223669
17.965393	5.501000	55.233710
17.965006	5.502000	55.243750
17.964619	5.503000	55.253791
17.964232	5.504000	55.263832
17.963845	5.505000	55.273872
17.963458	5.506000	55.283913
17.963071	5.507000	55.293954
17.962684	5.508000	55.303994
17.962297	5.509000	55.314035
17.961909	5.510000	55.324076
17.961522	5.511000	55.334116
17.961135	5.512000	55.344157
17.960748	5.513000	55.354198
17.960361	5.514000	55.364238
17.959974	5.515000	55.374279
17.959587	5.516000	55.384320
17.959200	5.517000	55.394360
17.958812	5.518000	55.404401
17.958425	5.519000	55.414442
17.958038	5.520000	55.424482
17.957651	5.521000	55.434523
17.957264	5.522000	55.444564
17.956877	5.523000	55.454604
17.956489	5.524000	55.464645
17.956102	5.525000	55.474686
17.955715	5.526000	55.484726
17.955328	5.527000	55.494767
17.954941	5.528000	55.504808
17.954553	5.529000	55.514848
17.954166	5.530000	55.524889
17.953779	5.531000	55.534930
17.953392	5.532000	55.544970
17.953004	5.533000	55.555011
17.952617	5.534000	55.565052
17.952230	5.535000	55.575092
17.951842	5.536000	55.585133
17.951455	5.537000	55.595174
17.951068	5.538000	55.605214
17.950681	5.539000	55.615255
17.950293	5.540000	55.625296
17.949906	5.541000	55.635336
17.949519	5.542000	55.645377
17.949131	5.543000	55.655418
17.948744	5.544000	55.665458
17.948357	5.545000	55.675499
17.947969	5.546000	55.685540
17.947582	5.547000	55.695580
17.947195	5.548000	55.705621
17.946807	5.549000	55.715662
17.946420	5.550000	55.725702
17.946032	5.551000	55.735743
17.945645	5.552000	55.745784
17.945258	5.553000	55.755824
17.944870	5.554000	55.765865
17.944483	5.555000	55.775906
17.944095	5.556000	55.785946
17.943708	5.557000	55.795987
17.943321	5.558000	55.806028
17.942933	5.559000	55.816068
17.942546	5.560000	55.826109
17.942158	5.561000	55.836150
17.941771	5.562000	55.846190
17.941383	5.563000	55.856231
17.940996	5.564000	55.866272
17.940608	5.565000	55.876312
17.940221	5.566000	55.886353
17.939833	5.567000	55.896394
17.939446	5.568000	55.906434
17.939058	5.569000	55.916475
17.938671	5.570000	55.926516
17.938283	5.571000	55.936556
17.937896	5.572000	55.946597
17.937508	5.573000	55.956638
17.937121	5.574000	55.966678
17.936733	5.575000	55.976719
17.936346	5.576000	55.986760
17.935958	5.577000	55.996800
17.935571	5.578000	56.006841
17.935183	5.579000	56.016882
17.934795	5.580000	56.026922
17.934408	5.581000	56.036963
17.934020	5.582000	56.047004
17.933633	5.583000	56.057044
17.933245	5.584000	56.067085
17.932857	5.585000	56.077126
17.932470	5.586000	56.087166
17.932082	5.587000	56.097207
17.931694	5.588000	56.107248
17.931307	5.589000	56.117288
17.930919	5.590000	56.127329
17.930531	5.591000	56.137370
17.930144	5.592000	56.147410
17.929756	5.593000	56.157451
17.929368	5.594000	56.167492
17.928981	5.595000	56.177532
17.928593	5.596000	56.187573
17.928205	5.597000	56.197614
17.927818	5.598000	56.207654
17.927430	5.599000	56.217695
17.927042	5.600000	56.227736
17.926655	5.601000	56.237776
17.926267	5.602000	56.247817
17.925879	5.603000	56.257858
17.925491	5.604000	56.267898
17.925104	5.605000	56.277939
17.924716	5.606000	56.287980
17.924328	5.607000	56.298020
17.923940	5.608000	56.308061
17.923552	5.609000	56.318102
17.923165	5.610000	56.328142
17.922777	5.611000	56.338183
17.922389	5.612000	56.348224
17.922001	5.613000	56.358264
17.921613	5.614000	56.368305
17.921226	5.615000	56.378346
17.920838	5.616000	56.388386
17.920450	5.617000	56.398427
17.920062	5.618000	56.408468
17.919674	5.619000	56.418508
17.919286	5.620000	56.428549
17.918899	5.621000	56.438590
17.918511	5.622000	56.448630
17.918123	5.623000	56.458671
17.917735	5.624000	56.468712
17.917347	5.625000	56.478752
17.916959	5.626000	56.488793
17.916571	5.627000	56.498834
17.916183	5.628000	56.508874
17.915795	5.629000	56.518915
17.915407	5.630000	56.528956
17.915020	5.631000	56.538996
17.914632	5.632000	56.549037
17.914244	5.633000	56.559078
17.913856	5.634000	56.569118
17.913468	5.635000	56.579159
17.913080	5.636000	56.589200
17.912692	5.637000	56.599240
17.912304	5.638000	56.609281
17.911916	5.639000	56.619322
17.911528	5.640000	56.629362
17.911140	5.641000	56.639403
17.910752	5.642000	56.649444
17.910364	5.643000	56.659484
17.909976	5.644000	56.669525
17.909588	5.645000	56.679566
17.909200	5.646000	56.689606
17.908812	5.647000	56.699647
17.908424	5.648000	56.709688
17.908036	5.649000	56.719728
17.907647	5.650000	56.729769
17.907259	5.651000	56.739810
17.906871	5.652000	56.749850
17.906483	5.653000	56.759891
17.906095	5.654000	56.769932
17.905707	5.655000	56.779972
17.905319	5.656000	56.790013
17.904931	5.657000	56.800054
17.904543	5.658000	56.810094
17.904155	5.659000	56.820135
17.903766	5.660000	56.830176
17.903378	5.661000	56.840216
17.902990	5.662000	56.850257
17.902602	5.663000	56.860298
17.902214	5.664000	56.870338
17.901826	5.665000	56.880379
17.901437	5.666000	56.890420
17.901049	5.667000	56.900460
17.900661	5.668000	56.910501
17.900273	5.669000	56.920542
17.899885	5.670000	56.930582
17.899496	5.671000	56.940623
17.899108	5.672000	56.950664
17.898720	5.673000	56.960704
17.898332	5.674000	56.970745
17.897944	5.675000	56.980786
17.897555	5.676000	56.990826
17.897167	5.677000	57.000867
17.896779	5.678000	57.010908
17.896391	5.679000	57.020948
17.896002	5.680000	57.030989
17.895614	5.681000	57.041030
17.895226	5.682000	57.051070
17.894837	5.683000	57.061111
17.894449	5.684000	57.071152
17.894061	5.685000	57.081192
17.893672	5.686000	57.091233
17.893284	5.687000	57.101274
17.892896	5.688000	57.111314
17.892507	5.689000	57.121355
17.892119	5.690000	57.131396
17.891731	5.691000	57.141436
17.891342	5.692000	57.151477
17.890954	5.693000	57.161518
17.890566	5.694000	57.171558
17.890177	5.695000	57.181599
17.889789	5.696000	57.191640
17.889401	5.697000	57.201680
17.889012	5.698000	57.211721
17.888624	5.699000	57.221762
17.888235	5.700000	57.231802
17.887847	5.701000	57.241843
17.887458	5.702000	57.251884
17.887070	5.703000	57.261924
17.886682	5.704000	57.271965
17.886293	5.705000	57.282006
17.885905	5.706000	57.292046
17.885516	5.707000	57.302087
17.885128	5.708000	57.312128
17.884739	5.709000	57.322168
17.884351	5.710000	57.332209
17.883962	5.711000	57.342250
17.883574	5.712000	57.352290
17.883185	5.713000	57.362331
17.882797	5.714000	57.372372
17.882408	5.715000	57.382412
17.882020	5.716000	57.392453
17.881631	5.717000	57.402494
17.881243	5.718000	57.412534
17.880854	5.719000	57.422575
17.880466	5.720000	57.432616
17.880077	5.721000	57.442656
17.879688	5.722000	57.452697
17.879300	5.723000	57.462738
17.878911	5.724000	57.472778
17.878523	5.725000	57.482819
17.878134	5.726000	57.492860
17.877746	5.727000	57.502900
17.877357	5.728000	57.512941
17.876968	5.729000	57.522982
17.876580	5.730000	57.533022
17.876191	5.731000	57.543063
17.875802	5.732000	57.553104
17.875414	5.733000	57.563144
17.875025	5.734000	57.573185
17.874637	5.735000	57.583226
17.874248	5.736000	57.593266
17.873859	5.737000	57.603307
17.873470	5.738000	57.613348
17.873082	5.739000	57.623388
17.872693	5.740000	57.633429
17.872304	5.741000	57.643470
17.871916	5.742000	57.653510
17.871527	5.743000	57.663551
17.871138	5.744000	57.673592
17.870750	5.745000	57.683632
17.870361	5.746000	57.693673
17.869972	5.747000	57.703714
17.869583	5.748000	57.713754
17.869195	5.749000	57.723795
17.868806	5.750000	57.733836
17.868417	5.751000	57.743876
17.868028	5.752000	57.753917
17.867640	5.753000	57.763958
17.867251	5.754000	57.773998
17.866862	5.755000	57.784039
17.866473	5.756000	57.794080
17.866084	5.757000	57.804120
17.865696	5.758000	57.814161
17.865307	5.759000	57.824202
17.864918	5.760000	57.834242
17.864529	5.761000	57.844283
17.864140	5.762000	57.854324
17.863751	5.763000	57.864364
17.863362	5.764000	57.874405
17.862974	5.765000	57.884446
17.862585	5.766000	57.894486
17.862196	5.767000	57.904527
17.861807	5.768000	57.914568
17.861418	5.769000	57.924608
17.861029	5.770000	57.934649
17.860640	5.771000	57.944690
17.860251	5.772000	57.954730
17.859862	5.773000	57.964771
17.859474	5.774000	57.974812
17.859085	5.775000	57.984852
17.858696	5.776000	57.994893
17.858307	5.777000	58.004934
17.857918	5.778000	58.014974
17.857529	5.779000	58.025015
17.857140	5.780000	58.035056
17.856751	5.781000	58.045096
17.856362	5.782000	58.055137
17.855973	5.783000	58.065178
17.855584	5.784000	58.075218
17.855195	5.785000	58.085259
17.854806	5.786000	58.095300
17.854417	5.787000	58.105340
17.854028	5.788000	58.115381
17.853639	5.789000	58.125422
17.853250	5.790000	58.135462
17.852861	5.791000	58.145503
17.852472	5.792000	58.155544
17.852083	5.793000	58.165584
17.851693	5.794000	58.175625
17.851304	5.795000	58.185666
17.850915	5.796000	58.195706
17.850526	5.797000	58.205747
17.850137	5.798000	58.215788
17.849748	5.799000	58.225828
17.849359	5.800000	58.235869
17.848970	5.801000	58.245910
17.848581	5.802000	58.255950
17.848192	5.803000	58.265991
17.847802	5.804000	58.276032
17.847413	5.805000	58.286072
17.847024	5.806000	58.296113
17.846635	5.807000	58.306154
17.846246	5.808000	58.316194
17.845857	5.809000	58.326235
17.845467	5.810000	58.336276
17.845078	5.811000	58.346316
17.844689	5.812000	58.356357
17.844300	5.813000	58.366398
17.843911	5.814000	58.376438
17.843521	5.815000	58.386479
17.843132	5.816000	58.396520
17.842743	5.817000	58.406560
17.842354	5.818000	58.416601
17.841965	5.819000	58.426642
17.841575	5.820000	58.436682
17.841186	5.821000	58.446723
17.840797	5.822000	58.456764
17.840408	5.823000	58.466804
17.840018	5.824000	58.476845
17.839629	5.825000	58.486886
17.839240	5.826000	58.496926
17.838850	5.827000	58.506967
17.838461	5.828000	58.517008
17.838072	5.829000	58.527048
17.837682	5.830000	58.537089
17.837293	5.831000	58.547130
17.836904	5.832000	58.557170
17.836514	5.833000	58.567211
17.836125	5.834000	58.577252
17.835736	5.835000	58.587292
17.835346	5.836000	58.597333
17.834957	5.837000	58.607374
17.834568	5.838000	58.617414
17.834178	5.839000	58.627455
17.833789	5.840000	58.637496
17.833399	5.841000	58.647536
17.833010	5.842000	58.657577
17.832621	5.843000	58.667618
17.832231	5.844000	58.677658
17.831842	5.845000	58.687699
17.831452	5.846000	58.697740
17.831063	5.847000	58.707781
17.830674	5.848000	58.717821
17.830284	5.849000	58.727862
17.829895	5.850000	58.737903
17.829505	5.851000	58.747943
17.829116	5.852000	58.757984
17.828726	5.853000	58.768025
17.828337	5.854000	58.778065
17.827947	5.855000	58.788106
17.827558	5.856000	58.798147
17.827168	5.857000	58.808187
17.826779	5.858000	58.818228
17.826389	5.859000	58.828269
17.826000	5.860000	58.838309
17.825610	5.861000	58.848350
17.825221	5.862000	58.858391
17.824831	5.863000	58.868431
17.824441	5.864000	58.878472
17.824052	5.865000	58.888513
17.823662	5.866000	58.898553
17.823273	5.867000	58.908594
17.822883	5.868000	58.918635
17.822494	5.869000	58.928675
17.822104	5.870000	58.938716
17.821714	5.871000	58.948757
17.821325	5.872000	58.958797
17.820935	5.873000	58.968838
17.820546	5.874000	58.978879
17.820156	5.875000	58.988919
17.819766	5.876000	58.998960
17.819377	5.877000	59.009001
17.818987	5.878000	59.019041
17.818597	5.879000	59.029082
17.818208	5.880000	59.039123
17.817818	5.881000	59.049163
17.817428	5.882000	59.059204
17.817039	5.883000	59.069245
17.816649	5.884000	59.079285
17.816259	5.885000	59.089326
17.815869	5.886000	59.099367
17.815480	5.887000	59.109407
17.815090	5.888000	59.119448
17.814700	5.889000	59.129489
17.814311	5.890000	59.139529
17.813921	5.891000	59.149570
17.813531	5.892000	59.159611
17.813141	5.893000	59.169651
17.812752	5.894000	59.179692
17.812362	5.895000	59.189733
17.811972	5.896000	59.199773
17.811582	5.897000	59.209814
17.811192	5.898000	59.219855
17.810803	5.899000	59.229895
17.810413	5.900000	59.239936
17.810023	5.901000	59.249977
17.809633	5.902000	59.260017
17.809243	5.903000	59.270058
17.808853	5.904000	59.280099
17.808464	5.905000	59.290139
17.808074	5.906000	59.300180
17.807684	5.907000	59.310221
17.807294	5.908000	59.320261
17.806904	5.909000	59.330302
17.806514	5.910000	59.340343
17.806124	5.911000	59.350383
17.805735	5.912000	59.360424
17.805345	5.913000	59.370465
17.804955	5.914000	59.380505
17.804565	5.915000	59.390546
17.804175	5.916000	59.400587
17.803785	5.917000	59.410627
17.803395	5.918000	59.420668
17.803005	5.919000	59.430709
17.802615	5.920000	59.440749
17.802225	5.921000	59.450790
17.801835	5.922000	59.460831
17.801445	5.923000	59.470871
17.801055	5.924000	59.480912
17.800665	5.925000	59.490953
17.800275	5.926000	59.500993
17.799885	5.927000	59.511034
17.799495	5.928000	59.521075
17.799105	5.929000	59.531115
17.798715	5.930000	59.541156
17.798325	5.931000	59.551197
17.797935	5.932000	59.561237
17.797545	5.933000	59.571278
17.797155	5.934000	59.581319
17.796765	5.935000	59.591359
17.796375	5.936000	59.601400
17.795985	5.937000	59.611441
17.795595	5.938000	59.621481
17.795205	5.939000	59.631522
17.794815	5.940000	59.641563
17.794425	5.941000	59.651603
17.794034	5.942000	59.661644
17.793644	5.943000	59.671685
17.793254	5.944000	59.681725
17.792864	5.945000	59.691766
17.792474	5.946000	59.701807
17.792084	5.947000	59.711847
17.791694	5.948000	59.721888
17.791304	5.949000	59.731929
17.790913	5.950000	59.741969
17.790523	5.951000	59.752010
17.790133	5.952000	59.762051
17.789743	5.953000	59.772091
17.789353	5.954000	59.782132
17.788963	5.955000	59.792173
17.788572	5.956000	59.802213
17.788182	5.957000	59.812254
17.787792	5.958000	59.822295
17.787402	5.959000	59.832335
17.787011	5.960000	59.842376
17.786621	5.961000	59.852417
17.786231	5.962000	59.862457
17.785841	5.963000	59.872498
17.785450	5.964000	59.882539
17.785060	5.965000	59.892579
17.784670	5.966000	59.902620
17.784280	5.967000	59.912661
17.783889	5.968000	59.922701
17.783499	5.969000	59.932742
17.783109	5.970000	59.942783
17.782718	5.971000	59.952823
17.782328	5.972000	59.962864
17.781938	5.973000	59.972905
17.781547	5.974000	59.982945
17.781157	5.975000	59.992986
17.780767	5.976000	60.003027
17.780376	5.977000	60.013067
17.779986	5.978000	60.023108
17.779596	5.979000	60.033149
17.779205	5.980000	60.043189
17.778815	5.981000	60.053230
17.778425	5.982000	60.063271
17.778034	5.983000	60.073311
17.777644	5.984000	60.083352
17.777253	5.985000	60.093393
17.776863	5.986000	60.103433
17.776473	5.987000	60.113474
17.776082	5.988000	60.123515
17.775692	5.989000	60.133555
17.775301	5.990000	60.143596
17.774911	5.991000	60.153637
17.774520	5.992000	60.163677
17.774130	5.993000	60.173718
17.773739	5.994000	60.183759
17.773349	5.995000	60.193799
17.772958	5.996000	60.203840
17.772568	5.997000	60.213881
17.772177	5.998000	60.223921
17.771787	5.999000	60.233962
17.771396	6.000000	60.244003
17.771006	6.001000	60.254043
17.770615	6.002000	60.264084
17.770225	6.003000	60.274125
17.769834	6.004000	60.284165
17.769444	6.005000	60.294206
17.769053	6.006000	60.304247
17.768663	6.007000	60.314287
17.768272	6.008000	60.324328
17.767881	6.009000	60.334369
17.767491	6.010000	60.344409
17.767100	6.011000	60.354450
17.766710	6.012000	60.364491
17.766319	6.013000	60.374531
17.765929	6.014000	60.384572
17.765538	6.015000	60.394613
17.765147	6.016000	60.404653
17.764757	6.017000	60.414694
17.764366	6.018000	60.424735
17.763975	6.019000	60.434775
17.763585	6.020000	60.444816
17.763194	6.021000	60.454857
17.762803	6.022000	60.464897
17.762413	6.023000	60.474938
17.762022	6.024000	60.484979
17.761631	6.025000	60.495019
17.761241	6.026000	60.505060
17.760850	6.027000	60.515101
17.760459	6.028000	60.525141
17.760068	6.029000	60.535182
17.759678	6.030000	60.545223
17.759287	6.031000	60.555263
17.758896	6.032000	60.565304
17.758506	6.033000	60.575345
17.758115	6.034000	60.585385
17.757724	6.035000	60.595426
17.757333	6.036000	60.605467
17.756943	6.037000	60.615507
17.756552	6.038000	60.625548
17.756161	6.039000	60.635589
17.755770	6.040000	60.645629
17.755379	6.041000	60.655670
17.754989	6.042000	60.665711
17.754598	6.043000	60.675751
17.754207	6.044000	60.685792
17.753816	6.045000	60.695833
17.753425	6.046000	60.705873
17.753034	6.047000	60.715914
17.752644	6.048000	60.725955
17.752253	6.049000	60.735995
17.751862	6.050000	60.746036
17.751471	6.051000	60.756077
17.751080	6.052000	60.766117
17.750689	6.053000	60.776158
17.750298	6.054000	60.786199
17.749907	6.055000	60.796239
17.749516	6.056000	60.806280
17.749126	6.057000	60.816321
17.748735	6.058000	60.826361
17.748344	6.059000	60.836402
17.747953	6.060000	60.846443
17.747562	6.061000	60.856483
17.747171	6.062000	60.866524
17.746780	6.063000	60.876565
17.746389	6.064000	60.886605
17.745998	6.065000	60.896646
17.745607	6.066000	60.906687
17.745216	6.067000	60.916727
17.744825	6.068000	60.926768
17.744434	6.069000	60.936809
17.744043	6.070000	60.946849
17.743652	6.071000	60.956890
17.743261	6.072000	60.966931
17.742870	6.073000	60.976971
17.742479	6.074000	60.987012
17.742088	6.075000	60.997053
17.741697	6.076000	61.007093
17.741306	6.077000	61.017134
17.740915	6.078000	61.027175
17.740524	6.079000	61.037215
17.740133	6.080000	61.047256
17.739741	6.081000	61.057297
17.739350	6.082000	61.067337
17.738959	6.083000	61.077378
17.738568	6.084000	61.087419
17.738177	6.085000	61.097459
17.737786	6.086000	61.107500
17.737395	6.087000	61.117541
17.737004	6.088000	61.127581
17.736613	6.089000	61.137622
17.736221	6.090000	61.147663
17.735830	6.091000	61.157703
17.735439	6.092000	61.167744
17.735048	6.093000	61.177785
17.734657	6.094000	61.187825
17.734266	6.095000	61.197866
17.733874	6.096000	61.207907
17.733483	6.097000	61.217947
17.733092	6.098000	61.227988
17.732701	6.099000	61.238029
17.732309	6.100000	61.248069
17.731918	6.101000	61.258110
17.731527	6.102000	61.268151
17.731136	6.103000	61.278191
17.730745	6.104000	61.288232
17.730353	6.105000	61.298273
17.729962	6.106000	61.308313
17.729571	6.107000	61.318354
17.729179	6.108000	61.328395
17.728788	6.109000	61.338435
17.728397	6.110000	61.348476
17.728006	6.111000	61.358517
17.727614	6.112000	61.368557
17.727223	6.113000	61.378598
17.726832	6.114000	61.388639
17.726440	6.115000	61.398679
17.726049	6.116000	61.408720
17.725658	6.117000	61.418761
17.725266	6.118000	61.428801
17.724875	6.119000	61.438842
17.724484	6.120000	61.448883
17.724092	6.121000	61.458923
17.723701	6.122000	61.468964
17.723309	6.123000	61.479005
17.722918	6.124000	61.489045
17.722527	6.125000	61.499086
17.722135	6.126000	61.509127
17.721744	6.127000	61.519167
17.721352	6.128000	61.529208
17.720961	6.129000	61.539249
17.720570	6.130000	61.549289
17.720178	6.131000	61.559330
17.719787	6.132000	61.569371
17.719395	6.133000	61.579411
17.719004	6.134000	61.589452
17.718612	6.135000	61.599493
17.718221	6.136000	61.609533
17.717829	6.137000	61.619574
17.717438	6.138000	61.629615
17.717046	6.139000	61.639655
17.716655	6.140000	61.649696
17.716263	6.141000	61.659737
17.715872	6.142000	61.669777
17.715480	6.143000	61.679818
17.715089	6.144000	61.689859
17.714697	6.145000	61.699899
17.714306	6.146000	61.709940
17.713914	6.147000	61.719981
17.713523	6.148000	61.730021
17.713131	6.149000	61.740062
17.712739	6.150000	61.750103
17.712348	6.151000	61.760143
17.711956	6.152000	61.770184
17.711565	6.153000	61.780225
17.711173	6.154000	61.790265
17.710781	6.155000	61.800306
17.710390	6.156000	61.810347
17.709998	6.157000	61.820387
17.709607	6.158000	61.830428
17.709215	6.159000	61.840469
17.708823	6.160000	61.850509
17.708432	6.161000	61.860550
17.708040	6.162000	61.870591
17.707648	6.163000	61.880631
17.707257	6.164000	61.890672
17.706865	6.165000	61.900713
17.706473	6.166000	61.910753
17.706082	6.167000	61.920794
17.705690	6.168000	61.930835
17.705298	6.169000	61.940875
17.704906	6.170000	61.950916
17.704515	6.171000	61.960957
17.704123	6.172000	61.970997
17.703731	6.173000	61.981038
17.703339	6.174000	61.991079
17.702948	6.175000	62.001119
17.702556	6.176000	62.011160
17.702164	6.177000	62.021201
17.701772	6.178000	62.031241
17.701381	6.179000	62.041282
17.700989	6.180000	62.051323
17.700597	6.181000	62.061363
17.700205	6.182000	62.071404
17.699813	6.183000	62.081445
17.699422	6.184000	62.091485
17.699030	6.185000	62.101526
17.698638	6.186000	62.111567
17.698246	6.187000	62.121607
17.697854	6.188000	62.131648
17.697462	6.189000	62.141689
17.697071	6.190000	62.151729
17.696679	6.191000	62.161770
17.696287	6.192000	62.171811
17.695895	6.193000	62.181851
17.695503	6.194000	62.191892
17.695111	6.195000	62.201933
17.694719	6.196000	62.211973
17.694327	6.197000	62.222014
17.693935	6.198000	62.232055
17.693543	6.199000	62.242095
17.693152	6.200000	62.252136
17.692760	6.201000	62.262177
17.692368	6.202000	62.272217
17.691976	6.203000	62.282258
17.691584	6.204000	62.292299
17.691192	6.205000	62.302339
17.690800	6.206000	62.312380
17.690408	6.207000	62.322421
17.690016	6.208000	62.332461
17.689624	6.209000	62.342502
17.689232	6.210000	62.352543
17.688840	6.211000	62.362583
17.688448	6.212000	62.372624
17.688056	6.213000	62.382665
17.687664	6.214000	62.392705
17.687272	6.215000	62.402746
17.686880	6.216000	62.412787
17.686488	6.217000	62.422827
17.686096	6.218000	62.432868
17.685703	6.219000	62.442909
17.685311	6.220000	62.452949
17.684919	6.221000	62.462990
17.684527	6.222000	62.473031
17.684135	6.223000	62.483071
17.683743	6.224000	62.493112
17.683351	6.225000	62.503153
17.682959	6.226000	62.513193
17.682567	6.227000	62.523234
17.682175	6.228000	62.533275
17.681782	6.229000	62.543315
17.681390	6.230000	62.553356
17.680998	6.231000	62.563397
17.680606	6.232000	62.573437
17.680214	6.233000	62.583478
17.679822	6.234000	62.593519
17.679429	6.235000	62.603559
17.679037	6.236000	62.613600
17.678645	6.237000	62.623641
17.678253	6.238000	62.633681
17.677861	6.239000	62.643722
17.677468	6.240000	62.653763
17.677076	6.241000	62.663803
17.676684	6.242000	62.673844
17.676292	6.243000	62.683885
17.675899	6.244000	62.693925
17.675507	6.245000	62.703966
17.675115	6.246000	62.714007
17.674723	6.247000	62.724047
17.674330	6.248000	62.734088
17.673938	6.249000	62.744129
17.673546	6.250000	62.754169
17.673154	6.251000	62.764210
17.672761	6.252000	62.774251
17.672369	6.253000	62.784291
17.671977	6.254000	62.794332
17.671584	6.255000	62.804373
17.671192	6.256000	62.814413
17.670800	6.257000	62.824454
17.670407	6.258000	62.834495
17.670015	6.259000	62.844535
17.669623	6.260000	62.854576
17.669230	6.261000	62.864617
17.668838	6.262000	62.874657
17.668445	6.263000	62.884698
17.668053	6.264000	62.894739
17.667661	6.265000	62.904779
17.667268	6.266000	62.914820
17.666876	6.267000	62.924861
17.666483	6.268000	62.934901
17.666091	6.269000	62.944942
17.665699	6.270000	62.954983
17.665306	6.271000	62.965023
17.664914	6.272000	62.975064
17.664521	6.273000	62.985105
17.664129	6.274000	62.995145
17.663736	6.275000	63.005186
17.663344	6.276000	63.015227
17.662951	6.277000	63.025267
17.662559	6.278000	63.035308
17.662166	6.279000	63.045349
17.661774	6.280000	63.055389
17.661381	6.281000	63.065430
17.660989	6.282000	63.075471
17.660596	6.283000	63.085511
17.660204	6.284000	63.095552
17.659811	6.285000	63.105593
17.659419	6.286000	63.115633
17.659026	6.287000	63.125674
17.658634	6.288000	63.135715
17.658241	6.289000	63.145755
17.657848	6.290000	63.155796
17.657456	6.291000	63.165837
17.657063	6.292000	63.175877
17.656671	6.293000	63.185918
17.656278	6.294000	63.195959
17.655885	6.295000	63.205999
17.655493	6.296000	63.216040
17.655100	6.297000	63.226081
17.654707	6.298000	63.236121
17.654315	6.299000	63.246162
17.653922	6.300000	63.256203
17.653530	6.301000	63.266243
17.653137	6.302000	63.276284
17.652744	6.303000	63.286325
17.652352	6.304000	63.296365
17.651959	6.305000	63.306406
17.651566	6.306000	63.316447
17.651173	6.307000	63.326487
17.650781	6.308000	63.336528
17.650388	6.309000	63.346569
17.649995	6.310000	63.356609
17.649603	6.311000	63.366650
17.649210	6.312000	63.376691
17.648817	6.313000	63.386731
17.648424	6.314000	63.396772
17.648032	6.315000	63.406813
17.647639	6.316000	63.416853
17.647246	6.317000	63.426894
17.646853	6.318000	63.436935
17.646461	6.319000	63.446975
17.646068	6.320000	63.457016
17.645675	6.321000	63.467057
17.645282	6.322000	63.477097
17.644889	6.323000	63.487138
17.644496	6.324000	63.497179
17.644104	6.325000	63.507219
17.643711	6.326000	63.517260
17.643318	6.327000	63.527301
17.642925	6.328000	63.537341
17.642532	6.329000	63.547382
17.642139	6.330000	63.557423
17.641747	6.331000	63.567463
17.641354	6.332000	63.577504
17.640961	6.333000	63.587545
17.640568	6.334000	63.597585
17.640175	6.335000	63.607626
17.639782	6.336000	63.617667
17.639389	6.337000	63.627707
17.638996	6.338000	63.637748
17.638603	6.339000	63.647789
17.638210	6.340000	63.657829
17.637817	6.341000	63.667870
17.637424	6.342000	63.677911
17.637032	6.343000	63.687951
17.636639	6.344000	63.697992
17.636246	6.345000	63.708033
17.635853	6.346000	63.718073
17.635460	6.347000	63.728114
17.635067	6.348000	63.738155
17.634674	6.349000	63.748195
17.634281	6.350000	63.758236
17.633888	6.351000	63.768277
17.633495	6.352000	63.778317
17.633102	6.353000	63.788358
17.632709	6.354000	63.798399
17.632315	6.355000	63.808439
17.631922	6.356000	63.818480
17.631529	6.357000	63.828521
17.631136	6.358000	63.838561
17.630743	6.359000	63.848602
17.630350	6.360000	63.858643
17.629957	6.361000	63.868683
17.629564	6.362000	63.878724
17.629171	6.363000	63.888765
17.628778	6.364000	63.898805
17.628385	6.365000	63.908846
17.627992	6.366000	63.918887
17.627598	6.367000	63.928927
17.627205	6.368000	63.938968
17.626812	6.369000	63.949009
17.626419	6.370000	63.959049
17.626026	6.371000	63.969090
17.625633	6.372000	63.979131
17.625239	6.373000	63.989171
17.624846	6.374000	63.999212
17.624453	6.375000	64.009253
17.624060	6.376000	64.019293
17.623667	6.377000	64.029334
17.623274	6.378000	64.039375
17.622880	6.379000	64.049415
17.622487	6.380000	64.059456
17.622094	6.381000	64.069497
17.621701	6.382000	64.079537
17.621307	6.383000	64.089578
17.620914	6.384000	64.099619
17.620521	6.385000	64.109659
17.620128	6.386000	64.119700
17.619734	6.387000	64.129741
17.619341	6.388000	64.139781
17.618948	6.389000	64.149822
17.618554	6.390000	64.159863
17.618161	6.391000	64.169903
17.617768	6.392000	64.179944
17.617374	6.393000	64.189985
17.616981	6.394000	64.200025
17.616588	6.395000	64.210066
17.616195	6.396000	64.220107
17.615801	6.397000	64.230147
17.615408	6.398000	64.240188
17.615014	6.399000	64.250229
17.614621	6.400000	64.260269
17.614228	6.401000	64.270310
17.613834	6.402000	64.280351
17.613441	6.403000	64.290391
17.613048	6.404000	64.300432
17.612654	6.405000	64.310473
17.612261	6.406000	64.320513
17.611867	6.407000	64.330554
17.611474	6.408000	64.340595
17.611080	6.409000	64.350635
17.610687	6.410000	64.360676
17.610294	6.411000	64.370717
17.609900	6.412000	64.380757
17.609507	6.413000	64.390798
17.609113	6.414000	64.400839
17.608720	6.415000	64.410879
17.608326	6.416000	64.420920
17.607933	6.417000	64.430961
17.607539	6.418000	64.441001
17.607146	6.419000	64.451042
17.606752	6.420000	64.461083
17.606359	6.421000	64.471123
17.605965	6.422000	64.481164
17.605572	6.423000	64.491205
17.605178	6.424000	64.501245
17.604785	6.425000	64.511286
17.604391	6.426000	64.521327
17.603997	6.427000	64.531367
17.603604	6.428000	64.541408
17.603210	6.429000	64.551449
17.602817	6.430000	64.561489
17.602423	6.431000	64.571530
17.602029	6.432000	64.581571
17.601636	6.433000	64.591611
17.601242	6.434000	64.601652
17.600849	6.435000	64.611693
17.600455	6.436000	64.621733
17.600061	6.437000	64.631774
17.599668	6.438000	64.641815
17.599274	6.439000	64.651855
17.598880	6.440000	64.661896
17.598487	6.441000	64.671937
17.598093	6.442000	64.681977
17.597699	6.443000	64.692018
17.597306	6.444000	64.702059
17.596912	6.445000	64.712099
17.596518	6.446000	64.722140
17.596125	6.447000	64.732181
17.595731	6.448000	64.742221
17.595337	6.449000	64.752262
17.594943	6.450000	64.762303
17.594550	6.451000	64.772343
17.594156	6.452000	64.782384
17.593762	6.453000	64.792425
17.593368	6.454000	64.802465
17.592975	6.455000	64.812506
17.592581	6.456000	64.822547
17.592187	6.457000	64.832587
17.591793	6.458000	64.842628
17.591400	6.459000	64.852669
17.591006	6.460000	64.862709
17.590612	6.461000	64.872750
17.590218	6.462000	64.882791
17.589824	6.463000	64.892831
17.589430	6.464000	64.902872
17.589037	6.465000	64.912913
17.588643	6.466000	64.922953
17.588249	6.467000	64.932994
17.587855	6.468000	64.943035
17.587461	6.469000	64.953075
17.587067	6.470000	64.963116
17.586673	6.471000	64.973157
17.586280	6.472000	64.983197
17.585886	6.473000	64.993238
17.585492	6.474000	65.003279
17.585098	6.475000	65.013319
17.584704	6.476000	65.023360
17.584310	6.477000	65.033401
17.583916	6.478000	65.043441
17.583522	6.479000	65.053482
17.583128	6.480000	65.063523
17.582734	6.481000	65.073563
17.582340	6.482000	65.083604
17.581946	6.483000	65.093645
17.581552	6.484000	65.103685
17.581158	6.485000	65.113726
17.580764	6.486000	65.123767
17.580370	6.487000	65.133807
17.579976	6.488000	65.143848
17.579582	6.489000	65.153889
17.579188	6.490000	65.163929
17.578794	6.491000	65.173970
17.578400	6.492000	65.184011
17.578006	6.493000	65.194051
17.577612	6.494000	65.204092
17.577218	6.495000	65.214133
17.576824	6.496000	65.224173
17.576430	6.497000	65.234214
17.576036	6.498000	65.244255
17.575642	6.499000	65.254295
17.575248	6.500000	65.264336
17.574854	6.501000	65.274377
17.574460	6.502000	65.284417
17.574065	6.503000	65.294458
17.573671	6.504000	65.304499
17.573277	6.505000	65.314539
17.572883	6.506000	65.324580
17.572489	6.507000	65.334621
17.572095	6.508000	65.344661
17.571701	6.509000	65.354702
17.571306	6.510000	65.364743
17.570912	6.511000	65.374783
17.570518	6.512000	65.384824
17.570124	6.513000	65.394865
17.569730	6.514000	65.404905
17.569335	6.515000	65.414946
17.568941	6.516000	65.424987
17.568547	6.517000	65.435027
17.568153	6.518000	65.445068
17.567759	6.519000	65.455109
17.567364	6.520000	65.465149
17.566970	6.521000	65.475190
17.566576	6.522000	65.485231
17.566182	6.523000	65.495271
17.565787	6.524000	65.505312
17.565393	6.525000	65.515353
17.564999	6.526000	65.525393
17.564604	6.527000	65.535434
17.564210	6.528000	65.545475
17.563816	6.529000	65.555515
17.563422	6.530000	65.565556
17.563027	6.531000	65.575597
17.562633	6.532000	65.585637
17.562239	6.533000	65.595678
17.561844	6.534000	65.605719
17.561450	6.535000	65.615759
17.561056	6.536000	65.625800
17.560661	6.537000	65.635841
17.560267	6.538000	65.645881
17.559872	6.539000	65.655922
17.559478	6.540000	65.665963
17.559084	6.541000	65.676003
17.558689	6.542000	65.686044
17.558295	6.543000	65.696085
17.557900	6.544000	65.706125
17.557506	6.545000	65.716166
17.557112	6.546000	65.726207
17.556717	6.547000	65.736247
17.556323	6.548000	65.746288
17.555928	6.549000	65.756329
17.555534	6.550000	65.766369
17.555139	6.551000	65.776410
17.554745	6.552000	65.786451
17.554350	6.553000	65.796491
17.553956	6.554000	65.806532
17.553561	6.555000	65.816573
17.553167	6.556000	65.826613
17.552772	6.557000	65.836654
17.552378	6.558000	65.846695
17.551983	6.559000	65.856735
17.551589	6.560000	65.866776
17.551194	6.561000	65.876817
17.550800	6.562000	65.886857
17.550405	6.563000	65.896898
17.550011	6.564000	65.906939
17.549616	6.565000	65.916979
17.549222	6.566000	65.927020
17.548827	6.567000	65.937061
17.548432	6.568000	65.947101
17.548038	6.569000	65.957142
17.547643	6.570000	65.967183
17.547249	6.571000	65.977223
17.546854	6.572000	65.987264
17.546459	6.573000	65.997305
17.546065	6.574000	66.007345
17.545670	6.575000	66.017386
17.545275	6.576000	66.027427
17.544881	6.577000	66.037467
17.544486	6.578000	66.047508
17.544091	6.579000	66.057549
17.543697	6.580000	66.067589
17.543302	6.581000	66.077630
17.542907	6.582000	66.087671
17.542513	6.583000	66.097711
17.542118	6.584000	66.107752
17.541723	6.585000	66.117793
17.541329	6.586000	66.127833
17.540934	6.587000	66.137874
17.540539	6.588000	66.147915
17.540144	6.589000	66.157955
17.539750	6.590000	66.167996
17.539355	6.591000	66.178037
17.538960	6.592000	66.188077
17.538565	6.593000	66.198118
17.538171	6.594000	66.208159
17.537776	6.595000	66.218199
17.537381	6.596000	66.228240
17.536986	6.597000	66.238281
17.536591	6.598000	66.248321
17.536197	6.599000	66.258362
17.535802	6.600000	66.268403
17.535407	6.601000	66.278443
17.535012	6.602000	66.288484
17.534617	6.603000	66.298525
17.534222	6.604000	66.308565
17.533828	6.605000	66.318606
17.533433	6.606000	66.328647
17.533038	6.607000	66.338687
17.532643	6.608000	66.348728
17.532248	6.609000	66.358769
17.531853	6.610000	66.368809
17.531458	6.611000	66.378850
17.531063	6.612000	66.388891
17.530668	6.613000	66.398931
17.530273	6.614000	66.408972
17.529879	6.615000	66.419013
17.529484	6.616000	66.429053
17.529089	6.617000	66.439094
17.528694	6.618000	66.449135
17.528299	6.619000	66.459175
17.527904	6.620000	66.469216
17.527509	6.621000	66.479257
17.527114	6.622000	66.489297
17.526719	6.623000	66.499338
17.526324	6.624000	66.509379
17.525929	6.625000	66.519420
17.525534	6.626000	66.529460
17.525139	6.627000	66.539501
17.524744	6.628000	66.549542
17.524349	6.629000	66.559582
17.523954	6.630000	66.569623
17.523559	6.631000	66.579664
17.523164	6.632000	66.589704
17.522769	6.633000	66.599745
17.522374	6.634000	66.609786
17.521978	6.635000	66.619826
17.521583	6.636000	66.629867
17.521188	6.637000	66.639908
17.520793	6.638000	66.649948
17.520398	6.639000	66.659989
17.520003	6.640000	66.670030
17.519608	6.641000	66.680070
17.519213	6.642000	66.690111
17.518818	6.643000	66.700152
17.518422	6.644000	66.710192
17.518027	6.645000	66.720233
17.517632	6.646000	66.730274
17.517237	6.647000	66.740314
17.516842	6.648000	66.750355
17.516447	6.649000	66.760396
17.516051	6.650000	66.770436
17.515656	6.651000	66.780477
17.515261	6.652000	66.790518
17.514866	6.653000	66.800558
17.514471	6.654000	66.810599
17.514075	6.655000	66.820640
17.513680	6.656000	66.830680
17.513285	6.657000	66.840721
17.512890	6.658000	66.850762
17.512494	6.659000	66.860802
17.512099	6.660000	66.870843
17.511704	6.661000	66.880884
17.511309	6.662000	66.890924
17.510913	6.663000	66.900965
17.510518	6.664000	66.911006
17.510123	6.665000	66.921046
17.509727	6.666000	66.931087
17.509332	6.667000	66.941128
17.508937	6.668000	66.951168
17.508541	6.669000	66.961209
17.508146	6.670000	66.971250
17.507751	6.671000	66.981290
17.507355	6.672000	66.991331
17.506960	6.673000	67.001372
17.506565	6.674000	67.011412
17.506169	6.675000	67.021453
17.505774	6.676000	67.031494
17.505379	6.677000	67.041534
17.504983	6.678000	67.051575
17.504588	6.679000	67.061616
17.504192	6.680000	67.071656
17.503797	6.681000	67.081697
17.503402	6.682000	67.091738
17.503006	6.683000	67.101778
17.502611	6.684000	67.111819
17.502215	6.685000	67.121860
17.501820	6.686000	67.131900
17.501424	6.687000	67.141941
17.501029	6.688000	67.151982
17.500633	6.689000	67.162022
17.500238	6.690000	67.172063
17.499842	6.691000	67.182104
17.499447	6.692000	67.192144
17.499051	6.693000	67.202185
17.498656	6.694000	67.212226
17.498260	6.695000	67.222266
17.497865	6.696000	67.232307
17.497469	6.697000	67.242348
17.497074	6.698000	67.252388
17.496678	6.699000	67.262429
17.496283	6.700000	67.272470
17.495887	6.701000	67.282510
17.495492	6.702000	67.292551
17.495096	6.703000	67.302592
17.494700	6.704000	67.312632
17.494305	6.705000	67.322673
17.493909	6.706000	67.332714
17.493514	6.707000	67.342754
17.493118	6.708000	67.352795
17.492722	6.709000	67.362836
17.492327	6.710000	67.372876
17.491931	6.711000	67.382917
17.491536	6.712000	67.392958
17.491140	6.713000	67.402998
17.490744	6.714000	67.413039
17.490349	6.715000	67.423080
17.489953	6.716000	67.433120
17.489557	6.717000	67.443161
17.489162	6.718000	67.453202
17.488766	6.719000	67.463242
17.488370	6.720000	67.473283
17.487974	6.721000	67.483324
17.487579	6.722000	67.493364
17.487183	6.723000	67.503405
17.486787	6.724000	67.513446
17.486392	6.725000	67.523486
17.485996	6.726000	67.533527
17.485600	6.727000	67.543568
17.485204	6.728000	67.553608
17.484808	6.729000	67.563649
17.484413	6.730000	67.573690
17.484017	6.731000	67.583730
17.483621	6.732000	67.593771
17.483225	6.733000	67.603812
17.482830	6.734000	67.613852
17.482434	6.735000	67.623893
17.482038	6.736000	67.633934
17.481642	6.737000	67.643974
17.481246	6.738000	67.654015
17.480850	6.739000	67.664056
17.480455	6.740000	67.674096
17.480059	6.741000	67.684137
17.479663	6.742000	67.694178
17.479267	6.743000	67.704218
17.478871	6.744000	67.714259
17.478475	6.745000	67.724300
17.478079	6.746000	67.734340
17.477683	6.747000	67.744381
17.477288	6.748000	67.754422
17.476892	6.749000	67.764462
17.476496	6.750000	67.774503
17.476100	6.751000	67.784544
17.475704	6.752000	67.794584
17.475308	6.753000	67.804625
17.474912	6.754000	67.814666
17.474516	6.755000	67.824706
17.474120	6.756000	67.834747
17.473724	6.757000	67.844788
17.473328	6.758000	67.854828
17.472932	6.759000	67.864869
17.472536	6.760000	67.874910
17.472140	6.761000	67.884950
17.471744	6.762000	67.894991
17.471348	6.763000	67.905032
17.470952	6.764000	67.915072
17.470556	6.765000	67.925113
17.470160	6.766000	67.935154
17.469764	6.767000	67.945194
17.469368	6.768000	67.955235
17.468972	6.769000	67.965276
17.468576	6.770000	67.975316
17.468180	6.771000	67.985357
17.467784	6.772000	67.995398
17.467387	6.773000	68.005438
17.466991	6.774000	68.015479
17.466595	6.775000	68.025520
17.466199	6.776000	68.035560
17.465803	6.777000	68.045601
17.465407	6.778000	68.055642
17.465011	6.779000	68.065682
17.464615	6.780000	68.075723
17.464218	6.781000	68.085764
17.463822	6.782000	68.095804
17.463426	6.783000	68.105845
17.463030	6.784000	68.115886
17.462634	6.785000	68.125926
17.462238	6.786000	68.135967
17.461841	6.787000	68.146008
17.461445	6.788000	68.156048
17.461049	6.789000	68.166089
17.460653	6.790000	68.176130
17.460257	6.791000	68.186170
17.459860	6.792000	68.196211
17.459464	6.793000	68.206252
17.459068	6.794000	68.216292
17.458672	6.795000	68.226333
17.458275	6.796000	68.236374
17.457879	6.797000	68.246414
17.457483	6.798000	68.256455
17.457087	6.799000	68.266496
17.456690	6.800000	68.276536
17.456294	6.801000	68.286577
17.455898	6.802000	68.296618
17.455501	6.803000	68.306658
17.455105	6.804000	68.316699
17.454709	6.805000	68.326740
17.454312	6.806000	68.336780
17.453916	6.807000	68.346821
17.453520	6.808000	68.356862
17.453123	6.809000	68.366902
17.452727	6.810000	68.376943
17.452331	6.811000	68.386984
17.451934	6.812000	68.397024
17.451538	6.813000	68.407065
17.451141	6.814000	68.417106
17.450745	6.815000	68.427146
17.450349	6.816000	68.437187
17.449952	6.817000	68.447228
17.449556	6.818000	68.457268
17.449159	6.819000	68.467309
17.448763	6.820000	68.477350
17.448366	6.821000	68.487390
17.447970	6.822000	68.497431
17.447574	6.823000	68.507472
17.447177	6.824000	68.517512
17.446781	6.825000	68.527553
17.446384	6.826000	68.537594
17.445988	6.827000	68.547634
17.445591	6.828000	68.557675
17.445195	6.829000	68.567716
17.444798	6.830000	68.577756
17.444402	6.831000	68.587797
17.444005	6.832000	68.597838
17.443609	6.833000	68.607878
17.443212	6.834000	68.617919
17.442815	6.835000	68.627960
17.442419	6.836000	68.638000
17.442022	6.837000	68.648041
17.441626	6.838000	68.658082
17.441229	6.839000	68.668122
17.440833	6.840000	68.678163
17.440436	6.841000	68.688204
17.440039	6.842000	68.698244
17.439643	6.843000	68.708285
17.439246	6.844000	68.718326
17.438850	6.845000	68.728366
17.438453	6.846000	68.738407
17.438056	6.847000	68.748448
17.437660	6.848000	68.758488
17.437263	6.849000	68.768529
17.436866	6.850000	68.778570
17.436470	6.851000	68.788610
17.436073	6.852000	68.798651
17.435676	6.853000	68.808692
17.435280	6.854000	68.818732
17.434883	6.855000	68.828773
17.434486	6.856000	68.838814
17.434089	6.857000	68.848854
17.433693	6.858000	68.858895
17.433296	6.859000	68.868936
17.432899	6.860000	68.878976
17.432503	6.861000	68.889017
17.432106	6.862000	68.899058
17.431709	6.863000	68.909098
17.431312	6.864000	68.919139
17.430916	6.865000	68.929180
17.430519	6.866000	68.939220
17.430122	6.867000	68.949261
17.429725	6.868000	68.959302
17.429328	6.869000	68.969342
17.428932	6.870000	68.979383
17.428535	6.871000	68.989424
17.428138	6.872000	68.999464
17.427741	6.873000	69.009505
17.427344	6.874000	69.019546
17.426947	6.875000	69.029586
17.426551	6.876000	69.039627
17.426154	6.877000	69.049668
17.425757	6.878000	69.059708
17.425360	6.879000	69.069749
17.424963	6.880000	69.079790
17.424566	6.881000	69.089830
17.424169	6.882000	69.099871
17.423772	6.883000	69.109912
17.423375	6.884000	69.119952
17.422979	6.885000	69.129993
17.422582	6.886000	69.140034
17.422185	6.887000	69.150074
17.421788	6.888000	69.160115
17.421391	6.889000	69.170156
17.420994	6.890000	69.180196
17.420597	6.891000	69.190237
17.420200	6.892000	69.200278
17.419803	6.893000	69.210318
17.419406	6.894000	69.220359
17.419009	6.895000	69.230400
17.418612	6.896000	69.240440
17.418215	6.897000	69.250481
17.417818	6.898000	69.260522
17.417421	6.899000	69.270562
17.417024	6.900000	69.280603
17.416627	6.901000	69.290644
17.416230	6.902000	69.300684
17.415833	6.903000	69.310725
17.415436	6.904000	69.320766
17.415039	6.905000	69.330806
17.414642	6.906000	69.340847
17.414244	6.907000	69.350888
17.413847	6.908000	69.360928
17.413450	6.909000	69.370969
17.413053	6.910000	69.381010
17.412656	6.911000	69.391050
17.412259	6.912000	69.401091
17.411862	6.913000	69.411132
17.411465	6.914000	69.421172
17.411067	6.915000	69.431213
17.410670	6.916000	69.441254
17.410273	6.917000	69.451294
17.409876	6.918000	69.461335
17.409479	6.919000	69.471376
17.409082	6.920000	69.481416
17.408684	6.921000	69.491457
17.408287	6.922000	69.501498
17.407890	6.923000	69.511538
17.407493	6.924000	69.521579
17.407096	6.925000	69.531620
17.406698	6.926000	69.541660
17.406301	6.927000	69.551701
17.405904	6.928000	69.561742
17.405507	6.929000	69.571782
17.405109	6.930000	69.581823
17.404712	6.931000	69.591864
17.404315	6.932000	69.601904
17.403918	6.933000	69.611945
17.403520	6.934000	69.621986
17.403123	6.935000	69.632026
17.402726	6.936000	69.642067
17.402328	6.937000	69.652108
17.401931	6.938000	69.662148
17.401534	6.939000	69.672189
17.401137	6.940000	69.682230
17.400739	6.941000	69.692270
17.400342	6.942000	69.702311
17.399944	6.943000	69.712352
17.399547	6.944000	69.722392
17.399150	6.945000	69.732433
17.398752	6.946000	69.742474
17.398355	6.947000	69.752514
17.397958	6.948000	69.762555
17.397560	6.949000	69.772596
17.397163	6.950000	69.782636
17.396765	6.951000	69.792677
17.396368	6.952000	69.802718
17.395971	6.953000	69.812758
17.395573	6.954000	69.822799
17.395176	6.955000	69.832840
17.394778	6.956000	69.842880
17.394381	6.957000	69.852921
17.393983	6.958000	69.862962
17.393586	6.959000	69.873002
17.393188	6.960000	69.883043
17.392791	6.961000	69.893084
17.392393	6.962000	69.903124
17.391996	6.963000	69.913165
17.391598	6.964000	69.923206
17.391201	6.965000	69.933246
17.390803	6.966000	69.943287
17.390406	6.967000	69.953328
17.390008	6.968000	69.963368
17.389611	6.969000	69.973409
17.389213	6.970000	69.983450
17.388816	6.971000	69.993490
17.388418	6.972000	70.003531
17.388020	6.973000	70.013572
17.387623	6.974000	70.023612
17.387225	6.975000	70.033653
17.386828	6.976000	70.043694
17.386430	6.977000	70.053734
17.386032	6.978000	70.063775
17.385635	6.979000	70.073816
17.385237	6.980000	70.083856
17.384840	6.981000	70.093897
17.384442	6.982000	70.103938
17.384044	6.983000	70.113978
17.383647	6.984000	70.124019
17.383249	6.985000	70.134060
17.382851	6.986000	70.144100
17.382454	6.987000	70.154141
17.382056	6.988000	70.164182
17.381658	6.989000	70.174222
17.381261	6.990000	70.184263
17.380863	6.991000	70.194304
17.380465	6.992000	70.204344
17.380067	6.993000	70.214385
17.379670	6.994000	70.224426
17.379272	6.995000	70.234466
17.378874	6.996000	70.244507
17.378476	6.997000	70.254548
17.378079	6.998000	70.264588
17.377681	6.999000	70.274629
17.377283	7.000000	70.284670
17.376885	7.001000	70.294710
17.376488	7.002000	70.304751
17.376090	7.003000	70.314792
17.375692	7.004000	70.324832
17.375294	7.005000	70.334873
17.374896	7.006000	70.344914
17.374498	7.007000	70.354954
17.374101	7.008000	70.364995
17.373703	7.009000	70.375036
17.373305	7.010000	70.385076
17.372907	7.011000	70.395117
17.372509	7.012000	70.405158
17.372111	7.013000	70.415198
17.371713	7.014000	70.425239
17.371316	7.015000	70.435280
17.370918	7.016000	70.445320
17.370520	7.017000	70.455361
17.370122	7.018000	70.465402
17.369724	7.019000	70.475442
17.369326	7.020000	70.485483
17.368928	7.021000	70.495524
17.368530	7.022000	70.505564
17.368132	7.023000	70.515605
17.367734	7.024000	70.525646
17.367336	7.025000	70.535686
17.366938	7.026000	70.545727
17.366540	7.027000	70.555768
17.366142	7.028000	70.565808
17.365744	7.029000	70.575849
17.365346	7.030000	70.585890
17.364948	7.031000	70.595930
17.364550	7.032000	70.605971
17.364152	7.033000	70.616012
17.363754	7.034000	70.626052
17.363356	7.035000	70.636093
17.362958	7.036000	70.646134
17.362560	7.037000	70.656174
17.362162	7.038000	70.666215
17.361764	7.039000	70.676256
17.361366	7.040000	70.686296
17.360968	7.041000	70.696337
17.360570	7.042000	70.706378
17.360172	7.043000	70.716418
17.359774	7.044000	70.726459
17.359375	7.045000	70.736500
17.358977	7.046000	70.746540
17.358579	7.047000	70.756581
17.358181	7.048000	70.766622
17.357783	7.049000	70.776662
17.357385	7.050000	70.786703
17.356987	7.051000	70.796744
17.356588	7.052000	70.806784
17.356190	7.053000	70.816825
17.355792	7.054000	70.826866
17.355394	7.055000	70.836906
17.354996	7.056000	70.846947
17.354597	7.057000	70.856988
17.354199	7.058000	70.867028
17.353801	7.059000	70.877069
17.353403	7.060000	70.887110
17.353005	7.061000	70.897150
17.352606	7.062000	70.907191
17.352208	7.063000	70.917232
17.351810	7.064000	70.927272
17.351412	7.065000	70.937313
17.351013	7.066000	70.947354
17.350615	7.067000	70.957394
17.350217	7.068000	70.967435
17.349818	7.069000	70.977476
17.349420	7.070000	70.987516
17.349022	7.071000	70.997557
17.348624	7.072000	71.007598
17.348225	7.073000	71.017638
17.347827	7.074000	71.027679
17.347429	7.075000	71.037720
17.347030	7.076000	71.047760
17.346632	7.077000	71.057801
17.346233	7.078000	71.067842
17.345835	7.079000	71.077882
17.345437	7.080000	71.087923
17.345038	7.081000	71.097964
17.344640	7.082000	71.108004
17.344242	7.083000	71.118045
17.343843	7.084000	71.128086
17.343445	7.085000	71.138126
17.343046	7.086000	71.148167
17.342648	7.087000	71.158208
17.342249	7.088000	71.168248
17.341851	7.089000	71.178289
17.341453	7.090000	71.188330
17.341054	7.091000	71.198370
17.340656	7.092000	71.208411
17.340257	7.093000	71.218452
17.339859	7.094000	71.228492
17.339460	7.095000	71.238533
17.339062	7.096000	71.248574
17.338663	7.097000	71.258614
17.338265	7.098000	71.268655
17.337866	7.099000	71.278696
17.337468	7.100000	71.288736
17.337069	7.101000	71.298777
17.336671	7.102000	71.308818
17.336272	7.103000	71.318858
17.335873	7.104000	71.328899
17.335475	7.105000	71.338940
17.335076	7.106000	71.348980
17.334678	7.107000	71.359021
17.334279	7.108000	71.369062
17.333881	7.109000	71.379102
17.333482	7.110000	71.389143
17.333083	7.111000	71.399184
17.332685	7.112000	71.409224
17.332286	7.113000	71.419265
17.331887	7.114000	71.429306
17.331489	7.115000	71.439346
17.331090	7.116000	71.449387
17.330692	7.117000	71.459428
17.330293	7.118000	71.469468
17.329894	7.119000	71.479509
17.329496	7.120000	71.489550
17.329097	7.121000	71.499590
17.328698	7.122000	71.509631
17.328299	7.123000	71.519672
17.327901	7.124000	71.529712
17.327502	7.125000	71.539753
17.327103	7.126000	71.549794
17.326705	7.127000	71.559834
17.326306	7.128000	71.569875
17.325907	7.129000	71.579916
17.325508	7.130000	71.589956
17.325110	7.131000	71.599997
17.324711	7.132000	71.610038
17.324312	7.133000	71.620078
17.323913	7.134000	71.630119
17.323514	7.135000	71.640160
17.323116	7.136000	71.650200
17.322717	7.137000	71.660241
17.322318	7.138000	71.670282
17.321919	7.139000	71.680322
17.321520	7.140000	71.690363
17.321122	7.141000	71.700404
17.320723	7.142000	71.710444
17.320324	7.143000	71.720485
17.319925	7.144000	71.730526
17.319526	7.145000	71.740566
17.319127	7.146000	71.750607
17.318728	7.147000	71.760648
17.318330	7.148000	71.770688
17.317931	7.149000	71.780729
17.317532	7.150000	71.790770
17.317133	7.151000	71.800810
17.316734	7.152000	71.810851
17.316335	7.153000	71.820892
17.315936	7.154000	71.830932
17.315537	7.155000	71.840973
17.315138	7.156000	71.851014
17.314739	7.157000	71.861054
17.314340	7.158000	71.871095
17.313941	7.159000	71.881136
17.313542	7.160000	71.891176
17.313143	7.161000	71.901217
17.312744	7.162000	71.911258
17.312345	7.163000	71.921298
17.311946	7.164000	71.931339
17.311547	7.165000	71.941380
17.311148	7.166000	71.951420
17.310749	7.167000	71.961461
17.310350	7.168000	71.971502
17.309951	7.169000	71.981542
17.309552	7.170000	71.991583
17.309153	7.171000	72.001624
17.308754	7.172000	72.011664
17.308355	7.173000	72.021705
17.307956	7.174000	72.031746
17.307557	7.175000	72.041786
17.307158	7.176000	72.051827
17.306758	7.177000	72.061868
17.306359	7.178000	72.071908
17.305960	7.179000	72.081949
17.305561	7.180000	72.091990
17.305162	7.181000	72.102030
17.304763	7.182000	72.112071
17.304364	7.183000	72.122112
17.303965	7.184000	72.132152
17.303565	7.185000	72.142193
17.303166	7.186000	72.152234
17.302767	7.187000	72.162274
17.302368	7.188000	72.172315
17.301969	7.189000	72.182356
17.301569	7.190000	72.192396
17.301170	7.191000	72.202437
17.300771	7.192000	72.212478
17.300372	7.193000	72.222518
17.299973	7.194000	72.232559
17.299573	7.195000	72.242600
17.299174	7.196000	72.252640
17.298775	7.197000	72.262681
17.298376	7.198000	72.272722
17.297976	7.199000	72.282762
17.297577	7.200000	72.292803
17.297178	7.201000	72.302844
17.296778	7.202000	72.312884
17.296379	7.203000	72.322925
17.295980	7.204000	72.332966
17.295580	7.205000	72.343006
17.295181	7.206000	72.353047
17.294782	7.207000	72.363088
17.294382	7.208000	72.373128
17.293983	7.209000	72.383169
17.293584	7.210000	72.393210
17.293184	7.211000	72.403250
17.292785	7.212000	72.413291
17.292386	7.213000	72.423332
17.291986	7.214000	72.433372
17.291587	7.215000	72.443413
17.291187	7.216000	72.453454
17.290788	7.217000	72.463494
17.290389	7.218000	72.473535
17.289989	7.219000	72.483576
17.289590	7.220000	72.493616
17.289190	7.221000	72.503657
17.288791	7.222000	72.513698
17.288391	7.223000	72.523738
17.287992	7.224000	72.533779
17.287592	7.225000	72.543820
17.287193	7.226000	72.553860
17.286794	7.227000	72.563901
17.286394	7.228000	72.573942
17.285995	7.229000	72.583982
17.285595	7.230000	72.594023
17.285195	7.231000	72.604064
17.284796	7.232000	72.614104
17.284396	7.233000	72.624145
17.283997	7.234000	72.634186
17.283597	7.235000	72.644226
17.283198	7.236000	72.654267
17.282798	7.237000	72.664308
17.282399	7.238000	72.674348
17.281999	7.239000	72.684389
17.281600	7.240000	72.694430
17.281200	7.241000	72.704470
17.280800	7.242000	72.714511
17.280401	7.243000	72.724552
17.280001	7.244000	72.734592
17.279601	7.245000	72.744633
17.279202	7.246000	72.754674
17.278802	7.247000	72.764714
17.278403	7.248000	72.774755
17.278003	7.249000	72.784796
17.277603	7.250000	72.794836
17.277204	7.251000	72.804877
17.276804	7.252000	72.814918
17.276404	7.253000	72.824958
17.276005	7.254000	72.834999
17.275605	7.255000	72.845040
17.275205	7.256000	72.855080
17.274805	7.257000	72.865121
17.274406	7.258000	72.875162
17.274006	7.259000	72.885202
17.273606	7.260000	72.895243
17.273207	7.261000	72.905284
17.272807	7.262000	72.915324
17.272407	7.263000	72.925365
17.272007	7.264000	72.935406
17.271607	7.265000	72.945446
17.271208	7.266000	72.955487
17.270808	7.267000	72.965528
17.270408	7.268000	72.975568
17.270008	7.269000	72.985609
17.269608	7.270000	72.995650
17.269209	7.271000	73.005690
17.268809	7.272000	73.015731
17.268409	7.273000	73.025772
17.268009	7.274000	73.035812
17.267609	7.275000	73.045853
17.267209	7.276000	73.055894
17.266810	7.277000	73.065934
17.266410	7.278000	73.075975
17.266010	7.279000	73.086016
17.265610	7.280000	73.096056
17.265210	7.281000	73.106097
17.264810	7.282000	73.116138
17.264410	7.283000	73.126178
17.264010	7.284000	73.136219
17.263610	7.285000	73.146260
17.263210	7.286000	73.156300
17.262811	7.287000	73.166341
17.262411	7.288000	73.176382
17.262011	7.289000	73.186422
17.261611	7.290000	73.196463
17.261211	7.291000	73.206504
17.260811	7.292000	73.216544
17.260411	7.293000	73.226585
17.260011	7.294000	73.236626
17.259611	7.295000	73.246666
17.259211	7.296000	73.256707
17.258811	7.297000	73.266748
17.258411	7.298000	73.276788
17.258011	7.299000	73.286829
17.257611	7.300000	73.296870
17.257211	7.301000	73.306910
17.256811	7.302000	73.316951
17.256410	7.303000	73.326992
17.256010	7.304000	73.337032
17.255610	7.305000	73.347073
17.255210	7.306000	73.357114
17.254810	7.307000	73.367154
17.254410	7.308000	73.377195
17.254010	7.309000	73.387236
17.253610	7.310000	73.397276
17.253210	7.311000	73.407317
17.252810	7.312000	73.417358
17.252409	7.313000	73.427398
17.252009	7.314000	73.437439
17.251609	7.315000	73.447480
17.251209	7.316000	73.457520
17.250809	7.317000	73.467561
17.250409	7.318000	73.477602
17.250008	7.319000	73.487642
17.249608	7.320000	73.497683
17.249208	7.321000	73.507724
17.248808	7.322000	73.517764
17.248408	7.323000	73.527805
17.248007	7.324000	73.537846
17.247607	7.325000	73.547886
17.247207	7.326000	73.557927
17.246807	7.327000	73.567968
17.246406	7.328000	73.578008
17.246006	7.329000	73.588049
17.245606	7.330000	73.598090
17.245206	7.331000	73.608130
17.244805	7.332000	73.618171
17.244405	7.333000	73.628212
17.244005	7.334000	73.638252
17.243604	7.335000	73.648293
17.243204	7.336000	73.658334
17.242804	7.337000	73.668374
17.242403	7.338000	73.678415
17.242003	7.339000	73.688456
17.241603	7.340000	73.698496
17.241202	7.341000	73.708537
17.240802	7.342000	73.718578
17.240402	7.343000	73.728618
17.240001	7.344000	73.738659
17.239601	7.345000	73.748700
17.239201	7.346000	73.758740
17.238800	7.347000	73.768781
17.238400	7.348000	73.778822
17.237999	7.349000	73.788862
17.237599	7.350000	73.798903
17.237199	7.351000	73.808944
17.236798	7.352000	73.818984
17.236398	7.353000	73.829025
17.235997	7.354000	73.839066
17.235597	7.355000	73.849106
17.235196	7.356000	73.859147
17.234796	7.357000	73.869188
17.234395	7.358000	73.879228
17.233995	7.359000	73.889269
17.233594	7.360000	73.899310
17.233194	7.361000	73.909350
17.232793	7.362000	73.919391
17.232393	7.363000	73.929432
17.231992	7.364000	73.939472
17.231592	7.365000	73.949513
17.231191	7.366000	73.959554
17.230791	7.367000	73.969594
17.230390	7.368000	73.979635
17.229989	7.369000	73.989676
17.229589	7.370000	73.999716
17.229188	7.371000	74.009757
17.228788	7.372000	74.019798
17.228387	7.373000	74.029838
17.227987	7.374000	74.039879
17.227586	7.375000	74.049920
17.227185	7.376000	74.059960
17.226785	7.377000	74.070001
17.226384	7.378000	74.080042
17.225983	7.379000	74.090082
17.225583	7.380000	74.100123
17.225182	7.381000	74.110164
17.224781	7.382000	74.120204
17.224381	7.383000	74.130245
17.223980	7.384000	74.140286
17.223579	7.385000	74.150326
17.223179	7.386000	74.160367
17.222778	7.387000	74.170408
17.222377	7.388000	74.180448
17.221977	7.389000	74.190489
17.221576	7.390000	74.200530
17.221175	7.391000	74.210570
17.220774	7.392000	74.220611
17.220374	7.393000	74.230652
17.219973	7.394000	74.240692
17.219572	7.395000	74.250733
17.219171	7.396000	74.260774
17.218771	7.397000	74.270814
17.218370	7.398000	74.280855
17.217969	7.399000	74.290896
17.217568	7.400000	74.300936
17.217167	7.401000	74.310977
17.216767	7.402000	74.321018
17.216366	7.403000	74.331058
17.215965	7.404000	74.341099
17.215564	7.405000	74.351140
17.215163	7.406000	74.361181
17.214762	7.407000	74.371221
17.214361	7.408000	74.381262
17.213961	7.409000	74.391303
17.213560	7.410000	74.401343
17.213159	7.411000	74.411384
17.212758	7.412000	74.421425
17.212357	7.413000	74.431465
17.211956	7.414000	74.441506
17.211555	7.415000	74.451547
17.211154	7.416000	74.461587
17.210753	7.417000	74.471628
17.210352	7.418000	74.481669
17.209951	7.419000	74.491709
17.209551	7.420000	74.501750
17.209150	7.421000	74.511791
17.208749	7.422000	74.521831
17.208348	7.423000	74.531872
17.207947	7.424000	74.541913
17.207546	7.425000	74.551953
17.207145	7.426000	74.561994
17.206744	7.427000	74.572035
17.206343	7.428000	74.582075
17.205942	7.429000	74.592116
17.205541	7.430000	74.602157
17.205139	7.431000	74.612197
17.204738	7.432000	74.622238
17.204337	7.433000	74.632279
17.203936	7.434000	74.642319
17.203535	7.435000	74.652360
17.203134	7.436000	74.662401
17.202733	7.437000	74.672441
17.202332	7.438000	74.682482
17.201931	7.439000	74.692523
17.201530	7.440000	74.702563
17.201129	7.441000	74.712604
17.200728	7.442000	74.722645
17.200326	7.443000	74.732685
17.199925	7.444000	74.742726
17.199524	7.445000	74.752767
17.199123	7.446000	74.762807
17.198722	7.447000	74.772848
17.198321	7.448000	74.782889
17.197919	7.449000	74.792929
17.197518	7.450000	74.802970
17.197117	7.451000	74.813011
17.196716	7.452000	74.823051
17.196315	7.453000	74.833092
17.195913	7.454000	74.843133
17.195512	7.455000	74.853173
17.195111	7.456000	74.863214
17.194710	7.457000	74.873255
17.194309	7.458000	74.883295
17.193907	7.459000	74.893336
17.193506	7.460000	74.903377
17.193105	7.461000	74.913417
17.192703	7.462000	74.923458
17.192302	7.463000	74.933499
17.191901	7.464000	74.943539
17.191500	7.465000	74.953580
17.191098	7.466000	74.963621
17.190697	7.467000	74.973661
17.190296	7.468000	74.983702
17.189894	7.469000	74.993743
17.189493	7.470000	75.003783
17.189092	7.471000	75.013824
17.188690	7.472000	75.023865
17.188289	7.473000	75.033905
17.187887	7.474000	75.043946
17.187486	7.475000	75.053987
17.187085	7.476000	75.064027
17.186683	7.477000	75.074068
17.186282	7.478000	75.084109
17.185881	7.479000	75.094149
17.185479	7.480000	75.104190
17.185078	7.481000	75.114231
17.184676	7.482000	75.124271
17.184275	7.483000	75.134312
17.183873	7.484000	75.144353
17.183472	7.485000	75.154393
17.183070	7.486000	75.164434
17.182669	7.487000	75.174475
17.182268	7.488000	75.184515
17.181866	7.489000	75.194556
17.181465	7.490000	75.204597
17.181063	7.491000	75.214637
17.180662	7.492000	75.224678
17.180260	7.493000	75.234719
17.179858	7.494000	75.244759
17.179457	7.495000	75.254800
17.179055	7.496000	75.264841
17.178654	7.497000	75.274881
17.178252	7.498000	75.284922
17.177851	7.499000	75.294963
17.177449	7.500000	75.305003
17.177048	7.501000	75.315044
17.176646	7.502000	75.325085
17.176244	7.503000	75.335125
17.175843	7.504000	75.345166
17.175441	7.505000	75.355207
17.175040	7.506000	75.365247
17.174638	7.507000	75.375288
17.174236	7.508000	75.385329
17.173835	7.509000	75.395369
17.173433	7.510000	75.405410
17.173031	7.511000	75.415451
17.172630	7.512000	75.425491
17.172228	7.513000	75.435532
17.171826	7.514000	75.445573
17.171425	7.515000	75.455613
17.171023	7.516000	75.465654
17.170621	7.517000	75.475695
17.170220	7.518000	75.485735
17.169818	7.519000	75.495776
17.169416	7.520000	75.505817
17.169014	7.521000	75.515857
17.168613	7.522000	75.525898
17.168211	7.523000	75.535939
17.167809	7.524000	75.545979
17.167407	7.525000	75.556020
17.167006	7.526000	75.566061
17.166604	7.527000	75.576101
17.166202	7.528000	75.586142
17.165800	7.529000	75.596183
17.165398	7.530000	75.606223
17.164997	7.531000	75.616264
17.164595	7.532000	75.626305
17.164193	7.533000	75.636345
17.163791	7.534000	75.646386
17.163389	7.535000	75.656427
17.162988	7.536000	75.666467
17.162586	7.537000	75.676508
17.162184	7.538000	75.686549
17.161782	7.539000	75.696589
17.161380	7.540000	75.706630
17.160978	7.541000	75.716671
17.160576	7.542000	75.726711
17.160174	7.543000	75.736752
17.159772	7.544000	75.746793
17.159371	7.545000	75.756833
17.158969	7.546000	75.766874
17.158567	7.547000	75.776915
17.158165	7.548000	75.786955
17.157763	7.549000	75.796996
17.157361	7.550000	75.807037
17.156959	7.551000	75.817077
17.156557	7.552000	75.827118
17.156155	7.553000	75.837159
17.155753	7.554000	75.847199
17.155351	7.555000	75.857240
17.154949	7.556000	75.867281
17.154547	7.557000	75.877321
17.154145	7.558000	75.887362
17.153743	7.559000	75.897403
17.153341	7.560000	75.907443
17.152939	7.561000	75.917484
17.152537	7.562000	75.927525
17.152135	7.563000	75.937565
17.151733	7.564000	75.947606
17.151331	7.565000	75.957647
17.150928	7.566000	75.967687
17.150526	7.567000	75.977728
17.150124	7.568000	75.987769
17.149722	7.569000	75.997809
17.149320	7.570000	76.007850
17.148918	7.571000	76.017891
17.148516	7.572000	76.027931
17.148114	7.573000	76.037972
17.147712	7.574000	76.048013
17.147309	7.575000	76.058053
17.146907	7.576000	76.068094
17.146505	7.577000	76.078135
17.146103	7.578000	76.088175
17.145701	7.579000	76.098216
17.145299	7.580000	76.108257
17.144896	7.581000	76.118297
17.144494	7.582000	76.128338
17.144092	7.583000	76.138379
17.143690	7.584000	76.148419
17.143287	7.585000	76.158460
17.142885	7.586000	76.168501
17.142483	7.587000	76.178541
17.142081	7.588000	76.188582
17.141679	7.589000	76.198623
17.141276	7.590000	76.208663
17.140874	7.591000	76.218704
17.140472	7.592000	76.228745
17.140069	7.593000	76.238785
17.139667	7.594000	76.248826
17.139265	7.595000	76.258867
17.138862	7.596000	76.268907
17.138460	7.597000	76.278948
17.138058	7.598000	76.288989
17.137656	7.599000	76.299029
17.137253	7.600000	76.309070
17.136851	7.601000	76.319111
17.136448	7.602000	76.329151
17.136046	7.603000	76.339192
17.135644	7.604000	76.349233
17.135241	7.605000	76.359273
17.134839	7.606000	76.369314
17.134437	7.607000	76.379355
17.134034	7.608000	76.389395
17.133632	7.609000	76.399436
17.133229	7.610000	76.409477
17.132827	7.611000	76.419517
17.132424	7.612000	76.429558
17.132022	7.613000	76.439599
17.131620	7.614000	76.449639
17.131217	7.615000	76.459680
17.130815	7.616000	76.469721
17.130412	7.617000	76.479761
17.130010	7.618000	76.489802
17.129607	7.619000	76.499843
17.129205	7.620000	76.509883
17.128802	7.621000	76.519924
17.128400	7.622000	76.529965
17.127997	7.623000	76.540005
17.127595	7.624000	76.550046
17.127192	7.625000	76.560087
17.126790	7.626000	76.570127
17.126387	7.627000	76.580168
17.125984	7.628000	76.590209
17.125582	7.629000	76.600249
17.125179	7.630000	76.610290
17.124777	7.631000	76.620331
17.124374	7.632000	76.630371
17.123972	7.633000	76.640412
17.123569	7.634000	76.650453
17.123166	7.635000	76.660493
17.122764	7.636000	76.670534
17.122361	7.637000	76.680575
17.121958	7.638000	76.690615
17.121556	7.639000	76.700656
17.121153	7.640000	76.710697
17.120750	7.641000	76.720737
17.120348	7.642000	76.730778
17.119945	7.643000	76.740819
17.119542	7.644000	76.750859
17.119140	7.645000	76.760900
17.118737	7.646000	76.770941
17.118334	7.647000	76.780981
17.117932	7.648000	76.791022
17.117529	7.649000	76.801063
17.117126	7.650000	76.811103
17.116723	7.651000	76.821144
17.116321	7.652000	76.831185
17.115918	7.653000	76.841225
17.115515	7.654000	76.851266
17.115112	7.655000	76.861307
17.114710	7.656000	76.871347
17.114307	7.657000	76.881388
17.113904	7.658000	76.891429
17.113501	7.659000	76.901469
17.113098	7.660000	76.911510
17.112696	7.661000	76.921551
17.112293	7.662000	76.931591
17.111890	7.663000	76.941632
17.111487	7.664000	76.951673
17.111084	7.665000	76.961713
17.110681	7.666000	76.971754
17.110279	7.667000	76.981795
17.109876	7.668000	76.991835
17.109473	7.669000	77.001876
17.109070	7.670000	77.011917
17.108667	7.671000	77.021957
17.108264	7.672000	77.031998
17.107861	7.673000	77.042039
17.107458	7.674000	77.052079
17.107055	7.675000	77.062120
17.106652	7.676000	77.072161
17.106249	7.677000	77.082201
17.105847	7.678000	77.092242
17.105444	7.679000	77.102283
17.105041	7.680000	77.112323
17.104638	7.681000	77.122364
17.104235	7.682000	77.132405
17.103832	7.683000	77.142445
17.103429	7.684000	77.152486
17.103026	7.685000	77.162527
17.102623	7.686000	77.172567
17.102220	7.687000	77.182608
17.101817	7.688000	77.192649
17.101414	7.689000	77.202689
17.101011	7.690000	77.212730
17.100607	7.691000	77.222771
17.100204	7.692000	77.232811
17.099801	7.693000	77.242852
17.099398	7.694000	77.252893
17.098995	7.695000	77.262933
17.098592	7.696000	77.272974
17.098189	7.697000	77.283015
17.097786	7.698000	77.293055
17.097383	7.699000	77.303096
17.096980	7.700000	77.313137
17.096577	7.701000	77.323177
17.096173	7.702000	77.333218
17.095770	7.703000	77.343259
17.095367	7.704000	77.353299
17.094964	7.705000	77.363340
17.094561	7.706000	77.373381
17.094158	7.707000	77.383421
17.093754	7.708000	77.393462
17.093351	7.709000	77.403503
17.092948	7.710000	77.413543
17.092545	7.711000	77.423584
17.092142	7.712000	77.433625
17.091738	7.713000	77.443665
17.091335	7.714000	77.453706
17.090932	7.715000	77.463747
17.090529	7.716000	77.473787
17.090125	7.717000	77.483828
17.089722	7.718000	77.493869
17.089319	7.719000	77.503909
17.088916	7.720000	77.513950
17.088512	7.721000	77.523991
17.088109	7.722000	77.534031
17.087706	7.723000	77.544072
17.087302	7.724000	77.554113
17.086899	7.725000	77.564153
17.086496	7.726000	77.574194
17.086092	7.727000	77.584235
17.085689	7.728000	77.594275
17.085286	7.729000	77.604316
17.084882	7.730000	77.614357
17.084479	7.731000	77.624397
17.084076	7.732000	77.634438
17.083672	7.733000	77.644479
17.083269	7.734000	77.654519
17.082866	7.735000	77.664560
17.082462	7.736000	77.674601
17.082059	7.737000	77.684641
17.081655	7.738000	77.694682
17.081252	7.739000	77.704723
17.080848	7.740000	77.714763
17.080445	7.741000	77.724804
17.080042	7.742000	77.734845
17.079638	7.743000	77.744885
17.079235	7.744000	77.754926
17.078831	7.745000	77.764967
17.078428	7.746000	77.775007
17.078024	7.747000	77.785048
17.077621	7.748000	77.795089
17.077217	7.749000	77.805129
17.076814	7.750000	77.815170
17.076410	7.751000	77.825211
17.076007	7.752000	77.835251
17.075603	7.753000	77.845292
17.075200	7.754000	77.855333
17.074796	7.755000	77.865373
17.074393	7.756000	77.875414
17.073989	7.757000	77.885455
17.073585	7.758000	77.895495
17.073182	7.759000	77.905536
17.072778	7.760000	77.915577
17.072375	7.761000	77.925617
17.071971	7.762000	77.935658
17.071567	7.763000	77.945699
17.071164	7.764000	77.955739
17.070760	7.765000	77.965780
17.070357	7.766000	77.975821
17.069953	7.767000	77.985861
17.069549	7.768000	77.995902
17.069146	7.769000	78.005943
17.068742	7.770000	78.015983
17.068338	7.771000	78.026024
17.067935	7.772000	78.036065
17.067531	7.773000	78.046105
17.067127	7.774000	78.056146
17.066723	7.775000	78.066187
17.066320	7.776000	78.076227
17.065916	7.777000	78.086268
17.065512	7.778000	78.096309
17.065109	7.779000	78.106349
17.064705	7.780000	78.116390
17.064301	7.781000	78.126431
17.063897	7.782000	78.136471
17.063494	7.783000	78.146512
17.063090	7.784000	78.156553
17.062686	7.785000	78.166593
17.062282	7.786000	78.176634
17.061878	7.787000	78.186675
17.061475	7.788000	78.196715
17.061071	7.789000	78.206756
17.060667	7.790000	78.216797
17.060263	7.791000	78.226837
17.059859	7.792000	78.236878
17.059455	7.793000	78.246919
17.059052	7.794000	78.256959
17.058648	7.795000	78.267000
17.058244	7.796000	78.277041
17.057840	7.797000	78.287081
17.057436	7.798000	78.297122
17.057032	7.799000	78.307163
17.056628	7.800000	78.317203
17.056224	7.801000	78.327244
17.055820	7.802000	78.337285
17.055417	7.803000	78.347325
17.055013	7.804000	78.357366
17.054609	7.805000	78.367407
17.054205	7.806000	78.377447
17.053801	7.807000	78.387488
17.053397	7.808000	78.397529
17.052993	7.809000	78.407569
17.052589	7.810000	78.417610
17.052185	7.811000	78.427651
17.051781	7.812000	78.437691
17.051377	7.813000	78.447732
17.050973	7.814000	78.457773
17.050569	7.815000	78.467813
17.050165	7.816000	78.477854
17.049761	7.817000	78.487895
17.049357	7.818000	78.497935
17.048953	7.819000	78.507976
17.048549	7.820000	78.518017
17.048145	7.821000	78.528057
17.047740	7.822000	78.538098
17.047336	7.823000	78.548139
17.046932	7.824000	78.558179
17.046528	7.825000	78.568220
17.046124	7.826000	78.578261
17.045720	7.827000	78.588301
17.045316	7.828000	78.598342
17.044912	7.829000	78.608383
17.044508	7.830000	78.618423
17.044103	7.831000	78.628464
17.043699	7.832000	78.638505
17.043295	7.833000	78.648545
17.042891	7.834000	78.658586
17.042487	7.835000	78.668627
17.042083	7.836000	78.678667
17.041678	7.837000	78.688708
17.041274	7.838000	78.698749
17.040870	7.839000	78.708789
17.040466	7.840000	78.718830
17.040062	7.841000	78.728871
17.039657	7.842000	78.738911
17.039253	7.843000	78.748952
17.038849	7.844000	78.758993
17.038445	7.845000	78.769033
17.038040	7.846000	78.779074
17.037636	7.847000	78.789115
17.037232	7.848000	78.799155
17.036827	7.849000	78.809196
17.036423	7.850000	78.819237
17.036019	7.851000	78.829277
17.035615	7.852000	78.839318
17.035210	7.853000	78.849359
17.034806	7.854000	78.859399
17.034402	7.855000	78.869440
17.033997	7.856000	78.879481
17.033593	7.857000	78.889521
17.033189	7.858000	78.899562
17.032784	7.859000	78.909603
17.032380	7.860000	78.919643
17.031975	7.861000	78.929684
17.031571	7.862000	78.939725
17.031167	7.863000	78.949765
17.030762	7.864000	78.959806
17.030358	7.865000	78.969847
17.029953	7.866000	78.979887
17.029549	7.867000	78.989928
17.029145	7.868000	78.999969
17.028740	7.869000	79.010009
17.028336	7.870000	79.020050
17.027931	7.871000	79.030091
17.027527	7.872000	79.040131
17.027122	7.873000	79.050172
17.026718	7.874000	79.060213
17.026313	7.875000	79.070253
17.025909	7.876000	79.080294
17.025504	7.877000	79.090335
17.025100	7.878000	79.100375
17.024695	7.879000	79.110416
17.024291	7.880000	79.120457
17.023886	7.881000	79.130497
17.023482	7.882000	79.140538
17.023077	7.883000	79.150579
17.022672	7.884000	79.160619
17.022268	7.885000	79.170660
17.021863	7.886000	79.180701
17.021459	7.887000	79.190741
17.021054	7.888000	79.200782
17.020650	7.889000	79.210823
17.020245	7.890000	79.220863
17.019840	7.891000	79.230904
17.019436	7.892000	79.240945
17.019031	7.893000	79.250985
17.018626	7.894000	79.261026
17.018222	7.895000	79.271067
17.017817	7.896000	79.281107
17.017412	7.897000	79.291148
17.017008	7.898000	79.301189
17.016603	7.899000	79.311229
17.016198	7.900000	79.321270
17.015794	7.901000	79.331311
17.015389	7.902000	79.341351
17.014984	7.903000	79.351392
17.014580	7.904000	79.361433
17.014175	7.905000	79.371473
17.013770	7.906000	79.381514
17.013365	7.907000	79.391555
17.012961	7.908000	79.401595
17.012556	7.909000	79.411636
17.012151	7.910000	79.421677
17.011746	7.911000	79.431717
17.011342	7.912000	79.441758
17.010937	7.913000	79.451799
17.010532	7.914000	79.461839
17.010127	7.915000	79.471880
17.009722	7.916000	79.481921
17.009318	7.917000	79.491961
17.008913	7.918000	79.502002
17.008508	7.919000	79.512043
17.008103	7.920000	79.522083
17.007698	7.921000	79.532124
17.007293	7.922000	79.542165
17.006888	7.923000	79.552205
17.006484	7.924000	79.562246
17.006079	7.925000	79.572287
17.005674	7.926000	79.582327
17.005269	7.927000	79.592368
17.004864	7.928000	79.602409
17.004459	7.929000	79.612449
17.004054	7.930000	79.622490
17.003649	7.931000	79.632531
17.003244	7.932000	79.642571
17.002839	7.933000	79.652612
17.002434	7.934000	79.662653
17.002029	7.935000	79.672693
17.001624	7.936000	79.682734
17.001219	7.937000	79.692775
17.000814	7.938000	79.702815
17.000409	7.939000	79.712856
17.000004	7.940000	79.722897
16.999599	7.941000	79.732937
16.999194	7.942000	79.742978
16.998789	7.943000	79.753019
16.998384	7.944000	79.763059
16.997979	7.945000	79.773100
16.997574	7.946000	79.783141
16.997169	7.947000	79.793181
16.996764	7.948000	79.803222
16.996359	7.949000	79.813263
16.995954	7.950000	79.823303
16.995549	7.951000	79.833344
16.995144	7.952000	79.843385
16.994739	7.953000	79.853425
16.994334	7.954000	79.863466
16.993928	7.955000	79.873507
16.993523	7.956000	79.883547
16.993118	7.957000	79.893588
16.992713	7.958000	79.903629
16.992308	7.959000	79.913669
16.991903	7.960000	79.923710
16.991498	7.961000	79.933751
16.991092	7.962000	79.943791
16.990687	7.963000	79.953832
16.990282	7.964000	79.963873
16.989877	7.965000	79.973913
16.989472	7.966000	79.983954
16.989066	7.967000	79.993995
16.988661	7.968000	80.004035
16.988256	7.969000	80.014076
16.987851	7.970000	80.024117
16.987445	7.971000	80.034157
16.987040	7.972000	80.044198
16.986635	7.973000	80.054239
16.986230	7.974000	80.064279
16.985824	7.975000	80.074320
16.985419	7.976000	80.084361
16.985014	7.977000	80.094401
16.984608	7.978000	80.104442
16.984203	7.979000	80.114483
16.983798	7.980000	80.124523
16.983392	7.981000	80.134564
16.982987	7.982000	80.144605
16.982582	7.983000	80.154645
16.982176	7.984000	80.164686
16.981771	7.985000	80.174727
16.981366	7.986000	80.184767
16.980960	7.987000	80.194808
16.980555	7.988000	80.204849
16.980150	7.989000	80.214889
16.979744	7.990000	80.224930
16.979339	7.991000	80.234971
16.978933	7.992000	80.245011
16.978528	7.993000	80.255052
16.978122	7.994000	80.265093
16.977717	7.995000	80.275133
16.977312	7.996000	80.285174
16.976906	7.997000	80.295215
16.976501	7.998000	80.305255
16.976095	7.999000	80.315296
16.975690	8.000000	80.325337
16.975284	8.001000	80.335377
16.974879	8.002000	80.345418
16.974473	8.003000	80.355459
16.974068	8.004000	80.365499
16.973662	8.005000	80.375540
16.973257	8.006000	80.385581
16.972851	8.007000	80.395621
16.972446	8.008000	80.405662
16.972040	8.009000	80.415703
16.971634	8.010000	80.425743
16.971229	8.011000	80.435784
16.970823	8.012000	80.445825
16.970418	8.013000	80.455865
16.970012	8.014000	80.465906
16.969607	8.015000	80.475947
16.969201	8.016000	80.485987
16.968795	8.017000	80.496028
16.968390	8.018000	80.506069
16.967984	8.019000	80.516109
16.967578	8.020000	80.526150
16.967173	8.021000	80.536191
16.966767	8.022000	80.546231
16.966361	8.023000	80.556272
16.965956	8.024000	80.566313
16.965550	8.025000	80.576353
16.965144	8.026000	80.586394
16.964739	8.027000	80.596435
16.964333	8.028000	80.606475
16.963927	8.029000	80.616516
16.963522	8.030000	80.626557
16.963116	8.031000	80.636597
16.962710	8.032000	80.646638
16.962304	8.033000	80.656679
16.961899	8.034000	80.666719
16.961493	8.035000	80.676760
16.961087	8.036000	80.686801
16.960681	8.037000	80.696841
16.960276	8.038000	80.706882
16.959870	8.039000	80.716923
16.959464	8.040000	80.726963
16.959058	8.041000	80.737004
16.958652	8.042000	80.747045
16.958247	8.043000	80.757085
16.957841	8.044000	80.767126
16.957435	8.045000	80.777167
16.957029	8.046000	80.787207
16.956623	8.047000	80.797248
16.956217	8.048000	80.807289
16.955811	8.049000	80.817329
16.955406	8.050000	80.827370
16.955000	8.051000	80.837411
16.954594	8.052000	80.847451
16.954188	8.053000	80.857492
16.953782	8.054000	80.867533
16.953376	8.055000	80.877573
16.952970	8.056000	80.887614
16.952564	8.057000	80.897655
16.952158	8.058000	80.907695
16.951752	8.059000	80.917736
16.951346	8.060000	80.927777
16.950940	8.061000	80.937817
16.950534	8.062000	80.947858
16.950128	8.063000	80.957899
16.949722	8.064000	80.967939
16.949316	8.065000	80.977980
16.948910	8.066000	80.988021
16.948504	8.067000	80.998061
16.948098	8.068000	81.008102
16.947692	8.069000	81.018143
16.947286	8.070000	81.028183
16.946880	8.071000	81.038224
16.946474	8.072000	81.048265
16.946068	8.073000	81.058305
16.945662	8.074000	81.068346
16.945256	8.075000	81.078387
16.944850	8.076000	81.088427
16.944444	8.077000	81.098468
16.944038	8.078000	81.108509
16.943632	8.079000	81.118549
16.943226	8.080000	81.128590
16.942819	8.081000	81.138631
16.942413	8.082000	81.148671
16.942007	8.083000	81.158712
16.941601	8.084000	81.168753
16.941195	8.085000	81.178793
16.940789	8.086000	81.188834
16.940383	8.087000	81.198875
16.939976	8.088000	81.208915
16.939570	8.089000	81.218956
16.939164	8.090000	81.228997
16.938758	8.091000	81.239037
16.938352	8.092000	81.249078
16.937945	8.093000	81.259119
16.937539	8.094000	81.269159
16.937133	8.095000	81.279200
16.936727	8.096000	81.289241
16.936320	8.097000	81.299281
16.935914	8.098000	81.309322
16.935508	8.099000	81.319363
16.935102	8.100000	81.329403
16.934695	8.101000	81.339444
16.934289	8.102000	81.349485
16.933883	8.103000	81.359525
16.933476	8.104000	81.369566
16.933070	8.105000	81.379607
16.932664	8.106000	81.389647
16.932257	8.107000	81.399688
16.931851	8.108000	81.409729
16.931445	8.109000	81.419769
16.931038	8.110000	81.429810
16.930632	8.111000	81.439851
16.930226	8.112000	81.449891
16.929819	8.113000	81.459932
16.929413	8.114000	81.469973
16.929006	8.115000	81.480013
16.928600	8.116000	81.490054
16.928194	8.117000	81.500095
16.927787	8.118000	81.510135
16.927381	8.119000	81.520176
16.926974	8.120000	81.530217
16.926568	8.121000	81.540257
16.926162	8.122000	81.550298
16.925755	8.123000	81.560339
16.925349	8.124000	81.570379
16.924942	8.125000	81.580420
16.924536	8.126000	81.590461
16.924129	8.127000	81.600501
16.923723	8.128000	81.610542
16.923316	8.129000	81.620583
16.922910	8.130000	81.630623
16.922503	8.131000	81.640664
16.922097	8.132000	81.650705
16.921690	8.133000	81.660745
16.921283	8.134000	81.670786
16.920877	8.135000	81.680827
16.920470	8.136000	81.690867
16.920064	8.137000	81.700908
16.919657	8.138000	81.710949
16.919251	8.139000	81.720989
16.918844	8.140000	81.731030
16.918437	8.141000	81.741071
16.918031	8.142000	81.751111
16.917624	8.143000	81.761152
16.917218	8.144000	81.771193
16.916811	8.145000	81.781233
16.916404	8.146000	81.791274
16.915998	8.147000	81.801315
16.915591	8.148000	81.811355
16.915184	8.149000	81.821396
16.914778	8.150000	81.831437
16.914371	8.151000	81.841477
16.913964	8.152000	81.851518
16.913558	8.153000	81.861559
16.913151	8.154000	81.871599
16.912744	8.155000	81.881640
16.912337	8.156000	81.891681
16.911931	8.157000	81.901721
16.911524	8.158000	81.911762
16.911117	8.159000	81.921803
16.910710	8.160000	81.931843
16.910304	8.161000	81.941884
16.909897	8.162000	81.951925
16.909490	8.163000	81.961965
16.909083	8.164000	81.972006
16.908677	8.165000	81.982047
16.908270	8.166000	81.992087
16.907863	8.167000	82.002128
16.907456	8.168000	82.012169
16.907049	8.169000	82.022209
16.906642	8.170000	82.032250
16.906236	8.171000	82.042291
16.905829	8.172000	82.052331
16.905422	8.173000	82.062372
16.905015	8.174000	82.072413
16.904608	8.175000	82.082453
16.904201	8.176000	82.092494
16.903794	8.177000	82.102535
16.903387	8.178000	82.112575
16.902981	8.179000	82.122616
16.902574	8.180000	82.132657
16.902167	8.181000	82.142697
16.901760	8.182000	82.152738
16.901353	8.183000	82.162779
16.900946	8.184000	82.172820
16.900539	8.185000	82.182860
16.900132	8.186000	82.192901
16.899725	8.187000	82.202942
16.899318	8.188000	82.212982
16.898911	8.189000	82.223023
16.898504	8.190000	82.233064
16.898097	8.191000	82.243104
16.897690	8.192000	82.253145
16.897283	8.193000	82.263186
16.896876	8.194000	82.273226
16.896469	8.195000	82.283267
16.896062	8.196000	82.293308
16.895655	8.197000	82.303348
16.895248	8.198000	82.313389
16.894841	8.199000	82.323430
16.894434	8.200000	82.333470
16.894027	8.201000	82.343511
16.893619	8.202000	82.353552
16.893212	8.203000	82.363592
16.892805	8.204000	82.373633
16.892398	8.205000	82.383674
16.891991	8.206000	82.393714
16.891584	8.207000	82.403755
16.891177	8.208000	82.413796
16.890770	8.209000	82.423836
16.890362	8.210000	82.433877
16.889955	8.211000	82.443918
16.889548	8.212000	82.453958
16.889141	8.213000	82.463999
16.888734	8.214000	82.474040
16.888327	8.215000	82.484080
16.887919	8.216000	82.494121
16.887512	8.217000	82.504162
16.887105	8.218000	82.514202
16.886698	8.219000	82.524243
16.886290	8.220000	82.534284
16.885883	8.221000	82.544324
16.885476	8.222000	82.554365
16.885069	8.223000	82.564406
16.884661	8.224000	82.574446
16.884254	8.225000	82.584487
16.883847	8.226000	82.594528
16.883440	8.227000	82.604568
16.883032	8.228000	82.614609
16.882625	8.229000	82.624650
16.882218	8.230000	82.634690
16.881810	8.231000	82.644731
16.881403	8.232000	82.654772
16.880996	8.233000	82.664812
16.880588	8.234000	82.674853
16.880181	8.235000	82.684894
16.879774	8.236000	82.694934
16.879366	8.237000	82.704975
16.878959	8.238000	82.715016
16.878551	8.239000	82.725056
16.878144	8.240000	82.735097
16.877737	8.241000	82.745138
16.877329	8.242000	82.755178
16.876922	8.243000	82.765219
16.876514	8.244000	82.775260
16.876107	8.245000	82.785300
16.875699	8.246000	82.795341
16.875292	8.247000	82.805382
16.874884	8.248000	82.815422
16.874477	8.249000	82.825463
16.874070	8.250000	82.835504
16.873662	8.251000	82.845544
16.873255	8.252000	82.855585
16.872847	8.253000	82.865626
16.872440	8.254000	82.875666
16.872032	8.255000	82.885707
16.871624	8.256000	82.895748
16.871217	8.257000	82.905788
16.870809	8.258000	82.915829
16.870402	8.259000	82.925870
16.869994	8.260000	82.935910
16.869587	8.261000	82.945951
16.869179	8.262000	82.955992
16.868772	8.263000	82.966032
16.868364	8.264000	82.976073
16.867956	8.265000	82.986114
16.867549	8.266000	82.996154
16.867141	8.267000	83.006195
16.866734	8.268000	83.016236
16.866326	8.269000	83.026276
16.865918	8.270000	83.036317
16.865511	8.271000	83.046358
16.865103	8.272000	83.056398
16.864695	8.273000	83.066439
16.864288	8.274000	83.076480
16.863880	8.275000	83.086520
16.863472	8.276000	83.096561
16.863065	8.277000	83.106602
16.862657	8.278000	83.116642
16.862249	8.279000	83.126683
16.861841	8.280000	83.136724
16.861434	8.281000	83.146764
16.861026	8.282000	83.156805
16.860618	8.283000	83.166846
16.860210	8.284000	83.176886
16.859803	8.285000	83.186927
16.859395	8.286000	83.196968
16.858987	8.287000	83.207008
16.858579	8.288000	83.217049
16.858172	8.289000	83.227090
16.857764	8.290000	83.237130
16.857356	8.291000	83.247171
16.856948	8.292000	83.257212
16.856540	8.293000	83.267252
16.856132	8.294000	83.277293
16.855725	8.295000	83.287334
16.855317	8.296000	83.297374
16.854909	8.297000	83.307415
16.854501	8.298000	83.317456
16.854093	8.299000	83.327496
16.853685	8.300000	83.337537
16.853277	8.301000	83.347578
16.852870	8.302000	83.357618
16.852462	8.303000	83.367659
16.852054	8.304000	83.377700
16.851646	8.305000	83.387740
16.851238	8.306000	83.397781
16.850830	8.307000	83.407822
16.850422	8.308000	83.417862
16.850014	8.309000	83.427903
16.849606	8.310000	83.437944
16.849198	8.311000	83.447984
16.848790	8.312000	83.458025
16.848382	8.313000	83.468066
16.847974	8.314000	83.478106
16.847566	8.315000	83.488147
16.847158	8.316000	83.498188
16.846750	8.317000	83.508228
16.846342	8.318000	83.518269
16.845934	8.319000	83.528310
16.845526	8.320000	83.538350
16.845118	8.321000	83.548391
16.844710	8.322000	83.558432
16.844302	8.323000	83.568472
16.843894	8.324000	83.578513
16.843486	8.325000	83.588554
16.843078	8.326000	83.598594
16.842669	8.327000	83.608635
16.842261	8.328000	83.618676
16.841853	8.329000	83.628716
16.841445	8.330000	83.638757
16.841037	8.331000	83.648798
16.840629	8.332000	83.658838
16.840221	8.333000	83.668879
16.839812	8.334000	83.678920
16.839404	8.335000	83.688960
16.838996	8.336000	83.699001
16.838588	8.337000	83.709042
16.838180	8.338000	83.719082
16.837772	8.339000	83.729123
16.837363	8.340000	83.739164
16.836955	8.341000	83.749204
16.836547	8.342000	83.759245
16.836139	8.343000	83.769286
16.835730	8.344000	83.779326
16.835322	8.345000	83.789367
16.834914	8.346000	83.799408
16.834506	8.347000	83.809448
16.834097	8.348000	83.819489
16.833689	8.349000	83.829530
16.833281	8.350000	83.839570
16.832873	8.351000	83.849611
16.832464	8.352000	83.859652
16.832056	8.353000	83.869692
16.831648	8.354000	83.879733
16.831239	8.355000	83.889774
16.830831	8.356000	83.899814
16.830423	8.357000	83.909855
16.830014	8.358000	83.919896
16.829606	8.359000	83.929936
16.829198	8.360000	83.939977
16.828789	8.361000	83.950018
16.828381	8.362000	83.960058
16.827972	8.363000	83.970099
16.827564	8.364000	83.980140
16.827156	8.365000	83.990180
16.826747	8.366000	84.000221
16.826339	8.367000	84.010262
16.825930	8.368000	84.020302
16.825522	8.369000	84.030343
16.825113	8.370000	84.040384
16.824705	8.371000	84.050424
16.824296	8.372000	84.060465
16.823888	8.373000	84.070506
16.823480	8.374000	84.080546
16.823071	8.375000	84.090587
16.822663	8.376000	84.100628
16.822254	8.377000	84.110668
16.821846	8.378000	84.120709
16.821437	8.379000	84.130750
16.821028	8.380000	84.140790
16.820620	8.381000	84.150831
16.820211	8.382000	84.160872
16.819803	8.383000	84.170912
16.819394	8.384000	84.180953
16.818986	8.385000	84.190994
16.818577	8.386000	84.201034
16.818169	8.387000	84.211075
16.817760	8.388000	84.221116
16.817351	8.389000	84.231156
16.816943	8.390000	84.241197
16.816534	8.391000	84.251238
16.816125	8.392000	84.261278
16.815717	8.393000	84.271319
16.815308	8.394000	84.281360
16.814900	8.395000	84.291400
16.814491	8.396000	84.301441
16.814082	8.397000	84.311482
16.813674	8.398000	84.321522
16.813265	8.399000	84.331563
16.812856	8.400000	84.341604
16.812447	8.401000	84.351644
16.812039	8.402000	84.361685
16.811630	8.403000	84.371726
16.811221	8.404000	84.381766
16.810813	8.405000	84.391807
16.810404	8.406000	84.401848
16.809995	8.407000	84.411888
16.809586	8.408000	84.421929
16.809178	8.409000	84.431970
16.808769	8.410000	84.442010
16.808360	8.411000	84.452051
16.807951	8.412000	84.462092
16.807542	8.413000	84.472132
16.807134	8.414000	84.482173
16.806725	8.415000	84.492214
16.806316	8.416000	84.502254
16.805907	8.417000	84.512295
16.805498	8.418000	84.522336
16.805089	8.419000	84.532376
16.804681	8.420000	84.542417
16.804272	8.421000	84.552458
16.803863	8.422000	84.562498
16.803454	8.423000	84.572539
16.803045	8.424000	84.582580
16.802636	8.425000	84.592620
16.802227	8.426000	84.602661
16.801818	8.427000	84.612702
16.801409	8.428000	84.622742
16.801000	8.429000	84.632783
16.800592	8.430000	84.642824
16.800183	8.431000	84.652864
16.799774	8.432000	84.662905
16.799365	8.433000	84.672946
16.798956	8.434000	84.682986
16.798547	8.435000	84.693027
16.798138	8.436000	84.703068
16.797729	8.437000	84.713108
16.797320	8.438000	84.723149
16.796911	8.439000	84.733190
16.796502	8.440000	84.743230
16.796093	8.441000	84.753271
16.795684	8.442000	84.763312
16.795275	8.443000	84.773352
16.794866	8.444000	84.783393
16.794457	8.445000	84.793434
16.794047	8.446000	84.803474
16.793638	8.447000	84.813515
16.793229	8.448000	84.823556
16.792820	8.449000	84.833596
16.792411	8.450000	84.843637
16.792002	8.451000	84.853678
16.791593	8.452000	84.863718
16.791184	8.453000	84.873759
16.790775	8.454000	84.883800
16.790365	8.455000	84.893840
16.789956	8.456000	84.903881
16.789547	8.457000	84.913922
16.789138	8.458000	84.923962
16.788729	8.459000	84.934003
16.788320	8.460000	84.944044
16.787910	8.461000	84.954084
16.787501	8.462000	84.964125
16.787092	8.463000	84.974166
16.786683	8.464000	84.984206
16.786274	8.465000	84.994247
16.785864	8.466000	85.004288
16.785455	8.467000	85.014328
16.785046	8.468000	85.024369
16.784637	8.469000	85.034410
16.784227	8.470000	85.044450
16.783818	8.471000	85.054491
16.783409	8.472000	85.064532
16.783000	8.473000	85.074572
16.782590	8.474000	85.084613
16.782181	8.475000	85.094654
16.781772	8.476000	85.104694
16.781362	8.477000	85.114735
16.780953	8.478000	85.124776
16.780544	8.479000	85.134816
16.780134	8.480000	85.144857
16.779725	8.481000	85.154898
16.779316	8.482000	85.164938
16.778906	8.483000	85.174979
16.778497	8.484000	85.185020
16.778087	8.485000	85.195060
16.777678	8.486000	85.205101
16.777269	8.487000	85.215142
16.776859	8.488000	85.225182
16.776450	8.489000	85.235223
16.776040	8.490000	85.245264
16.775631	8.491000	85.255304
16.775221	8.492000	85.265345
16.774812	8.493000	85.275386
16.774403	8.494000	85.285426
16.773993	8.495000	85.295467
16.773584	8.496000	85.305508
16.773174	8.497000	85.315548
16.772765	8.498000	85.325589
16.772355	8.499000	85.335630
16.771946	8.500000	85.345670
16.771536	8.501000	85.355711
16.771127	8.502000	85.365752
16.770717	8.503000	85.375792
16.770308	8.504000	85.385833
16.769898	8.505000	85.395874
16.769488	8.506000	85.405914
16.769079	8.507000	85.415955
16.768669	8.508000	85.425996
16.768260	8.509000	85.436036
16.767850	8.510000	85.446077
16.767440	8.511000	85.456118
16.767031	8.512000	85.466158
16.766621	8.513000	85.476199
16.766212	8.514000	85.486240
16.765802	8.515000	85.496280
16.765392	8.516000	85.506321
16.764983	8.517000	85.516362
16.764573	8.518000	85.526402
16.764163	8.519000	85.536443
16.763754	8.520000	85.546484
16.763344	8.521000	85.556524
16.762934	8.522000	85.566565
16.762525	8.523000	85.576606
16.762115	8.524000	85.586646
16.761705	8.525000	85.596687
16.761296	8.526000	85.606728
16.760886	8.527000	85.616768
16.760476	8.528000	85.626809
16.760066	8.529000	85.636850
16.759657	8.530000	85.646890
16.759247	8.531000	85.656931
16.758837	8.532000	85.666972
16.758427	8.533000	85.677012
16.758017	8.534000	85.687053
16.757608	8.535000	85.697094
16.757198	8.536000	85.707134
16.756788	8.537000	85.717175
16.756378	8.538000	85.727216
16.755968	8.539000	85.737256
16.755559	8.540000	85.747297
16.755149	8.541000	85.757338
16.754739	8.542000	85.767378
16.754329	8.543000	85.777419
16.753919	8.544000	85.787460
16.753509	8.545000	85.797500
16.753099	8.546000	85.807541
16.752689	8.547000	85.817582
16.752280	8.548000	85.827622
16.751870	8.549000	85.837663
16.751460	8.550000	85.847704
16.751050	8.551000	85.857744
16.750640	8.552000	85.867785
16.750230	8.553000	85.877826
16.749820	8.554000	85.887866
16.749410	8.555000	85.897907
16.749000	8.556000	85.907948
16.748590	8.557000	85.917988
16.748180	8.558000	85.928029
16.747770	8.559000	85.938070
16.747360	8.560000	85.948110
16.746950	8.561000	85.958151
16.746540	8.562000	85.968192
16.746130	8.563000	85.978232
16.745720	8.564000	85.988273
16.745310	8.565000	85.998314
16.744900	8.566000	86.008354
16.744490	8.567000	86.018395
16.744080	8.568000	86.028436
16.743670	8.569000	86.038476
16.743260	8.570000	86.048517
16.742850	8.571000	86.058558
16.742439	8.572000	86.068598
16.742029	8.573000	86.078639
16.741619	8.574000	86.088680
16.741209	8.575000	86.098720
16.740799	8.576000	86.108761
16.740389	8.577000	86.118802
16.739979	8.578000	86.128842
16.739568	8.579000	86.138883
16.739158	8.580000	86.148924
16.738748	8.581000	86.158964
16.738338	8.582000	86.169005
16.737928	8.583000	86.179046
16.737518	8.584000	86.189086
16.737107	8.585000	86.199127
16.736697	8.586000	86.209168
16.736287	8.587000	86.219208
16.735877	8.588000	86.229249
16.735466	8.589000	86.239290
16.735056	8.590000	86.249330
16.734646	8.591000	86.259371
16.734236	8.592000	86.269412
16.733825	8.593000	86.279452
16.733415	8.594000	86.289493
16.733005	8.595000	86.299534
16.732595	8.596000	86.309574
16.732184	8.597000	86.319615
16.731774	8.598000	86.329656
16.731364	8.599000	86.339696
16.730953	8.600000	86.349737
16.730543	8.601000	86.359778
16.730133	8.602000	86.369818
16.729722	8.603000	86.379859
16.729312	8.604000	86.389900
16.728901	8.605000	86.399940
16.728491	8.606000	86.409981
16.728081	8.607000	86.420022
16.727670	8.608000	86.430062
16.727260	8.609000	86.440103
16.726850	8.610000	86.450144
16.726439	8.611000	86.460184
16.726029	8.612000	86.470225
16.725618	8.613000	86.480266
16.725208	8.614000	86.490306
16.724797	8.615000	86.500347
16.724387	8.616000	86.510388
16.723976	8.617000	86.520428
16.723566	8.618000	86.530469
16.723155	8.619000	86.540510
16.722745	8.620000	86.550550
16.722334	8.621000	86.560591
16.721924	8.622000	86.570632
16.721513	8.623000	86.580672
16.721103	8.624000	86.590713
16.720692	8.625000	86.600754
16.720282	8.626000	86.610794
16.719871	8.627000	86.620835
16.719461	8.628000	86.630876
16.719050	8.629000	86.640916
16.718640	8.630000	86.650957
16.718229	8.631000	86.660998
16.717818	8.632000	86.671038
16.717408	8.633000	86.681079
16.716997	8.634000	86.691120
16.716586	8.635000	86.701160
16.716176	8.636000	86.711201
16.715765	8.637000	86.721242
16.715355	8.638000	86.731282
16.714944	8.639000	86.741323
16.714533	8.640000	86.751364
16.714123	8.641000	86.761404
16.713712	8.642000	86.771445
16.713301	8.643000	86.781486
16.712891	8.644000	86.791526
16.712480	8.645000	86.801567
16.712069	8.646000	86.811608
16.711658	8.647000	86.821648
16.711248	8.648000	86.831689
16.710837	8.649000	86.841730
16.710426	8.650000	86.851770
16.710015	8.651000	86.861811
16.709605	8.652000	86.871852
16.709194	8.653000	86.881892
16.708783	8.654000	86.891933
16.708372	8.655000	86.901974
16.707962	8.656000	86.912014
16.707551	8.657000	86.922055
16.707140	8.658000	86.932096
16.706729	8.659000	86.942136
16.706318	8.660000	86.952177
16.705907	8.661000	86.962218
16.705497	8.662000	86.972258
16.705086	8.663000	86.982299
16.704675	8.664000	86.992340
16.704264	8.665000	87.002380
16.703853	8.666000	87.012421
16.703442	8.667000	87.022462
16.703031	8.668000	87.032502
16.702621	8.669000	87.042543
16.702210	8.670000	87.052584
16.701799	8.671000	87.062624
16.701388	8.672000	87.072665
16.700977	8.673000	87.082706
16.700566	8.674000	87.092746
16.700155	8.675000	87.102787
16.699744	8.676000	87.112828
16.699333	8.677000	87.122868
16.698922	8.678000	87.132909
16.698511	8.679000	87.142950
16.698100	8.680000	87.152990
16.697689	8.681000	87.163031
16.697278	8.682000	87.173072
16.696867	8.683000	87.183112
16.696456	8.684000	87.193153
16.696045	8.685000	87.203194
16.695634	8.686000	87.213234
16.695223	8.687000	87.223275
16.694812	8.688000	87.233316
16.694401	8.689000	87.243356
16.693990	8.690000	87.253397
16.693579	8.691000	87.263438
16.693168	8.692000	87.273478
16.692756	8.693000	87.283519
16.692345	8.694000	87.293560
16.691934	8.695000	87.303600
16.691523	8.696000	87.313641
16.691112	8.697000	87.323682
16.690701	8.698000	87.333722
16.690290	8.699000	87.343763
16.689879	8.700000	87.353804
16.689467	8.701000	87.363844
16.689056	8.702000	87.373885
16.688645	8.703000	87.383926
16.688234	8.704000	87.393966
16.687823	8.705000	87.404007
16.687411	8.706000	87.414048
16.687000	8.707000	87.424088
16.686589	8.708000	87.434129
16.686178	8.709000	87.444170
16.685766	8.710000	87.454210
16.685355	8.711000	87.464251
16.684944	8.712000	87.474292
16.684533	8.713000	87.484332
16.684121	8.714000	87.494373
16.683710	8.715000	87.504414
16.683299	8.716000	87.514454
16.682888	8.717000	87.524495
16.682476	8.718000	87.534536
16.682065	8.719000	87.544576
16.681654	8.720000	87.554617
16.681242	8.721000	87.564658
16.680831	8.722000	87.574698
16.680420	8.723000	87.584739
16.680008	8.724000	87.594780
16.679597	8.725000	87.604820
16.679186	8.726000	87.614861
16.678774	8.727000	87.624902
16.678363	8.728000	87.634942
16.677951	8.729000	87.644983
16.677540	8.730000	87.655024
16.677129	8.731000	87.665064
16.676717	8.732000	87.675105
16.676306	8.733000	87.685146
16.675894	8.734000	87.695186
16.675483	8.735000	87.705227
16.675071	8.736000	87.715268
16.674660	8.737000	87.725308
16.674248	8.738000	87.735349
16.673837	8.739000	87.745390
16.673425	8.740000	87.755430
16.673014	8.741000	87.765471
16.672602	8.742000	87.775512
16.672191	8.743000	87.785552
16.671779	8.744000	87.795593
16.671368	8.745000	87.805634
16.670956	8.746000	87.815674
16.670545	8.747000	87.825715
16.670133	8.748000	87.835756
16.669722	8.749000	87.845796
16.669310	8.750000	87.855837
16.668899	8.751000	87.865878
16.668487	8.752000	87.875918
16.668075	8.753000	87.885959
16.667664	8.754000	87.896000
16.667252	8.755000	87.906040
16.666840	8.756000	87.916081
16.666429	8.757000	87.926122
16.666017	8.758000	87.936162
16.665606	8.759000	87.946203
16.665194	8.760000	87.956244
16.664782	8.761000	87.966284
16.664371	8.762000	87.976325
16.663959	8.763000	87.986366
16.663547	8.764000	87.996406
16.663136	8.765000	88.006447
16.662724	8.766000	88.016488
16.662312	8.767000	88.026528
16.661900	8.768000	88.036569
16.661489	8.769000	88.046610
16.661077	8.770000	88.056650
16.660665	8.771000	88.066691
16.660253	8.772000	88.076732
16.659842	8.773000	88.086772
16.659430	8.774000	88.096813
16.659018	8.775000	88.106854
16.658606	8.776000	88.116894
16.658195	8.777000	88.126935
16.657783	8.778000	88.136976
16.657371	8.779000	88.147016
16.656959	8.780000	88.157057
16.656547	8.781000	88.167098
16.656135	8.782000	88.177138
16.655724	8.783000	88.187179
16.655312	8.784000	88.197220
16.654900	8.785000	88.207260
16.654488	8.786000	88.217301
16.654076	8.787000	88.227342
16.653664	8.788000	88.237382
16.653252	8.789000	88.247423
16.652840	8.790000	88.257464
16.652428	8.791000	88.267504
16.652017	8.792000	88.277545
16.651605	8.793000	88.287586
16.651193	8.794000	88.297626
16.650781	8.795000	88.307667
16.650369	8.796000	88.317708
16.649957	8.797000	88.327748
16.649545	8.798000	88.337789
16.649133	8.799000	88.347830
16.648721	8.800000	88.357870
16.648309	8.801000	88.367911
16.647897	8.802000	88.377952
16.647485	8.803000	88.387992
16.647073	8.804000	88.398033
16.646661	8.805000	88.408074
16.646249	8.806000	88.418114
16.645837	8.807000	88.428155
16.645425	8.808000	88.438196
16.645013	8.809000	88.448236
16.644601	8.810000	88.458277
16.644188	8.811000	88.468318
16.643776	8.812000	88.478358
16.643364	8.813000	88.488399
16.642952	8.814000	88.498440
16.642540	8.815000	88.508480
16.642128	8.816000	88.518521
16.641716	8.817000	88.528562
16.641304	8.818000	88.538602
16.640892	8.819000	88.548643
16.640479	8.820000	88.558684
16.640067	8.821000	88.568724
16.639655	8.822000	88.578765
16.639243	8.823000	88.588806
16.638831	8.824000	88.598846
16.638418	8.825000	88.608887
16.638006	8.826000	88.618928
16.637594	8.827000	88.628968
16.637182	8.828000	88.639009
16.636770	8.829000	88.649050
16.636357	8.830000	88.659090
16.635945	8.831000	88.669131
16.635533	8.832000	88.679172
16.635121	8.833000	88.689212
16.634708	8.834000	88.699253
16.634296	8.835000	88.709294
16.633884	8.836000	88.719334
16.633471	8.837000	88.729375
16.633059	8.838000	88.739416
16.632647	8.839000	88.749456
16.632235	8.840000	88.759497
16.631822	8.841000	88.769538
16.631410	8.842000	88.779578
16.630997	8.843000	88.789619
16.630585	8.844000	88.799660
16.630173	8.845000	88.809700
16.629760	8.846000	88.819741
16.629348	8.847000	88.829782
16.628936	8.848000	88.839822
16.628523	8.849000	88.849863
16.628111	8.850000	88.859904
16.627698	8.851000	88.869944
16.627286	8.852000	88.879985
16.626874	8.853000	88.890026
16.626461	8.854000	88.900066
16.626049	8.855000	88.910107
16.625636	8.856000	88.920148
16.625224	8.857000	88.930188
16.624811	8.858000	88.940229
16.624399	8.859000	88.950270
16.623986	8.860000	88.960310
16.623574	8.861000	88.970351
16.623161	8.862000	88.980392
16.622749	8.863000	88.990432
16.622336	8.864000	89.000473
16.621924	8.865000	89.010514
16.621511	8.866000	89.020554
16.621099	8.867000	89.030595
16.620686	8.868000	89.040636
16.620274	8.869000	89.050676
16.619861	8.870000	89.060717
16.619448	8.871000	89.070758
16.619036	8.872000	89.080798
16.618623	8.873000	89.090839
16.618211	8.874000	89.100880
16.617798	8.875000	89.110920
16.617385	8.876000	89.120961
16.616973	8.877000	89.131002
16.616560	8.878000	89.141042
16.616147	8.879000	89.151083
16.615735	8.880000	89.161124
16.615322	8.881000	89.171164
16.614909	8.882000	89.181205
16.614497	8.883000	89.191246
16.614084	8.884000	89.201286
16.613671	8.885000	89.211327
16.613259	8.886000	89.221368
16.612846	8.887000	89.231408
16.612433	8.888000	89.241449
16.612020	8.889000	89.251490
16.611608	8.890000	89.261530
16.611195	8.891000	89.271571
16.610782	8.892000	89.281612
16.610369	8.893000	89.291652
16.609957	8.894000	89.301693
16.609544	8.895000	89.311734
16.609131	8.896000	89.321774
16.608718	8.897000	89.331815
16.608305	8.898000	89.341856
16.607893	8.899000	89.351896
16.607480	8.900000	89.361937
16.607067	8.901000	89.371978
16.606654	8.902000	89.382018
16.606241	8.903000	89.392059
16.605828	8.904000	89.402100
16.605416	8.905000	89.412140
16.605003	8.906000	89.422181
16.604590	8.907000	89.432222
16.604177	8.908000	89.442262
16.603764	8.909000	89.452303
16.603351	8.910000	89.462344
16.602938	8.911000	89.472384
16.602525	8.912000	89.482425
16.602112	8.913000	89.492466
16.601699	8.914000	89.502506
16.601286	8.915000	89.512547
16.600873	8.916000	89.522588
16.600461	8.917000	89.532628
16.600048	8.918000	89.542669
16.599635	8.919000	89.552710
16.599222	8.920000	89.562750
16.598809	8.921000	89.572791
16.598396	8.922000	89.582832
16.597983	8.923000	89.592872
16.597570	8.924000	89.602913
16.597156	8.925000	89.612954
16.596743	8.926000	89.622994
16.596330	8.927000	89.633035
16.595917	8.928000	89.643076
16.595504	8.929000	89.653116
16.595091	8.930000	89.663157
16.594678	8.931000	89.673198
16.594265	8.932000	89.683238
16.593852	8.933000	89.693279
16.593439	8.934000	89.703320
16.593026	8.935000	89.713360
16.592613	8.936000	89.723401
16.592199	8.937000	89.733442
16.591786	8.938000	89.743482
16.591373	8.939000	89.753523
16.590960	8.940000	89.763564
16.590547	8.941000	89.773604
16.590134	8.942000	89.783645
16.589720	8.943000	89.793686
16.589307	8.944000	89.803726
16.588894	8.945000	89.813767
16.588481	8.946000	89.823808
16.588068	8.947000	89.833848
16.587654	8.948000	89.843889
16.587241	8.949000	89.853930
16.586828	8.950000	89.863970
16.586415	8.951000	89.874011
16.586001	8.952000	89.884052
16.585588	8.953000	89.894092
16.585175	8.954000	89.904133
16.584762	8.955000	89.914174
16.584348	8.956000	89.924214
16.583935	8.957000	89.934255
16.583522	8.958000	89.944296
16.583108	8.959000	89.954336
16.582695	8.960000	89.964377
16.582282	8.961000	89.974418
16.581868	8.962000	89.984458
16.581455	8.963000	89.994499
16.581042	8.964000	90.004540
16.580628	8.965000	90.014581
16.580215	8.966000	90.024621
16.579801	8.967000	90.034662
16.579388	8.968000	90.044703
16.578975	8.969000	90.054743
16.578561	8.970000	90.064784
16.578148	8.971000	90.074825
16.577734	8.972000	90.084865
16.577321	8.973000	90.094906
16.576907	8.974000	90.104947
16.576494	8.975000	90.114987
16.576081	8.976000	90.125028
16.575667	8.977000	90.135069
16.575254	8.978000	90.145109
16.574840	8.979000	90.155150
16.574427	8.980000	90.165191
16.574013	8.981000	90.175231
16.573600	8.982000	90.185272
16.573186	8.983000	90.195313
16.572773	8.984000	90.205353
16.572359	8.985000	90.215394
16.571945	8.986000	90.225435
16.571532	8.987000	90.235475
16.571118	8.988000	90.245516
16.570705	8.989000	90.255557
16.570291	8.990000	90.265597
16.569878	8.991000	90.275638
16.569464	8.992000	90.285679
16.569050	8.993000	90.295719
16.568637	8.994000	90.305760
16.568223	8.995000	90.315801
16.567809	8.996000	90.325841
16.567396	8.997000	90.335882
16.566982	8.998000	90.345923
16.566569	8.999000	90.355963
16.566155	9.000000	90.366004
16.565741	9.001000	90.376045
16.565327	9.002000	90.386085
16.564914	9.003000	90.396126
16.564500	9.004000	90.406167
16.564086	9.005000	90.416207
16.563673	9.006000	90.426248
16.563259	9.007000	90.436289
16.562845	9.008000	90.446329
16.562431	9.009000	90.456370
16.562018	9.010000	90.466411
16.561604	9.011000	90.476451
16.561190	9.012000	90.486492
16.560776	9.013000	90.496533
16.560363	9.014000	90.506573
16.559949	9.015000	90.516614
16.559535	9.016000	90.526655
16.559121	9.017000	90.536695
16.558707	9.018000	90.546736
16.558294	9.019000	90.556777
16.557880	9.020000	90.566817
16.557466	9.021000	90.576858
16.557052	9.022000	90.586899
16.556638	9.023000	90.596939
16.556224	9.024000	90.606980
16.555810	9.025000	90.617021
16.555397	9.026000	90.627061
16.554983	9.027000	90.637102
16.554569	9.028000	90.647143
16.554155	9.029000	90.657183
16.553741	9.030000	90.667224
16.553327	9.031000	90.677265
16.552913	9.032000	90.687305
16.552499	9.033000	90.697346
16.552085	9.034000	90.707387
16.551671	9.035000	90.717427
16.551257	9.036000	90.727468
16.550843	9.037000	90.737509
16.550429	9.038000	90.747549
16.550015	9.039000	90.757590
16.549601	9.040000	90.767631
16.549187	9.041000	90.777671
16.548773	9.042000	90.787712
16.548359	9.043000	90.797753
16.547945	9.044000	90.807793
16.547531	9.045000	90.817834
16.547117	9.046000	90.827875
16.546703	9.047000	90.837915
16.546289	9.048000	90.847956
16.545875	9.049000	90.857997
16.545461	9.050000	90.868037
16.545047	9.051000	90.878078
16.544633	9.052000	90.888119
16.544218	9.053000	90.898159
16.543804	9.054000	90.908200
16.543390	9.055000	90.918241
16.542976	9.056000	90.928281
16.542562	9.057000	90.938322
16.542148	9.058000	90.948363
16.541734	9.059000	90.958403
16.541319	9.060000	90.968444
16.540905	9.061000	90.978485
16.540491	9.062000	90.988525
16.540077	9.063000	90.998566
16.539663	9.064000	91.008607
16.539248	9.065000	91.018647
16.538834	9.066000	91.028688
16.538420	9.067000	91.038729
16.538006	9.068000	91.048769
16.537591	9.069000	91.058810
16.537177	9.070000	91.068851
16.536763	9.071000	91.078891
16.536349	9.072000	91.088932
16.535934	9.073000	91.098973
16.535520	9.074000	91.109013
16.535106	9.075000	91.119054
16.534691	9.076000	91.129095
16.534277	9.077000	91.139135
16.533863	9.078000	91.149176
16.533448	9.079000	91.159217
16.533034	9.080000	91.169257
16.532620	9.081000	91.179298
16.532205	9.082000	91.189339
16.531791	9.083000	91.199379
16.531377	9.084000	91.209420
16.530962	9.085000	91.219461
16.530548	9.086000	91.229501
16.530133	9.087000	91.239542
16.529719	9.088000	91.249583
16.529305	9.089000	91.259623
16.528890	9.090000	91.269664
16.528476	9.091000	91.279705
16.528061	9.092000	91.289745
16.527647	9.093000	91.299786
16.527232	9.094000	91.309827
16.526818	9.095000	91.319867
16.526403	9.096000	91.329908
16.525989	9.097000	91.339949
16.525574	9.098000	91.349989
16.525160	9.099000	91.360030
16.524745	9.100000	91.370071
16.524331	9.101000	91.380111
16.523916	9.102000	91.390152
16.523502	9.103000	91.400193
16.523087	9.104000	91.410233
16.522673	9.105000	91.420274
16.522258	9.106000	91.430315
16.521844	9.107000	91.440355
16.521429	9.108000	91.450396
16.521014	9.109000	91.460437
16.520600	9.110000	91.470477
16.520185	9.111000	91.480518
16.519771	9.112000	91.490559
16.519356	9.113000	91.500599
16.518941	9.114000	91.510640
16.518527	9.115000	91.520681
16.518112	9.116000	91.530721
16.517697	9.117000	91.540762
16.517283	9.118000	91.550803
16.516868	9.119000	91.560843
16.516453	9.120000	91.570884
16.516039	9.121000	91.580925
16.515624	9.122000	91.590965
16.515209	9.123000	91.601006
16.514794	9.124000	91.611047
16.514380	9.125000	91.621087
16.513965	9.126000	91.631128
16.513550	9.127000	91.641169
16.513136	9.128000	91.651209
16.512721	9.129000	91.661250
16.512306	9.130000	91.671291
16.511891	9.131000	91.681331
16.511476	9.132000	91.691372
16.511062	9.133000	91.701413
16.510647	9.134000	91.711453
16.510232	9.135000	91.721494
16.509817	9.136000	91.731535
16.509402	9.137000	91.741575
16.508988	9.138000	91.751616
16.508573	9.139000	91.761657
16.508158	9.140000	91.771697
16.507743	9.141000	91.781738
16.507328	9.142000	91.791779
16.506913	9.143000	91.801819
16.506498	9.144000	91.811860
16.506083	9.145000	91.821901
16.505669	9.146000	91.831941
16.505254	9.147000	91.841982
16.504839	9.148000	91.852023
16.504424	9.149000	91.862063
16.504009	9.150000	91.872104
16.503594	9.151000	91.882145
16.503179	9.152000	91.892185
16.502764	9.153000	91.902226
16.502349	9.154000	91.912267
16.501934	9.155000	91.922307
16.501519	9.156000	91.932348
16.501104	9.157000	91.942389
16.500689	9.158000	91.952429
16.500274	9.159000	91.962470
16.499859	9.160000	91.972511
16.499444	9.161000	91.982551
16.499029	9.162000	91.992592
16.498614	9.163000	92.002633
16.498199	9.164000	92.012673
16.497784	9.165000	92.022714
16.497369	9.166000	92.032755
16.496954	9.167000	92.042795
16.496538	9.168000	92.052836
16.496123	9.169000	92.062877
16.495708	9.170000	92.072917
16.495293	9.171000	92.082958
16.494878	9.172000	92.092999
16.494463	9.173000	92.103039
16.494048	9.174000	92.113080
16.493633	9.175000	92.123121
16.493217	9.176000	92.133161
16.492802	9.177000	92.143202
16.492387	9.178000	92.153243
16.491972	9.179000	92.163283
16.491557	9.180000	92.173324
16.491141	9.181000	92.183365
16.490726	9.182000	92.193405
16.490311	9.183000	92.203446
16.489896	9.184000	92.213487
16.489481	9.185000	92.223527
16.489065	9.186000	92.233568
16.488650	9.187000	92.243609
16.488235	9.188000	92.253649
16.487819	9.189000	92.263690
16.487404	9.190000	92.273731
16.486989	9.191000	92.283771
16.486574	9.192000	92.293812
16.486158	9.193000	92.303853
16.485743	9.194000	92.313893
16.485328	9.195000	92.323934
16.484912	9.196000	92.333975
16.484497	9.197000	92.344015
16.484082	9.198000	92.354056
16.483666	9.199000	92.364097
16.483251	9.200000	92.374137
16.482836	9.201000	92.384178
16.482420	9.202000	92.394219
16.482005	9.203000	92.404259
16.481589	9.204000	92.414300
16.481174	9.205000	92.424341
16.480759	9.206000	92.434381
16.480343	9.207000	92.444422
16.479928	9.208000	92.454463
16.479512	9.209000	92.464503
16.479097	9.210000	92.474544
16.478681	9.211000	92.484585
16.478266	9.212000	92.494625
16.477850	9.213000	92.504666
16.477435	9.214000	92.514707
16.477019	9.215000	92.524747
16.476604	9.216000	92.534788
16.476188	9.217000	92.544829
16.475773	9.218000	92.554869
16.475357	9.219000	92.564910
16.474942	9.220000	92.574951
16.474526	9.221000	92.584991
16.474111	9.222000	92.595032
16.473695	9.223000	92.605073
16.473280	9.224000	92.615113
16.472864	9.225000	92.625154
16.472448	9.226000	92.635195
16.472033	9.227000	92.645235
16.471617	9.228000	92.655276
16.471202	9.229000	92.665317
16.470786	9.230000	92.675357
16.470370	9.231000	92.685398
16.469955	9.232000	92.695439
16.469539	9.233000	92.705479
16.469123	9.234000	92.715520
16.468708	9.235000	92.725561
16.468292	9.236000	92.735601
16.467876	9.237000	92.745642
16.467461	9.238000	92.755683
16.467045	9.239000	92.765723
16.466629	9.240000	92.775764
16.466213	9.241000	92.785805
16.465798	9.242000	92.795845
16.465382	9.243000	92.805886
16.464966	9.244000	92.815927
16.464551	9.245000	92.825967
16.464135	9.246000	92.836008
16.463719	9.247000	92.846049
16.463303	9.248000	92.856089
16.462887	9.249000	92.866130
16.462472	9.250000	92.876171
16.462056	9.251000	92.886211
16.461640	9.252000	92.896252
16.461224	9.253000	92.906293
16.460808	9.254000	92.916333
16.460393	9.255000	92.926374
16.459977	9.256000	92.936415
16.459561	9.257000	92.946455
16.459145	9.258000	92.956496
16.458729	9.259000	92.966537
16.458313	9.260000	92.976577
16.457897	9.261000	92.986618
16.457481	9.262000	92.996659
16.457065	9.263000	93.006699
16.456650	9.264000	93.016740
16.456234	9.265000	93.026781
16.455818	9.266000	93.036821
16.455402	9.267000	93.046862
16.454986	9.268000	93.056903
16.454570	9.269000	93.066943
16.454154	9.270000	93.076984
16.453738	9.271000	93.087025
16.453322	9.272000	93.097065
16.452906	9.273000	93.107106
16.452490	9.274000	93.117147
16.452074	9.275000	93.127187
16.451658	9.276000	93.137228
16.451242	9.277000	93.147269
16.450826	9.278000	93.157309
16.450410	9.279000	93.167350
16.449994	9.280000	93.177391
16.449578	9.281000	93.187431
16.449162	9.282000	93.197472
16.448746	9.283000	93.207513
16.448329	9.284000	93.217553
16.447913	9.285000	93.227594
16.447497	9.286000	93.237635
16.447081	9.287000	93.247675
16.446665	9.288000	93.257716
16.446249	9.289000	93.267757
16.445833	9.290000	93.277797
16.445417	9.291000	93.287838
16.445000	9.292000	93.297879
16.444584	9.293000	93.307919
16.444168	9.294000	93.317960
16.443752	9.295000	93.328001
16.443336	9.296000	93.338041
16.442920	9.297000	93.348082
16.442503	9.298000	93.358123
16.442087	9.299000	93.368163
16.441671	9.300000	93.378204
16.441255	9.301000	93.388245
16.440838	9.302000	93.398285
16.440422	9.303000	93.408326
16.440006	9.304000	93.418367
16.439590	9.305000	93.428407
16.439173	9.306000	93.438448
16.438757	9.307000	93.448489
16.438341	9.308000	93.458529
16.437924	9.309000	93.468570
16.437508	9.310000	93.478611
16.437092	9.311000	93.488651
16.436675	9.312000	93.498692
16.436259	9.313000	93.508733
16.435843	9.314000	93.518773
16.435426	9.315000	93.528814
16.435010	9.316000	93.538855
16.434594	9.317000	93.548895
16.434177	9.318000	93.558936
16.433761	9.319000	93.568977
16.433345	9.320000	93.579017
16.432928	9.321000	93.589058
16.432512	9.322000	93.599099
16.432095	9.323000	93.609139
16.431679	9.324000	93.619180
16.431262	9.325000	93.629221
16.430846	9.326000	93.639261
16.430430	9.327000	93.649302
16.430013	9.328000	93.659343
16.429597	9.329000	93.669383
16.429180	9.330000	93.679424
16.428764	9.331000	93.689465
16.428347	9.332000	93.699505
16.427931	9.333000	93.709546
16.427514	9.334000	93.719587
16.427098	9.335000	93.729627
16.426681	9.336000	93.739668
16.426264	9.337000	93.749709
16.425848	9.338000	93.759749
16.425431	9.339000	93.769790
16.425015	9.340000	93.779831
16.424598	9.341000	93.789871
16.424182	9.342000	93.799912
16.423765	9.343000	93.809953
16.423348	9.344000	93.819993
16.422932	9.345000	93.830034
16.422515	9.346000	93.840075
16.422099	9.347000	93.850115
16.421682	9.348000	93.860156
16.421265	9.349000	93.870197
16.420849	9.350000	93.880237
16.420432	9.351000	93.890278
16.420015	9.352000	93.900319
16.419599	9.353000	93.910359
16.419182	9.354000	93.920400
16.418765	9.355000	93.930441
16.418348	9.356000	93.940481
16.417932	9.357000	93.950522
16.417515	9.358000	93.960563
16.417098	9.359000	93.970603
16.416682	9.360000	93.980644
16.416265	9.361000	93.990685
16.415848	9.362000	94.000725
16.415431	9.363000	94.010766
16.415014	9.364000	94.020807
16.414598	9.365000	94.030847
16.414181	9.366000	94.040888
16.413764	9.367000	94.050929
16.413347	9.368000	94.060969
16.412930	9.369000	94.071010
16.412514	9.370000	94.081051
16.412097	9.371000	94.091091
16.411680	9.372000	94.101132
16.411263	9.373000	94.111173
16.410846	9.374000	94.121213
16.410429	9.375000	94.131254
16.410012	9.376000	94.141295
16.409596	9.377000	94.151335
16.409179	9.378000	94.161376
16.408762	9.379000	94.171417
16.408345	9.380000	94.181457
16.407928	9.381000	94.191498
16.407511	9.382000	94.201539
16.407094	9.383000	94.211579
16.406677	9.384000	94.221620
16.406260	9.385000	94.231661
16.405843	9.386000	94.241701
16.405426	9.387000	94.251742
16.405009	9.388000	94.261783
16.404592	9.389000	94.271823
16.404175	9.390000	94.281864
16.403758	9.391000	94.291905
16.403341	9.392000	94.301945
16.402924	9.393000	94.311986
16.402507	9.394000	94.322027
16.402090	9.395000	94.332067
16.401673	9.396000	94.342108
16.401256	9.397000	94.352149
16.400839	9.398000	94.362189
16.400422	9.399000	94.372230
16.400005	9.400000	94.382271
16.399588	9.401000	94.392311
16.399171	9.402000	94.402352
16.398753	9.403000	94.412393
16.398336	9.404000	94.422433
16.397919	9.405000	94.432474
16.397502	9.406000	94.442515
16.397085	9.407000	94.452555
16.396668	9.408000	94.462596
16.396251	9.409000	94.472637
16.395833	9.410000	94.482677
16.395416	9.411000	94.492718
16.394999	9.412000	94.502759
16.394582	9.413000	94.512799
16.394165	9.414000	94.522840
16.393747	9.415000	94.532881
16.393330	9.416000	94.542921
16.392913	9.417000	94.552962
16.392496	9.418000	94.563003
16.392078	9.419000	94.573043
16.391661	9.420000	94.583084
16.391244	9.421000	94.593125
16.390827	9.422000	94.603165
16.390409	9.423000	94.613206
16.389992	9.424000	94.623247
16.389575	9.425000	94.633287
16.389157	9.426000	94.643328
16.388740	9.427000	94.653369
16.388323	9.428000	94.663409
16.387905	9.429000	94.673450
16.387488	9.430000	94.683491
16.387071	9.431000	94.693531
16.386653	9.432000	94.703572
16.386236	9.433000	94.713613
16.385818	9.434000	94.723653
16.385401	9.435000	94.733694
16.384984	9.436000	94.743735
16.384566	9.437000	94.753775
16.384149	9.438000	94.763816
16.383731	9.439000	94.773857
16.383314	9.440000	94.783897
16.382897	9.441000	94.793938
16.382479	9.442000	94.803979
16.382062	9.443000	94.814019
16.381644	9.444000	94.824060
16.381227	9.445000	94.834101
16.380809	9.446000	94.844141
16.380392	9.447000	94.854182
16.379974	9.448000	94.864223
16.379557	9.449000	94.874263
16.379139	9.450000	94.884304
16.378722	9.451000	94.894345
16.378304	9.452000	94.904385
16.377887	9.453000	94.914426
16.377469	9.454000	94.924467
16.377051	9.455000	94.934507
16.376634	9.456000	94.944548
16.376216	9.457000	94.954589
16.375799	9.458000	94.964629
16.375381	9.459000	94.974670
16.374963	9.460000	94.984711
16.374546	9.461000	94.994751
16.374128	9.462000	95.004792
16.373711	9.463000	95.014833
16.373293	9.464000	95.024873
16.372875	9.465000	95.034914
16.372458	9.466000	95.044955
16.372040	9.467000	95.054995
16.371622	9.468000	95.065036
16.371205	9.469000	95.075077
16.370787	9.470000	95.085117
16.370369	9.471000	95.095158
16.369951	9.472000	95.105199
16.369534	9.473000	95.115239
16.369116	9.474000	95.125280
16.368698	9.475000	95.135321
16.368280	9.476000	95.145361
16.367863	9.477000	95.155402
16.367445	9.478000	95.165443
16.367027	9.479000	95.175483
16.366609	9.480000	95.185524
16.366192	9.481000	95.195565
16.365774	9.482000	95.205605
16.365356	9.483000	95.215646
16.364938	9.484000	95.225687
16.364520	9.485000	95.235727
16.364103	9.486000	95.245768
16.363685	9.487000	95.255809
16.363267	9.488000	95.265849
16.362849	9.489000	95.275890
16.362431	9.490000	95.285931
16.362013	9.491000	95.295971
16.361595	9.492000	95.306012
16.361177	9.493000	95.316053
16.360759	9.494000	95.326093
16.360342	9.495000	95.336134
16.359924	9.496000	95.346175
16.359506	9.497000	95.356215
16.359088	9.498000	95.366256
16.358670	9.499000	95.376297
16.358252	9.500000	95.386337
16.357834	9.501000	95.396378
16.357416	9.502000	95.406419
16.356998	9.503000	95.416459
16.356580	9.504000	95.426500
16.356162	9.505000	95.436541
16.355744	9.506000	95.446581
16.355326	9.507000	95.456622
16.354908	9.508000	95.466663
16.354490	9.509000	95.476703
16.354072	9.510000	95.486744
16.353654	9.511000	95.496785
16.353236	9.512000	95.506825
16.352818	9.513000	95.516866
16.352400	9.514000	95.526907
16.351981	9.515000	95.536947
16.351563	9.516000	95.546988
16.351145	9.517000	95.557029
16.350727	9.518000	95.567069
16.350309	9.519000	95.577110
16.349891	9.520000	95.587151
16.349473	9.521000	95.597191
16.349055	9.522000	95.607232
16.348636	9.523000	95.617273
16.348218	9.524000	95.627313
16.347800	9.525000	95.637354
16.347382	9.526000	95.647395
16.346964	9.527000	95.657435
16.346545	9.528000	95.667476
16.346127	9.529000	95.677517
16.345709	9.530000	95.687557
16.345291	9.531000	95.697598
16.344873	9.532000	95.707639
16.344454	9.533000	95.717679
16.344036	9.534000	95.727720
16.343618	9.535000	95.737761
16.343200	9.536000	95.747801
16.342781	9.537000	95.757842
16.342363	9.538000	95.767883
16.341945	9.539000	95.777923
16.341526	9.540000	95.787964
16.341108	9.541000	95.798005
16.340690	9.542000	95.808045
16.340271	9.543000	95.818086
16.339853	9.544000	95.828127
16.339435	9.545000	95.838167
16.339016	9.546000	95.848208
16.338598	9.547000	95.858249
16.338180	9.548000	95.868289
16.337761	9.549000	95.878330
16.337343	9.550000	95.888371
16.336924	9.551000	95.898411
16.336506	9.552000	95.908452
16.336088	9.553000	95.918493
16.335669	9.554000	95.928533
16.335251	9.555000	95.938574
16.334832	9.556000	95.948615
16.334414	9.557000	95.958655
16.333995	9.558000	95.968696
16.333577	9.559000	95.978737
16.333158	9.560000	95.988777
16.332740	9.561000	95.998818
16.332321	9.562000	96.008859
16.331903	9.563000	96.018899
16.331484	9.564000	96.028940
16.331066	9.565000	96.038981
16.330647	9.566000	96.049021
16.330229	9.567000	96.059062
16.329810	9.568000	96.069103
16.329392	9.569000	96.079143
16.328973	9.570000	96.089184
16.328554	9.571000	96.099225
16.328136	9.572000	96.109265
16.327717	9.573000	96.119306
16.327299	9.574000	96.129347
16.326880	9.575000	96.139387
16.326461	9.576000	96.149428
16.326043	9.577000	96.159469
16.325624	9.578000	96.169509
16.325205	9.579000	96.179550
16.324787	9.580000	96.189591
16.324368	9.581000	96.199631
16.323949	9.582000	96.209672
16.323531	9.583000	96.219713
16.323112	9.584000	96.229753
16.322693	9.585000	96.239794
16.322275	9.586000	96.249835
16.321856	9.587000	96.259875
16.321437	9.588000	96.269916
16.321018	9.589000	96.279957
16.320600	9.590000	96.289997
16.320181	9.591000	96.300038
16.319762	9.592000	96.310079
16.319343	9.593000	96.320119
16.318925	9.594000	96.330160
16.318506	9.595000	96.340201
16.318087	9.596000	96.350241
16.317668	9.597000	96.360282
16.317249	9.598000	96.370323
16.316831	9.599000	96.380363
16.316412	9.600000	96.390404
16.315993	9.601000	96.400445
16.315574	9.602000	96.410485
16.315155	9.603000	96.420526
16.314736	9.604000	96.430567
16.314317	9.605000	96.440607
16.313899	9.606000	96.450648
16.313480	9.607000	96.460689
16.313061	9.608000	96.470729
16.312642	9.609000	96.480770
16.312223	9.610000	96.490811
16.311804	9.611000	96.500851
16.311385	9.612000	96.510892
16.310966	9.613000	96.520933
16.310547	9.614000	96.530973
16.310128	9.615000	96.541014
16.309709	9.616000	96.551055
16.309290	9.617000	96.561095
16.308871	9.618000	96.571136
16.308452	9.619000	96.581177
16.308033	9.620000	96.591217
16.307614	9.621000	96.601258
16.307195	9.622000	96.611299
16.306776	9.623000	96.621339
16.306357	9.624000	96.631380
16.305938	9.625000	96.641421
16.305519	9.626000	96.651461
16.305100	9.627000	96.661502
16.304681	9.628000	96.671543
16.304262	9.629000	96.681583
16.303843	9.630000	96.691624
16.303424	9.631000	96.701665
16.303004	9.632000	96.711705
16.302585	9.633000	96.721746
16.302166	9.634000	96.731787
16.301747	9.635000	96.741827
16.301328	9.636000	96.751868
16.300909	9.637000	96.761909
16.300490	9.638000	96.771949
16.300070	9.639000	96.781990
16.299651	9.640000	96.792031
16.299232	9.641000	96.802071
16.298813	9.642000	96.812112
16.298394	9.643000	96.822153
16.297974	9.644000	96.832193
16.297555	9.645000	96.842234
16.297136	9.646000	96.852275
16.296717	9.647000	96.862315
16.296297	9.648000	96.872356
16.295878	9.649000	96.882397
16.295459	9.650000	96.892437
16.295040	9.651000	96.902478
16.294620	9.652000	96.912519
16.294201	9.653000	96.922559
16.293782	9.654000	96.932600
16.293362	9.655000	96.942641
16.292943	9.656000	96.952681
16.292524	9.657000	96.962722
16.292104	9.658000	96.972763
16.291685	9.659000	96.982803
16.291266	9.660000	96.992844
16.290846	9.661000	97.002885
16.290427	9.662000	97.012925
16.290008	9.663000	97.022966
16.289588	9.664000	97.033007
16.289169	9.665000	97.043047
16.288749	9.666000	97.053088
16.288330	9.667000	97.063129
16.287910	9.668000	97.073169
16.287491	9.669000	97.083210
16.287072	9.670000	97.093251
16.286652	9.671000	97.103291
16.286233	9.672000	97.113332
16.285813	9.673000	97.123373
16.285394	9.674000	97.133413
16.284974	9.675000	97.143454
16.284555	9.676000	97.153495
16.284135	9.677000	97.163535
16.283716	9.678000	97.173576
16.283296	9.679000	97.183617
16.282877	9.680000	97.193657
16.282457	9.681000	97.203698
16.282037	9.682000	97.213739
16.281618	9.683000	97.223779
16.281198	9.684000	97.233820
16.280779	9.685000	97.243861
16.280359	9.686000	97.253901
16.279940	9.687000	97.263942
16.279520	9.688000	97.273983
16.279100	9.689000	97.284023
16.278681	9.690000	97.294064
16.278261	9.691000	97.304105
16.277841	9.692000	97.314145
16.277422	9.693000	97.324186
16.277002	9.694000	97.334227
16.276582	9.695000	97.344267
16.276163	9.696000	97.354308
16.275743	9.697000	97.364349
16.275323	9.698000	97.374389
16.274904	9.699000	97.384430
16.274484	9.700000	97.394471
16.274064	9.701000	97.404511
16.273644	9.702000	97.414552
16.273225	9.703000	97.424593
16.272805	9.704000	97.434633
16.272385	9.705000	97.444674
16.271965	9.706000	97.454715
16.271546	9.707000	97.464755
16.271126	9.708000	97.474796
16.270706	9.709000	97.484837
16.270286	9.710000	97.494877
16.269866	9.711000	97.504918
16.269447	9.712000	97.514959
16.269027	9.713000	97.524999
16.268607	9.714000	97.535040
16.268187	9.715000	97.545081
16.267767	9.716000	97.555121
16.267347	9.717000	97.565162
16.266928	9.718000	97.575203
16.266508	9.719000	97.585243
16.266088	9.720000	97.595284
16.265668	9.721000	97.605325
16.265248	9.722000	97.615365
16.264828	9.723000	97.625406
16.264408	9.724000	97.635447
16.263988	9.725000	97.645487
16.263568	9.726000	97.655528
16.263148	9.727000	97.665569
16.262728	9.728000	97.675609
16.262308	9.729000	97.685650
16.261888	9.730000	97.695691
16.261468	9.731000	97.705731
16.261048	9.732000	97.715772
16.260628	9.733000	97.725813
16.260208	9.734000	97.735853
16.259788	9.735000	97.745894
16.259368	9.736000	97.755935
16.258948	9.737000	97.765975
16.258528	9.738000	97.776016
16.258108	9.739000	97.786057
16.257688	9.740000	97.796097
16.257268	9.741000	97.806138
16.256848	9.742000	97.816179
16.256428	9.743000	97.826220
16.256008	9.744000	97.836260
16.255588	9.745000	97.846301
16.255167	9.746000	97.856342
16.254747	9.747000	97.866382
16.254327	9.748000	97.876423
16.253907	9.749000	97.886464
16.253487	9.750000	97.896504
16.253067	9.751000	97.906545
16.252647	9.752000	97.916586
16.252226	9.753000	97.926626
16.251806	9.754000	97.936667
16.251386	9.755000	97.946708
16.250966	9.756000	97.956748
16.250546	9.757000	97.966789
16.250125	9.758000	97.976830
16.249705	9.759000	97.986870
16.249285	9.760000	97.996911
16.248865	9.761000	98.006952
16.248444	9.762000	98.016992
16.248024	9.763000	98.027033
16.247604	9.764000	98.037074
16.247183	9.765000	98.047114
16.246763	9.766000	98.057155
16.246343	9.767000	98.067196
16.245923	9.768000	98.077236
16.245502	9.769000	98.087277
16.245082	9.770000	98.097318
16.244662	9.771000	98.107358
16.244241	9.772000	98.117399
16.243821	9.773000	98.127440
16.243400	9.774000	98.137480
16.242980	9.775000	98.147521
16.242560	9.776000	98.157562
16.242139	9.777000	98.167602
16.241719	9.778000	98.177643
16.241298	9.779000	98.187684
16.240878	9.780000	98.197724
16.240458	9.781000	98.207765
16.240037	9.782000	98.217806
16.239617	9.783000	98.227846
16.239196	9.784000	98.237887
16.238776	9.785000	98.247928
16.238355	9.786000	98.257968
16.237935	9.787000	98.268009
16.237514	9.788000	98.278050
16.237094	9.789000	98.288090
16.236673	9.790000	98.298131
16.236253	9.791000	98.308172
16.235832	9.792000	98.318212
16.235412	9.793000	98.328253
16.234991	9.794000	98.338294
16.234571	9.795000	98.348334
16.234150	9.796000	98.358375
16.233729	9.797000	98.368416
16.233309	9.798000	98.378456
16.232888	9.799000	98.388497
16.232468	9.800000	98.398538
16.232047	9.801000	98.408578
16.231626	9.802000	98.418619
16.231206	9.803000	98.428660
16.230785	9.804000	98.438700
16.230365	9.805000	98.448741
16.229944	9.806000	98.458782
16.229523	9.807000	98.468822
16.229103	9.808000	98.478863
16.228682	9.809000	98.488904
16.228261	9.810000	98.498944
16.227840	9.811000	98.508985
16.227420	9.812000	98.519026
16.226999	9.813000	98.529066
16.226578	9.814000	98.539107
16.226158	9.815000	98.549148
16.225737	9.816000	98.559188
16.225316	9.817000	98.569229
16.224895	9.818000	98.579270
16.224475	9.819000	98.589310
16.224054	9.820000	98.599351
16.223633	9.821000	98.609392
16.223212	9.822000	98.619432
16.222791	9.823000	98.629473
16.222371	9.824000	98.639514
16.221950	9.825000	98.649554
16.221529	9.826000	98.659595
16.221108	9.827000	98.669636
16.220687	9.828000	98.679676
16.220266	9.829000	98.689717
16.219845	9.830000	98.699758
16.219425	9.831000	98.709798
16.219004	9.832000	98.719839
16.218583	9.833000	98.729880
16.218162	9.834000	98.739920
16.217741	9.835000	98.749961
16.217320	9.836000	98.760002
16.216899	9.837000	98.770042
16.216478	9.838000	98.780083
16.216057	9.839000	98.790124
16.215636	9.840000	98.800164
16.215215	9.841000	98.810205
16.214794	9.842000	98.820246
16.214373	9.843000	98.830286
16.213952	9.844000	98.840327
16.213531	9.845000	98.850368
16.213110	9.846000	98.860408
16.212689	9.847000	98.870449
16.212268	9.848000	98.880490
16.211847	9.849000	98.890530
16.211426	9.850000	98.900571
16.211005	9.851000	98.910612
16.210584	9.852000	98.920652
16.210163	9.853000	98.930693
16.209742	9.854000	98.940734
16.209321	9.855000	98.950774
16.208900	9.856000	98.960815
16.208479	9.857000	98.970856
16.208057	9.858000	98.980896
16.207636	9.859000	98.990937
16.207215	9.860000	99.000978
16.206794	9.861000	99.011018
16.206373	9.862000	99.021059
16.205952	9.863000	99.031100
16.205531	9.864000	99.041140
16.205109	9.865000	99.051181
16.204688	9.866000	99.061222
16.204267	9.867000	99.071262
16.203846	9.868000	99.081303
16.203425	9.869000	99.091344
16.203003	9.870000	99.101384
16.202582	9.871000	99.111425
16.202161	9.872000	99.121466
16.201740	9.873000	99.131506
16.201318	9.874000	99.141547
16.200897	9.875000	99.151588
16.200476	9.876000	99.161628
16.200055	9.877000	99.171669
16.199633	9.878000	99.181710
16.199212	9.879000	99.191750
16.198791	9.880000	99.201791
16.198369	9.881000	99.211832
16.197948	9.882000	99.221872
16.197527	9.883000	99.231913
16.197105	9.884000	99.241954
16.196684	9.885000	99.251994
16.196263	9.886000	99.262035
16.195841	9.887000	99.272076
16.195420	9.888000	99.282116
16.194998	9.889000	99.292157
16.194577	9.890000	99.302198
16.194156	9.891000	99.312238
16.193734	9.892000	99.322279
16.193313	9.893000	99.332320
16.192891	9.894000	99.342360
16.192470	9.895000	99.352401
16.192048	9.896000	99.362442
16.191627	9.897000	99.372482
16.191205	9.898000	99.382523
16.190784	9.899000	99.392564
16.190362	9.900000	99.402604
16.189941	9.901000	99.412645
16.189519	9.902000	99.422686
16.189098	9.903000	99.432726
16.188676	9.904000	99.442767
16.188255	9.905000	99.452808
16.187833	9.906000	99.462848
16.187412	9.907000	99.472889
16.186990	9.908000	99.482930
16.186569	9.909000	99.492970
16.186147	9.910000	99.503011
16.185725	9.911000	99.513052
16.185304	9.912000	99.523092
16.184882	9.913000	99.533133
16.184461	9.914000	99.543174
16.184039	9.915000	99.553214
16.183617	9.916000	99.563255
16.183196	9.917000	99.573296
16.182774	9.918000	99.583336
16.182352	9.919000	99.593377
16.181931	9.920000	99.603418
16.181509	9.921000	99.613458
16.181087	9.922000	99.623499
16.180666	9.923000	99.633540
16.180244	9.924000	99.643580
16.179822	9.925000	99.653621
16.179400	9.926000	99.663662
16.178979	9.927000	99.673702
16.178557	9.928000	99.683743
16.178135	9.929000	99.693784
16.177713	9.930000	99.703824
16.177292	9.931000	99.713865
16.176870	9.932000	99.723906
16.176448	9.933000	99.733946
16.176026	9.934000	99.743987
16.175604	9.935000	99.754028
16.175183	9.936000	99.764068
16.174761	9.937000	99.774109
16.174339	9.938000	99.784150
16.173917	9.939000	99.794190
16.173495	9.940000	99.804231
16.173073	9.941000	99.814272
16.172652	9.942000	99.824312
16.172230	9.943000	99.834353
16.171808	9.944000	99.844394
16.171386	9.945000	99.854434
16.170964	9.946000	99.864475
16.170542	9.947000	99.874516
16.170120	9.948000	99.884556
16.169698	9.949000	99.894597
16.169276	9.950000	99.904638
16.168854	9.951000	99.914678
16.168432	9.952000	99.924719
16.168010	9.953000	99.934760
16.167588	9.954000	99.944800
16.167166	9.955000	99.954841
16.166744	9.956000	99.964882
16.166322	9.957000	99.974922
16.165900	9.958000	99.984963
16.165478	9.959000	99.995004
16.165056	9.960000	100.005044
16.164634	9.961000	100.015085
16.164212	9.962000	100.025126
16.163790	9.963000	100.035166
16.163368	9.964000	100.045207
16.162946	9.965000	100.055248
16.162524	9.966000	100.065288
16.162102	9.967000	100.075329
16.161680	9.968000	100.085370
16.161258	9.969000	100.095410
16.160835	9.970000	100.105451
16.160413	9.971000	100.115492
16.159991	9.972000	100.125532
16.159569	9.973000	100.135573
16.159147	9.974000	100.145614
16.158725	9.975000	100.155654
16.158303	9.976000	100.165695
16.157880	9.977000	100.175736
16.157458	9.978000	100.185776
16.157036	9.979000	100.195817
16.156614	9.980000	100.205858
16.156192	9.981000	100.215898
16.155769	9.982000	100.225939
16.155347	9.983000	100.235980
16.154925	9.984000	100.246020
16.154503	9.985000	100.256061
16.154080	9.986000	100.266102
16.153658	9.987000	100.276142
16.153236	9.988000	100.286183
16.152813	9.989000	100.296224
16.152391	9.990000	100.306264
16.151969	9.991000	100.316305
16.151547	9.992000	100.326346
16.151124	9.993000	100.336386
16.150702	9.994000	100.346427
16.150279	9.995000	100.356468
16.149857	9.996000	100.366508
16.149435	9.997000	100.376549
16.149012	9.998000	100.386590
16.148590	9.999000	100.396630
16.148168	10.000000	100.406671
16.147745	10.001000	100.416712
16.147323	10.002000	100.426752
16.146900	10.003000	100.436793
16.146478	10.004000	100.446834
16.146056	10.005000	100.456874
16.145633	10.006000	100.466915
16.145211	10.007000	100.476956
16.144788	10.008000	100.486996
16.144366	10.009000	100.497037
16.143943	10.010000	100.507078
16.143521	10.011000	100.517118
16.143098	10.012000	100.527159
16.142676	10.013000	100.537200
16.142253	10.014000	100.547240
16.141831	10.015000	100.557281
16.141408	10.016000	100.567322
16.140986	10.017000	100.577362
16.140563	10.018000	100.587403
16.140140	10.019000	100.597444
16.139718	10.020000	100.607484
16.139295	10.021000	100.617525
16.138873	10.022000	100.627566
16.138450	10.023000	100.637606
16.138027	10.024000	100.647647
16.137605	10.025000	100.657688
16.137182	10.026000	100.667728
16.136760	10.027000	100.677769
16.136337	10.028000	100.687810
16.135914	10.029000	100.697850
16.135492	10.030000	100.707891
16.135069	10.031000	100.717932
16.134646	10.032000	100.727972
16.134224	10.033000	100.738013
16.133801	10.034000	100.748054
16.133378	10.035000	100.758094
16.132955	10.036000	100.768135
16.132533	10.037000	100.778176
16.132110	10.038000	100.788216
16.131687	10.039000	100.798257
16.131264	10.040000	100.808298
16.130842	10.041000	100.818338
16.130419	10.042000	100.828379
16.129996	10.043000	100.838420
16.129573	10.044000	100.848460
16.129151	10.045000	100.858501
16.128728	10.046000	100.868542
16.128305	10.047000	100.878582
16.127882	10.048000	100.888623
16.127459	10.049000	100.898664
16.127036	10.050000	100.908704
16.126614	10.051000	100.918745
16.126191	10.052000	100.928786
16.125768	10.053000	100.938826
16.125345	10.054000	100.948867
16.124922	10.055000	100.958908
16.124499	10.056000	100.968948
16.124076	10.057000	100.978989
16.123653	10.058000	100.989030
16.123230	10.059000	100.999070
16.122808	10.060000	101.009111
16.122385	10.061000	101.019152
16.121962	10.062000	101.029192
16.121539	10.063000	101.039233
16.121116	10.064000	101.049274
16.120693	10.065000	101.059314
16.120270	10.066000	101.069355
16.119847	10.067000	101.079396
16.119424	10.068000	101.089436
16.119001	10.069000	101.099477
16.118578	10.070000	101.109518
16.118155	10.071000	101.119558
16.117732	10.072000	101.129599
16.117309	10.073000	101.139640
16.116885	10.074000	101.149680
16.116462	10.075000	101.159721
16.116039	10.076000	101.169762
16.115616	10.077000	101.179802
16.115193	10.078000	101.189843
16.114770	10.079000	101.199884
16.114347	10.080000	101.209924
16.113924	10.081000	101.219965
16.113501	10.082000	101.230006
16.113077	10.083000	101.240046
16.112654	10.084000	101.250087
16.112231	10.085000	101.260128
16.111808	10.086000	101.270168
16.111385	10.087000	101.280209
16.110962	10.088000	101.290250
16.110538	10.089000	101.300290
16.110115	10.090000	101.310331
16.109692	10.091000	101.320372
16.109269	10.092000	101.330412
16.108846	10.093000	101.340453
16.108422	10.094000	101.350494
16.107999	10.095000	101.360534
16.107576	10.096000	101.370575
16.107153	10.097000	101.380616
16.106729	10.098000	101.390656
16.106306	10.099000	101.400697
16.105883	10.100000	101.410738
16.105459	10.101000	101.420778
16.105036	10.102000	101.430819
16.104613	10.103000	101.440860
16.104189	10.104000	101.450900
16.103766	10.105000	101.460941
16.103343	10.106000	101.470982
16.102919	10.107000	101.481022
16.102496	10.108000	101.491063
16.102073	10.109000	101.501104
16.101649	10.110000	101.511144
16.101226	10.111000	101.521185
16.100802	10.112000	101.531226
16.100379	10.113000	101.541266
16.099956	10.114000	101.551307
16.099532	10.115000	101.561348
16.099109	10.116000	101.571388
16.098685	10.117000	101.581429
16.098262	10.118000	101.591470
16.097838	10.119000	101.601510
16.097415	10.120000	101.611551
16.096991	10.121000	101.621592
16.096568	10.122000	101.631632
16.096144	10.123000	101.641673
16.095721	10.124000	101.651714
16.095297	10.125000	101.661754
16.094874	10.126000	101.671795
16.094450	10.127000	101.681836
16.094027	10.128000	101.691876
16.093603	10.129000	101.701917
16.093180	10.130000	101.711958
16.092756	10.131000	101.721998
16.092332	10.132000	101.732039
16.091909	10.133000	101.742080
16.091485	10.134000	101.752120
16.091062	10.135000	101.762161
16.090638	10.136000	101.772202
16.090214	10.137000	101.782242
16.089791	10.138000	101.792283
16.089367	10.139000	101.802324
16.088943	10.140000	101.812364
16.088520	10.141000	101.822405
16.088096	10.142000	101.832446
16.087672	10.143000	101.842486
16.087249	10.144000	101.852527
16.086825	10.145000	101.862568
16.086401	10.146000	101.872608
16.085977	10.147000	101.882649
16.085554	10.148000	101.892690
16.085130	10.149000	101.902730
16.084706	10.150000	101.912771
16.084282	10.151000	101.922812
16.083859	10.152000	101.932852
16.083435	10.153000	101.942893
16.083011	10.154000	101.952934
16.082587	10.155000	101.962974
16.082163	10.156000	101.973015
16.081740	10.157000	101.983056
16.081316	10.158000	101.993096
16.080892	10.159000	102.003137
16.080468	10.160000	102.013178
16.080044	10.161000	102.023218
16.079620	10.162000	102.033259
16.079197	10.163000	102.043300
16.078773	10.164000	102.053340
16.078349	10.165000	102.063381
16.077925	10.166000	102.073422
16.077501	10.167000	102.083462
16.077077	10.168000	102.093503
16.076653	10.169000	102.103544
16.076229	10.170000	102.113584
16.075805	10.171000	102.123625
16.075381	10.172000	102.133666
16.074957	10.173000	102.143706
16.074533	10.174000	102.153747
16.074109	10.175000	102.163788
16.073685	10.176000	102.173828
16.073261	10.177000	102.183869
16.072837	10.178000	102.193910
16.072413	10.179000	102.203950
16.071989	10.180000	102.213991
16.071565	10.181000	102.224032
16.071141	10.182000	102.234072
16.070717	10.183000	102.244113
16.070293	10.184000	102.254154
16.069869	10.185000	102.264194
16.069445	10.186000	102.274235
16.069021	10.187000	102.284276
16.068597	10.188000	102.294316
16.068173	10.189000	102.304357
16.067749	10.190000	102.314398
16.067325	10.191000	102.324438
16.066900	10.192000	102.334479
16.066476	10.193000	102.344520
16.066052	10.194000	102.354560
16.065628	10.195000	102.364601
16.065204	10.196000	102.374642
16.064780	10.197000	102.384682
16.064355	10.198000	102.394723
16.063931	10.199000	102.404764
16.063507	10.200000	102.414804
16.063083	10.201000	102.424845
16.062659	10.202000	102.434886
16.062234	10.203000	102.444926
16.061810	10.204000	102.454967
16.061386	10.205000	102.465008
16.060962	10.206000	102.475048
16.060537	10.207000	102.485089
16.060113	10.208000	102.495130
16.059689	10.209000	102.505170
16.059264	10.210000	102.515211
16.058840	10.211000	102.525252
16.058416	10.212000	102.535292
16.057991	10.213000	102.545333
16.057567	10.214000	102.555374
16.057143	10.215000	102.565414
16.056718	10.216000	102.575455
16.056294	10.217000	102.585496
16.055870	10.218000	102.595536
16.055445	10.219000	102.605577
16.055021	10.220000	102.615618
16.054596	10.221000	102.625658
16.054172	10.222000	102.635699
16.053748	10.223000	102.645740
16.053323	10.224000	102.655780
16.052899	10.225000	102.665821
16.052474	10.226000	102.675862
16.052050	10.227000	102.685902
16.051625	10.228000	102.695943
16.051201	10.229000	102.705984
16.050776	10.230000	102.716024
16.050352	10.231000	102.726065
16.049927	10.232000	102.736106
16.049503	10.233000	102.746146
16.049078	10.234000	102.756187
16.048654	10.235000	102.766228
16.048229	10.236000	102.776268
16.047805	10.237000	102.786309
16.047380	10.238000	102.796350
16.046956	10.239000	102.806390
16.046531	10.240000	102.816431
16.046107	10.241000	102.826472
16.045682	10.242000	102.836512
16.045257	10.243000	102.846553
16.044833	10.244000	102.856594
16.044408	10.245000	102.866634
16.043983	10.246000	102.876675
16.043559	10.247000	102.886716
16.043134	10.248000	102.896756
16.042710	10.249000	102.906797
16.042285	10.250000	102.916838
16.041860	10.251000	102.926878
16.041436	10.252000	102.936919
16.041011	10.253000	102.946960
16.040586	10.254000	102.957000
16.040161	10.255000	102.967041
16.039737	10.256000	102.977082
16.039312	10.257000	102.987122
16.038887	10.258000	102.997163
16.038462	10.259000	103.007204
16.038038	10.260000	103.017244
16.037613	10.261000	103.027285
16.037188	10.262000	103.037326
16.036763	10.263000	103.047366
16.036339	10.264000	103.057407
16.035914	10.265000	103.067448
16.035489	10.266000	103.077488
16.035064	10.267000	103.087529
16.034639	10.268000	103.097570
16.034214	10.269000	103.107610
16.033790	10.270000	103.117651
16.033365	10.271000	103.127692
16.032940	10.272000	103.137732
16.032515	10.273000	103.147773
16.032090	10.274000	103.157814
16.031665	10.275000	103.167854
16.031240	10.276000	103.177895
16.030815	10.277000	103.187936
16.030391	10.278000	103.197976
16.029966	10.279000	103.208017
16.029541	10.280000	103.218058
16.029116	10.281000	103.228098
16.028691	10.282000	103.238139
16.028266	10.283000	103.248180
16.027841	10.284000	103.258220
16.027416	10.285000	103.268261
16.026991	10.286000	103.278302
16.026566	10.287000	103.288342
16.026141	10.288000	103.298383
16.025716	10.289000	103.308424
16.025291	10.290000	103.318464
16.024866	10.291000	103.328505
16.024441	10.292000	103.338546
16.024016	10.293000	103.348586
16.023590	10.294000	103.358627
16.023165	10.295000	103.368668
16.022740	10.296000	103.378708
16.022315	10.297000	103.388749
16.021890	10.298000	103.398790
16.021465	10.299000	103.408830
16.021040	10.300000	103.418871
16.020615	10.301000	103.428912
16.020190	10.302000	103.438952
16.019764	10.303000	103.448993
16.019339	10.304000	103.459034
16.018914	10.305000	103.469074
16.018489	10.306000	103.479115
16.018064	10.307000	103.489156
16.017639	10.308000	103.499196
16.017213	10.309000	103.509237
16.016788	10.310000	103.519278
16.016363	10.311000	103.529318
16.015938	10.312000	103.539359
16.015512	10.313000	103.549400
16.015087	10.314000	103.559440
16.014662	10.315000	103.569481
16.014237	10.316000	103.579522
16.013811	10.317000	103.589562
16.013386	10.318000	103.599603
16.012961	10.319000	103.609644
16.012535	10.320000	103.619684
16.012110	10.321000	103.629725
16.011685	10.322000	103.639766
16.011259	10.323000	103.649806
16.010834	10.324000	103.659847
16.010409	10.325000	103.669888
16.009983	10.326000	103.679928
16.009558	10.327000	103.689969
16.009133	10.328000	103.700010
16.008707	10.329000	103.710050
16.008282	10.330000	103.720091
16.007856	10.331000	103.730132
16.007431	10.332000	103.740172
16.007006	10.333000	103.750213
16.006580	10.334000	103.760254
16.006155	10.335000	103.770294
16.005729	10.336000	103.780335
16.005304	10.337000	103.790376
16.004878	10.338000	103.800416
16.004453	10.339000	103.810457
16.004027	10.340000	103.820498
16.003602	10.341000	103.830538
16.003176	10.342000	103.840579
16.002751	10.343000	103.850620
16.002325	10.344000	103.860660
16.001900	10.345000	103.870701
16.001474	10.346000	103.880742
16.001049	10.347000	103.890782
16.000623	10.348000	103.900823
16.000197	10.349000	103.910864
15.999772	10.350000	103.920904
15.999346	10.351000	103.930945
15.998921	10.352000	103.940986
15.998495	10.353000	103.951026
15.998069	10.354000	103.961067
15.997644	10.355000	103.971108
15.997218	10.356000	103.981148
15.996793	10.357000	103.991189
15.996367	10.358000	104.001230
15.995941	10.359000	104.011270
15.995516	10.360000	104.021311
15.995090	10.361000	104.031352
15.994664	10.362000	104.041392
15.994238	10.363000	104.051433
15.993813	10.364000	104.061474
15.993387	10.365000	104.071514
15.992961	10.366000	104.081555
15.992536	10.367000	104.091596
15.992110	10.368000	104.101636
15.991684	10.369000	104.111677
15.991258	10.370000	104.121718
15.990832	10.371000	104.131758
15.990407	10.372000	104.141799
15.989981	10.373000	104.151840
15.989555	10.374000	104.161880
15.989129	10.375000	104.171921
15.988703	10.376000	104.181962
15.988278	10.377000	104.192002
15.987852	10.378000	104.202043
15.987426	10.379000	104.212084
15.987000	10.380000	104.222124
15.986574	10.381000	104.232165
15.986148	10.382000	104.242206
15.985722	10.383000	104.252246
15.985296	10.384000	104.262287
15.984871	10.385000	104.272328
15.984445	10.386000	104.282368
15.984019	10.387000	104.292409
15.983593	10.388000	104.302450
15.983167	10.389000	104.312490
15.982741	10.390000	104.322531
15.982315	10.391000	104.332572
15.981889	10.392000	104.342612
15.981463	10.393000	104.352653
15.981037	10.394000	104.362694
15.980611	10.395000	104.372734
15.980185	10.396000	104.382775
15.979759	10.397000	104.392816
15.979333	10.398000	104.402856
15.978907	10.399000	104.412897
15.978481	10.400000	104.422938
15.978055	10.401000	104.432978
15.977629	10.402000	104.443019
15.977203	10.403000	104.453060
15.976777	10.404000	104.463100
15.976350	10.405000	104.473141
15.975924	10.406000	104.483182
15.975498	10.407000	104.493222
15.975072	10.408000	104.503263
15.974646	10.409000	104.513304
15.974220	10.410000	104.523344
15.973794	10.411000	104.533385
15.973368	10.412000	104.543426
15.972941	10.413000	104.553466
15.972515	10.414000	104.563507
15.972089	10.415000	104.573548
15.971663	10.416000	104.583588
15.971237	10.417000	104.593629
15.970810	10.418000	104.603670
15.970384	10.419000	104.613710
15.969958	10.420000	104.623751
15.969532	10.421000	104.633792
15.969105	10.422000	104.643832
15.968679	10.423000	104.653873
15.968253	10.424000	104.663914
15.967827	10.425000	104.673954
15.967400	10.426000	104.683995
15.966974	10.427000	104.694036
15.966548	10.428000	104.704076
15.966121	10.429000	104.714117
15.965695	10.430000	104.724158
15.965269	10.431000	104.734198
15.964842	10.432000	104.744239
15.964416	10.433000	104.754280
15.963990	10.434000	104.764320
15.963563	10.435000	104.774361
15.963137	10.436000	104.784402
15.962711	10.437000	104.794442
15.962284	10.438000	104.804483
15.961858	10.439000	104.814524
15.961431	10.440000	104.824564
15.961005	10.441000	104.834605
15.960578	10.442000	104.844646
15.960152	10.443000	104.854686
15.959726	10.444000	104.864727
15.959299	10.445000	104.874768
15.958873	10.446000	104.884808
15.958446	10.447000	104.894849
15.958020	10.448000	104.904890
15.957593	10.449000	104.914930
15.957167	10.450000	104.924971
15.956740	10.451000	104.935012
15.956314	10.452000	104.945052
15.955887	10.453000	104.955093
15.955460	10.454000	104.965134
15.955034	10.455000	104.975174
15.954607	10.456000	104.985215
15.954181	10.457000	104.995256
15.953754	10.458000	105.005296
15.953328	10.459000	105.015337
15.952901	10.460000	105.025378
15.952474	10.461000	105.035418
15.952048	10.462000	105.045459
15.951621	10.463000	105.055500
15.951194	10.464000	105.065540
15.950768	10.465000	105.075581
15.950341	10.466000	105.085622
15.949914	10.467000	105.095662
15.949488	10.468000	105.105703
15.949061	10.469000	105.115744
15.948634	10.470000	105.125784
15.948208	10.471000	105.135825
15.947781	10.472000	105.145866
15.947354	10.473000	105.155906
15.946928	10.474000	105.165947
15.946501	10.475000	105.175988
15.946074	10.476000	105.186028
15.945647	10.477000	105.196069
15.945220	10.478000	105.206110
15.944794	10.479000	105.216150
15.944367	10.480000	105.226191
15.943940	10.481000	105.236232
15.943513	10.482000	105.246272
15.943086	10.483000	105.256313
15.942660	10.484000	105.266354
15.942233	10.485000	105.276394
15.941806	10.486000	105.286435
15.941379	10.487000	105.296476
15.940952	10.488000	105.306516
15.940525	10.489000	105.316557
15.940098	10.490000	105.326598
15.939672	10.491000	105.336638
15.939245	10.492000	105.346679
15.938818	10.493000	105.356720
15.938391	10.494000	105.366760
15.937964	10.495000	105.376801
15.937537	10.496000	105.386842
15.937110	10.497000	105.396882
15.936683	10.498000	105.406923
15.936256	10.499000	105.416964
15.935829	10.500000	105.427004
15.935402	10.501000	105.437045
15.934975	10.502000	105.447086
15.934548	10.503000	105.457126
15.934121	10.504000	105.467167
15.933694	10.505000	105.477208
15.933267	10.506000	105.487248
15.932840	10.507000	105.497289
15.932413	10.508000	105.507330
15.931986	10.509000	105.517370
15.931559	10.510000	105.527411
15.931132	10.511000	105.537452
15.930705	10.512000	105.547492
15.930278	10.513000	105.557533
15.929850	10.514000	105.567574
15.929423	10.515000	105.577614
15.928996	10.516000	105.587655
15.928569	10.517000	105.597696
15.928142	10.518000	105.607736
15.927715	10.519000	105.617777
15.927288	10.520000	105.627818
15.926860	10.521000	105.637858
15.926433	10.522000	105.647899
15.926006	10.523000	105.657940
15.925579	10.524000	105.667981
15.925152	10.525000	105.678021
15.924724	10.526000	105.688062
15.924297	10.527000	105.698103
15.923870	10.528000	105.708143
15.923443	10.529000	105.718184
15.923015	10.530000	105.728225
15.922588	10.531000	105.738265
15.922161	10.532000	105.748306
15.921734	10.533000	105.758347
15.921306	10.534000	105.768387
15.920879	10.535000	105.778428
15.920452	10.536000	105.788469
15.920024	10.537000	105.798509
15.919597	10.538000	105.808550
15.919170	10.539000	105.818591
15.918742	10.540000	105.828631
15.918315	10.541000	105.838672
15.917888	10.542000	105.848713
15.917460	10.543000	105.858753
15.917033	10.544000	105.868794
15.916606	10.545000	105.878835
15.916178	10.546000	105.888875
15.915751	10.547000	105.898916
15.915323	10.548000	105.908957
15.914896	10.549000	105.918997
15.914468	10.550000	105.929038
15.914041	10.551000	105.939079
15.913613	10.552000	105.949119
15.913186	10.553000	105.959160
15.912759	10.554000	105.969201
15.912331	10.555000	105.979241
15.911904	10.556000	105.989282
15.911476	10.557000	105.999323
15.911048	10.558000	106.009363
15.910621	10.559000	106.019404
15.910193	10.560000	106.029445
15.909766	10.561000	106.039485
15.909338	10.562000	106.049526
15.908911	10.563000	106.059567
15.908483	10.564000	106.069607
15.908056	10.565000	106.079648
15.907628	10.566000	106.089689
15.907200	10.567000	106.099729
15.906773	10.568000	106.109770
15.906345	10.569000	106.119811
15.905918	10.570000	106.129851
15.905490	10.571000	106.139892
15.905062	10.572000	106.149933
15.904635	10.573000	106.159973
15.904207	10.574000	106.170014
15.903779	10.575000	106.180055
15.903352	10.576000	106.190095
15.902924	10.577000	106.200136
15.902496	10.578000	106.210177
15.902068	10.579000	106.220217
15.901641	10.580000	106.230258
15.901213	10.581000	106.240299
15.900785	10.582000	106.250339
15.900357	10.583000	106.260380
15.899930	10.584000	106.270421
15.899502	10.585000	106.280461
15.899074	10.586000	106.290502
15.898646	10.587000	106.300543
15.898219	10.588000	106.310583
15.897791	10.589000	106.320624
15.897363	10.590000	106.330665
15.896935	10.591000	106.340705
15.896507	10.592000	106.350746
15.896079	10.593000	106.360787
15.895652	10.594000	106.370827
15.895224	10.595000	106.380868
15.894796	10.596000	106.390909
15.894368	10.597000	106.400949
15.893940	10.598000	106.410990
15.893512	10.599000	106.421031
15.893084	10.600000	106.431071
15.892656	10.601000	106.441112
15.892228	10.602000	106.451153
15.891800	10.603000	106.461193
15.891372	10.604000	106.471234
15.890945	10.605000	106.481275
15.890517	10.606000	106.491315
15.890089	10.607000	106.501356
15.889661	10.608000	106.511397
15.889233	10.609000	106.521437
15.888805	10.610000	106.531478
15.888377	10.611000	106.541519
15.887949	10.612000	106.551559
15.887521	10.613000	106.561600
15.887092	10.614000	106.571641
15.886664	10.615000	106.581681
15.886236	10.616000	106.591722
15.885808	10.617000	106.601763
15.885380	10.618000	106.611803
15.884952	10.619000	106.621844
15.884524	10.620000	106.631885
15.884096	10.621000	106.641925
15.883668	10.622000	106.651966
15.883240	10.623000	106.662007
15.882812	10.624000	106.672047
15.882383	10.625000	106.682088
15.881955	10.626000	106.692129
15.881527	10.627000	106.702169
15.881099	10.628000	106.712210
15.880671	10.629000	106.722251
15.880242	10.630000	106.732291
15.879814	10.631000	106.742332
15.879386	10.632000	106.752373
15.878958	10.633000	106.762413
15.878530	10.634000	106.772454
15.878101	10.635000	106.782495
15.877673	10.636000	106.792535
15.877245	10.637000	106.802576
15.876817	10.638000	106.812617
15.876388	10.639000	106.822657
15.875960	10.640000	106.832698
15.875532	10.641000	106.842739
15.875103	10.642000	106.852779
15.874675	10.643000	106.862820
15.874247	10.644000	106.872861
15.873818	10.645000	106.882901
15.873390	10.646000	106.892942
15.872962	10.647000	106.902983
15.872533	10.648000	106.913023
15.872105	10.649000	106.923064
15.871677	10.650000	106.933105
15.871248	10.651000	106.943145
15.870820	10.652000	106.953186
15.870391	10.653000	106.963227
15.869963	10.654000	106.973267
15.869535	10.655000	106.983308
15.869106	10.656000	106.993349
15.868678	10.657000	107.003389
15.868249	10.658000	107.013430
15.867821	10.659000	107.023471
15.867392	10.660000	107.033511
15.866964	10.661000	107.043552
15.866535	10.662000	107.053593
15.866107	10.663000	107.063633
15.865678	10.664000	107.073674
15.865250	10.665000	107.083715
15.864821	10.666000	107.093755
15.864393	10.667000	107.103796
15.863964	10.668000	107.113837
15.863536	10.669000	107.123877
15.863107	10.670000	107.133918
15.862678	10.671000	107.143959
15.862250	10.672000	107.153999
15.861821	10.673000	107.164040
15.861393	10.674000	107.174081
15.860964	10.675000	107.184121
15.860535	10.676000	107.194162
15.860107	10.677000	107.204203
15.859678	10.678000	107.214243
15.859249	10.679000	107.224284
15.858821	10.680000	107.234325
15.858392	10.681000	107.244365
15.857963	10.682000	107.254406
15.857535	10.683000	107.264447
15.857106	10.684000	107.274487
15.856677	10.685000	107.284528
15.856249	10.686000	107.294569
15.855820	10.687000	107.304609
15.855391	10.688000	107.314650
15.854962	10.689000	107.324691
15.854534	10.690000	107.334731
15.854105	10.691000	107.344772
15.853676	10.692000	107.354813
15.853247	10.693000	107.364853
15.852818	10.694000	107.374894
15.852390	10.695000	107.384935
15.851961	10.696000	107.394975
15.851532	10.697000	107.405016
15.851103	10.698000	107.415057
15.850674	10.699000	107.425097
15.850245	10.700000	107.435138
15.849817	10.701000	107.445179
15.849388	10.702000	107.455219
15.848959	10.703000	107.465260
15.848530	10.704000	107.475301
15.848101	10.705000	107.485341
15.847672	10.706000	107.495382
15.847243	10.707000	107.505423
15.846814	10.708000	107.515463
15.846385	10.709000	107.525504
15.845956	10.710000	107.535545
15.845527	10.711000	107.545585
15.845098	10.712000	107.555626
15.844669	10.713000	107.565667
15.844240	10.714000	107.575707
15.843811	10.715000	107.585748
15.843382	10.716000	107.595789
15.842953	10.717000	107.605829
15.842524	10.718000	107.615870
15.842095	10.719000	107.625911
15.841666	10.720000	107.635951
15.841237	10.721000	107.645992
15.840808	10.722000	107.656033
15.840379	10.723000	107.666073
15.839950	10.724000	107.676114
15.839521	10.725000	107.686155
15.839092	10.726000	107.696195
15.838663	10.727000	107.706236
15.838234	10.728000	107.716277
15.837805	10.729000	107.726317
15.837375	10.730000	107.736358
15.836946	10.731000	107.746399
15.836517	10.732000	107.756439
15.836088	10.733000	107.766480
15.835659	10.734000	107.776521
15.835230	10.735000	107.786561
15.834800	10.736000	107.796602
15.834371	10.737000	107.806643
15.833942	10.738000	107.816683
15.833513	10.739000	107.826724
15.833084	10.740000	107.836765
15.832654	10.741000	107.846805
15.832225	10.742000	107.856846
15.831796	10.743000	107.866887
15.831366	10.744000	107.876927
15.830937	10.745000	107.886968
15.830508	10.746000	107.897009
15.830079	10.747000	107.907049
15.829649	10.748000	107.917090
15.829220	10.749000	107.927131
15.828791	10.750000	107.937171
15.828361	10.751000	107.947212
15.827932	10.752000	107.957253
15.827503	10.753000	107.967293
15.827073	10.754000	107.977334
15.826644	10.755000	107.987375
15.826214	10.756000	107.997415
15.825785	10.757000	108.007456
15.825356	10.758000	108.017497
15.824926	10.759000	108.027537
15.824497	10.760000	108.037578
15.824067	10.761000	108.047619
15.823638	10.762000	108.057659
15.823209	10.763000	108.067700
15.822779	10.764000	108.077741
15.822350	10.765000	108.087781
15.821920	10.766000	108.097822
15.821491	10.767000	108.107863
15.821061	10.768000	108.117903
15.820632	10.769000	108.127944
15.820202	10.770000	108.137985
15.819773	10.771000	108.148025
15.819343	10.772000	108.158066
15.818913	10.773000	108.168107
15.818484	10.774000	108.178147
15.818054	10.775000	108.188188
15.817625	10.776000	108.198229
15.817195	10.777000	108.208269
15.816766	10.778000	108.218310
15.816336	10.779000	108.228351
15.815906	10.780000	108.238391
15.815477	10.781000	108.248432
15.815047	10.782000	108.258473
15.814617	10.783000	108.268513
15.814188	10.784000	108.278554
15.813758	10.785000	108.288595
15.813329	10.786000	108.298635
15.812899	10.787000	108.308676
15.812469	10.788000	108.318717
15.812039	10.789000	108.328757
15.811610	10.790000	108.338798
15.811180	10.791000	108.348839
15.810750	10.792000	108.358879
15.810321	10.793000	108.368920
15.809891	10.794000	108.378961
15.809461	10.795000	108.389001
15.809031	10.796000	108.399042
15.808602	10.797000	108.409083
15.808172	10.798000	108.419123
15.807742	10.799000	108.429164
15.807312	10.800000	108.439205
15.806882	10.801000	108.449245
15.806453	10.802000	108.459286
15.806023	10.803000	108.469327
15.805593	10.804000	108.479367
15.805163	10.805000	108.489408
15.804733	10.806000	108.499449
15.804303	10.807000	108.509489
15.803873	10.808000	108.519530
15.803443	10.809000	108.529571
15.803014	10.810000	108.539611
15.802584	10.811000	108.549652
15.802154	10.812000	108.559693
15.801724	10.813000	108.569733
15.801294	10.814000	108.579774
15.800864	10.815000	108.589815
15.800434	10.816000	108.599855
15.800004	10.817000	108.609896
15.799574	10.818000	108.619937
15.799144	10.819000	108.629977
15.798714	10.820000	108.640018
15.798284	10.821000	108.650059
15.797854	10.822000	108.660099
15.797424	10.823000	108.670140
15.796994	10.824000	108.680181
15.796564	10.825000	108.690221
15.796134	10.826000	108.700262
15.795704	10.827000	108.710303
15.795274	10.828000	108.720343
15.794844	10.829000	108.730384
15.794414	10.830000	108.740425
15.793984	10.831000	108.750465
15.793553	10.832000	108.760506
15.793123	10.833000	108.770547
15.792693	10.834000	108.780587
15.792263	10.835000	108.790628
15.791833	10.836000	108.800669
15.791403	10.837000	108.810709
15.790973	10.838000	108.820750
15.790542	10.839000	108.830791
15.790112	10.840000	108.840831
15.789682	10.841000	108.850872
15.789252	10.842000	108.860913
15.788822	10.843000	108.870953
15.788391	10.844000	108.880994
15.787961	10.845000	108.891035
15.787531	10.846000	108.901075
15.787101	10.847000	108.911116
15.786670	10.848000	108.921157
15.786240	10.849000	108.931197
15.785810	10.850000	108.941238
15.785380	10.851000	108.951279
15.784949	10.852000	108.961319
15.784519	10.853000	108.971360
15.784089	10.854000	108.981401
15.783658	10.855000	108.991441
15.783228	10.856000	109.001482
15.782798	10.857000	109.011523
15.782367	10.858000	109.021563
15.781937	10.859000	109.031604
15.781507	10.860000	109.041645
15.781076	10.861000	109.051685
15.780646	10.862000	109.061726
15.780215	10.863000	109.071767
15.779785	10.864000	109.081807
15.779354	10.865000	109.091848
15.778924	10.866000	109.101889
15.778494	10.867000	109.111929
15.778063	10.868000	109.121970
15.777633	10.869000	109.132011
15.777202	10.870000	109.142051
15.776772	10.871000	109.152092
15.776341	10.872000	109.162133
15.775911	10.873000	109.172173
15.775480	10.874000	109.182214
15.775050	10.875000	109.192255
15.774619	10.876000	109.202295
15.774189	10.877000	109.212336
15.773758	10.878000	109.222377
15.773328	10.879000	109.232417
15.772897	10.880000	109.242458
15.772466	10.881000	109.252499
15.772036	10.882000	109.262539
15.771605	10.883000	109.272580
15.771175	10.884000	109.282621
15.770744	10.885000	109.292661
15.770313	10.886000	109.302702
15.769883	10.887000	109.312743
15.769452	10.888000	109.322783
15.769021	10.889000	109.332824
15.768591	10.890000	109.342865
15.768160	10.891000	109.352905
15.767729	10.892000	109.362946
15.767299	10.893000	109.372987
15.766868	10.894000	109.383027
15.766437	10.895000	109.393068
15.766007	10.896000	109.403109
15.765576	10.897000	109.413149
15.765145	10.898000	109.423190
15.764714	10.899000	109.433231
15.764284	10.900000	109.443271
15.763853	10.901000	109.453312
15.763422	10.902000	109.463353
15.762991	10.903000	109.473393
15.762561	10.904000	109.483434
15.762130	10.905000	109.493475
15.761699	10.906000	109.503515
15.761268	10.907000	109.513556
15.760837	10.908000	109.523597
15.760406	10.909000	109.533637
15.759976	10.910000	109.543678
15.759545	10.911000	109.553719
15.759114	10.912000	109.563759
15.758683	10.913000	109.573800
15.758252	10.914000	109.583841
15.757821	10.915000	109.593881
15.757390	10.916000	109.603922
15.756959	10.917000	109.613963
15.756528	10.918000	109.624003
15.756097	10.919000	109.634044
15.755666	10.920000	109.644085
15.755236	10.921000	109.654125
15.754805	10.922000	109.664166
15.754374	10.923000	109.674207
15.753943	10.924000	109.684247
15.753512	10.925000	109.694288
15.753081	10.926000	109.704329
15.752650	10.927000	109.714369
15.752219	10.928000	109.724410
15.751787	10.929000	109.734451
15.751356	10.930000	109.744491
15.750925	10.931000	109.754532
15.750494	10.932000	109.764573
15.750063	10.933000	109.774613
15.749632	10.934000	109.784654
15.749201	10.935000	109.794695
15.748770	10.936000	109.804735
15.748339	10.937000	109.814776
15.747908	10.938000	109.824817
15.747477	10.939000	109.834857
15.747045	10.940000	109.844898
15.746614	10.941000	109.854939
15.746183	10.942000	109.864979
15.745752	10.943000	109.875020
15.745321	10.944000	109.885061
15.744890	10.945000	109.895101
15.744458	10.946000	109.905142
15.744027	10.947000	109.915183
15.743596	10.948000	109.925223
15.743165	10.949000	109.935264
15.742734	10.950000	109.945305
15.742302	10.951000	109.955345
15.741871	10.952000	109.965386
15.741440	10.953000	109.975427
15.741008	10.954000	109.985467
15.740577	10.955000	109.995508
15.740146	10.956000	110.005549
15.739715	10.957000	110.015589
15.739283	10.958000	110.025630
15.738852	10.959000	110.035671
15.738421	10.960000	110.045711
15.737989	10.961000	110.055752
15.737558	10.962000	110.065793
15.737127	10.963000	110.075833
15.736695	10.964000	110.085874
15.736264	10.965000	110.095915
15.735832	10.966000	110.105955
15.735401	10.967000	110.115996
15.734970	10.968000	110.126037
15.734538	10.969000	110.136077
15.734107	10.970000	110.146118
15.733675	10.971000	110.156159
15.733244	10.972000	110.166199
15.732812	10.973000	110.176240
15.732381	10.974000	110.186281
15.731949	10.975000	110.196321
15.731518	10.976000	110.206362
15.731086	10.977000	110.216403
15.730655	10.978000	110.226443
15.730223	10.979000	110.236484
15.729792	10.980000	110.246525
15.729360	10.981000	110.256565
15.728929	10.982000	110.266606
15.728497	10.983000	110.276647
15.728066	10.984000	110.286687
15.727634	10.985000	110.296728
15.727203	10.986000	110.306769
15.726771	10.987000	110.316809
15.726339	10.988000	110.326850
15.725908	10.989000	110.336891
15.725476	10.990000	110.346931
15.725044	10.991000	110.356972
15.724613	10.992000	110.367013
15.724181	10.993000	110.377053
15.723750	10.994000	110.387094
15.723318	10.995000	110.397135
15.722886	10.996000	110.407175
15.722454	10.997000	110.417216
15.722023	10.998000	110.427257
15.721591	10.999000	110.437297
15.721159	11.000000	110.447338
15.720728	11.001000	110.457379
15.720296	11.002000	110.467419
15.719864	11.003000	110.477460
15.719432	11.004000	110.487501
15.719001	11.005000	110.497541
15.718569	11.006000	110.507582
15.718137	11.007000	110.517623
15.717705	11.008000	110.527663
15.717273	11.009000	110.537704
15.716842	11.010000	110.547745
15.716410	11.011000	110.557785
15.715978	11.012000	110.567826
15.715546	11.013000	110.577867
15.715114	11.014000	110.587907
15.714682	11.015000	110.597948
15.714251	11.016000	110.607989
15.713819	11.017000	110.618029
15.713387	11.018000	110.628070
15.712955	11.019000	110.638111
15.712523	11.020000	110.648151
15.712091	11.021000	110.658192
15.711659	11.022000	110.668233
15.711227	11.023000	110.678273
15.710795	11.024000	110.688314
15.710363	11.025000	110.698355
15.709931	11.026000	110.708395
15.709499	11.027000	110.718436
15.709067	11.028000	110.728477
15.708635	11.029000	110.738517
15.708203	11.030000	110.748558
15.707771	11.031000	110.758599
15.707339	11.032000	110.768639
15.706907	11.033000	110.778680
15.706475	11.034000	110.788721
15.706043	11.035000	110.798761
15.705611	11.036000	110.808802
15.705179	11.037000	110.818843
15.704747	11.038000	110.828883
15.704315	11.039000	110.838924
15.703883	11.040000	110.848965
15.703451	11.041000	110.859005
15.703018	11.042000	110.869046
15.702586	11.043000	110.879087
15.702154	11.044000	110.889127
15.701722	11.045000	110.899168
15.701290	11.046000	110.909209
15.700858	11.047000	110.919249
15.700425	11.048000	110.929290
15.699993	11.049000	110.939331
15.699561	11.050000	110.949371
15.699129	11.051000	110.959412
15.698697	11.052000	110.969453
15.698264	11.053000	110.979493
15.697832	11.054000	110.989534
15.697400	11.055000	110.999575
15.696968	11.056000	111.009615
15.696535	11.057000	111.019656
15.696103	11.058000	111.029697
15.695671	11.059000	111.039737
15.695238	11.060000	111.049778
15.694806	11.061000	111.059819
15.694374	11.062000	111.069859
15.693942	11.063000	111.079900
15.693509	11.064000	111.089941
15.693077	11.065000	111.099981
15.692644	11.066000	111.110022
15.692212	11.067000	111.120063
15.691780	11.068000	111.130103
15.691347	11.069000	111.140144
15.690915	11.070000	111.150185
15.690483	11.071000	111.160225
15.690050	11.072000	111.170266
15.689618	11.073000	111.180307
15.689185	11.074000	111.190347
15.688753	11.075000	111.200388
15.688320	11.076000	111.210429
15.687888	11.077000	111.220469
15.687455	11.078000	111.230510
15.687023	11.079000	111.240551
15.686590	11.080000	111.250591
15.686158	11.081000	111.260632
15.685725	11.082000	111.270673
15.685293	11.083000	111.280713
15.684860	11.084000	111.290754
15.684428	11.085000	111.300795
15.683995	11.086000	111.310835
15.683563	11.087000	111.320876
15.683130	11.088000	111.330917
15.682698	11.089000	111.340957
15.682265	11.090000	111.350998
15.681832	11.091000	111.361039
15.681400	11.092000	111.371079
15.680967	11.093000	111.381120
15.680534	11.094000	111.391161
15.680102	11.095000	111.401201
15.679669	11.096000	111.411242
15.679237	11.097000	111.421283
15.678804	11.098000	111.431323
15.678371	11.099000	111.441364
15.677939	11.100000	111.451405
15.677506	11.101000	111.461445
15.677073	11.102000	111.471486
15.676640	11.103000	111.481527
15.676208	11.104000	111.491567
15.675775	11.105000	111.501608
15.675342	11.106000	111.511649
15.674909	11.107000	111.521689
15.674477	11.108000	111.531730
15.674044	11.109000	111.541771
15.673611	11.110000	111.551811
15.673178	11.111000	111.561852
15.672745	11.112000	111.571893
15.672313	11.113000	111.581933
15.671880	11.114000	111.591974
15.671447	11.115000	111.602015
15.671014	11.116000	111.612055
15.670581	11.117000	111.622096
15.670148	11.118000	111.632137
15.669716	11.119000	111.642177
15.669283	11.120000	111.652218
15.668850	11.121000	111.662259
15.668417	11.122000	111.672299
15.667984	11.123000	111.682340
15.667551	11.124000	111.692381
15.667118	11.125000	111.702421
15.666685	11.126000	111.712462
15.666252	11.127000	111.722503
15.665819	11.128000	111.732543
15.665386	11.129000	111.742584
15.664953	11.130000	111.752625
15.664520	11.131000	111.762665
15.664087	11.132000	111.772706
15.663654	11.133000	111.782747
15.663221	11.134000	111.792787
15.662788	11.135000	111.802828
15.662355	11.136000	111.812869
15.661922	11.137000	111.822909
15.661489	11.138000	111.832950
15.661056	11.139000	111.842991
15.660623	11.140000	111.853031
15.660190	11.141000	111.863072
15.659757	11.142000	111.873113
15.659324	11.143000	111.883153
15.658891	11.144000	111.893194
15.658457	11.145000	111.903235
15.658024	11.146000	111.913275
15.657591	11.147000	111.923316
15.657158	11.148000	111.933357
15.656725	11.149000	111.943397
15.656292	11.150000	111.953438
15.655859	11.151000	111.963479
15.655425	11.152000	111.973519
15.654992	11.153000	111.983560
15.654559	11.154000	111.993601
15.654126	11.155000	112.003641
15.653692	11.156000	112.013682
15.653259	11.157000	112.023723
15.652826	11.158000	112.033763
15.652393	11.159000	112.043804
15.651959	11.160000	112.053845
15.651526	11.161000	112.063885
15.651093	11.162000	112.073926
15.650660	11.163000	112.083967
15.650226	11.164000	112.094007
15.649793	11.165000	112.104048
15.649360	11.166000	112.114089
15.648926	11.167000	112.124129
15.648493	11.168000	112.134170
15.648060	11.169000	112.144211
15.647626	11.170000	112.154251
15.647193	11.171000	112.164292
15.646759	11.172000	112.174333
15.646326	11.173000	112.184373
15.645893	11.174000	112.194414
15.645459	11.175000	112.204455
15.645026	11.176000	112.214495
15.644592	11.177000	112.224536
15.644159	11.178000	112.234577
15.643725	11.179000	112.244617
15.643292	11.180000	112.254658
15.642858	11.181000	112.264699
15.642425	11.182000	112.274739
15.641991	11.183000	112.284780
15.641558	11.184000	112.294821
15.641124	11.185000	112.304861
15.640691	11.186000	112.314902
15.640257	11.187000	112.324943
15.639824	11.188000	112.334983
15.639390	11.189000	112.345024
15.638957	11.190000	112.355065
15.638523	11.191000	112.365105
15.638090	11.192000	112.375146
15.637656	11.193000	112.385187
15.637222	11.194000	112.395227
15.636789	11.195000	112.405268
15.636355	11.196000	112.415309
15.635921	11.197000	112.425349
15.635488	11.198000	112.435390
15.635054	11.199000	112.445431
15.634621	11.200000	112.455471
15.634187	11.201000	112.465512
15.633753	11.202000	112.475553
15.633319	11.203000	112.485593
15.632886	11.204000	112.495634
15.632452	11.205000	112.505675
15.632018	11.206000	112.515715
15.631585	11.207000	112.525756
15.631151	11.208000	112.535797
15.630717	11.209000	112.545837
15.630283	11.210000	112.555878
15.629850	11.211000	112.565919
15.629416	11.212000	112.575959
15.628982	11.213000	112.586000
15.628548	11.214000	112.596041
15.628114	11.215000	112.606081
15.627681	11.216000	112.616122
15.627247	11.217000	112.626163
15.626813	11.218000	112.636203
15.626379	11.219000	112.646244
15.625945	11.220000	112.656285
15.625511	11.221000	112.666325
15.625077	11.222000	112.676366
15.624644	11.223000	112.686407
15.624210	11.224000	112.696447
15.623776	11.225000	112.706488
15.623342	11.226000	112.716529
15.622908	11.227000	112.726569
15.622474	11.228000	112.736610
15.622040	11.229000	112.746651
15.621606	11.230000	112.756691
15.621172	11.231000	112.766732
15.620738	11.232000	112.776773
15.620304	11.233000	112.786813
15.619870	11.234000	112.796854
15.619436	11.235000	112.806895
15.619002	11.236000	112.816935
15.618568	11.237000	112.826976
15.618134	11.238000	112.837017
15.617700	11.239000	112.847057
15.617266	11.240000	112.857098
15.616832	11.241000	112.867139
15.616398	11.242000	112.877179
15.615964	11.243000	112.887220
15.615530	11.244000	112.897261
15.615096	11.245000	112.907301
15.614661	11.246000	112.917342
15.614227	11.247000	112.927383
15.613793	11.248000	112.937423
15.613359	11.249000	112.947464
15.612925	11.250000	112.957505
15.612491	11.251000	112.967545
15.612057	11.252000	112.977586
15.611622	11.253000	112.987627
15.611188	11.254000	112.997667
15.610754	11.255000	113.007708
15.610320	11.256000	113.017749
15.609885	11.257000	113.027789
15.609451	11.258000	113.037830
15.609017	11.259000	113.047871
15.608583	11.260000	113.057911
15.608149	11.261000	113.067952
15.607714	11.262000	113.077993
15.607280	11.263000	113.088033
15.606846	11.264000	113.098074
15.606411	11.265000	113.108115
15.605977	11.266000	113.118155
15.605543	11.267000	113.128196
15.605108	11.268000	113.138237
15.604674	11.269000	113.148277
15.604240	11.270000	113.158318
15.603805	11.271000	113.168359
15.603371	11.272000	113.178399
15.602937	11.273000	113.188440
15.602502	11.274000	113.198481
15.602068	11.275000	113.208521
15.601633	11.276000	113.218562
15.601199	11.277000	113.228603
15.600765	11.278000	113.238643
15.600330	11.279000	113.248684
15.599896	11.280000	113.258725
15.599461	11.281000	113.268765
15.599027	11.282000	113.278806
15.598592	11.283000	113.288847
15.598158	11.284000	113.298887
15.597723	11.285000	113.308928
15.597289	11.286000	113.318969
15.596854	11.287000	113.329009
15.596420	11.288000	113.339050
15.595985	11.289000	113.349091
15.595551	11.290000	113.359131
15.595116	11.291000	113.369172
15.594682	11.292000	113.379213
15.594247	11.293000	113.389253
15.593812	11.294000	113.399294
15.593378	11.295000	113.409335
15.592943	11.296000	113.419375
15.592509	11.297000	113.429416
15.592074	11.298000	113.439457
15.591639	11.299000	113.449497
15.591205	11.300000	113.459538
15.590770	11.301000	113.469579
15.590335	11.302000	113.479620
15.589901	11.303000	113.489660
15.589466	11.304000	113.499701
15.589031	11.305000	113.509742
15.588597	11.306000	113.519782
15.588162	11.307000	113.529823
15.587727	11.308000	113.539864
15.587292	11.309000	113.549904
15.586858	11.310000	113.559945
15.586423	11.311000	113.569986
15.585988	11.312000	113.580026
15.585553	11.313000	113.590067
15.585119	11.314000	113.600108
15.584684	11.315000	113.610148
15.584249	11.316000	113.620189
15.583814	11.317000	113.630230
15.583379	11.318000	113.640270
15.582944	11.319000	113.650311
15.582510	11.320000	113.660352
15.582075	11.321000	113.670392
15.581640	11.322000	113.680433
15.581205	11.323000	113.690474
15.580770	11.324000	113.700514
15.580335	11.325000	113.710555
15.579900	11.326000	113.720596
15.579465	11.327000	113.730636
15.579031	11.328000	113.740677
15.578596	11.329000	113.750718
15.578161	11.330000	113.760758
15.577726	11.331000	113.770799
15.577291	11.332000	113.780840
15.576856	11.333000	113.790880
15.576421	11.334000	113.800921
15.575986	11.335000	113.810962
15.575551	11.336000	113.821002
15.575116	11.337000	113.831043
15.574681	11.338000	113.841084
15.574246	11.339000	113.851124
15.573811	11.340000	113.861165
15.573376	11.341000	113.871206
15.572941	11.342000	113.881246
15.572506	11.343000	113.891287
15.572070	11.344000	113.901328
15.571635	11.345000	113.911368
15.571200	11.346000	113.921409
15.570765	11.347000	113.931450
15.570330	11.348000	113.941490
15.569895	11.349000	113.951531
15.569460	11.350000	113.961572
15.569025	11.351000	113.971612
15.568589	11.352000	113.981653
15.568154	11.353000	113.991694
15.567719	11.354000	114.001734
15.567284	11.355000	114.011775
15.566849	11.356000	114.021816
15.566414	11.357000	114.031856
15.565978	11.358000	114.041897
15.565543	11.359000	114.051938
15.565108	11.360000	114.061978
15.564673	11.361000	114.072019
15.564237	11.362000	114.082060
15.563802	11.363000	114.092100
15.563367	11.364000	114.102141
15.562932	11.365000	114.112182
15.562496	11.366000	114.122222
15.562061	11.367000	114.132263
15.561626	11.368000	114.142304
15.561190	11.369000	114.152344
15.560755	11.370000	114.162385
15.560320	11.371000	114.172426
15.559884	11.372000	114.182466
15.559449	11.373000	114.192507
15.559013	11.374000	114.202548
15.558578	11.375000	114.212588
15.558143	11.376000	114.222629
15.557707	11.377000	114.232670
15.557272	11.378000	114.242710
15.556836	11.379000	114.252751
15.556401	11.380000	114.262792
15.555966	11.381000	114.272832
15.555530	11.382000	114.282873
15.555095	11.383000	114.292914
15.554659	11.384000	114.302954
15.554224	11.385000	114.312995
15.553788	11.386000	114.323036
15.553353	11.387000	114.333076
15.552917	11.388000	114.343117
15.552482	11.389000	114.353158
15.552046	11.390000	114.363198
15.551611	11.391000	114.373239
15.551175	11.392000	114.383280
15.550739	11.393000	114.393320
15.550304	11.394000	114.403361
15.549868	11.395000	114.413402
15.549433	11.396000	114.423442
15.548997	11.397000	114.433483
15.548561	11.398000	114.443524
15.548126	11.399000	114.453564
15.547690	11.400000	114.463605
15.547255	11.401000	114.473646
15.546819	11.402000	114.483686
15.546383	11.403000	114.493727
15.545948	11.404000	114.503768
15.545512	11.405000	114.513808
15.545076	11.406000	114.523849
15.544640	11.407000	114.533890
15.544205	11.408000	114.543930
15.543769	11.409000	114.553971
15.543333	11.410000	114.564012
15.542898	11.411000	114.574052
15.542462	11.412000	114.584093
15.542026	11.413000	114.594134
15.541590	11.414000	114.604174
15.541154	11.415000	114.614215
15.540719	11.416000	114.624256
15.540283	11.417000	114.634296
15.539847	11.418000	114.644337
15.539411	11.419000	114.654378
15.538975	11.420000	114.664418
15.538540	11.421000	114.674459
15.538104	11.422000	114.684500
15.537668	11.423000	114.694540
15.537232	11.424000	114.704581
15.536796	11.425000	114.714622
15.536360	11.426000	114.724662
15.535924	11.427000	114.734703
15.535488	11.428000	114.744744
15.535052	11.429000	114.754784
15.534617	11.430000	114.764825
15.534181	11.431000	114.774866
15.533745	11.432000	114.784906
15.533309	11.433000	114.794947
15.532873	11.434000	114.804988
15.532437	11.435000	114.815028
15.532001	11.436000	114.825069
15.531565	11.437000	114.835110
15.531129	11.438000	114.845150
15.530693	11.439000	114.855191
15.530257	11.440000	114.865232
15.529821	11.441000	114.875272
15.529385	11.442000	114.885313
15.528949	11.443000	114.895354
15.528512	11.444000	114.905394
15.528076	11.445000	114.915435
15.527640	11.446000	114.925476
15.527204	11.447000	114.935516
15.526768	11.448000	114.945557
15.526332	11.449000	114.955598
15.525896	11.450000	114.965638
15.525460	11.451000	114.975679
15.525024	11.452000	114.985720
15.524587	11.453000	114.995760
15.524151	11.454000	115.005801
15.523715	11.455000	115.015842
15.523279	11.456000	115.025882
15.522843	11.457000	115.035923
15.522406	11.458000	115.045964
15.521970	11.459000	115.056004
15.521534	11.460000	115.066045
15.521098	11.461000	115.076086
15.520661	11.462000	115.086126
15.520225	11.463000	115.096167
15.519789	11.464000	115.106208
15.519353	11.465000	115.116248
15.518916	11.466000	115.126289
15.518480	11.467000	115.136330
15.518044	11.468000	115.146370
15.517607	11.469000	115.156411
15.517171	11.470000	115.166452
15.516735	11.471000	115.176492
15.516298	11.472000	115.186533
15.515862	11.473000	115.196574
15.515426	11.474000	115.206614
15.514989	11.475000	115.216655
15.514553	11.476000	115.226696
15.514116	11.477000	115.236736
15.513680	11.478000	115.246777
15.513244	11.479000	115.256818
15.512807	11.480000	115.266858
15.512371	11.481000	115.276899
15.511934	11.482000	115.286940
15.511498	11.483000	115.296980
15.511061	11.484000	115.307021
15.510625	11.485000	115.317062
15.510188	11.486000	115.327102
15.509752	11.487000	115.337143
15.509315	11.488000	115.347184
15.508879	11.489000	115.357224
15.508442	11.490000	115.367265
15.508006	11.491000	115.377306
15.507569	11.492000	115.387346
15.507133	11.493000	115.397387
15.506696	11.494000	115.407428
15.506260	11.495000	115.417468
15.505823	11.496000	115.427509
15.505386	11.497000	115.437550
15.504950	11.498000	115.447590
15.504513	11.499000	115.457631
15.504077	11.500000	115.467672
15.503640	11.501000	115.477712
15.503203	11.502000	115.487753
15.502767	11.503000	115.497794
15.502330	11.504000	115.507834
15.501893	11.505000	115.517875
15.501457	11.506000	115.527916
15.501020	11.507000	115.537956
15.500583	11.508000	115.547997
15.500146	11.509000	115.558038
15.499710	11.510000	115.568078
15.499273	11.511000	115.578119
15.498836	11.512000	115.588160
15.498399	11.513000	115.598200
15.497963	11.514000	115.608241
15.497526	11.515000	115.618282
15.497089	11.516000	115.628322
15.496652	11.517000	115.638363
15.496215	11.518000	115.648404
15.495779	11.519000	115.658444
15.495342	11.520000	115.668485
15.494905	11.521000	115.678526
15.494468	11.522000	115.688566
15.494031	11.523000	115.698607
15.493594	11.524000	115.708648
15.493158	11.525000	115.718688
15.492721	11.526000	115.728729
15.492284	11.527000	115.738770
15.491847	11.528000	115.748810
15.491410	11.529000	115.758851
15.490973	11.530000	115.768892
15.490536	11.531000	115.778932
15.490099	11.532000	115.788973
15.489662	11.533000	115.799014
15.489225	11.534000	115.809054
15.488788	11.535000	115.819095
15.488351	11.536000	115.829136
15.487914	11.537000	115.839176
15.487477	11.538000	115.849217
15.487040	11.539000	115.859258
15.486603	11.540000	115.869298
15.486166	11.541000	115.879339
15.485729	11.542000	115.889380
15.485292	11.543000	115.899420
15.484855	11.544000	115.909461
15.484418	11.545000	115.919502
15.483981	11.546000	115.929542
15.483544	11.547000	115.939583
15.483106	11.548000	115.949624
15.482669	11.549000	115.959664
15.482232	11.550000	115.969705
15.481795	11.551000	115.979746
15.481358	11.552000	115.989786
15.480921	11.553000	115.999827
15.480484	11.554000	116.009868
15.480046	11.555000	116.019908
15.479609	11.556000	116.029949
15.479172	11.557000	116.039990
15.478735	11.558000	116.050030
15.478298	11.559000	116.060071
15.477860	11.560000	116.070112
15.477423	11.561000	116.080152
15.476986	11.562000	116.090193
15.476549	11.563000	116.100234
15.476111	11.564000	116.110274
15.475674	11.565000	116.120315
15.475237	11.566000	116.130356
15.474799	11.567000	116.140396
15.474362	11.568000	116.150437
15.473925	11.569000	116.160478
15.473488	11.570000	116.170518
15.473050	11.571000	116.180559
15.472613	11.572000	116.190600
15.472175	11.573000	116.200640
15.471738	11.574000	116.210681
15.471301	11.575000	116.220722
15.470863	11.576000	116.230762
15.470426	11.577000	116.240803
15.469988	11.578000	116.250844
15.469551	11.579000	116.260884
15.469114	11.580000	116.270925
15.468676	11.581000	116.280966
15.468239	11.582000	116.291006
15.467801	11.583000	116.301047
15.467364	11.584000	116.311088
15.466926	11.585000	116.321128
15.466489	11.586000	116.331169
15.466051	11.587000	116.341210
15.465614	11.588000	116.351250
15.465176	11.589000	116.361291
15.464739	11.590000	116.371332
15.464301	11.591000	116.381372
15.463864	11.592000	116.391413
15.463426	11.593000	116.401454
15.462989	11.594000	116.411494
15.462551	11.595000	116.421535
15.462113	11.596000	116.431576
15.461676	11.597000	116.441616
15.461238	11.598000	116.451657
15.460801	11.599000	116.461698
15.460363	11.600000	116.471738
15.459925	11.601000	116.481779
15.459488	11.602000	116.491820
15.459050	11.603000	116.501860
15.458612	11.604000	116.511901
15.458175	11.605000	116.521942
15.457737	11.606000	116.531982
15.457299	11.607000	116.542023
15.456861	11.608000	116.552064
15.456424	11.609000	116.562104
15.455986	11.610000	116.572145
15.455548	11.611000	116.582186
15.455110	11.612000	116.592226
15.454673	11.613000	116.602267
15.454235	11.614000	116.612308
15.453797	11.615000	116.622348
15.453359	11.616000	116.632389
15.452922	11.617000	116.642430
15.452484	11.618000	116.652470
15.452046	11.619000	116.662511
15.451608	11.620000	116.672552
15.451170	11.621000	116.682592
15.450732	11.622000	116.692633
15.450295	11.623000	116.702674
15.449857	11.624000	116.712714
15.449419	11.625000	116.722755
15.448981	11.626000	116.732796
15.448543	11.627000	116.742836
15.448105	11.628000	116.752877
15.447667	11.629000	116.762918
15.447229	11.630000	116.772958
15.446791	11.631000	116.782999
15.446353	11.632000	116.793040
15.445915	11.633000	116.803080
15.445477	11.634000	116.813121
15.445039	11.635000	116.823162
15.444601	11.636000	116.833202
15.444163	11.637000	116.843243
15.443725	11.638000	116.853284
15.443287	11.639000	116.863324
15.442849	11.640000	116.873365
15.442411	11.641000	116.883406
15.441973	11.642000	116.893446
15.441535	11.643000	116.903487
15.441097	11.644000	116.913528
15.440659	11.645000	116.923568
15.440221	11.646000	116.933609
15.439783	11.647000	116.943650
15.439345	11.648000	116.953690
15.438906	11.649000	116.963731
15.438468	11.650000	116.973772
15.438030	11.651000	116.983812
15.437592	11.652000	116.993853
15.437154	11.653000	117.003894
15.436716	11.654000	117.013934
15.436277	11.655000	117.023975
15.435839	11.656000	117.034016
15.435401	11.657000	117.044056
15.434963	11.658000	117.054097
15.434525	11.659000	117.064138
15.434086	11.660000	117.074178
15.433648	11.661000	117.084219
15.433210	11.662000	117.094260
15.432772	11.663000	117.104300
15.432333	11.664000	117.114341
15.431895	11.665000	117.124382
15.431457	11.666000	117.134422
15.431018	11.667000	117.144463
15.430580	11.668000	117.154504
15.430142	11.669000	117.164544
15.429703	11.670000	117.174585
15.429265	11.671000	117.184626
15.428827	11.672000	117.194666
15.428388	11.673000	117.204707
15.427950	11.674000	117.214748
15.427512	11.675000	117.224788
15.427073	11.676000	117.234829
15.426635	11.677000	117.244870
15.426196	11.678000	117.254910
15.425758	11.679000	117.264951
15.425319	11.680000	117.274992
15.424881	11.681000	117.285032
15.424443	11.682000	117.295073
15.424004	11.683000	117.305114
15.423566	11.684000	117.315154
15.423127	11.685000	117.325195
15.422689	11.686000	117.335236
15.422250	11.687000	117.345276
15.421812	11.688000	117.355317
15.421373	11.689000	117.365358
15.420935	11.690000	117.375398
15.420496	11.691000	117.385439
15.420057	11.692000	117.395480
15.419619	11.693000	117.405520
15.419180	11.694000	117.415561
15.418742	11.695000	117.425602
15.418303	11.696000	117.435642
15.417864	11.697000	117.445683
15.417426	11.698000	117.455724
15.416987	11.699000	117.465764
15.416549	11.700000	117.475805
15.416110	11.701000	117.485846
15.415671	11.702000	117.495886
15.415233	11.703000	117.505927
15.414794	11.704000	117.515968
15.414355	11.705000	117.526008
15.413916	11.706000	117.536049
15.413478	11.707000	117.546090
15.413039	11.708000	117.556130
15.412600	11.709000	117.566171
15.412162	11.710000	117.576212
15.411723	11.711000	117.586252
15.411284	11.712000	117.596293
15.410845	11.713000	117.606334
15.410406	11.714000	117.616374
15.409968	11.715000	117.626415
15.409529	11.716000	117.636456
15.409090	11.717000	117.646496
15.408651	11.718000	117.656537
15.408212	11.719000	117.666578
15.407774	11.720000	117.676618
15.407335	11.721000	117.686659
15.406896	11.722000	117.696700
15.406457	11.723000	117.706740
15.406018	11.724000	117.716781
15.405579	11.725000	117.726822
15.405140	11.726000	117.736862
15.404701	11.727000	117.746903
15.404262	11.728000	117.756944
15.403823	11.729000	117.766984
15.403385	11.730000	117.777025
15.402946	11.731000	117.787066
15.402507	11.732000	117.797106
15.402068	11.733000	117.807147
15.401629	11.734000	117.817188
15.401190	11.735000	117.827228
15.400751	11.736000	117.837269
15.400312	11.737000	117.847310
15.399873	11.738000	117.857350
15.399434	11.739000	117.867391
15.398994	11.740000	117.877432
15.398555	11.741000	117.887472
15.398116	11.742000	117.897513
15.397677	11.743000	117.907554
15.397238	11.744000	117.917594
15.396799	11.745000	117.927635
15.396360	11.746000	117.937676
15.395921	11.747000	117.947716
15.395482	11.748000	117.957757
15.395043	11.749000	117.967798
15.394603	11.750000	117.977838
15.394164	11.751000	117.987879
15.393725	11.752000	117.997920
15.393286	11.753000	118.007960
15.392847	11.754000	118.018001
15.392407	11.755000	118.028042
15.391968	11.756000	118.038082
15.391529	11.757000	118.048123
15.391090	11.758000	118.058164
15.390651	11.759000	118.068204
15.390211	11.760000	118.078245
15.389772	11.761000	118.088286
15.389333	11.762000	118.098326
15.388893	11.763000	118.108367
15.388454	11.764000	118.118408
15.388015	11.765000	118.128448
15.387576	11.766000	118.138489
15.387136	11.767000	118.148530
15.386697	11.768000	118.158570
15.386258	11.769000	118.168611
15.385818	11.770000	118.178652
15.385379	11.771000	118.188692
15.384939	11.772000	118.198733
15.384500	11.773000	118.208774
15.384061	11.774000	118.218814
15.383621	11.775000	118.228855
15.383182	11.776000	118.238896
15.382742	11.777000	118.248936
15.382303	11.778000	118.258977
15.381864	11.779000	118.269018
15.381424	11.780000	118.279058
15.380985	11.781000	118.289099
15.380545	11.782000	118.299140
15.380106	11.783000	118.309180
15.379666	11.784000	118.319221
15.379227	11.785000	118.329262
15.378787	11.786000	118.339302
15.378348	11.787000	118.349343
15.377908	11.788000	118.359384
15.377469	11.789000	118.369424
15.377029	11.790000	118.379465
15.376589	11.791000	118.389506
15.376150	11.792000	118.399546
15.375710	11.793000	118.409587
15.375271	11.794000	118.419628
15.374831	11.795000	118.429668
15.374391	11.796000	118.439709
15.373952	11.797000	118.449750
15.373512	11.798000	118.459790
15.373072	11.799000	118.469831
15.372633	11.800000	118.479872
15.372193	11.801000	118.489912
15.371753	11.802000	118.499953
15.371314	11.803000	118.509994
15.370874	11.804000	118.520034
15.370434	11.805000	118.530075
15.369995	11.806000	118.540116
15.369555	11.807000	118.550156
15.369115	11.808000	118.560197
15.368675	11.809000	118.570238
15.368236	11.810000	118.580278
15.367796	11.811000	118.590319
15.367356	11.812000	118.600360
15.366916	11.813000	118.610400
15.366476	11.814000	118.620441
15.366037	11.815000	118.630482
15.365597	11.816000	118.640522
15.365157	11.817000	118.650563
15.364717	11.818000	118.660604
15.364277	11.819000	118.670644
15.363837	11.820000	118.680685
15.363398	11.821000	118.690726
15.362958	11.822000	118.700766
15.362518	11.823000	118.710807
15.362078	11.824000	118.720848
15.361638	11.825000	118.730888
15.361198	11.826000	118.740929
15.360758	11.827000	118.750970
15.360318	11.828000	118.761010
15.359878	11.829000	118.771051
15.359438	11.830000	118.781092
15.358998	11.831000	118.791132
15.358558	11.832000	118.801173
15.358118	11.833000	118.811214
15.357678	11.834000	118.821254
15.357238	11.835000	118.831295
15.356798	11.836000	118.841336
15.356358	11.837000	118.851376
15.355918	11.838000	118.861417
15.355478	11.839000	118.871458
15.355038	11.840000	118.881498
15.354598	11.841000	118.891539
15.354158	11.842000	118.901580
15.353718	11.843000	118.911620
15.353278	11.844000	118.921661
15.352837	11.845000	118.931702
15.352397	11.846000	118.941742
15.351957	11.847000	118.951783
15.351517	11.848000	118.961824
15.351077	11.849000	118.971864
15.350637	11.850000	118.981905
15.350196	11.851000	118.991946
15.349756	11.852000	119.001986
15.349316	11.853000	119.012027
15.348876	11.854000	119.022068
15.348436	11.855000	119.032108
15.347995	11.856000	119.042149
15.347555	11.857000	119.052190
15.347115	11.858000	119.062230
15.346675	11.859000	119.072271
15.346234	11.860000	119.082312
15.345794	11.861000	119.092352
15.345354	11.862000	119.102393
15.344913	11.863000	119.112434
15.344473	11.864000	119.122474
15.344033	11.865000	119.132515
15.343593	11.866000	119.142556
15.343152	11.867000	119.152596
15.342712	11.868000	119.162637
15.342271	11.869000	119.172678
15.341831	11.870000	119.182718
15.341391	11.871000	119.192759
15.340950	11.872000	119.202800
15.340510	11.873000	119.212840
15.340069	11.874000	119.222881
15.339629	11.875000	119.232922
15.339189	11.876000	119.242962
15.338748	11.877000	119.253003
15.338308	11.878000	119.263044
15.337867	11.879000	119.273084
15.337427	11.880000	119.283125
15.336986	11.881000	119.293166
15.336546	11.882000	119.303206
15.336105	11.883000	119.313247
15.335665	11.884000	119.323288
15.335224	11.885000	119.333328
15.334784	11.886000	119.343369
15.334343	11.887000	119.353410
15.333902	11.888000	119.363450
15.333462	11.889000	119.373491
15.333021	11.890000	119.383532
15.332581	11.891000	119.393572
15.332140	11.892000	119.403613
15.331700	11.893000	119.413654
15.331259	11.894000	119.423694
15.330818	11.895000	119.433735
15.330378	11.896000	119.443776
15.329937	11.897000	119.453816
15.329496	11.898000	119.463857
15.329056	11.899000	119.473898
15.328615	11.900000	119.483938
15.328174	11.901000	119.493979
15.327734	11.902000	119.504020
15.327293	11.903000	119.514060
15.326852	11.904000	119.524101
15.326411	11.905000	119.534142
15.325971	11.906000	119.544182
15.325530	11.907000	119.554223
15.325089	11.908000	119.564264
15.324648	11.909000	119.574304
15.324207	11.910000	119.584345
15.323767	11.911000	119.594386
15.323326	11.912000	119.604426
15.322885	11.913000	119.614467
15.322444	11.914000	119.624508
15.322003	11.915000	119.634548
15.321563	11.916000	119.644589
15.321122	11.917000	119.654630
15.320681	11.918000	119.664670
15.320240	11.919000	119.674711
15.319799	11.920000	119.684752
15.319358	11.921000	119.694792
15.318917	11.922000	119.704833
15.318476	11.923000	119.714874
15.318035	11.924000	119.724914
15.317594	11.925000	119.734955
15.317153	11.926000	119.744996
15.316712	11.927000	119.755036
15.316272	11.928000	119.765077
15.315831	11.929000	119.775118
15.315390	11.930000	119.785158
15.314949	11.931000	119.795199
15.314508	11.932000	119.805240
15.314066	11.933000	119.815280
15.313625	11.934000	119.825321
15.313184	11.935000	119.835362
15.312743	11.936000	119.845402
15.312302	11.937000	119.855443
15.311861	11.938000	119.865484
15.311420	11.939000	119.875524
15.310979	11.940000	119.885565
15.310538	11.941000	119.895606
15.310097	11.942000	119.905646
15.309656	11.943000	119.915687
15.309215	11.944000	119.925728
15.308773	11.945000	119.935768
15.308332	11.946000	119.945809
15.307891	11.947000	119.955850
15.307450	11.948000	119.965890
15.307009	11.949000	119.975931
15.306567	11.950000	119.985972
15.306126	11.951000	119.996012
15.305685	11.952000	120.006053
15.305244	11.953000	120.016094
15.304803	11.954000	120.026134
15.304361	11.955000	120.036175
15.303920	11.956000	120.046216
15.303479	11.957000	120.056256
15.303037	11.958000	120.066297
15.302596	11.959000	120.076338
15.302155	11.960000	120.086378
15.301714	11.961000	120.096419
15.301272	11.962000	120.106460
15.300831	11.963000	120.116500
15.300390	11.964000	120.126541
15.299948	11.965000	120.136582
15.299507	11.966000	120.146622
15.299065	11.967000	120.156663
15.298624	11.968000	120.166704
15.298183	11.969000	120.176744
15.297741	11.970000	120.186785
15.297300	11.971000	120.196826
15.296858	11.972000	120.206866
15.296417	11.973000	120.216907
15.295975	11.974000	120.226948
15.295534	11.975000	120.236988
15.295093	11.976000	120.247029
15.294651	11.977000	120.257070
15.294210	11.978000	120.267110
15.293768	11.979000	120.277151
15.293327	11.980000	120.287192
15.292885	11.981000	120.297232
15.292444	11.982000	120.307273
15.292002	11.983000	120.317314
15.291560	11.984000	120.327354
15.291119	11.985000	120.337395
15.290677	11.986000	120.347436
15.290236	11.987000	120.357476
15.289794	11.988000	120.367517
15.289352	11.989000	120.377558
15.288911	11.990000	120.387598
15.288469	11.991000	120.397639
15.288028	11.992000	120.407680
15.287586	11.993000	120.417720
15.287144	11.994000	120.427761
15.286703	11.995000	120.437802
15.286261	11.996000	120.447842
15.285819	11.997000	120.457883
15.285378	11.998000	120.467924
15.284936	11.999000	120.477964
15.284494	12.000000	120.488005
15.284052	12.001000	120.498046
15.283611	12.002000	120.508086
15.283169	12.003000	120.518127
15.282727	12.004000	120.528168
15.282285	12.005000	120.538208
15.281844	12.006000	120.548249
15.281402	12.007000	120.558290
15.280960	12.008000	120.568330
15.280518	12.009000	120.578371
15.280076	12.010000	120.588412
15.279635	12.011000	120.598452
15.279193	12.012000	120.608493
15.278751	12.013000	120.618534
15.278309	12.014000	120.628574
15.277867	12.015000	120.638615
15.277425	12.016000	120.648656
15.276983	12.017000	120.658696
15.276541	12.018000	120.668737
15.276100	12.019000	120.678778
15.275658	12.020000	120.688818
15.275216	12.021000	120.698859
15.274774	12.022000	120.708900
15.274332	12.023000	120.718940
15.273890	12.024000	120.728981
15.273448	12.025000	120.739022
15.273006	12.026000	120.749062
15.272564	12.027000	120.759103
15.272122	12.028000	120.769144
15.271680	12.029000	120.779184
15.271238	12.030000	120.789225
15.270796	12.031000	120.799266
15.270354	12.032000	120.809306
15.269912	12.033000	120.819347
15.269470	12.034000	120.829388
15.269027	12.035000	120.839428
15.268585	12.036000	120.849469
15.268143	12.037000	120.859510
15.267701	12.038000	120.869550
15.267259	12.039000	120.879591
15.266817	12.040000	120.889632
15.266375	12.041000	120.899672
15.265933	12.042000	120.909713
15.265490	12.043000	120.919754
15.265048	12.044000	120.929794
15.264606	12.045000	120.939835
15.264164	12.046000	120.949876
15.263722	12.047000	120.959916
15.263279	12.048000	120.969957
15.262837	12.049000	120.979998
15.262395	12.050000	120.990038
15.261953	12.051000	121.000079
15.261510	12.052000	121.010120
15.261068	12.053000	121.020160
15.260626	12.054000	121.030201
15.260184	12.055000	121.040242
15.259741	12.056000	121.050282
15.259299	12.057000	121.060323
15.258857	12.058000	121.070364
15.258414	12.059000	121.080404
15.257972	12.060000	121.090445
15.257530	12.061000	121.100486
15.257087	12.062000	121.110526
15.256645	12.063000	121.120567
15.256203	12.064000	121.130608
15.255760	12.065000	121.140648
15.255318	12.066000	121.150689
15.254875	12.067000	121.160730
15.254433	12.068000	121.170770
15.253990	12.069000	121.180811
15.253548	12.070000	121.190852
15.253106	12.071000	121.200892
15.252663	12.072000	121.210933
15.252221	12.073000	121.220974
15.251778	12.074000	121.231014
15.251336	12.075000	121.241055
15.250893	12.076000	121.251096
15.250451	12.077000	121.261136
15.250008	12.078000	121.271177
15.249566	12.079000	121.281218
15.249123	12.080000	121.291258
15.248680	12.081000	121.301299
15.248238	12.082000	121.311340
15.247795	12.083000	121.321381
15.247353	12.084000	121.331421
15.246910	12.085000	121.341462
15.246467	12.086000	121.351503
15.246025	12.087000	121.361543
15.245582	12.088000	121.371584
15.245140	12.089000	121.381625
15.244697	12.090000	121.391665
15.244254	12.091000	121.401706
15.243812	12.092000	121.411747
15.243369	12.093000	121.421787
15.242926	12.094000	121.431828
15.242483	12.095000	121.441869
15.242041	12.096000	121.451909
15.241598	12.097000	121.461950
15.241155	12.098000	121.471991
15.240713	12.099000	121.482031
15.240270	12.100000	121.492072
15.239827	12.101000	121.502113
15.239384	12.102000	121.512153
15.238941	12.103000	121.522194
15.238499	12.104000	121.532235
15.238056	12.105000	121.542275
15.237613	12.106000	121.552316
15.237170	12.107000	121.562357
15.236727	12.108000	121.572397
15.236284	12.109000	121.582438
15.235842	12.110000	121.592479
15.235399	12.111000	121.602519
15.234956	12.112000	121.612560
15.234513	12.113000	121.622601
15.234070	12.114000	121.632641
15.233627	12.115000	121.642682
15.233184	12.116000	121.652723
15.232741	12.117000	121.662763
15.232298	12.118000	121.672804
15.231855	12.119000	121.682845
15.231412	12.120000	121.692885
15.230969	12.121000	121.702926
15.230526	12.122000	121.712967
15.230083	12.123000	121.723007
15.229640	12.124000	121.733048
15.229197	12.125000	121.743089
15.228754	12.126000	121.753129
15.228311	12.127000	121.763170
15.227868	12.128000	121.773211
15.227425	12.129000	121.783251
15.226982	12.130000	121.793292
15.226539	12.131000	121.803333
15.226096	12.132000	121.813373
15.225653	12.133000	121.823414
15.225210	12.134000	121.833455
15.224767	12.135000	121.843495
15.224323	12.136000	121.853536
15.223880	12.137000	121.863577
15.223437	12.138000	121.873617
15.222994	12.139000	121.883658
15.222551	12.140000	121.893699
15.222108	12.141000	121.903739
15.221664	12.142000	121.913780
15.221221	12.143000	121.923821
15.220778	12.144000	121.933861
15.220335	12.145000	121.943902
15.219892	12.146000	121.953943
15.219448	12.147000	121.963983
15.219005	12.148000	121.974024
15.218562	12.149000	121.984065
15.218118	12.150000	121.994105
15.217675	12.151000	122.004146
15.217232	12.152000	122.014187
15.216789	12.153000	122.024227
15.216345	12.154000	122.034268
15.215902	12.155000	122.044309
15.215459	12.156000	122.054349
15.215015	12.157000	122.064390
15.214572	12.158000	122.074431
15.214128	12.159000	122.084471
15.213685	12.160000	122.094512
15.213242	12.161000	122.104553
15.212798	12.162000	122.114593
15.212355	12.163000	122.124634
15.211911	12.164000	122.134675
15.211468	12.165000	122.144715
15.211024	12.166000	122.154756
15.210581	12.167000	122.164797
15.210138	12.168000	122.174837
15.209694	12.169000	122.184878
15.209251	12.170000	122.194919
15.208807	12.171000	122.204959
15.208364	12.172000	122.215000
15.207920	12.173000	122.225041
15.207477	12.174000	122.235081
15.207033	12.175000	122.245122
15.206589	12.176000	122.255163
15.206146	12.177000	122.265203
15.205702	12.178000	122.275244
15.205259	12.179000	122.285285
15.204815	12.180000	122.295325
15.204371	12.181000	122.305366
15.203928	12.182000	122.315407
15.203484	12.183000	122.325447
15.203041	12.184000	122.335488
15.202597	12.185000	122.345529
15.202153	12.186000	122.355569
15.201710	12.187000	122.365610
15.201266	12.188000	122.375651
15.200822	12.189000	122.385691
15.200379	12.190000	122.395732
15.199935	12.191000	122.405773
15.199491	12.192000	122.415813
15.199047	12.193000	122.425854
15.198604	12.194000	122.435895
15.198160	12.195000	122.445935
15.197716	12.196000	122.455976
15.197272	12.197000	122.466017
15.196829	12.198000	122.476057
15.196385	12.199000	122.486098
15.195941	12.200000	122.496139
15.195497	12.201000	122.506179
15.195053	12.202000	122.516220
15.194609	12.203000	122.526261
15.194166	12.204000	122.536301
15.193722	12.205000	122.546342
15.193278	12.206000	122.556383
15.192834	12.207000	122.566423
15.192390	12.208000	122.576464
15.191946	12.209000	122.586505
15.191502	12.210000	122.596545
15.191058	12.211000	122.606586
15.190614	12.212000	122.616627
15.190170	12.213000	122.626667
15.189727	12.214000	122.636708
15.189283	12.215000	122.646749
15.188839	12.216000	122.656789
15.188395	12.217000	122.666830
15.187951	12.218000	122.676871
15.187507	12.219000	122.686911
15.187063	12.220000	122.696952
15.186619	12.221000	122.706993
15.186175	12.222000	122.717033
15.185730	12.223000	122.727074
15.185286	12.224000	122.737115
15.184842	12.225000	122.747155
15.184398	12.226000	122.757196
15.183954	12.227000	122.767237
15.183510	12.228000	122.777277
15.183066	12.229000	122.787318
15.182622	12.230000	122.797359
15.182178	12.231000	122.807399
15.181734	12.232000	122.817440
15.181289	12.233000	122.827481
15.180845	12.234000	122.837521
15.180401	12.235000	122.847562
15.179957	12.236000	122.857603
15.179513	12.237000	122.867643
15.179068	12.238000	122.877684
15.178624	12.239000	122.887725
15.178180	12.240000	122.897765
15.177736	12.241000	122.907806
15.177292	12.242000	122.917847
15.176847	12.243000	122.927887
15.176403	12.244000	122.937928
15.175959	12.245000	122.947969
15.175514	12.246000	122.958009
15.175070	12.247000	122.968050
15.174626	12.248000	122.978091
15.174181	12.249000	122.988131
15.173737	12.250000	122.998172
15.173293	12.251000	123.008213
15.172848	12.252000	123.018253
15.172404	12.253000	123.028294
15.171960	12.254000	123.038335
15.171515	12.255000	123.048375
15.171071	12.256000	123.058416
15.170626	12.257000	123.068457
15.170182	12.258000	123.078497
15.169738	12.259000	123.088538
15.169293	12.260000	123.098579
15.168849	12.261000	123.108619
15.168404	12.262000	123.118660
15.167960	12.263000	123.128701
15.167515	12.264000	123.138741
15.167071	12.265000	123.148782
15.166626	12.266000	123.158823
15.166182	12.267000	123.168863
15.165737	12.268000	123.178904
15.165293	12.269000	123.188945
15.164848	12.270000	123.198985
15.164404	12.271000	123.209026
15.163959	12.272000	123.219067
15.163515	12.273000	123.229107
15.163070	12.274000	123.239148
15.162625	12.275000	123.249189
15.162181	12.276000	123.259229
15.161736	12.277000	123.269270
15.161291	12.278000	123.279311
15.160847	12.279000	123.289351
15.160402	12.280000	123.299392
15.159958	12.281000	123.309433
15.159513	12.282000	123.319473
15.159068	12.283000	123.329514
15.158623	12.284000	123.339555
15.158179	12.285000	123.349595
15.157734	12.286000	123.359636
15.157289	12.287000	123.369677
15.156845	12.288000	123.379717
15.156400	12.289000	123.389758
15.155955	12.290000	123.399799
15.155510	12.291000	123.409839
15.155066	12.292000	123.419880
15.154621	12.293000	123.429921
15.154176	12.294000	123.439961
15.153731	12.295000	123.450002
15.153286	12.296000	123.460043
15.152842	12.297000	123.470083
15.152397	12.298000	123.480124
15.151952	12.299000	123.490165
15.151507	12.300000	123.500205
15.151062	12.301000	123.510246
15.150617	12.302000	123.520287
15.150172	12.303000	123.530327
15.149727	12.304000	123.540368
15.149282	12.305000	123.550409
15.148838	12.306000	123.560449
15.148393	12.307000	123.570490
15.147948	12.308000	123.580531
15.147503	12.309000	123.590571
15.147058	12.310000	123.600612
15.146613	12.311000	123.610653
15.146168	12.312000	123.620693
15.145723	12.313000	123.630734
15.145278	12.314000	123.640775
15.144833	12.315000	123.650815
15.144388	12.316000	123.660856
15.143943	12.317000	123.670897
15.143498	12.318000	123.680937
15.143053	12.319000	123.690978
15.142607	12.320000	123.701019
15.142162	12.321000	123.711059
15.141717	12.322000	123.721100
15.141272	12.323000	123.731141
15.140827	12.324000	123.741181
15.140382	12.325000	123.751222
15.139937	12.326000	123.761263
15.139492	12.327000	123.771303
15.139046	12.328000	123.781344
15.138601	12.329000	123.791385
15.138156	12.330000	123.801425
15.137711	12.331000	123.811466
15.137266	12.332000	123.821507
15.136821	12.333000	123.831547
15.136375	12.334000	123.841588
15.135930	12.335000	123.851629
15.135485	12.336000	123.861669
15.135040	12.337000	123.871710
15.134594	12.338000	123.881751
15.134149	12.339000	123.891791
15.133704	12.340000	123.901832
15.133258	12.341000	123.911873
15.132813	12.342000	123.921913
15.132368	12.343000	123.931954
15.131922	12.344000	123.941995
15.131477	12.345000	123.952035
15.131032	12.346000	123.962076
15.130586	12.347000	123.972117
15.130141	12.348000	123.982157
15.129696	12.349000	123.992198
15.129250	12.350000	124.002239
15.128805	12.351000	124.012279
15.128359	12.352000	124.022320
15.127914	12.353000	124.032361
15.127469	12.354000	124.042401
15.127023	12.355000	124.052442
15.126578	12.356000	124.062483
15.126132	12.357000	124.072523
15.125687	12.358000	124.082564
15.125241	12.359000	124.092605
15.124796	12.360000	124.102645
15.124350	12.361000	124.112686
15.123905	12.362000	124.122727
15.123459	12.363000	124.132767
15.123014	12.364000	124.142808
15.122568	12.365000	124.152849
15.122123	12.366000	124.162889
15.121677	12.367000	124.172930
15.121231	12.368000	124.182971
15.120786	12.369000	124.193011
15.120340	12.370000	124.203052
15.119895	12.371000	124.213093
15.119449	12.372000	124.223133
15.119003	12.373000	124.233174
15.118558	12.374000	124.243215
15.118112	12.375000	124.253255
15.117666	12.376000	124.263296
15.117221	12.377000	124.273337
15.116775	12.378000	124.283377
15.116329	12.379000	124.293418
15.115884	12.380000	124.303459
15.115438	12.381000	124.313499
15.114992	12.382000	124.323540
15.114546	12.383000	124.333581
15.114101	12.384000	124.343621
15.113655	12.385000	124.353662
15.113209	12.386000	124.363703
15.112763	12.387000	124.373743
15.112317	12.388000	124.383784
15.111872	12.389000	124.393825
15.111426	12.390000	124.403865
15.110980	12.391000	124.413906
15.110534	12.392000	124.423947
15.110088	12.393000	124.433987
15.109642	12.394000	124.444028
15.109197	12.395000	124.454069
15.108751	12.396000	124.464109
15.108305	12.397000	124.474150
15.107859	12.398000	124.484191
15.107413	12.399000	124.494231
15.106967	12.400000	124.504272
15.106521	12.401000	124.514313
15.106075	12.402000	124.524353
15.105629	12.403000	124.534394
15.105183	12.404000	124.544435
15.104737	12.405000	124.554475
15.104291	12.406000	124.564516
15.103845	12.407000	124.574557
15.103399	12.408000	124.584597
15.102953	12.409000	124.594638
15.102507	12.410000	124.604679
15.102061	12.411000	124.614719
15.101615	12.412000	124.624760
15.101169	12.413000	124.634801
15.100723	12.414000	124.644841
15.100277	12.415000	124.654882
15.099831	12.416000	124.664923
15.099385	12.417000	124.674963
15.098939	12.418000	124.685004
15.098492	12.419000	124.695045
15.098046	12.420000	124.705085
15.097600	12.421000	124.715126
15.097154	12.422000	124.725167
15.096708	12.423000	124.735207
15.096262	12.424000	124.745248
15.095815	12.425000	124.755289
15.095369	12.426000	124.765329
15.094923	12.427000	124.775370
15.094477	12.428000	124.785411
15.094030	12.429000	124.795451
15.093584	12.430000	124.805492
15.093138	12.431000	124.815533
15.092692	12.432000	124.825573
15.092245	12.433000	124.835614
15.091799	12.434000	124.845655
15.091353	12.435000	124.855695
15.090907	12.436000	124.865736
15.090460	12.437000	124.875777
15.090014	12.438000	124.885817
15.089568	12.439000	124.895858
15.089121	12.440000	124.905899
15.088675	12.441000	124.915939
15.088228	12.442000	124.925980
15.087782	12.443000	124.936021
15.087336	12.444000	124.946061
15.086889	12.445000	124.956102
15.086443	12.446000	124.966143
15.085996	12.447000	124.976183
15.085550	12.448000	124.986224
15.085104	12.449000	124.996265
15.084657	12.450000	125.006305
15.084211	12.451000	125.016346
15.083764	12.452000	125.026387
15.083318	12.453000	125.036427
15.082871	12.454000	125.046468
15.082425	12.455000	125.056509
15.081978	12.456000	125.066549
15.081532	12.457000	125.076590
15.081085	12.458000	125.086631
15.080638	12.459000	125.096671
15.080192	12.460000	125.106712
15.079745	12.461000	125.116753
15.079299	12.462000	125.126793
15.078852	12.463000	125.136834
15.078405	12.464000	125.146875
15.077959	12.465000	125.156915
15.077512	12.466000	125.166956
15.077066	12.467000	125.176997
15.076619	12.468000	125.187037
15.076172	12.469000	125.197078
15.075726	12.470000	125.207119
15.075279	12.471000	125.217159
15.074832	12.472000	125.227200
15.074385	12.473000	125.237241
15.073939	12.474000	125.247281
15.073492	12.475000	125.257322
15.073045	12.476000	125.267363
15.072599	12.477000	125.277403
15.072152	12.478000	125.287444
15.071705	12.479000	125.297485
15.071258	12.480000	125.307525
15.070811	12.481000	125.317566
15.070365	12.482000	125.327607
15.069918	12.483000	125.337647
15.069471	12.484000	125.347688
15.069024	12.485000	125.357729
15.068577	12.486000	125.367769
15.068130	12.487000	125.377810
15.067684	12.488000	125.387851
15.067237	12.489000	125.397891
15.066790	12.490000	125.407932
15.066343	12.491000	125.417973
15.065896	12.492000	125.428013
15.065449	12.493000	125.438054
15.065002	12.494000	125.448095
15.064555	12.495000	125.458135
15.064108	12.496000	125.468176
15.063661	12.497000	125.478217
15.063214	12.498000	125.488257
15.062767	12.499000	125.498298
15.062320	12.500000	125.508339
15.061873	12.501000	125.518379
15.061426	12.502000	125.528420
15.060979	12.503000	125.538461
15.060532	12.504000	125.548501
15.060085	12.505000	125.558542
15.059638	12.506000	125.568583
15.059191	12.507000	125.578623
15.058744	12.508000	125.588664
15.058297	12.509000	125.598705
15.057850	12.510000	125.608745
15.057403	12.511000	125.618786
15.056956	12.512000	125.628827
15.056508	12.513000	125.638867
15.056061	12.514000	125.648908
15.055614	12.515000	125.658949
15.055167	12.516000	125.668989
15.054720	12.517000	125.679030
15.054273	12.518000	125.689071
15.053825	12.519000	125.699111
15.053378	12.520000	125.709152
15.052931	12.521000	125.719193
15.052484	12.522000	125.729233
15.052036	12.523000	125.739274
15.051589	12.524000	125.749315
15.051142	12.525000	125.759355
15.050695	12.526000	125.769396
15.050247	12.527000	125.779437
15.049800	12.528000	125.789477
15.049353	12.529000	125.799518
15.048905	12.530000	125.809559
15.048458	12.531000	125.819599
15.048011	12.532000	125.829640
15.047563	12.533000	125.839681
15.047116	12.534000	125.849721
15.046669	12.535000	125.859762
15.046221	12.536000	125.869803
15.045774	12.537000	125.879843
15.045326	12.538000	125.889884
15.044879	12.539000	125.899925
15.044432	12.540000	125.909965
15.043984	12.541000	125.920006
15.043537	12.542000	125.930047
15.043089	12.543000	125.940087
15.042642	12.544000	125.950128
15.042194	12.545000	125.960169
15.041747	12.546000	125.970209
15.041299	12.547000	125.980250
15.040852	12.548000	125.990291
15.040404	12.549000	126.000331
15.039957	12.550000	126.010372
15.039509	12.551000	126.020413
15.039062	12.552000	126.030453
15.038614	12.553000	126.040494
15.038166	12.554000	126.050535
15.037719	12.555000	126.060575
15.037271	12.556000	126.070616
15.036824	12.557000	126.080657
15.036376	12.558000	126.090697
15.035928	12.559000	126.100738
15.035481	12.560000	126.110779
15.035033	12.561000	126.120819
15.034585	12.562000	126.130860
15.034138	12.563000	126.140901
15.033690	12.564000	126.150941
15.033242	12.565000	126.160982
15.032795	12.566000	126.171023
15.032347	12.567000	126.181063
15.031899	12.568000	126.191104
15.031451	12.569000	126.201145
15.031004	12.570000	126.211185
15.030556	12.571000	126.221226
15.030108	12.572000	126.231267
15.029660	12.573000	126.241307
15.029213	12.574000	126.251348
15.028765	12.575000	126.261389
15.028317	12.576000	126.271429
15.027869	12.577000	126.281470
15.027421	12.578000	126.291511
15.026973	12.579000	126.301551
15.026526	12.580000	126.311592
15.026078	12.581000	126.321633
15.025630	12.582000	126.331673
15.025182	12.583000	126.341714
15.024734	12.584000	126.351755
15.024286	12.585000	126.361795
15.023838	12.586000	126.371836
15.023390	12.587000	126.381877
15.022942	12.588000	126.391917
15.022494	12.589000	126.401958
15.022046	12.590000	126.411999
15.021598	12.591000	126.422039
15.021150	12.592000	126.432080
15.020702	12.593000	126.442121
15.020254	12.594000	126.452161
15.019806	12.595000	126.462202
15.019358	12.596000	126.472243
15.018910	12.597000	126.482283
15.018462	12.598000	126.492324
15.018014	12.599000	126.502365
15.017566	12.600000	126.512405
15.017118	12.601000	126.522446
15.016670	12.602000	126.532487
15.016222	12.603000	126.542527
15.015774	12.604000	126.552568
15.015326	12.605000	126.562609
15.014877	12.606000	126.572649
15.014429	12.607000	126.582690
15.013981	12.608000	126.592731
15.013533	12.609000	126.602771
15.013085	12.610000	126.612812
15.012637	12.611000	126.622853
15.012188	12.612000	126.632893
15.011740	12.613000	126.642934
15.011292	12.614000	126.652975
15.010844	12.615000	126.663015
15.010395	12.616000	126.673056
15.009947	12.617000	126.683097
15.009499	12.618000	126.693137
15.009051	12.619000	126.703178
15.008602	12.620000	126.713219
15.008154	12.621000	126.723259
15.007706	12.622000	126.733300
15.007257	12.623000	126.743341
15.006809	12.624000	126.753381
15.006361	12.625000	126.763422
15.005912	12.626000	126.773463
15.005464	12.627000	126.783503
15.005016	12.628000	126.793544
15.004567	12.629000	126.803585
15.004119	12.630000	126.813625
15.003670	12.631000	126.823666
15.003222	12.632000	126.833707
15.002773	12.633000	126.843747
15.002325	12.634000	126.853788
15.001877	12.635000	126.863829
15.001428	12.636000	126.873869
15.000980	12.637000	126.883910
15.000531	12.638000	126.893951
15.000083	12.639000	126.903991
14.999634	12.640000	126.914032
14.999186	12.641000	126.924073
14.998737	12.642000	126.934113
14.998289	12.643000	126.944154
14.997840	12.644000	126.954195
14.997391	12.645000	126.964235
14.996943	12.646000	126.974276
14.996494	12.647000	126.984317
14.996046	12.648000	126.994357
14.995597	12.649000	127.004398
14.995148	12.650000	127.014439
14.994700	12.651000	127.024479
14.994251	12.652000	127.034520
14.993802	12.653000	127.044561
14.993354	12.654000	127.054601
14.992905	12.655000	127.064642
14.992456	12.656000	127.074683
14.992008	12.657000	127.084723
14.991559	12.658000	127.094764
14.991110	12.659000	127.104805
14.990662	12.660000	127.114845
14.990213	12.661000	127.124886
14.989764	12.662000	127.134927
14.989315	12.663000	127.144967
14.988867	12.664000	127.155008
14.988418	12.665000	127.165049
14.987969	12.666000	127.175089
14.987520	12.667000	127.185130
14.987071	12.668000	127.195171
14.986623	12.669000	127.205211
14.986174	12.670000	127.215252
14.985725	12.671000	127.225293
14.985276	12.672000	127.235333
14.984827	12.673000	127.245374
14.984378	12.674000	127.255415
14.983929	12.675000	127.265455
14.983480	12.676000	127.275496
14.983032	12.677000	127.285537
14.982583	12.678000	127.295577
14.982134	12.679000	127.305618
14.981685	12.680000	127.315659
14.981236	12.681000	127.325699
14.980787	12.682000	127.335740
14.980338	12.683000	127.345781
14.979889	12.684000	127.355821
14.979440	12.685000	127.365862
14.978991	12.686000	127.375903
14.978542	12.687000	127.385943
14.978093	12.688000	127.395984
14.977644	12.689000	127.406025
14.977195	12.690000	127.416065
14.976746	12.691000	127.426106
14.976297	12.692000	127.436147
14.975847	12.693000	127.446187
14.975398	12.694000	127.456228
14.974949	12.695000	127.466269
14.974500	12.696000	127.476309
14.974051	12.697000	127.486350
14.973602	12.698000	127.496391
14.973153	12.699000	127.506431
14.972704	12.700000	127.516472
14.972254	12.701000	127.526513
14.971805	12.702000	127.536553
14.971356	12.703000	127.546594
14.970907	12.704000	127.556635
14.970458	12.705000	127.566675
14.970008	12.706000	127.576716
14.969559	12.707000	127.586757
14.969110	12.708000	127.596797
14.968661	12.709000	127.606838
14.968211	12.710000	127.616879
14.967762	12.711000	127.626919
14.967313	12.712000	127.636960
14.966863	12.713000	127.647001
14.966414	12.714000	127.657041
14.965965	12.715000	127.667082
14.965515	12.716000	127.677123
14.965066	12.717000	127.687163
14.964617	12.718000	127.697204
14.964167	12.719000	127.707245
14.963718	12.720000	127.717285
14.963269	12.721000	127.727326
14.962819	12.722000	127.737367
14.962370	12.723000	127.747407
14.961920	12.724000	127.757448
14.961471	12.725000	127.767489
14.961021	12.726000	127.777529
14.960572	12.727000	127.787570
14.960122	12.728000	127.797611
14.959673	12.729000	127.807651
14.959223	12.730000	127.817692
14.958774	12.731000	127.827733
14.958324	12.732000	127.837773
14.957875	12.733000	127.847814
14.957425	12.734000	127.857855
14.956976	12.735000	127.867895
14.956526	12.736000	127.877936
14.956077	12.737000	127.887977
14.955627	12.738000	127.898017
14.955178	12.739000	127.908058
14.954728	12.740000	127.918099
14.954278	12.741000	127.928139
14.953829	12.742000	127.938180
14.953379	12.743000	127.948221
14.952929	12.744000	127.958261
14.952480	12.745000	127.968302
14.952030	12.746000	127.978343
14.951580	12.747000	127.988383
14.951131	12.748000	127.998424
14.950681	12.749000	128.008465
14.950231	12.750000	128.018505
14.949782	12.751000	128.028546
14.949332	12.752000	128.038587
14.948882	12.753000	128.048627
14.948432	12.754000	128.058668
14.947983	12.755000	128.068709
14.947533	12.756000	128.078749
14.947083	12.757000	128.088790
14.946633	12.758000	128.098831
14.946183	12.759000	128.108871
14.945734	12.760000	128.118912
14.945284	12.761000	128.128953
14.944834	12.762000	128.138993
14.944384	12.763000	128.149034
14.943934	12.764000	128.159075
14.943484	12.765000	128.169115
14.943034	12.766000	128.179156
14.942585	12.767000	128.189197
14.942135	12.768000	128.199237
14.941685	12.769000	128.209278
14.941235	12.770000	128.219319
14.940785	12.771000	128.229359
14.940335	12.772000	128.239400
14.939885	12.773000	128.249441
14.939435	12.774000	128.259481
14.938985	12.775000	128.269522
14.938535	12.776000	128.279563
14.938085	12.777000	128.289603
14.937635	12.778000	128.299644
14.937185	12.779000	128.309685
14.936735	12.780000	128.319725
14.936285	12.781000	128.329766
14.935835	12.782000	128.339807
14.935385	12.783000	128.349847
14.934935	12.784000	128.359888
14.934484	12.785000	128.369929
14.934034	12.786000	128.379969
14.933584	12.787000	128.390010
14.933134	12.788000	128.400051
14.932684	12.789000	128.410091
14.932234	12.790000	128.420132
14.931784	12.791000	128.430173
14.931334	12.792000	128.440213
14.930883	12.793000	128.450254
14.930433	12.794000	128.460295
14.929983	12.795000	128.470335
14.929533	12.796000	128.480376
14.929082	12.797000	128.490417
14.928632	12.798000	128.500457
14.928182	12.799000	128.510498
14.927732	12.800000	128.520539
14.927281	12.801000	128.530579
14.926831	12.802000	128.540620
14.926381	12.803000	128.550661
14.925931	12.804000	128.560701
14.925480	12.805000	128.570742
14.925030	12.806000	128.580783
14.924580	12.807000	128.590823
14.924129	12.808000	128.600864
14.923679	12.809000	128.610905
14.923229	12.810000	128.620945
14.922778	12.811000	128.630986
14.922328	12.812000	128.641027
14.921877	12.813000	128.651067
14.921427	12.814000	128.661108
14.920977	12.815000	128.671149
14.920526	12.816000	128.681189
14.920076	12.817000	128.691230
14.919625	12.818000	128.701271
14.919175	12.819000	128.711311
14.918724	12.820000	128.721352
14.918274	12.821000	128.731393
14.917823	12.822000	128.741433
14.917373	12.823000	128.751474
14.916922	12.824000	128.761515
14.916472	12.825000	128.771555
14.916021	12.826000	128.781596
14.915571	12.827000	128.791637
14.915120	12.828000	128.801677
14.914669	12.829000	128.811718
14.914219	12.830000	128.821759
14.913768	12.831000	128.831799
14.913318	12.832000	128.841840
14.912867	12.833000	128.851881
14.912416	12.834000	128.861921
14.911966	12.835000	128.871962
14.911515	12.836000	128.882003
14.911064	12.837000	128.892043
14.910614	12.838000	128.902084
14.910163	12.839000	128.912125
14.909712	12.840000	128.922165
14.909262	12.841000	128.932206
14.908811	12.842000	128.942247
14.908360	12.843000	128.952287
14.907909	12.844000	128.962328
14.907459	12.845000	128.972369
14.907008	12.846000	128.982409
14.906557	12.847000	128.992450
14.906106	12.848000	129.002491
14.905655	12.849000	129.012531
14.905205	12.850000	129.022572
14.904754	12.851000	129.032613
14.904303	12.852000	129.042653
14.903852	12.853000	129.052694
14.903401	12.854000	129.062735
14.902950	12.855000	129.072775
14.902500	12.856000	129.082816
14.902049	12.857000	129.092857
14.901598	12.858000	129.102897
14.901147	12.859000	129.112938
14.900696	12.860000	129.122979
14.900245	12.861000	129.133020
14.899794	12.862000	129.143060
14.899343	12.863000	129.153101
14.898892	12.864000	129.163142
14.898441	12.865000	129.173182
14.897990	12.866000	129.183223
14.897539	12.867000	129.193264
14.897088	12.868000	129.203304
14.896637	12.869000	129.213345
14.896186	12.870000	129.223386
14.895735	12.871000	129.233426
14.895284	12.872000	129.243467
14.894833	12.873000	129.253508
14.894382	12.874000	129.263548
14.893931	12.875000	129.273589
14.893480	12.876000	129.283630
14.893029	12.877000	129.293670
14.892577	12.878000	129.303711
14.892126	12.879000	129.313752
14.891675	12.880000	129.323792
14.891224	12.881000	129.333833
14.890773	12.882000	129.343874
14.890322	12.883000	129.353914
14.889870	12.884000	129.363955
14.889419	12.885000	129.373996
14.888968	12.886000	129.384036
14.888517	12.887000	129.394077
14.888066	12.888000	129.404118
14.887614	12.889000	129.414158
14.887163	12.890000	129.424199
14.886712	12.891000	129.434240
14.886261	12.892000	129.444280
14.885809	12.893000	129.454321
14.885358	12.894000	129.464362
14.884907	12.895000	129.474402
14.884455	12.896000	129.484443
14.884004	12.897000	129.494484
14.883553	12.898000	129.504524
14.883101	12.899000	129.514565
14.882650	12.900000	129.524606
14.882199	12.901000	129.534646
14.881747	12.902000	129.544687
14.881296	12.903000	129.554728
14.880844	12.904000	129.564768
14.880393	12.905000	129.574809
14.879942	12.906000	129.584850
14.879490	12.907000	129.594890
14.879039	12.908000	129.604931
14.878587	12.909000	129.614972
14.878136	12.910000	129.625012
14.877684	12.911000	129.635053
14.877233	12.912000	129.645094
14.876781	12.913000	129.655134
14.876330	12.914000	129.665175
14.875878	12.915000	129.675216
14.875427	12.916000	129.685256
14.874975	12.917000	129.695297
14.874523	12.918000	129.705338
14.874072	12.919000	129.715378
14.873620	12.920000	129.725419
14.873169	12.921000	129.735460
14.872717	12.922000	129.745500
14.872266	12.923000	129.755541
14.871814	12.924000	129.765582
14.871362	12.925000	129.775622
14.870911	12.926000	129.785663
14.870459	12.927000	129.795704
14.870007	12.928000	129.805744
14.869556	12.929000	129.815785
14.869104	12.930000	129.825826
14.868652	12.931000	129.835866
14.868200	12.932000	129.845907
14.867749	12.933000	129.855948
14.867297	12.934000	129.865988
14.866845	12.935000	129.876029
14.866393	12.936000	129.886070
14.865942	12.937000	129.896110
14.865490	12.938000	129.906151
14.865038	12.939000	129.916192
14.864586	12.940000	129.926232
14.864134	12.941000	129.936273
14.863683	12.942000	129.946314
14.863231	12.943000	129.956354
14.862779	12.944000	129.966395
14.862327	12.945000	129.976436
14.861875	12.946000	129.986476
14.861423	12.947000	129.996517
14.860971	12.948000	130.006558
14.860519	12.949000	130.016598
14.860068	12.950000	130.026639
14.859616	12.951000	130.036680
14.859164	12.952000	130.046720
14.858712	12.953000	130.056761
14.858260	12.954000	130.066802
14.857808	12.955000	130.076842
14.857356	12.956000	130.086883
14.856904	12.957000	130.096924
14.856452	12.958000	130.106964
14.856000	12.959000	130.117005
14.855548	12.960000	130.127046
14.855096	12.961000	130.137086
14.854644	12.962000	130.147127
14.854192	12.963000	130.157168
14.853740	12.964000	130.167208
14.853287	12.965000	130.177249
14.852835	12.966000	130.187290
14.852383	12.967000	130.197330
14.851931	12.968000	130.207371
14.851479	12.969000	130.217412
14.851027	12.970000	130.227452
14.850575	12.971000	130.237493
14.850122	12.972000	130.247534
14.849670	12.973000	130.257574
14.849218	12.974000	130.267615
14.848766	12.975000	130.277656
14.848314	12.976000	130.287696
14.847861	12.977000	130.297737
14.847409	12.978000	130.307778
14.846957	12.979000	130.317818
14.846505	12.980000	130.327859
14.846053	12.981000	130.337900
14.845600	12.982000	130.347940
14.845148	12.983000	130.357981
14.844696	12.984000	130.368022
14.844243	12.985000	130.378062
14.843791	12.986000	130.388103
14.843339	12.987000	130.398144
14.842886	12.988000	130.408184
14.842434	12.989000	130.418225
14.841982	12.990000	130.428266
14.841529	12.991000	130.438306
14.841077	12.992000	130.448347
14.840624	12.993000	130.458388
14.840172	12.994000	130.468428
14.839720	12.995000	130.478469
14.839267	12.996000	130.488510
14.838815	12.997000	130.498550
14.838362	12.998000	130.508591
14.837910	12.999000	130.518632
14.837457	13.000000	130.528672
14.837005	13.001000	130.538713
14.836552	13.002000	130.548754
14.836100	13.003000	130.558794
14.835647	13.004000	130.568835
14.835195	13.005000	130.578876
14.834742	13.006000	130.588916
14.834290	13.007000	130.598957
14.833837	13.008000	130.608998
14.833385	13.009000	130.619038
14.832932	13.010000	130.629079
14.832479	13.011000	130.639120
14.832027	13.012000	130.649160
14.831574	13.013000	130.659201
14.831121	13.014000	130.669242
14.830669	13.015000	130.679282
14.830216	13.016000	130.689323
14.829763	13.017000	130.699364
14.829311	13.018000	130.709404
14.828858	13.019000	130.719445
14.828405	13.020000	130.729486
14.827953	13.021000	130.739526
14.827500	13.022000	130.749567
14.827047	13.023000	130.759608
14.826595	13.024000	130.769648
14.826142	13.025000	130.779689
14.825689	13.026000	130.789730
14.825236	13.027000	130.799770
14.824783	13.028000	130.809811
14.824331	13.029000	130.819852
14.823878	13.030000	130.829892
14.823425	13.031000	130.839933
14.822972	13.032000	130.849974
14.822519	13.033000	130.860014
14.822066	13.034000	130.870055
14.821614	13.035000	130.880096
14.821161	13.036000	130.890136
14.820708	13.037000	130.900177
14.820255	13.038000	130.910218
14.819802	13.039000	130.920258
14.819349	13.040000	130.930299
14.818896	13.041000	130.940340
14.818443	13.042000	130.950380
14.817990	13.043000	130.960421
14.817537	13.044000	130.970462
14.817084	13.045000	130.980502
14.816631	13.046000	130.990543
14.816178	13.047000	131.000584
14.815725	13.048000	131.010624
14.815272	13.049000	131.020665
14.814819	13.050000	131.030706
14.814366	13.051000	131.040746
14.813913	13.052000	131.050787
14.813460	13.053000	131.060828
14.813007	13.054000	131.070868
14.812554	13.055000	131.080909
14.812101	13.056000	131.090950
14.811648	13.057000	131.100990
14.811194	13.058000	131.111031
14.810741	13.059000	131.121072
14.810288	13.060000	131.131112
14.809835	13.061000	131.141153
14.809382	13.062000	131.151194
14.808929	13.063000	131.161234
14.808475	13.064000	131.171275
14.808022	13.065000	131.181316
14.807569	13.066000	131.191356
14.807116	13.067000	131.201397
14.806663	13.068000	131.211438
14.806209	13.069000	131.221478
14.805756	13.070000	131.231519
14.805303	13.071000	131.241560
14.804850	13.072000	131.251600
14.804396	13.073000	131.261641
14.803943	13.074000	131.271682
14.803490	13.075000	131.281722
14.803036	13.076000	131.291763
14.802583	13.077000	131.301804
14.802130	13.078000	131.311844
14.801676	13.079000	131.321885
14.801223	13.080000	131.331926
14.800769	13.081000	131.341966
14.800316	13.082000	131.352007
14.799863	13.083000	131.362048
14.799409	13.084000	131.372088
14.798956	13.085000	131.382129
14.798502	13.086000	131.392170
14.798049	13.087000	131.402210
14.797595	13.088000	131.412251
14.797142	13.089000	131.422292
14.796688	13.090000	131.432332
14.796235	13.091000	131.442373
14.795781	13.092000	131.452414
14.795328	13.093000	131.462454
14.794874	13.094000	131.472495
14.794421	13.095000	131.482536
14.793967	13.096000	131.492576
14.793514	13.097000	131.502617
14.793060	13.098000	131.512658
14.792607	13.099000	131.522698
14.792153	13.100000	131.532739
14.791699	13.101000	131.542780
14.791246	13.102000	131.552820
14.790792	13.103000	131.562861
14.790338	13.104000	131.572902
14.789885	13.105000	131.582942
14.789431	13.106000	131.592983
14.788977	13.107000	131.603024
14.788524	13.108000	131.613064
14.788070	13.109000	131.623105
14.787616	13.110000	131.633146
14.787163	13.111000	131.643186
14.786709	13.112000	131.653227
14.786255	13.113000	131.663268
14.785801	13.114000	131.673308
14.785348	13.115000	131.683349
14.784894	13.116000	131.693390
14.784440	13.117000	131.703430
14.783986	13.118000	131.713471
14.783532	13.119000	131.723512
14.783079	13.120000	131.733552
14.782625	13.121000	131.743593
14.782171	13.122000	131.753634
14.781717	13.123000	131.763674
14.781263	13.124000	131.773715
14.780809	13.125000	131.783756
14.780355	13.126000	131.793796
14.779902	13.127000	131.803837
14.779448	13.128000	131.813878
14.778994	13.129000	131.823918
14.778540	13.130000	131.833959
14.778086	13.131000	131.844000
14.777632	13.132000	131.854040
14.777178	13.133000	131.864081
14.776724	13.134000	131.874122
14.776270	13.135000	131.884162
14.775816	13.136000	131.894203
14.775362	13.137000	131.904244
14.774908	13.138000	131.914284
14.774454	13.139000	131.924325
14.774000	13.140000	131.934366
14.773546	13.141000	131.944406
14.773092	13.142000	131.954447
14.772638	13.143000	131.964488
14.772183	13.144000	131.974528
14.771729	13.145000	131.984569
14.771275	13.146000	131.994610
14.770821	13.147000	132.004650
14.770367	13.148000	132.014691
14.769913	13.149000	132.024732
14.769459	13.150000	132.034772
14.769004	13.151000	132.044813
14.768550	13.152000	132.054854
14.768096	13.153000	132.064894
14.767642	13.154000	132.074935
14.767188	13.155000	132.084976
14.766733	13.156000	132.095016
14.766279	13.157000	132.105057
14.765825	13.158000	132.115098
14.765371	13.159000	132.125138
14.764916	13.160000	132.135179
14.764462	13.161000	132.145220
14.764008	13.162000	132.155260
14.763554	13.163000	132.165301
14.763099	13.164000	132.175342
14.762645	13.165000	132.185382
14.762191	13.166000	132.195423
14.761736	13.167000	132.205464
14.761282	13.168000	132.215504
14.760827	13.169000	132.225545
14.760373	13.170000	132.235586
14.759919	13.171000	132.245626
14.759464	13.172000	132.255667
14.759010	13.173000	132.265708
14.758555	13.174000	132.275748
14.758101	13.175000	132.285789
14.757646	13.176000	132.295830
14.757192	13.177000	132.305870
14.756738	13.178000	132.315911
14.756283	13.179000	132.325952
14.755829	13.180000	132.335992
14.755374	13.181000	132.346033
14.754919	13.182000	132.356074
14.754465	13.183000	132.366114
14.754010	13.184000	132.376155
14.753556	13.185000	132.386196
14.753101	13.186000	132.396236
14.752647	13.187000	132.406277
14.752192	13.188000	132.416318
14.751737	13.189000	132.426358
14.751283	13.190000	132.436399
14.750828	13.191000	132.446440
14.750374	13.192000	132.456480
14.749919	13.193000	132.466521
14.749464	13.194000	132.476562
14.749010	13.195000	132.486602
14.748555	13.196000	132.496643
14.748100	13.197000	132.506684
14.747646	13.198000	132.516724
14.747191	13.199000	132.526765
14.746736	13.200000	132.536806
14.746281	13.201000	132.546846
14.745827	13.202000	132.556887
14.745372	13.203000	132.566928
14.744917	13.204000	132.576968
14.744462	13.205000	132.587009
14.744007	13.206000	132.597050
14.743553	13.207000	132.607090
14.743098	13.208000	132.617131
14.742643	13.209000	132.627172
14.742188	13.210000	132.637212
14.741733	13.211000	132.647253
14.741278	13.212000	132.657294
14.740824	13.213000	132.667334
14.740369	13.214000	132.677375
14.739914	13.215000	132.687416
14.739459	13.216000	132.697456
14.739004	13.217000	132.707497
14.738549	13.218000	132.717538
14.738094	13.219000	132.727578
14.737639	13.220000	132.737619
14.737184	13.221000	132.747660
14.736729	13.222000	132.757700
14.736274	13.223000	132.767741
14.735819	13.224000	132.777782
14.735364	13.225000	132.787822
14.734909	13.226000	132.797863
14.734454	13.227000	132.807904
14.733999	13.228000	132.817944
14.733544	13.229000	132.827985
14.733089	13.230000	132.838026
14.732634	13.231000	132.848066
14.732179	13.232000	132.858107
14.731724	13.233000	132.868148
14.731269	13.234000	132.878188
14.730813	13.235000	132.888229
14.730358	13.236000	132.898270
14.729903	13.237000	132.908310
14.729448	13.238000	132.918351
14.728993	13.239000	132.928392
14.728538	13.240000	132.938432
14.728082	13.241000	132.948473
14.727627	13.242000	132.958514
14.727172	13.243000	132.968554
14.726717	13.244000	132.978595
14.726262	13.245000	132.988636
14.725806	13.246000	132.998676
14.725351	13.247000	133.008717
14.724896	13.248000	133.018758
14.724440	13.249000	133.028798
14.723985	13.250000	133.038839
14.723530	13.251000	133.048880
14.723075	13.252000	133.058920
14.722619	13.253000	133.068961
14.722164	13.254000	133.079002
14.721708	13.255000	133.089042
14.721253	13.256000	133.099083
14.720798	13.257000	133.109124
14.720342	13.258000	133.119164
14.719887	13.259000	133.129205
14.719432	13.260000	133.139246
14.718976	13.261000	133.149286
14.718521	13.262000	133.159327
14.718065	13.263000	133.169368
14.717610	13.264000	133.179408
14.717154	13.265000	133.189449
14.716699	13.266000	133.199490
14.716243	13.267000	133.209530
14.715788	13.268000	133.219571
14.715332	13.269000	133.229612
14.714877	13.270000	133.239652
14.714421	13.271000	133.249693
14.713966	13.272000	133.259734
14.713510	13.273000	133.269774
14.713055	13.274000	133.279815
14.712599	13.275000	133.289856
14.712143	13.276000	133.299896
14.711688	13.277000	133.309937
14.711232	13.278000	133.319978
14.710777	13.279000	133.330018
14.710321	13.280000	133.340059
14.709865	13.281000	133.350100
14.709410	13.282000	133.360140
14.708954	13.283000	133.370181
14.708498	13.284000	133.380222
14.708043	13.285000	133.390262
14.707587	13.286000	133.400303
14.707131	13.287000	133.410344
14.706675	13.288000	133.420384
14.706220	13.289000	133.430425
14.705764	13.290000	133.440466
14.705308	13.291000	133.450506
14.704852	13.292000	133.460547
14.704397	13.293000	133.470588
14.703941	13.294000	133.480628
14.703485	13.295000	133.490669
14.703029	13.296000	133.500710
14.702573	13.297000	133.510750
14.702117	13.298000	133.520791
14.701662	13.299000	133.530832
14.701206	13.300000	133.540872
14.700750	13.301000	133.550913
14.700294	13.302000	133.560954
14.699838	13.303000	133.570994
14.699382	13.304000	133.581035
14.698926	13.305000	133.591076
14.698470	13.306000	133.601116
14.698014	13.307000	133.611157
14.697558	13.308000	133.621198
14.697102	13.309000	133.631238
14.696646	13.310000	133.641279
14.696190	13.311000	133.651320
14.695734	13.312000	133.661360
14.695278	13.313000	133.671401
14.694822	13.314000	133.681442
14.694366	13.315000	133.691482
14.693910	13.316000	133.701523
14.693454	13.317000	133.711564
14.692998	13.318000	133.721604
14.692542	13.319000	133.731645
14.692086	13.320000	133.741686
14.691630	13.321000	133.751726
14.691174	13.322000	133.761767
14.690718	13.323000	133.771808
14.690261	13.324000	133.781848
14.689805	13.325000	133.791889
14.689349	13.326000	133.801930
14.688893	13.327000	133.811970
14.688437	13.328000	133.822011
14.687981	13.329000	133.832052
14.687524	13.330000	133.842092
14.687068	13.331000	133.852133
14.686612	13.332000	133.862174
14.686156	13.333000	133.872214
14.685699	13.334000	133.882255
14.685243	13.335000	133.892296
14.684787	13.336000	133.902336
14.684331	13.337000	133.912377
14.683874	13.338000	133.922418
14.683418	13.339000	133.932458
14.682962	13.340000	133.942499
14.682505	13.341000	133.952540
14.682049	13.342000	133.962580
14.681593	13.343000	133.972621
14.681136	13.344000	133.982662
14.680680	13.345000	133.992702
14.680223	13.346000	134.002743
14.679767	13.347000	134.012784
14.679311	13.348000	134.022824
14.678854	13.349000	134.032865
14.678398	13.350000	134.042906
14.677941	13.351000	134.052946
14.677485	13.352000	134.062987
14.677028	13.353000	134.073028
14.676572	13.354000	134.083068
14.676115	13.355000	134.093109
14.675659	13.356000	134.103150
14.675202	13.357000	134.113190
14.674746	13.358000	134.123231
14.674289	13.359000	134.133272
14.673833	13.360000	134.143312
14.673376	13.361000	134.153353
14.672920	13.362000	134.163394
14.672463	13.363000	134.173434
14.672006	13.364000	134.183475
14.671550	13.365000	134.193516
14.671093	13.366000	134.203556
14.670636	13.367000	134.213597
14.670180	13.368000	134.223638
14.669723	13.369000	134.233678
14.669267	13.370000	134.243719
14.668810	13.371000	134.253760
14.668353	13.372000	134.263800
14.667896	13.373000	134.273841
14.667440	13.374000	134.283882
14.666983	13.375000	134.293922
14.666526	13.376000	134.303963
14.666070	13.377000	134.314004
14.665613	13.378000	134.324044
14.665156	13.379000	134.334085
14.664699	13.380000	134.344126
14.664242	13.381000	134.354166
14.663786	13.382000	134.364207
14.663329	13.383000	134.374248
14.662872	13.384000	134.384288
14.662415	13.385000	134.394329
14.661958	13.386000	134.404370
14.661501	13.387000	134.414410
14.661044	13.388000	134.424451
14.660588	13.389000	134.434492
14.660131	13.390000	134.444532
14.659674	13.391000	134.454573
14.659217	13.392000	134.464614
14.658760	13.393000	134.474654
14.658303	13.394000	134.484695
14.657846	13.395000	134.494736
14.657389	13.396000	134.504776
14.656932	13.397000	134.514817
14.656475	13.398000	134.524858
14.656018	13.399000	134.534898
14.655561	13.400000	134.544939
14.655104	13.401000	134.554980
14.654647	13.402000	134.565020
14.654190	13.403000	134.575061
14.653733	13.404000	134.585102
14.653276	13.405000	134.595142
14.652819	13.406000	134.605183
14.652362	13.407000	134.615224
14.651905	13.408000	134.625264
14.651447	13.409000	134.635305
14.650990	13.410000	134.645346
14.650533	13.411000	134.655386
14.650076	13.412000	134.665427
14.649619	13.413000	134.675468
14.649162	13.414000	134.685508
14.648704	13.415000	134.695549
14.648247	13.416000	134.705590
14.647790	13.417000	134.715630
14.647333	13.418000	134.725671
14.646876	13.419000	134.735712
14.646418	13.420000	134.745752
14.645961	13.421000	134.755793
14.645504	13.422000	134.765834
14.645047	13.423000	134.775874
14.644589	13.424000	134.785915
14.644132	13.425000	134.795956
14.643675	13.426000	134.805996
14.643217	13.427000	134.816037
14.642760	13.428000	134.826078
14.642303	13.429000	134.836118
14.641845	13.430000	134.846159
14.641388	13.431000	134.856200
14.640930	13.432000	134.866240
14.640473	13.433000	134.876281
14.640016	13.434000	134.886322
14.639558	13.435000	134.896362
14.639101	13.436000	134.906403
14.638643	13.437000	134.916444
14.638186	13.438000	134.926484
14.637728	13.439000	134.936525
14.637271	13.440000	134.946566
14.636813	13.441000	134.956606
14.636356	13.442000	134.966647
14.635898	13.443000	134.976688
14.635441	13.444000	134.986728
14.634983	13.445000	134.996769
14.634526	13.446000	135.006810
14.634068	13.447000	135.016850
14.633611	13.448000	135.026891
14.633153	13.449000	135.036932
14.632696	13.450000	135.046972
14.632238	13.451000	135.057013
14.631780	13.452000	135.067054
14.631323	13.453000	135.077094
14.630865	13.454000	135.087135
14.630407	13.455000	135.097176
14.629950	13.456000	135.107216
14.629492	13.457000	135.117257
14.629034	13.458000	135.127298
14.628577	13.459000	135.137338
14.628119	13.460000	135.147379
14.627661	13.461000	135.157420
14.627204	13.462000	135.167460
14.626746	13.463000	135.177501
14.626288	13.464000	135.187542
14.625830	13.465000	135.197582
14.625372	13.466000	135.207623
14.624915	13.467000	135.217664
14.624457	13.468000	135.227704
14.623999	13.469000	135.237745
14.623541	13.470000	135.247786
14.623083	13.471000	135.257826
14.622626	13.472000	135.267867
14.622168	13.473000	135.277908
14.621710	13.474000	135.287948
14.621252	13.475000	135.297989
14.620794	13.476000	135.308030
14.620336	13.477000	135.318070
14.619878	13.478000	135.328111
14.619420	13.479000	135.338152
14.618962	13.480000	135.348192
14.618504	13.481000	135.358233
14.618046	13.482000	135.368274
14.617588	13.483000	135.378314
14.617131	13.484000	135.388355
14.616673	13.485000	135.398396
14.616214	13.486000	135.408436
14.615756	13.487000	135.418477
14.615298	13.488000	135.428518
14.614840	13.489000	135.438558
14.614382	13.490000	135.448599
14.613924	13.491000	135.458640
14.613466	13.492000	135.468680
14.613008	13.493000	135.478721
14.612550	13.494000	135.488762
14.612092	13.495000	135.498802
14.611634	13.496000	135.508843
14.611176	13.497000	135.518884
14.610717	13.498000	135.528924
14.610259	13.499000	135.538965
14.609801	13.500000	135.549006
14.609343	13.501000	135.559046
14.608885	13.502000	135.569087
14.608427	13.503000	135.579128
14.607968	13.504000	135.589168
14.607510	13.505000	135.599209
14.607052	13.506000	135.609250
14.606594	13.507000	135.619290
14.606135	13.508000	135.629331
14.605677	13.509000	135.639372
14.605219	13.510000	135.649412
14.604760	13.511000	135.659453
14.604302	13.512000	135.669494
14.603844	13.513000	135.679534
14.603386	13.514000	135.689575
14.602927	13.515000	135.699616
14.602469	13.516000	135.709656
14.602010	13.517000	135.719697
14.601552	13.518000	135.729738
14.601094	13.519000	135.739778
14.600635	13.520000	135.749819
14.600177	13.521000	135.759860
14.599718	13.522000	135.769900
14.599260	13.523000	135.779941
14.598802	13.524000	135.789982
14.598343	13.525000	135.800022
14.597885	13.526000	135.810063
14.597426	13.527000	135.820104
14.596968	13.528000	135.830144
14.596509	13.529000	135.840185
14.596051	13.530000	135.850226
14.595592	13.531000	135.860266
14.595133	13.532000	135.870307
14.594675	13.533000	135.880348
14.594216	13.534000	135.890388
14.593758	13.535000	135.900429
14.593299	13.536000	135.910470
14.592841	13.537000	135.920510
14.592382	13.538000	135.930551
14.591923	13.539000	135.940592
14.591465	13.540000	135.950632
14.591006	13.541000	135.960673
14.590547	13.542000	135.970714
14.590089	13.543000	135.980754
14.589630	13.544000	135.990795
14.589171	13.545000	136.000836
14.588713	13.546000	136.010876
14.588254	13.547000	136.020917
14.587795	13.548000	136.030958
14.587336	13.549000	136.040998
14.586878	13.550000	136.051039
14.586419	13.551000	136.061080
14.585960	13.552000	136.071120
14.585501	13.553000	136.081161
14.585043	13.554000	136.091202
14.584584	13.555000	136.101242
14.584125	13.556000	136.111283
14.583666	13.557000	136.121324
14.583207	13.558000	136.131364
14.582748	13.559000	136.141405
14.582289	13.560000	136.151446
14.581831	13.561000	136.161486
14.581372	13.562000	136.171527
14.580913	13.563000	136.181568
14.580454	13.564000	136.191608
14.579995	13.565000	136.201649
14.579536	13.566000	136.211690
14.579077	13.567000	136.221730
14.578618	13.568000	136.231771
14.578159	13.569000	136.241812
14.577700	13.570000	136.251852
14.577241	13.571000	136.261893
14.576782	13.572000	136.271934
14.576323	13.573000	136.281974
14.575864	13.574000	136.292015
14.575405	13.575000	136.302056
14.574946	13.576000	136.312096
14.574487	13.577000	136.322137
14.574028	13.578000	136.332178
14.573569	13.579000	136.342218
14.573110	13.580000	136.352259
14.572651	13.581000	136.362300
14.572191	13.582000	136.372340
14.571732	13.583000	136.382381
14.571273	13.584000	136.392422
14.570814	13.585000	136.402462
14.570355	13.586000	136.412503
14.569896	13.587000	136.422544
14.569436	13.588000	136.432584
14.568977	13.589000	136.442625
14.568518	13.590000	136.452666
14.568059	13.591000	136.462706
14.567599	13.592000	136.472747
14.567140	13.593000	136.482788
14.566681	13.594000	136.492828
14.566222	13.595000	136.502869
14.565762	13.596000	136.512910
14.565303	13.597000	136.522950
14.564844	13.598000	136.532991
14.564384	13.599000	136.543032
14.563925	13.600000	136.553072
14.563466	13.601000	136.563113
14.563006	13.602000	136.573154
14.562547	13.603000	136.583194
14.562088	13.604000	136.593235
14.561628	13.605000	136.603276
14.561169	13.606000	136.613316
14.560709	13.607000	136.623357
14.560250	13.608000	136.633398
14.559791	13.609000	136.643438
14.559331	13.610000	136.653479
14.558872	13.611000	136.663520
14.558412	13.612000	136.673560
14.557953	13.613000	136.683601
14.557493	13.614000	136.693642
14.557034	13.615000	136.703682
14.556574	13.616000	136.713723
14.556115	13.617000	136.723764
14.555655	13.618000	136.733804
14.555195	13.619000	136.743845
14.554736	13.620000	136.753886
14.554276	13.621000	136.763926
14.553817	13.622000	136.773967
14.553357	13.623000	136.784008
14.552897	13.624000	136.794048
14.552438	13.625000	136.804089
14.551978	13.626000	136.814130
14.551519	13.627000	136.824170
14.551059	13.628000	136.834211
14.550599	13.629000	136.844252
14.550139	13.630000	136.854292
14.549680	13.631000	136.864333
14.549220	13.632000	136.874374
14.548760	13.633000	136.884414
14.548301	13.634000	136.894455
14.547841	13.635000	136.904496
14.547381	13.636000	136.914536
14.546921	13.637000	136.924577
14.546462	13.638000	136.934618
14.546002	13.639000	136.944658
14.545542	13.640000	136.954699
14.545082	13.641000	136.964740
14.544622	13.642000	136.974781
14.544162	13.643000	136.984821
14.543703	13.644000	136.994862
14.543243	13.645000	137.004903
14.542783	13.646000	137.014943
14.542323	13.647000	137.024984
14.541863	13.648000	137.035025
14.541403	13.649000	137.045065
14.540943	13.650000	137.055106
14.540483	13.651000	137.065147
14.540023	13.652000	137.075187
14.539563	13.653000	137.085228
14.539103	13.654000	137.095269
14.538643	13.655000	137.105309
14.538183	13.656000	137.115350
14.537723	13.657000	137.125391
14.537263	13.658000	137.135431
14.536803	13.659000	137.145472
14.536343	13.660000	137.155513
14.535883	13.661000	137.165553
14.535423	13.662000	137.175594
14.534963	13.663000	137.185635
14.534503	13.664000	137.195675
14.534043	13.665000	137.205716
14.533583	13.666000	137.215757
14.533123	13.667000	137.225797
14.532663	13.668000	137.235838
14.532202	13.669000	137.245879
14.531742	13.670000	137.255919
14.531282	13.671000	137.265960
14.530822	13.672000	137.276001
14.530362	13.673000	137.286041
14.529901	13.674000	137.296082
14.529441	13.675000	137.306123
14.528981	13.676000	137.316163
14.528521	13.677000	137.326204
14.528061	13.678000	137.336245
14.527600	13.679000	137.346285
14.527140	13.680000	137.356326
14.526680	13.681000	137.366367
14.526219	13.682000	137.376407
14.525759	13.683000	137.386448
14.525299	13.684000	137.396489
14.524838	13.685000	137.406529
14.524378	13.686000	137.416570
14.523918	13.687000	137.426611
14.523457	13.688000	137.436651
14.522997	13.689000	137.446692
14.522537	13.690000	137.456733
14.522076	13.691000	137.466773
14.521616	13.692000	137.476814
14.521155	13.693000	137.486855
14.520695	13.694000	137.496895
14.520234	13.695000	137.506936
14.519774	13.696000	137.516977
14.519313	13.697000	137.527017
14.518853	13.698000	137.537058
14.518392	13.699000	137.547099
14.517932	13.700000	137.557139
14.517471	13.701000	137.567180
14.517011	13.702000	137.577221
14.516550	13.703000	137.587261
14.516090	13.704000	137.597302
14.515629	13.705000	137.607343
14.515169	13.706000	137.617383
14.514708	13.707000	137.627424
14.514247	13.708000	137.637465
14.513787	13.709000	137.647505
14.513326	13.710000	137.657546
14.512866	13.711000	137.667587
14.512405	13.712000	137.677627
14.511944	13.713000	137.687668
14.511484	13.714000	137.697709
14.511023	13.715000	137.707749
14.510562	13.716000	137.717790
14.510101	13.717000	137.727831
14.509641	13.718000	137.737871
14.509180	13.719000	137.747912
14.508719	13.720000	137.757953
14.508258	13.721000	137.767993
14.507798	13.722000	137.778034
14.507337	13.723000	137.788075
14.506876	13.724000	137.798115
14.506415	13.725000	137.808156
14.505954	13.726000	137.818197
14.505494	13.727000	137.828237
14.505033	13.728000	137.838278
14.504572	13.729000	137.848319
14.504111	13.730000	137.858359
14.503650	13.731000	137.868400
14.503189	13.732000	137.878441
14.502728	13.733000	137.888481
14.502267	13.734000	137.898522
14.501807	13.735000	137.908563
14.501346	13.736000	137.918603
14.500885	13.737000	137.928644
14.500424	13.738000	137.938685
14.499963	13.739000	137.948725
14.499502	13.740000	137.958766
14.499041	13.741000	137.968807
14.498580	13.742000	137.978847
14.498119	13.743000	137.988888
14.497658	13.744000	137.998929
14.497197	13.745000	138.008969
14.496736	13.746000	138.019010
14.496274	13.747000	138.029051
14.495813	13.748000	138.039091
14.495352	13.749000	138.049132
14.494891	13.750000	138.059173
14.494430	13.751000	138.069213
14.493969	13.752000	138.079254
14.493508	13.753000	138.089295
14.493047	13.754000	138.099335
14.492585	13.755000	138.109376
14.492124	13.756000	138.119417
14.491663	13.757000	138.129457
14.491202	13.758000	138.139498
14.490741	13.759000	138.149539
14.490279	13.760000	138.159579
14.489818	13.761000	138.169620
14.489357	13.762000	138.179661
14.488896	13.763000	138.189701
14.488434	13.764000	138.199742
14.487973	13.765000	138.209783
14.487512	13.766000	138.219823
14.487051	13.767000	138.229864
14.486589	13.768000	138.239905
14.486128	13.769000	138.249945
14.485667	13.770000	138.259986
14.485205	13.771000	138.270027
14.484744	13.772000	138.280067
14.484283	13.773000	138.290108
14.483821	13.774000	138.300149
14.483360	13.775000	138.310189
14.482898	13.776000	138.320230
14.482437	13.777000	138.330271
14.481975	13.778000	138.340311
14.481514	13.779000	138.350352
14.481053	13.780000	138.360393
14.480591	13.781000	138.370433
14.480130	13.782000	138.380474
14.479668	13.783000	138.390515
14.479207	13.784000	138.400555
14.478745	13.785000	138.410596
14.478284	13.786000	138.420637
14.477822	13.787000	138.430677
14.477360	13.788000	138.440718
14.476899	13.789000	138.450759
14.476437	13.790000	138.460799
14.475976	13.791000	138.470840
14.475514	13.792000	138.480881
14.475052	13.793000	138.490921
14.474591	13.794000	138.500962
14.474129	13.795000	138.511003
14.473668	13.796000	138.521043
14.473206	13.797000	138.531084
14.472744	13.798000	138.541125
14.472283	13.799000	138.551165
14.471821	13.800000	138.561206
14.471359	13.801000	138.571247
14.470897	13.802000	138.581287
14.470436	13.803000	138.591328
14.469974	13.804000	138.601369
14.469512	13.805000	138.611409
14.469050	13.806000	138.621450
14.468589	13.807000	138.631491
14.468127	13.808000	138.641531
14.467665	13.809000	138.651572
14.467203	13.810000	138.661613
14.466741	13.811000	138.671653
14.466280	13.812000	138.681694
14.465818	13.813000	138.691735
14.465356	13.814000	138.701775
14.464894	13.815000	138.711816
14.464432	13.816000	138.721857
14.463970	13.817000	138.731897
14.463508	13.818000	138.741938
14.463046	13.819000	138.751979
14.462584	13.820000	138.762019
14.462122	13.821000	138.772060
14.461660	13.822000	138.782101
14.461198	13.823000	138.792141
14.460736	13.824000	138.802182
14.460274	13.825000	138.812223
14.459812	13.826000	138.822263
14.459350	13.827000	138.832304
14.458888	13.828000	138.842345
14.458426	13.829000	138.852385
14.457964	13.830000	138.862426
14.457502	13.831000	138.872467
14.457040	13.832000	138.882507
14.456578	13.833000	138.892548
14.456116	13.834000	138.902589
14.455654	13.835000	138.912629
14.455192	13.836000	138.922670
14.454730	13.837000	138.932711
14.454267	13.838000	138.942751
14.453805	13.839000	138.952792
14.453343	13.840000	138.962833
14.452881	13.841000	138.972873
14.452419	13.842000	138.982914
14.451957	13.843000	138.992955
14.451494	13.844000	139.002995
14.451032	13.845000	139.013036
14.450570	13.846000	139.023077
14.450108	13.847000	139.033117
14.449645	13.848000	139.043158
14.449183	13.849000	139.053199
14.448721	13.850000	139.063239
14.448258	13.851000	139.073280
14.447796	13.852000	139.083321
14.447334	13.853000	139.093361
14.446871	13.854000	139.103402
14.446409	13.855000	139.113443
14.445947	13.856000	139.123483
14.445484	13.857000	139.133524
14.445022	13.858000	139.143565
14.444560	13.859000	139.153605
14.444097	13.860000	139.163646
14.443635	13.861000	139.173687
14.443172	13.862000	139.183727
14.442710	13.863000	139.193768
14.442247	13.864000	139.203809
14.441785	13.865000	139.213849
14.441322	13.866000	139.223890
14.440860	13.867000	139.233931
14.440397	13.868000	139.243971
14.439935	13.869000	139.254012
14.439472	13.870000	139.264053
14.439010	13.871000	139.274093
14.438547	13.872000	139.284134
14.438085	13.873000	139.294175
14.437622	13.874000	139.304215
14.437159	13.875000	139.314256
14.436697	13.876000	139.324297
14.436234	13.877000	139.334337
14.435772	13.878000	139.344378
14.435309	13.879000	139.354419
14.434846	13.880000	139.364459
14.434384	13.881000	139.374500
14.433921	13.882000	139.384541
14.433458	13.883000	139.394581
14.432996	13.884000	139.404622
14.432533	13.885000	139.414663
14.432070	13.886000	139.424703
14.431607	13.887000	139.434744
14.431145	13.888000	139.444785
14.430682	13.889000	139.454825
14.430219	13.890000	139.464866
14.429756	13.891000	139.474907
14.429294	13.892000	139.484947
14.428831	13.893000	139.494988
14.428368	13.894000	139.505029
14.427905	13.895000	139.515069
14.427442	13.896000	139.525110
14.426979	13.897000	139.535151
14.426517	13.898000	139.545191
14.426054	13.899000	139.555232
14.425591	13.900000	139.565273
14.425128	13.901000	139.575313
14.424665	13.902000	139.585354
14.424202	13.903000	139.595395
14.423739	13.904000	139.605435
14.423276	13.905000	139.615476
14.422813	13.906000	139.625517
14.422350	13.907000	139.635557
14.421887	13.908000	139.645598
14.421424	13.909000	139.655639
14.420961	13.910000	139.665679
14.420498	13.911000	139.675720
14.420035	13.912000	139.685761
14.419572	13.913000	139.695801
14.419109	13.914000	139.705842
14.418646	13.915000	139.715883
14.418183	13.916000	139.725923
14.417720	13.917000	139.735964
14.417257	13.918000	139.746005
14.416794	13.919000	139.756045
14.416330	13.920000	139.766086
14.415867	13.921000	139.776127
14.415404	13.922000	139.786167
14.414941	13.923000	139.796208
14.414478	13.924000	139.806249
14.414015	13.925000	139.816289
14.413551	13.926000	139.826330
14.413088	13.927000	139.836371
14.412625	13.928000	139.846411
14.412162	13.929000	139.856452
14.411698	13.930000	139.866493
14.411235	13.931000	139.876533
14.410772	13.932000	139.886574
14.410309	13.933000	139.896615
14.409845	13.934000	139.906655
14.409382	13.935000	139.916696
14.408919	13.936000	139.926737
14.408455	13.937000	139.936777
14.407992	13.938000	139.946818
14.407529	13.939000	139.956859
14.407065	13.940000	139.966899
14.406602	13.941000	139.976940
14.406138	13.942000	139.986981
14.405675	13.943000	139.997021
14.405212	13.944000	140.007062
14.404748	13.945000	140.017103
14.404285	13.946000	140.027143
14.403821	13.947000	140.037184
14.403358	13.948000	140.047225
14.402894	13.949000	140.057265
14.402431	13.950000	140.067306
14.401967	13.951000	140.077347
14.401504	13.952000	140.087387
14.401040	13.953000	140.097428
14.400577	13.954000	140.107469
14.400113	13.955000	140.117509
14.399650	13.956000	140.127550
14.399186	13.957000	140.137591
14.398722	13.958000	140.147631
14.398259	13.959000	140.157672
14.397795	13.960000	140.167713
14.397332	13.961000	140.177753
14.396868	13.962000	140.187794
14.396404	13.963000	140.197835
14.395941	13.964000	140.207875
14.395477	13.965000	140.217916
14.395013	13.966000	140.227957
14.394550	13.967000	140.237997
14.394086	13.968000	140.248038
14.393622	13.969000	140.258079
14.393158	13.970000	140.268119
14.392695	13.971000	140.278160
14.392231	13.972000	140.288201
14.391767	13.973000	140.298241
14.391303	13.974000	140.308282
14.390840	13.975000	140.318323
14.390376	13.976000	140.328363
14.389912	13.977000	140.338404
14.389448	13.978000	140.348445
14.388984	13.979000	140.358485
14.388520	13.980000	140.368526
14.388057	13.981000	140.378567
14.387593	13.982000	140.388607
14.387129	13.983000	140.398648
14.386665	13.984000	140.408689
14.386201	13.985000	140.418729
14.385737	13.986000	140.428770
14.385273	13.987000	140.438811
14.384809	13.988000	140.448851
14.384345	13.989000	140.458892
14.383881	13.990000	140.468933
14.383417	13.991000	140.478973
14.382953	13.992000	140.489014
14.382489	13.993000	140.499055
14.382025	13.994000	140.509095
14.381561	13.995000	140.519136
14.381097	13.996000	140.529177
14.380633	13.997000	140.539217
14.380169	13.998000	140.549258
14.379705	13.999000	140.559299
14.379241	14.000000	140.569339
14.378777	14.001000	140.579380
14.378313	14.002000	140.589421
14.377848	14.003000	140.599461
14.377384	14.004000	140.609502
14.376920	14.005000	140.619543
14.376456	14.006000	140.629583
14.375992	14.007000	140.639624
14.375528	14.008000	140.649665
14.375063	14.009000	140.659705
14.374599	14.010000	140.669746
14.374135	14.011000	140.679787
14.373671	14.012000	140.689827
14.373206	14.013000	140.699868
14.372742	14.014000	140.709909
14.372278	14.015000	140.719949
14.371814	14.016000	140.729990
14.371349	14.017000	140.740031
14.370885	14.018000	140.750071
14.370421	14.019000	140.760112
14.369956	14.020000	140.770153
14.369492	14.021000	140.780193
14.369028	14.022000	140.790234
14.368563	14.023000	140.800275
14.368099	14.024000	140.810315
14.367634	14.025000	140.820356
14.367170	14.026000	140.830397
14.366706	14.027000	140.840437
14.366241	14.028000	140.850478
14.365777	14.029000	140.860519
14.365312	14.030000	140.870559
14.364848	14.031000	140.880600
14.364383	14.032000	140.890641
14.363919	14.033000	140.900681
14.363454	14.034000	140.910722
14.362990	14.035000	140.920763
14.362525	14.036000	140.930803
14.362061	14.037000	140.940844
14.361596	14.038000	140.950885
14.361132	14.039000	140.960925
14.360667	14.040000	140.970966
14.360202	14.041000	140.981007
14.359738	14.042000	140.991047
14.359273	14.043000	141.001088
14.358809	14.044000	141.011129
14.358344	14.045000	141.021169
14.357879	14.046000	141.031210
14.357415	14.047000	141.041251
14.356950	14.048000	141.051291
14.356485	14.049000	141.061332
14.356021	14.050000	141.071373
14.355556	14.051000	141.081413
14.355091	14.052000	141.091454
14.354626	14.053000	141.101495
14.354162	14.054000	141.111535
14.353697	14.055000	141.121576
14.353232	14.056000	141.131617
14.352767	14.057000	141.141657
14.352302	14.058000	141.151698
14.351838	14.059000	141.161739
14.351373	14.060000	141.171779
14.350908	14.061000	141.181820
14.350443	14.062000	141.191861
14.349978	14.063000	141.201901
14.349513	14.064000	141.211942
14.349049	14.065000	141.221983
14.348584	14.066000	141.232023
14.348119	14.067000	141.242064
14.347654	14.068000	141.252105
14.347189	14.069000	141.262145
14.346724	14.070000	141.272186
14.346259	14.071000	141.282227
14.345794	14.072000	141.292267
14.345329	14.073000	141.302308
14.344864	14.074000	141.312349
14.344399	14.075000	141.322389
14.343934	14.076000	141.332430
14.343469	14.077000	141.342471
14.343004	14.078000	141.352511
14.342539	14.079000	141.362552
14.342074	14.080000	141.372593
14.341609	14.081000	141.382633
14.341144	14.082000	141.392674
14.340679	14.083000	141.402715
14.340213	14.084000	141.412755
14.339748	14.085000	141.422796
14.339283	14.086000	141.432837
14.338818	14.087000	141.442877
14.338353	14.088000	141.452918
14.337888	14.089000	141.462959
14.337422	14.090000	141.472999
14.336957	14.091000	141.483040
14.336492	14.092000	141.493081
14.336027	14.093000	141.503121
14.335562	14.094000	141.513162
14.335096	14.095000	141.523203
14.334631	14.096000	141.533243
14.334166	14.097000	141.543284
14.333701	14.098000	141.553325
14.333235	14.099000	141.563365
14.332770	14.100000	141.573406
14.332305	14.101000	141.583447
14.331839	14.102000	141.593487
14.331374	14.103000	141.603528
14.330909	14.104000	141.613569
14.330443	14.105000	141.623609
14.329978	14.106000	141.633650
14.329512	14.107000	141.643691
14.329047	14.108000	141.653731
14.328582	14.109000	141.663772
14.328116	14.110000	141.673813
14.327651	14.111000	141.683853
14.327185	14.112000	141.693894
14.326720	14.113000	141.703935
14.326254	14.114000	141.713975
14.325789	14.115000	141.724016
14.325323	14.116000	141.734057
14.324858	14.117000	141.744097
14.324392	14.118000	141.754138
14.323927	14.119000	141.764179
14.323461	14.120000	141.774219
14.322996	14.121000	141.784260
14.322530	14.122000	141.794301
14.322064	14.123000	141.804341
14.321599	14.124000	141.814382
14.321133	14.125000	141.824423
14.320668	14.126000	141.834463
14.320202	14.127000	141.844504
14.319736	14.128000	141.854545
14.319271	14.129000	141.864585
14.318805	14.130000	141.874626
14.318339	14.131000	141.884667
14.317874	14.132000	141.894707
14.317408	14.133000	141.904748
14.316942	14.134000	141.914789
14.316476	14.135000	141.924829
14.316011	14.136000	141.934870
14.315545	14.137000	141.944911
14.315079	14.138000	141.954951
14.314613	14.139000	141.964992
14.314147	14.140000	141.975033
14.313682	14.141000	141.985073
14.313216	14.142000	141.995114
14.312750	14.143000	142.005155
14.312284	14.144000	142.015195
14.311818	14.145000	142.025236
14.311352	14.146000	142.035277
14.310887	14.147000	142.045317
14.310421	14.148000	142.055358
14.309955	14.149000	142.065399
14.309489	14.150000	142.075439
14.309023	14.151000	142.085480
14.308557	14.152000	142.095521
14.308091	14.153000	142.105561
14.307625	14.154000	142.115602
14.307159	14.155000	142.125643
14.306693	14.156000	142.135683
14.306227	14.157000	142.145724
14.305761	14.158000	142.155765
14.305295	14.159000	142.165805
14.304829	14.160000	142.175846
14.304363	14.161000	142.185887
14.303897	14.162000	142.195927
14.303431	14.163000	142.205968
14.302965	14.164000	142.216009
14.302499	14.165000	142.226049
14.302032	14.166000	142.236090
14.301566	14.167000	142.246131
14.301100	14.168000	142.256171
14.300634	14.169000	142.266212
14.300168	14.170000	142.276253
14.299702	14.171000	142.286293
14.299235	14.172000	142.296334
14.298769	14.173000	142.306375
14.298303	14.174000	142.316415
14.297837	14.175000	142.326456
14.297371	14.176000	142.336497
14.296904	14.177000	142.346537
14.296438	14.178000	142.356578
14.295972	14.179000	142.366619
14.295506	14.180000	142.376659
14.295039	14.181000	142.386700
14.294573	14.182000	142.396741
14.294107	14.183000	142.406781
14.293640	14.184000	142.416822
14.293174	14.185000	142.426863
14.292708	14.186000	142.436903
14.292241	14.187000	142.446944
14.291775	14.188000	142.456985
14.291308	14.189000	142.467025
14.290842	14.190000	142.477066
14.290376	14.191000	142.487107
14.289909	14.192000	142.497147
14.289443	14.193000	142.507188
14.288976	14.194000	142.517229
14.288510	14.195000	142.527269
14.288043	14.196000	142.537310
14.287577	14.197000	142.547351
14.287110	14.198000	142.557391
14.286644	14.199000	142.567432
14.286177	14.200000	142.577473
14.285711	14.201000	142.587513
14.285244	14.202000	142.597554
14.284777	14.203000	142.607595
14.284311	14.204000	142.617635
14.283844	14.205000	142.627676
14.283378	14.206000	142.637717
14.282911	14.207000	142.647757
14.282444	14.208000	142.657798
14.281978	14.209000	142.667839
14.281511	14.210000	142.677879
14.281044	14.211000	142.687920
14.280578	14.212000	142.697961
14.280111	14.213000	142.708001
14.279644	14.214000	142.718042
14.279178	14.215000	142.728083
14.278711	14.216000	142.738123
14.278244	14.217000	142.748164
14.277777	14.218000	142.758205
14.277311	14.219000	142.768245
14.276844	14.220000	142.778286
14.276377	14.221000	142.788327
14.275910	14.222000	142.798367
14.275443	14.223000	142.808408
14.274977	14.224000	142.818449
14.274510	14.225000	142.828489
14.274043	14.226000	142.838530
14.273576	14.227000	142.848571
14.273109	14.228000	142.858611
14.272642	14.229000	142.868652
14.272175	14.230000	142.878693
14.271709	14.231000	142.888733
14.271242	14.232000	142.898774
14.270775	14.233000	142.908815
14.270308	14.234000	142.918855
14.269841	14.235000	142.928896
14.269374	14.236000	142.938937
14.268907	14.237000	142.948977
14.268440	14.238000	142.959018
14.267973	14.239000	142.969059
14.267506	14.240000	142.979099
14.267039	14.241000	142.989140
14.266572	14.242000	142.999181
14.266105	14.243000	143.009221
14.265637	14.244000	143.019262
14.265170	14.245000	143.029303
14.264703	14.246000	143.039343
14.264236	14.247000	143.049384
14.263769	14.248000	143.059425
14.263302	14.249000	143.069465
14.262835	14.250000	143.079506
14.262368	14.251000	143.089547
14.261900	14.252000	143.099587
14.261433	14.253000	143.109628
14.260966	14.254000	143.119669
14.260499	14.255000	143.129709
14.260032	14.256000	143.139750
14.259564	14.257000	143.149791
14.259097	14.258000	143.159831
14.258630	14.259000	143.169872
14.258163	14.260000	143.179913
14.257695	14.261000	143.189953
14.257228	14.262000	143.199994
14.256761	14.263000	143.210035
14.256293	14.264000	143.220075
14.255826	14.265000	143.230116
14.255359	14.266000	143.240157
14.254891	14.267000	143.250197
14.254424	14.268000	143.260238
14.253957	14.269000	143.270279
14.253489	14.270000	143.280319
14.253022	14.271000	143.290360
14.252554	14.272000	143.300401
14.252087	14.273000	143.310441
14.251619	14.274000	143.320482
14.251152	14.275000	143.330523
14.250685	14.276000	143.340563
14.250217	14.277000	143.350604
14.249750	14.278000	143.360645
14.249282	14.279000	143.370685
14.248815	14.280000	143.380726
14.248347	14.281000	143.390767
14.247879	14.282000	143.400807
14.247412	14.283000	143.410848
14.246944	14.284000	143.420889
14.246477	14.285000	143.430929
14.246009	14.286000	143.440970
14.245542	14.287000	143.451011
14.245074	14.288000	143.461051
14.244606	14.289000	143.471092
14.244139	14.290000	143.481133
14.243671	14.291000	143.491173
14.243203	14.292000	143.501214
14.242736	14.293000	143.511255
14.242268	14.294000	143.521295
14.241800	14.295000	143.531336
14.241333	14.296000	143.541377
14.240865	14.297000	143.551417
14.240397	14.298000	143.561458
14.239929	14.299000	143.571499
14.239462	14.300000	143.581539
14.238994	14.301000	143.591580
14.238526	14.302000	143.601621
14.238058	14.303000	143.611661
14.237590	14.304000	143.621702
14.237123	14.305000	143.631743
14.236655	14.306000	143.641783
14.236187	14.307000	143.651824
14.235719	14.308000	143.661865
14.235251	14.309000	143.671905
14.234783	14.310000	143.681946
14.234315	14.311000	143.691987
14.233847	14.312000	143.702027
14.233379	14.313000	143.712068
14.232912	14.314000	143.722109
14.232444	14.315000	143.732149
14.231976	14.316000	143.742190
14.231508	14.317000	143.752231
14.231040	14.318000	143.762271
14.230572	14.319000	143.772312
14.230104	14.320000	143.782353
14.229636	14.321000	143.792393
14.229168	14.322000	143.802434
14.228699	14.323000	143.812475
14.228231	14.324000	143.822515
14.227763	14.325000	143.832556
14.227295	14.326000	143.842597
14.226827	14.327000	143.852637
14.226359	14.328000	143.862678
14.225891	14.329000	143.872719
14.225423	14.330000	143.882759
14.224955	14.331000	143.892800
14.224486	14.332000	143.902841
14.224018	14.333000	143.912881
14.223550	14.334000	143.922922
14.223082	14.335000	143.932963
14.222614	14.336000	143.943003
14.222145	14.337000	143.953044
14.221677	14.338000	143.963085
14.221209	14.339000	143.973125
14.220741	14.340000	143.983166
14.220272	14.341000	143.993207
14.219804	14.342000	144.003247
14.219336	14.343000	144.013288
14.218867	14.344000	144.023329
14.218399	14.345000	144.033369
14.217931	14.346000	144.043410
14.217462	14.347000	144.053451
14.216994	14.348000	144.063491
14.216526	14.349000	144.073532
14.216057	14.350000	144.083573
14.215589	14.351000	144.093613
14.215121	14.352000	144.103654
14.214652	14.353000	144.113695
14.214184	14.354000	144.123735
14.213715	14.355000	144.133776
14.213247	14.356000	144.143817
14.212778	14.357000	144.153857
14.212310	14.358000	144.163898
14.211841	14.359000	144.173939
14.211373	14.360000	144.183979
14.210904	14.361000	144.194020
14.210436	14.362000	144.204061
14.209967	14.363000	144.214101
14.209499	14.364000	144.224142
14.209030	14.365000	144.234183
14.208561	14.366000	144.244223
14.208093	14.367000	144.254264
14.207624	14.368000	144.264305
14.207156	14.369000	144.274345
14.206687	14.370000	144.284386
14.206218	14.371000	144.294427
14.205750	14.372000	144.304467
14.205281	14.373000	144.314508
14.204812	14.374000	144.324549
14.204344	14.375000	144.334589
14.203875	14.376000	144.344630
14.203406	14.377000	144.354671
14.202937	14.378000	144.364711
14.202469	14.379000	144.374752
14.202000	14.380000	144.384793
14.201531	14.381000	144.394833
14.201062	14.382000	144.404874
14.200594	14.383000	144.414915
14.200125	14.384000	144.424955
14.199656	14.385000	144.434996
14.199187	14.386000	144.445037
14.198718	14.387000	144.455077
14.198249	14.388000	144.465118
14.197780	14.389000	144.475159
14.197312	14.390000	144.485199
14.196843	14.391000	144.495240
14.196374	14.392000	144.505281
14.195905	14.393000	144.515321
14.195436	14.394000	144.525362
14.194967	14.395000	144.535403
14.194498	14.396000	144.545443
14.194029	14.397000	144.555484
14.193560	14.398000	144.565525
14.193091	14.399000	144.575565
14.192622	14.400000	144.585606
14.192153	14.401000	144.595647
14.191684	14.402000	144.605687
14.191215	14.403000	144.615728
14.190746	14.404000	144.625769
14.190277	14.405000	144.635809
14.189808	14.406000	144.645850
14.189339	14.407000	144.655891
14.188870	14.408000	144.665931
14.188400	14.409000	144.675972
14.187931	14.410000	144.686013
14.187462	14.411000	144.696053
14.186993	14.412000	144.706094
14.186524	14.413000	144.716135
14.186055	14.414000	144.726175
14.185585	14.415000	144.736216
14.185116	14.416000	144.746257
14.184647	14.417000	144.756297
14.184178	14.418000	144.766338
14.183708	14.419000	144.776379
14.183239	14.420000	144.786420
14.182770	14.421000	144.796460
14.182301	14.422000	144.806501
14.181831	14.423000	144.816542
14.181362	14.424000	144.826582
14.180893	14.425000	144.836623
14.180423	14.426000	144.846664
14.179954	14.427000	144.856704
14.179485	14.428000	144.866745
14.179015	14.429000	144.876786
14.178546	14.430000	144.886826
14.178077	14.431000	144.896867
14.177607	14.432000	144.906908
14.177138	14.433000	144.916948
14.176668	14.434000	144.926989
14.176199	14.435000	144.937030
14.175729	14.436000	144.947070
14.175260	14.437000	144.957111
14.174790	14.438000	144.967152
14.174321	14.439000	144.977192
14.173851	14.440000	144.987233
14.173382	14.441000	144.997274
14.172912	14.442000	145.007314
14.172443	14.443000	145.017355
14.171973	14.444000	145.027396
14.171504	14.445000	145.037436
14.171034	14.446000	145.047477
14.170564	14.447000	145.057518
14.170095	14.448000	145.067558
14.169625	14.449000	145.077599
14.169156	14.450000	145.087640
14.168686	14.451000	145.097680
14.168216	14.452000	145.107721
14.167747	14.453000	145.117762
14.167277	14.454000	145.127802
14.166807	14.455000	145.137843
14.166337	14.456000	145.147884
14.165868	14.457000	145.157924
14.165398	14.458000	145.167965
14.164928	14.459000	145.178006
14.164458	14.460000	145.188046
14.163989	14.461000	145.198087
14.163519	14.462000	145.208128
14.163049	14.463000	145.218168
14.162579	14.464000	145.228209
14.162109	14.465000	145.238250
14.161640	14.466000	145.248290
14.161170	14.467000	145.258331
14.160700	14.468000	145.268372
14.160230	14.469000	145.278412
14.159760	14.470000	145.288453
14.159290	14.471000	145.298494
14.158820	14.472000	145.308534
14.158350	14.473000	145.318575
14.157880	14.474000	145.328616
14.157411	14.475000	145.338656
14.156941	14.476000	145.348697
14.156471	14.477000	145.358738
14.156001	14.478000	145.368778
14.155531	14.479000	145.378819
14.155061	14.480000	145.388860
14.154591	14.481000	145.398900
14.154121	14.482000	145.408941
14.153650	14.483000	145.418982
14.153180	14.484000	145.429022
14.152710	14.485000	145.439063
14.152240	14.486000	145.449104
14.151770	14.487000	145.459144
14.151300	14.488000	145.469185
14.150830	14.489000	145.479226
14.150360	14.490000	145.489266
14.149890	14.491000	145.499307
14.149419	14.492000	145.509348
14.148949	14.493000	145.519388
14.148479	14.494000	145.529429
14.148009	14.495000	145.539470
14.147539	14.496000	145.549510
14.147068	14.497000	145.559551
14.146598	14.498000	145.569592
14.146128	14.499000	145.579632
14.145658	14.500000	145.589673
14.145187	14.501000	145.599714
14.144717	14.502000	145.609754
14.144247	14.503000	145.619795
14.143776	14.504000	145.629836
14.143306	14.505000	145.639876
14.142836	14.506000	145.649917
14.142365	14.507000	145.659958
14.141895	14.508000	145.669998
14.141425	14.509000	145.680039
14.140954	14.510000	145.690080
14.140484	14.511000	145.700120
14.140013	14.512000	145.710161
14.139543	14.513000	145.720202
14.139073	14.514000	145.730242
14.138602	14.515000	145.740283
14.138132	14.516000	145.750324
14.137661	14.517000	145.760364
14.137191	14.518000	145.770405
14.136720	14.519000	145.780446
14.136250	14.520000	145.790486
14.135779	14.521000	145.800527
14.135309	14.522000	145.810568
14.134838	14.523000	145.820608
14.134367	14.524000	145.830649
14.133897	14.525000	145.840690
14.133426	14.526000	145.850730
14.132956	14.527000	145.860771
14.132485	14.528000	145.870812
14.132014	14.529000	145.880852
14.131544	14.530000	145.890893
14.131073	14.531000	145.900934
14.130602	14.532000	145.910974
14.130132	14.533000	145.921015
14.129661	14.534000	145.931056
14.129190	14.535000	145.941096
14.128720	14.536000	145.951137
14.128249	14.537000	145.961178
14.127778	14.538000	145.971218
14.127307	14.539000	145.981259
14.126837	14.540000	145.991300
14.126366	14.541000	146.001340
14.125895	14.542000	146.011381
14.125424	14.543000	146.021422
14.124953	14.544000	146.031462
14.124483	14.545000	146.041503
14.124012	14.546000	146.051544
14.123541	14.547000	146.061584
14.123070	14.548000	146.071625
14.122599	14.549000	146.081666
14.122128	14.550000	146.091706
14.121657	14.551000	146.101747
14.121186	14.552000	146.111788
14.120716	14.553000	146.121828
14.120245	14.554000	146.131869
14.119774	14.555000	146.141910
14.119303	14.556000	146.151950
14.118832	14.557000	146.161991
14.118361	14.558000	146.172032
14.117890	14.559000	146.182072
14.117419	14.560000	146.192113
14.116948	14.561000	146.202154
14.116477	14.562000	146.212194
14.116005	14.563000	146.222235
14.115534	14.564000	146.232276
14.115063	14.565000	146.242316
14.114592	14.566000	146.252357
14.114121	14.567000	146.262398
14.113650	14.568000	146.272438
14.113179	14.569000	146.282479
14.112708	14.570000	146.292520
14.112237	14.571000	146.302560
14.111765	14.572000	146.312601
14.111294	14.573000	146.322642
14.110823	14.574000	146.332682
14.110352	14.575000	146.342723
14.109881	14.576000	146.352764
14.109409	14.577000	146.362804
14.108938	14.578000	146.372845
14.108467	14.579000	146.382886
14.107995	14.580000	146.392926
14.107524	14.581000	146.402967
14.107053	14.582000	146.413008
14.106582	14.583000	146.423048
14.106110	14.584000	146.433089
14.105639	14.585000	146.443130
14.105168	14.586000	146.453170
14.104696	14.587000	146.463211
14.104225	14.588000	146.473252
14.103753	14.589000	146.483292
14.103282	14.590000	146.493333
14.102811	14.591000	146.503374
14.102339	14.592000	146.513414
14.101868	14.593000	146.523455
14.101396	14.594000	146.533496
14.100925	14.595000	146.543536
14.100453	14.596000	146.553577
14.099982	14.597000	146.563618
14.099510	14.598000	146.573658
14.099039	14.599000	146.583699
14.098567	14.600000	146.593740
14.098096	14.601000	146.603780
14.097624	14.602000	146.613821
14.097153	14.603000	146.623862
14.096681	14.604000	146.633902
14.096209	14.605000	146.643943
14.095738	14.606000	146.653984
14.095266	14.607000	146.664024
14.094795	14.608000	146.674065
14.094323	14.609000	146.684106
14.093851	14.610000	146.694146
14.093380	14.611000	146.704187
14.092908	14.612000	146.714228
14.092436	14.613000	146.724268
14.091965	14.614000	146.734309
14.091493	14.615000	146.744350
14.091021	14.616000	146.754390
14.090549	14.617000	146.764431
14.090078	14.618000	146.774472
14.089606	14.619000	146.784512
14.089134	14.620000	146.794553
14.088662	14.621000	146.804594
14.088190	14.622000	146.814634
14.087719	14.623000	146.824675
14.087247	14.624000	146.834716
14.086775	14.625000	146.844756
14.086303	14.626000	146.854797
14.085831	14.627000	146.864838
14.085359	14.628000	146.874878
14.084887	14.629000	146.884919
14.084415	14.630000	146.894960
14.083944	14.631000	146.905000
14.083472	14.632000	146.915041
14.083000	14.633000	146.925082
14.082528	14.634000	146.935122
14.082056	14.635000	146.945163
14.081584	14.636000	146.955204
14.081112	14.637000	146.965244
14.080640	14.638000	146.975285
14.080168	14.639000	146.985326
14.079696	14.640000	146.995366
14.079224	14.641000	147.005407
14.078752	14.642000	147.015448
14.078279	14.643000	147.025488
14.077807	14.644000	147.035529
14.077335	14.645000	147.045570
14.076863	14.646000	147.055610
14.076391	14.647000	147.065651
14.075919	14.648000	147.075692
14.075447	14.649000	147.085732
14.074975	14.650000	147.095773
14.074502	14.651000	147.105814
14.074030	14.652000	147.115854
14.073558	14.653000	147.125895
14.073086	14.654000	147.135936
14.072614	14.655000	147.145976
14.072141	14.656000	147.156017
14.071669	14.657000	147.166058
14.071197	14.658000	147.176098
14.070724	14.659000	147.186139
14.070252	14.660000	147.196180
14.069780	14.661000	147.206220
14.069308	14.662000	147.216261
14.068835	14.663000	147.226302
14.068363	14.664000	147.236342
14.067891	14.665000	147.246383
14.067418	14.666000	147.256424
14.066946	14.667000	147.266464
14.066473	14.668000	147.276505
14.066001	14.669000	147.286546
14.065529	14.670000	147.296586
14.065056	14.671000	147.306627
14.064584	14.672000	147.316668
14.064111	14.673000	147.326708
14.063639	14.674000	147.336749
14.063166	14.675000	147.346790
14.062694	14.676000	147.356830
14.062221	14.677000	147.366871
14.061749	14.678000	147.376912
14.061276	14.679000	147.386952
14.060804	14.680000	147.396993
14.060331	14.681000	147.407034
14.059858	14.682000	147.417074
14.059386	14.683000	147.427115
14.058913	14.684000	147.437156
14.058441	14.685000	147.447196
14.057968	14.686000	147.457237
14.057495	14.687000	147.467278
14.057023	14.688000	147.477318
14.056550	14.689000	147.487359
14.056077	14.690000	147.497400
14.055605	14.691000	147.507440
14.055132	14.692000	147.517481
14.054659	14.693000	147.527522
14.054187	14.694000	147.537562
14.053714	14.695000	147.547603
14.053241	14.696000	147.557644
14.052768	14.697000	147.567684
14.052296	14.698000	147.577725
14.051823	14.699000	147.587766
14.051350	14.700000	147.597806
14.050877	14.701000	147.607847
14.050404	14.702000	147.617888
14.049931	14.703000	147.627928
14.049459	14.704000	147.637969
14.048986	14.705000	147.648010
14.048513	14.706000	147.658050
14.048040	14.707000	147.668091
14.047567	14.708000	147.678132
14.047094	14.709000	147.688172
14.046621	14.710000	147.698213
14.046148	14.711000	147.708254
14.045675	14.712000	147.718294
14.045202	14.713000	147.728335
14.044729	14.714000	147.738376
14.044256	14.715000	147.748416
14.043783	14.716000	147.758457
14.043310	14.717000	147.768498
14.042837	14.718000	147.778538
14.042364	14.719000	147.788579
14.041891	14.720000	147.798620
14.041418	14.721000	147.808660
14.040945	14.722000	147.818701
14.040472	14.723000	147.828742
14.039999	14.724000	147.838782
14.039526	14.725000	147.848823
14.039052	14.726000	147.858864
14.038579	14.727000	147.868904
14.038106	14.728000	147.878945
14.037633	14.729000	147.888986
14.037160	14.730000	147.899026
14.036687	14.731000	147.909067
14.036213	14.732000	147.919108
14.035740	14.733000	147.929148
14.035267	14.734000	147.939189
14.034794	14.735000	147.949230
14.034320	14.736000	147.959270
14.033847	14.737000	147.969311
14.033374	14.738000	147.979352
14.032900	14.739000	147.989392
14.032427	14.740000	147.999433
14.031954	14.741000	148.009474
14.031480	14.742000	148.019514
14.031007	14.743000	148.029555
14.030534	14.744000	148.039596
14.030060	14.745000	148.049636
14.029587	14.746000	148.059677
14.029114	14.747000	148.069718
14.028640	14.748000	148.079758
14.028167	14.749000	148.089799
14.027693	14.750000	148.099840
14.027220	14.751000	148.109880
14.026746	14.752000	148.119921
14.026273	14.753000	148.129962
14.025799	14.754000	148.140002
14.025326	14.755000	148.150043
14.024852	14.756000	148.160084
14.024379	14.757000	148.170124
14.023905	14.758000	148.180165
14.023432	14.759000	148.190206
14.022958	14.760000	148.200246
14.022484	14.761000	148.210287
14.022011	14.762000	148.220328
14.021537	14.763000	148.230368
14.021064	14.764000	148.240409
14.020590	14.765000	148.250450
14.020116	14.766000	148.260490
14.019643	14.767000	148.270531
14.019169	14.768000	148.280572
14.018695	14.769000	148.290612
14.018222	14.770000	148.300653
14.017748	14.771000	148.310694
14.017274	14.772000	148.320734
14.016800	14.773000	148.330775
14.016327	14.774000	148.340816
14.015853	14.775000	148.350856
14.015379	14.776000	148.360897
14.014905	14.777000	148.370938
14.014431	14.778000	148.380978
14.013958	14.779000	148.391019
14.013484	14.780000	148.401060
14.013010	14.781000	148.411100
14.012536	14.782000	148.421141
14.012062	14.783000	148.431182
14.011588	14.784000	148.441222
14.011114	14.785000	148.451263
14.010641	14.786000	148.461304
14.010167	14.787000	148.471344
14.009693	14.788000	148.481385
14.009219	14.789000	148.491426
14.008745	14.790000	148.501466
14.008271	14.791000	148.511507
14.007797	14.792000	148.521548
14.007323	14.793000	148.531588
14.006849	14.794000	148.541629
14.006375	14.795000	148.551670
14.005901	14.796000	148.561710
14.005427	14.797000	148.571751
14.004953	14.798000	148.581792
14.004479	14.799000	148.591832
14.004004	14.800000	148.601873
14.003530	14.801000	148.611914
14.003056	14.802000	148.621954
14.002582	14.803000	148.631995
14.002108	14.804000	148.642036
14.001634	14.805000	148.652076
14.001160	14.806000	148.662117
14.000685	14.807000	148.672158
14.000211	14.808000	148.682198
13.999737	14.809000	148.692239
13.999263	14.810000	148.702280
13.998789	14.811000	148.712320
13.998314	14.812000	148.722361
13.997840	14.813000	148.732402
13.997366	14.814000	148.742442
13.996892	14.815000	148.752483
13.996417	14.816000	148.762524
13.995943	14.817000	148.772564
13.995469	14.818000	148.782605
13.994994	14.819000	148.792646
13.994520	14.820000	148.802686
13.994046	14.821000	148.812727
13.993571	14.822000	148.822768
13.993097	14.823000	148.832808
13.992622	14.824000	148.842849
13.992148	14.825000	148.852890
13.991674	14.826000	148.862930
13.991199	14.827000	148.872971
13.990725	14.828000	148.883012
13.990250	14.829000	148.893052
13.989776	14.830000	148.903093
13.989301	14.831000	148.913134
13.988827	14.832000	148.923174
13.988352	14.833000	148.933215
13.987878	14.834000	148.943256
13.987403	14.835000	148.953296
13.986929	14.836000	148.963337
13.986454	14.837000	148.973378
13.985979	14.838000	148.983418
13.985505	14.839000	148.993459
13.985030	14.840000	149.003500
13.984556	14.841000	149.013540
13.984081	14.842000	149.023581
13.983606	14.843000	149.033622
13.983132	14.844000	149.043662
13.982657	14.845000	149.053703
13.982182	14.846000	149.063744
13.981708	14.847000	149.073784
13.981233	14.848000	149.083825
13.980758	14.849000	149.093866
13.980283	14.850000	149.103906
13.979809	14.851000	149.113947
13.979334	14.852000	149.123988
13.978859	14.853000	149.134028
13.978384	14.854000	149.144069
13.977909	14.855000	149.154110
13.977435	14.856000	149.164150
13.976960	14.857000	149.174191
13.976485	14.858000	149.184232
13.976010	14.859000	149.194272
13.975535	14.860000	149.204313
13.975060	14.861000	149.214354
13.974585	14.862000	149.224394
13.974111	14.863000	149.234435
13.973636	14.864000	149.244476
13.973161	14.865000	149.254516
13.972686	14.866000	149.264557
13.972211	14.867000	149.274598
13.971736	14.868000	149.284638
13.971261	14.869000	149.294679
13.970786	14.870000	149.304720
13.970311	14.871000	149.314760
13.969836	14.872000	149.324801
13.969361	14.873000	149.334842
13.968886	14.874000	149.344882
13.968411	14.875000	149.354923
13.967936	14.876000	149.364964
13.967460	14.877000	149.375004
13.966985	14.878000	149.385045
13.966510	14.879000	149.395086
13.966035	14.880000	149.405126
13.965560	14.881000	149.415167
13.965085	14.882000	149.425208
13.964610	14.883000	149.435248
13.964134	14.884000	149.445289
13.963659	14.885000	149.455330
13.963184	14.886000	149.465370
13.962709	14.887000	149.475411
13.962234	14.888000	149.485452
13.961758	14.889000	149.495492
13.961283	14.890000	149.505533
13.960808	14.891000	149.515574
13.960333	14.892000	149.525614
13.959857	14.893000	149.535655
13.959382	14.894000	149.545696
13.958907	14.895000	149.555736
13.958431	14.896000	149.565777
13.957956	14.897000	149.575818
13.957481	14.898000	149.585858
13.957005	14.899000	149.595899
13.956530	14.900000	149.605940
13.956054	14.901000	149.615980
13.955579	14.902000	149.626021
13.955104	14.903000	149.636062
13.954628	14.904000	149.646102
13.954153	14.905000	149.656143
13.953677	14.906000	149.666184
13.953202	14.907000	149.676224
13.952726	14.908000	149.686265
13.952251	14.909000	149.696306
13.951775	14.910000	149.706346
13.951300	14.911000	149.716387
13.950824	14.912000	149.726428
13.950349	14.913000	149.736468
13.949873	14.914000	149.746509
13.949397	14.915000	149.756550
13.948922	14.916000	149.766590
13.948446	14.917000	149.776631
13.947971	14.918000	149.786672
13.947495	14.919000	149.796712
13.947019	14.920000	149.806753
13.946544	14.921000	149.816794
13.946068	14.922000	149.826834
13.945592	14.923000	149.836875
13.945117	14.924000	149.846916
13.944641	14.925000	149.856956
13.944165	14.926000	149.866997
13.943689	14.927000	149.877038
13.943214	14.928000	149.887078
13.942738	14.929000	149.897119
13.942262	14.930000	149.907160
13.941786	14.931000	149.917200
13.941310	14.932000	149.927241
13.940835	14.933000	149.937282
13.940359	14.934000	149.947322
13.939883	14.935000	149.957363
13.939407	14.936000	149.967404
13.938931	14.937000	149.977444
13.938455	14.938000	149.987485
13.937979	14.939000	149.997526
13.937504	14.940000	150.007566
13.937028	14.941000	150.017607
13.936552	14.942000	150.027648
13.936076	14.943000	150.037688
13.935600	14.944000	150.047729
13.935124	14.945000	150.057770
13.934648	14.946000	150.067810
13.934172	14.947000	150.077851
13.933696	14.948000	150.087892
13.933220	14.949000	150.097932
13.932744	14.950000	150.107973
13.932268	14.951000	150.118014
13.931792	14.952000	150.128054
13.931315	14.953000	150.138095
13.930839	14.954000	150.148136
13.930363	14.955000	150.158176
13.929887	14.956000	150.168217
13.929411	14.957000	150.178258
13.928935	14.958000	150.188298
13.928459	14.959000	150.198339
13.927983	14.960000	150.208380
13.927506	14.961000	150.218420
13.927030	14.962000	150.228461
13.926554	14.963000	150.238502
13.926078	14.964000	150.248542
13.925602	14.965000	150.258583
13.925125	14.966000	150.268624
13.924649	14.967000	150.278664
13.924173	14.968000	150.288705
13.923696	14.969000	150.298746
13.923220	14.970000	150.308786
13.922744	14.971000	150.318827
13.922267	14.972000	150.328868
13.921791	14.973000	150.338908
13.921315	14.974000	150.348949
13.920838	14.975000	150.358990
13.920362	14.976000	150.369030
13.919886	14.977000	150.379071
13.919409	14.978000	150.389112
13.918933	14.979000	150.399152
13.918456	14.980000	150.409193
13.917980	14.981000	150.419234
13.917503	14.982000	150.429274
13.917027	14.983000	150.439315
13.916550	14.984000	150.449356
13.916074	14.985000	150.459396
13.915597	14.986000	150.469437
13.915121	14.987000	150.479478
13.914644	14.988000	150.489518
13.914168	14.989000	150.499559
13.913691	14.990000	150.509600
13.913215	14.991000	150.519640
13.912738	14.992000	150.529681
13.912261	14.993000	150.539722
13.911785	14.994000	150.549762
13.911308	14.995000	150.559803
13.910832	14.996000	150.569844
13.910355	14.997000	150.579884
13.909878	14.998000	150.589925
13.909402	14.999000	150.599966
13.908925	15.000000	150.610006
13.908448	15.001000	150.620047
13.907971	15.002000	150.630088
13.907495	15.003000	150.640128
13.907018	15.004000	150.650169
13.906541	15.005000	150.660210
13.906064	15.006000	150.670250
13.905588	15.007000	150.680291
13.905111	15.008000	150.690332
13.904634	15.009000	150.700372
13.904157	15.010000	150.710413
13.903680	15.011000	150.720454
13.903203	15.012000	150.730494
13.902727	15.013000	150.740535
13.902250	15.014000	150.750576
13.901773	15.015000	150.760616
13.901296	15.016000	150.770657
13.900819	15.017000	150.780698
13.900342	15.018000	150.790738
13.899865	15.019000	150.800779
13.899388	15.020000	150.810820
13.898911	15.021000	150.820860
13.898434	15.022000	150.830901
13.897957	15.023000	150.840942
13.897480	15.024000	150.850982
13.897003	15.025000	150.861023
13.896526	15.026000	150.871064
13.896049	15.027000	150.881104
13.895572	15.028000	150.891145
13.895095	15.029000	150.901186
13.894618	15.030000	150.911226
13.894141	15.031000	150.921267
13.893664	15.032000	150.931308
13.893186	15.033000	150.941348
13.892709	15.034000	150.951389
13.892232	15.035000	150.961430
13.891755	15.036000	150.971470
13.891278	15.037000	150.981511
13.890801	15.038000	150.991552
13.890323	15.039000	151.001592
13.889846	15.040000	151.011633
13.889369	15.041000	151.021674
13.888892	15.042000	151.031714
13.888414	15.043000	151.041755
13.887937	15.044000	151.051796
13.887460	15.045000	151.061836
13.886983	15.046000	151.071877
13.886505	15.047000	151.081918
13.886028	15.048000	151.091958
13.885551	15.049000	151.101999
13.885073	15.050000	151.112040
13.884596	15.051000	151.122080
13.884118	15.052000	151.132121
13.883641	15.053000	151.142162
13.883164	15.054000	151.152202
13.882686	15.055000	151.162243
13.882209	15.056000	151.172284
13.881731	15.057000	151.182324
13.881254	15.058000	151.192365
13.880776	15.059000	151.202406
13.880299	15.060000	151.212446
13.879821	15.061000	151.222487
13.879344	15.062000	151.232528
13.878866	15.063000	151.242568
13.878389	15.064000	151.252609
13.877911	15.065000	151.262650
13.877434	15.066000	151.272690
13.876956	15.067000	151.282731
13.876479	15.068000	151.292772
13.876001	15.069000	151.302812
13.875523	15.070000	151.312853
13.875046	15.071000	151.322894
13.874568	15.072000	151.332934
13.874090	15.073000	151.342975
13.873613	15.074000	151.353016
13.873135	15.075000	151.363056
13.872657	15.076000	151.373097
13.872180	15.077000	151.383138
13.871702	15.078000	151.393178
13.871224	15.079000	151.403219
13.870746	15.080000	151.413260
13.870269	15.081000	151.423300
13.869791	15.082000	151.433341
13.869313	15.083000	151.443382
13.868835	15.084000	151.453422
13.868357	15.085000	151.463463
13.867880	15.086000	151.473504
13.867402	15.087000	151.483544
13.866924	15.088000	151.493585
13.866446	15.089000	151.503626
13.865968	15.090000	151.513666
13.865490	15.091000	151.523707
13.865012	15.092000	151.533748
13.864534	15.093000	151.543788
13.864056	15.094000	151.553829
13.863579	15.095000	151.563870
13.863101	15.096000	151.573910
13.862623	15.097000	151.583951
13.862145	15.098000	151.593992
13.861667	15.099000	151.604032
13.861189	15.100000	151.614073
13.860711	15.101000	151.624114
13.860232	15.102000	151.634154
13.859754	15.103000	151.644195
13.859276	15.104000	151.654236
13.858798	15.105000	151.664276
13.858320	15.106000	151.674317
13.857842	15.107000	151.684358
13.857364	15.108000	151.694398
13.856886	15.109000	151.704439
13.856408	15.110000	151.714480
13.855930	15.111000	151.724520
13.855451	15.112000	151.734561
13.854973	15.113000	151.744602
13.854495	15.114000	151.754642
13.854017	15.115000	151.764683
13.853538	15.116000	151.774724
13.853060	15.117000	151.784764
13.852582	15.118000	151.794805
13.852104	15.119000	151.804846
13.851625	15.120000	151.814886
13.851147	15.121000	151.824927
13.850669	15.122000	151.834968
13.850191	15.123000	151.845008
13.849712	15.124000	151.855049
13.849234	15.125000	151.865090
13.848755	15.126000	151.875130
13.848277	15.127000	151.885171
13.847799	15.128000	151.895212
13.847320	15.129000	151.905252
13.846842	15.130000	151.915293
13.846363	15.131000	151.925334
13.845885	15.132000	151.935374
13.845407	15.133000	151.945415
13.844928	15.134000	151.955456
13.844450	15.135000	151.965496
13.843971	15.136000	151.975537
13.843493	15.137000	151.985578
13.843014	15.138000	151.995618
13.842536	15.139000	152.005659
13.842057	15.140000	152.015700
13.841578	15.141000	152.025740
13.841100	15.142000	152.035781
13.840621	15.143000	152.045822
13.840143	15.144000	152.055862
13.839664	15.145000	152.065903
13.839185	15.146000	152.075944
13.838707	15.147000	152.085984
13.838228	15.148000	152.096025
13.837749	15.149000	152.106066
13.837271	15.150000	152.116106
13.836792	15.151000	152.126147
13.836313	15.152000	152.136188
13.835835	15.153000	152.146228
13.835356	15.154000	152.156269
13.834877	15.155000	152.166310
13.834398	15.156000	152.176350
13.833920	15.157000	152.186391
13.833441	15.158000	152.196432
13.832962	15.159000	152.206472
13.832483	15.160000	152.216513
13.832004	15.161000	152.226554
13.831526	15.162000	152.236594
13.831047	15.163000	152.246635
13.830568	15.164000	152.256676
13.830089	15.165000	152.266716
13.829610	15.166000	152.276757
13.829131	15.167000	152.286798
13.828652	15.168000	152.296838
13.828173	15.169000	152.306879
13.827694	15.170000	152.316920
13.827215	15.171000	152.326960
13.826736	15.172000	152.337001
13.826257	15.173000	152.347042
13.825778	15.174000	152.357082
13.825299	15.175000	152.367123
13.824820	15.176000	152.377164
13.824341	15.177000	152.387204
13.823862	15.178000	152.397245
13.823383	15.179000	152.407286
13.822904	15.180000	152.417326
13.822425	15.181000	152.427367
13.821946	15.182000	152.437408
13.821467	15.183000	152.447448
13.820988	15.184000	152.457489
13.820509	15.185000	152.467530
13.820029	15.186000	152.477570
13.819550	15.187000	152.487611
13.819071	15.188000	152.497652
13.818592	15.189000	152.507692
13.818113	15.190000	152.517733
13.817633	15.191000	152.527774
13.817154	15.192000	152.537814
13.816675	15.193000	152.547855
13.816196	15.194000	152.557896
13.815716	15.195000	152.567936
13.815237	15.196000	152.577977
13.814758	15.197000	152.588018
13.814278	15.198000	152.598059
13.813799	15.199000	152.608099
13.813320	15.200000	152.618140
13.812840	15.201000	152.628181
13.812361	15.202000	152.638221
13.811882	15.203000	152.648262
13.811402	15.204000	152.658303
13.810923	15.205000	152.668343
13.810443	15.206000	152.678384
13.809964	15.207000	152.688425
13.809484	15.208000	152.698465
13.809005	15.209000	152.708506
13.808526	15.210000	152.718547
13.808046	15.211000	152.728587
13.807567	15.212000	152.738628
13.807087	15.213000	152.748669
13.806607	15.214000	152.758709
13.806128	15.215000	152.768750
13.805648	15.216000	152.778791
13.805169	15.217000	152.788831
13.804689	15.218000	152.798872
13.804210	15.219000	152.808913
13.803730	15.220000	152.818953
13.803250	15.221000	152.828994
13.802771	15.222000	152.839035
13.802291	15.223000	152.849075
13.801811	15.224000	152.859116
13.801332	15.225000	152.869157
13.800852	15.226000	152.879197
13.800372	15.227000	152.889238
13.799893	15.228000	152.899279
13.799413	15.229000	152.909319
13.798933	15.230000	152.919360
13.798453	15.231000	152.929401
13.797974	15.232000	152.939441
13.797494	15.233000	152.949482
13.797014	15.234000	152.959523
13.796534	15.235000	152.969563
13.796054	15.236000	152.979604
13.795574	15.237000	152.989645
13.795095	15.238000	152.999685
13.794615	15.239000	153.009726
13.794135	15.240000	153.019767
13.793655	15.241000	153.029807
13.793175	15.242000	153.039848
13.792695	15.243000	153.049889
13.792215	15.244000	153.059929
13.791735	15.245000	153.069970
13.791255	15.246000	153.080011
13.790775	15.247000	153.090051
13.790295	15.248000	153.100092
13.789815	15.249000	153.110133
13.789335	15.250000	153.120173
13.788855	15.251000	153.130214
13.788375	15.252000	153.140255
13.787895	15.253000	153.150295
13.787415	15.254000	153.160336
13.786935	15.255000	153.170377
13.786455	15.256000	153.180417
13.785975	15.257000	153.190458
13.785495	15.258000	153.200499
13.785014	15.259000	153.210539
13.784534	15.260000	153.220580
13.784054	15.261000	153.230621
13.783574	15.262000	153.240661
13.783094	15.263000	153.250702
13.782614	15.264000	153.260743
13.782133	15.265000	153.270783
13.781653	15.266000	153.280824
13.781173	15.267000	153.290865
13.780693	15.268000	153.300905
13.780212	15.269000	153.310946
13.779732	15.270000	153.320987
13.779252	15.271000	153.331027
13.778771	15.272000	153.341068
13.778291	15.273000	153.351109
13.777811	15.274000	153.361149
13.777330	15.275000	153.371190
13.776850	15.276000	153.381231
13.776370	15.277000	153.391271
13.775889	15.278000	153.401312
13.775409	15.279000	153.411353
13.774928	15.280000	153.421393
13.774448	15.281000	153.431434
13.773968	15.282000	153.441475
13.773487	15.283000	153.451515
13.773007	15.284000	153.461556
13.772526	15.285000	153.471597
13.772046	15.286000	153.481637
13.771565	15.287000	153.491678
13.771085	15.288000	153.501719
13.770604	15.289000	153.511759
13.770123	15.290000	153.521800
13.769643	15.291000	153.531841
13.769162	15.292000	153.541881
13.768682	15.293000	153.551922
13.768201	15.294000	153.561963
13.767721	15.295000	153.572003
13.767240	15.296000	153.582044
13.766759	15.297000	153.592085
13.766279	15.298000	153.602125
13.765798	15.299000	153.612166
13.765317	15.300000	153.622207
13.764836	15.301000	153.632247
13.764356	15.302000	153.642288
13.763875	15.303000	153.652329
13.763394	15.304000	153.662369
13.762914	15.305000	153.672410
13.762433	15.306000	153.682451
13.761952	15.307000	153.692491
13.761471	15.308000	153.702532
13.760990	15.309000	153.712573
13.760510	15.310000	153.722613
13.760029	15.311000	153.732654
13.759548	15.312000	153.742695
13.759067	15.313000	153.752735
13.758586	15.314000	153.762776
13.758105	15.315000	153.772817
13.757624	15.316000	153.782857
13.757143	15.317000	153.792898
13.756662	15.318000	153.802939
13.756181	15.319000	153.812979
13.755701	15.320000	153.823020
13.755220	15.321000	153.833061
13.754739	15.322000	153.843101
13.754258	15.323000	153.853142
13.753777	15.324000	153.863183
13.753296	15.325000	153.873223
13.752814	15.326000	153.883264
13.752333	15.327000	153.893305
13.751852	15.328000	153.903345
13.751371	15.329000	153.913386
13.750890	15.330000	153.923427
13.750409	15.331000	153.933467
13.749928	15.332000	153.943508
13.749447	15.333000	153.953549
13.748966	15.334000	153.963589
13.748485	15.335000	153.973630
13.748003	15.336000	153.983671
13.747522	15.337000	153.993711
13.747041	15.338000	154.003752
13.746560	15.339000	154.013793
13.746078	15.340000	154.023833
13.745597	15.341000	154.033874
13.745116	15.342000	154.043915
13.744635	15.343000	154.053955
13.744153	15.344000	154.063996
13.743672	15.345000	154.074037
13.743191	15.346000	154.084077
13.742709	15.347000	154.094118
13.742228	15.348000	154.104159
13.741747	15.349000	154.114199
13.741265	15.350000	154.124240
13.740784	15.351000	154.134281
13.740303	15.352000	154.144321
13.739821	15.353000	154.154362
13.739340	15.354000	154.164403
13.738858	15.355000	154.174443
13.738377	15.356000	154.184484
13.737895	15.357000	154.194525
13.737414	15.358000	154.204565
13.736933	15.359000	154.214606
13.736451	15.360000	154.224647
13.735969	15.361000	154.234687
13.735488	15.362000	154.244728
13.735006	15.363000	154.254769
13.734525	15.364000	154.264809
13.734043	15.365000	154.274850
13.733562	15.366000	154.284891
13.733080	15.367000	154.294931
13.732599	15.368000	154.304972
13.732117	15.369000	154.315013
13.731635	15.370000	154.325053
13.731154	15.371000	154.335094
13.730672	15.372000	154.345135
13.730190	15.373000	154.355175
13.729709	15.374000	154.365216
13.729227	15.375000	154.375257
13.728745	15.376000	154.385297
13.728263	15.377000	154.395338
13.727782	15.378000	154.405379
13.727300	15.379000	154.415419
13.726818	15.380000	154.425460
13.726336	15.381000	154.435501
13.725855	15.382000	154.445541
13.725373	15.383000	154.455582
13.724891	15.384000	154.465623
13.724409	15.385000	154.475663
13.723927	15.386000	154.485704
13.723445	15.387000	154.495745
13.722963	15.388000	154.505785
13.722482	15.389000	154.515826
13.722000	15.390000	154.525867
13.721518	15.391000	154.535907
13.721036	15.392000	154.545948
13.720554	15.393000	154.555989
13.720072	15.394000	154.566029
13.719590	15.395000	154.576070
13.719108	15.396000	154.586111
13.718626	15.397000	154.596151
13.718144	15.398000	154.606192
13.717662	15.399000	154.616233
13.717180	15.400000	154.626273
13.716698	15.401000	154.636314
13.716216	15.402000	154.646355
13.715734	15.403000	154.656395
13.715251	15.404000	154.666436
13.714769	15.405000	154.676477
13.714287	15.406000	154.686517
13.713805	15.407000	154.696558
13.713323	15.408000	154.706599
13.712841	15.409000	154.716639
13.712359	15.410000	154.726680
13.711876	15.411000	154.736721
13.711394	15.412000	154.746761
13.710912	15.413000	154.756802
13.710430	15.414000	154.766843
13.709947	15.415000	154.776883
13.709465	15.416000	154.786924
13.708983	15.417000	154.796965
13.708501	15.418000	154.807005
13.708018	15.419000	154.817046
13.707536	15.420000	154.827087
13.707054	15.421000	154.837127
13.706571	15.422000	154.847168
13.706089	15.423000	154.857209
13.705607	15.424000	154.867249
13.705124	15.425000	154.877290
13.704642	15.426000	154.887331
13.704159	15.427000	154.897371
13.703677	15.428000	154.907412
13.703195	15.429000	154.917453
13.702712	15.430000	154.927493
13.702230	15.431000	154.937534
13.701747	15.432000	154.947575
13.701265	15.433000	154.957615
13.700782	15.434000	154.967656
13.700300	15.435000	154.977697
13.699817	15.436000	154.987737
13.699335	15.437000	154.997778
13.698852	15.438000	155.007819
13.698369	15.439000	155.017859
13.697887	15.440000	155.027900
13.697404	15.441000	155.037941
13.696922	15.442000	155.047981
13.696439	15.443000	155.058022
13.695956	15.444000	155.068063
13.695474	15.445000	155.078103
13.694991	15.446000	155.088144
13.694508	15.447000	155.098185
13.694026	15.448000	155.108225
13.693543	15.449000	155.118266
13.693060	15.450000	155.128307
13.692577	15.451000	155.138347
13.692095	15.452000	155.148388
13.691612	15.453000	155.158429
13.691129	15.454000	155.168469
13.690646	15.455000	155.178510
13.690164	15.456000	155.188551
13.689681	15.457000	155.198591
13.689198	15.458000	155.208632
13.688715	15.459000	155.218673
13.688232	15.460000	155.228713
13.687749	15.461000	155.238754
13.687266	15.462000	155.248795
13.686783	15.463000	155.258835
13.686301	15.464000	155.268876
13.685818	15.465000	155.278917
13.685335	15.466000	155.288957
13.684852	15.467000	155.298998
13.684369	15.468000	155.309039
13.683886	15.469000	155.319079
13.683403	15.470000	155.329120
13.682920	15.471000	155.339161
13.682437	15.472000	155.349201
13.681954	15.473000	155.359242
13.681471	15.474000	155.369283
13.680988	15.475000	155.379323
13.680504	15.476000	155.389364
13.680021	15.477000	155.399405
13.679538	15.478000	155.409445
13.679055	15.479000	155.419486
13.678572	15.480000	155.429527
13.678089	15.481000	155.439567
13.677606	15.482000	155.449608
13.677123	15.483000	155.459649
13.676639	15.484000	155.469689
13.676156	15.485000	155.479730
13.675673	15.486000	155.489771
13.675190	15.487000	155.499811
13.674706	15.488000	155.509852
13.674223	15.489000	155.519893
13.673740	15.490000	155.529933
13.673257	15.491000	155.539974
13.672773	15.492000	155.550015
13.672290	15.493000	155.560055
13.671807	15.494000	155.570096
13.671323	15.495000	155.580137
13.670840	15.496000	155.590177
13.670357	15.497000	155.600218
13.669873	15.498000	155.610259
13.669390	15.499000	155.620299
13.668906	15.500000	155.630340
13.668423	15.501000	155.640381
13.667940	15.502000	155.650421
13.667456	15.503000	155.660462
13.666973	15.504000	155.670503
13.666489	15.505000	155.680543
13.666006	15.506000	155.690584
13.665522	15.507000	155.700625
13.665039	15.508000	155.710665
13.664555	15.509000	155.720706
13.664071	15.510000	155.730747
13.663588	15.511000	155.740787
13.663104	15.512000	155.750828
13.662621	15.513000	155.760869
13.662137	15.514000	155.770909
13.661654	15.515000	155.780950
13.661170	15.516000	155.790991
13.660686	15.517000	155.801031
13.660203	15.518000	155.811072
13.659719	15.519000	155.821113
13.659235	15.520000	155.831153
13.658752	15.521000	155.841194
13.658268	15.522000	155.851235
13.657784	15.523000	155.861275
13.657300	15.524000	155.871316
13.656817	15.525000	155.881357
13.656333	15.526000	155.891397
13.655849	15.527000	155.901438
13.655365	15.528000	155.911479
13.654881	15.529000	155.921519
13.654398	15.530000	155.931560
13.653914	15.531000	155.941601
13.653430	15.532000	155.951641
13.652946	15.533000	155.961682
13.652462	15.534000	155.971723
13.651978	15.535000	155.981763
13.651494	15.536000	155.991804
13.651010	15.537000	156.001845
13.650527	15.538000	156.011885
13.650043	15.539000	156.021926
13.649559	15.540000	156.031967
13.649075	15.541000	156.042007
13.648591	15.542000	156.052048
13.648107	15.543000	156.062089
13.647623	15.544000	156.072129
13.647139	15.545000	156.082170
13.646655	15.546000	156.092211
13.646171	15.547000	156.102251
13.645686	15.548000	156.112292
13.645202	15.549000	156.122333
13.644718	15.550000	156.132373
13.644234	15.551000	156.142414
13.643750	15.552000	156.152455
13.643266	15.553000	156.162495
13.642782	15.554000	156.172536
13.642298	15.555000	156.182577
13.641813	15.556000	156.192617
13.641329	15.557000	156.202658
13.640845	15.558000	156.212699
13.640361	15.559000	156.222739
13.639877	15.560000	156.232780
13.639392	15.561000	156.242821
13.638908	15.562000	156.252861
13.638424	15.563000	156.262902
13.637939	15.564000	156.272943
13.637455	15.565000	156.282983
13.636971	15.566000	156.293024
13.636486	15.567000	156.303065
13.636002	15.568000	156.313105
13.635518	15.569000	156.323146
13.635033	15.570000	156.333187
13.634549	15.571000	156.343227
13.634065	15.572000	156.353268
13.633580	15.573000	156.363309
13.633096	15.574000	156.373349
13.632611	15.575000	156.383390
13.632127	15.576000	156.393431
13.631642	15.577000	156.403471
13.631158	15.578000	156.413512
13.630673	15.579000	156.423553
13.630189	15.580000	156.433593
13.629704	15.581000	156.443634
13.629220	15.582000	156.453675
13.628735	15.583000	156.463715
13.628251	15.584000	156.473756
13.627766	15.585000	156.483797
13.627281	15.586000	156.493837
13.626797	15.587000	156.503878
13.626312	15.588000	156.513919
13.625828	15.589000	156.523959
13.625343	15.590000	156.534000
13.624858	15.591000	156.544041
13.624374	15.592000	156.554081
13.623889	15.593000	156.564122
13.623404	15.594000	156.574163
13.622920	15.595000	156.584203
13.622435	15.596000	156.594244
13.621950	15.597000	156.604285
13.621465	15.598000	156.614325
13.620980	15.599000	156.624366
13.620496	15.600000	156.634407
13.620011	15.601000	156.644447
13.619526	15.602000	156.654488
13.619041	15.603000	156.664529
13.618556	15.604000	156.674569
13.618072	15.605000	156.684610
13.617587	15.606000	156.694651
13.617102	15.607000	156.704691
13.616617	15.608000	156.714732
13.616132	15.609000	156.724773
13.615647	15.610000	156.734813
13.615162	15.611000	156.744854
13.614677	15.612000	156.754895
13.614192	15.613000	156.764935
13.613707	15.614000	156.774976
13.613222	15.615000	156.785017
13.612737	15.616000	156.795057
13.612252	15.617000	156.805098
13.611767	15.618000	156.815139
13.611282	15.619000	156.825179
13.610797	15.620000	156.835220
13.610312	15.621000	156.845261
13.609827	15.622000	156.855301
13.609342	15.623000	156.865342
13.608857	15.624000	156.875383
13.608371	15.625000	156.885423
13.607886	15.626000	156.895464
13.607401	15.627000	156.905505
13.606916	15.628000	156.915545
13.606431	15.629000	156.925586
13.605946	15.630000	156.935627
13.605460	15.631000	156.945667
13.604975	15.632000	156.955708
13.604490	15.633000	156.965749
13.604005	15.634000	156.975789
13.603519	15.635000	156.985830
13.603034	15.636000	156.995871
13.602549	15.637000	157.005911
13.602063	15.638000	157.015952
13.601578	15.639000	157.025993
13.601093	15.640000	157.036033
13.600607	15.641000	157.046074
13.600122	15.642000	157.056115
13.599637	15.643000	157.066155
13.599151	15.644000	157.076196
13.598666	15.645000	157.086237
13.598180	15.646000	157.096277
13.597695	15.647000	157.106318
13.597209	15.648000	157.116359
13.596724	15.649000	157.126399
13.596239	15.650000	157.136440
13.595753	15.651000	157.146481
13.595267	15.652000	157.156521
13.594782	15.653000	157.166562
13.594296	15.654000	157.176603
13.593811	15.655000	157.186643
13.593325	15.656000	157.196684
13.592840	15.657000	157.206725
13.592354	15.658000	157.216765
13.591869	15.659000	157.226806
13.591383	15.660000	157.236847
13.590897	15.661000	157.246887
13.590412	15.662000	157.256928
13.589926	15.663000	157.266969
13.589440	15.664000	157.277009
13.588955	15.665000	157.287050
13.588469	15.666000	157.297091
13.587983	15.667000	157.307131
13.587497	15.668000	157.317172
13.587012	15.669000	157.327213
13.586526	15.670000	157.337253
13.586040	15.671000	157.347294
13.585554	15.672000	157.357335
13.585069	15.673000	157.367375
13.584583	15.674000	157.377416
13.584097	15.675000	157.387457
13.583611	15.676000	157.397497
13.583125	15.677000	157.407538
13.582639	15.678000	157.417579
13.582153	15.679000	157.427619
13.581668	15.680000	157.437660
13.581182	15.681000	157.447701
13.580696	15.682000	157.457741
13.580210	15.683000	157.467782
13.579724	15.684000	157.477823
13.579238	15.685000	157.487863
13.578752	15.686000	157.497904
13.578266	15.687000	157.507945
13.577780	15.688000	157.517985
13.577294	15.689000	157.528026
13.576808	15.690000	157.538067
13.576322	15.691000	157.548107
13.575836	15.692000	157.558148
13.575350	15.693000	157.568189
13.574863	15.694000	157.578229
13.574377	15.695000	157.588270
13.573891	15.696000	157.598311
13.573405	15.697000	157.608351
13.572919	15.698000	157.618392
13.572433	15.699000	157.628433
13.571947	15.700000	157.638473
13.571460	15.701000	157.648514
13.570974	15.702000	157.658555
13.570488	15.703000	157.668595
13.570002	15.704000	157.678636
13.569515	15.705000	157.688677
13.569029	15.706000	157.698717
13.568543	15.707000	157.708758
13.568057	15.708000	157.718799
13.567570	15.709000	157.728839
13.567084	15.710000	157.738880
13.566598	15.711000	157.748921
13.566111	15.712000	157.758961
13.565625	15.713000	157.769002
13.565139	15.714000	157.779043
13.564652	15.715000	157.789083
13.564166	15.716000	157.799124
13.563679	15.717000	157.809165
13.563193	15.718000	157.819205
13.562706	15.719000	157.829246
13.562220	15.720000	157.839287
13.561734	15.721000	157.849327
13.561247	15.722000	157.859368
13.560761	15.723000	157.869409
13.560274	15.724000	157.879449
13.559787	15.725000	157.889490
13.559301	15.726000	157.899531
13.558814	15.727000	157.909571
13.558328	15.728000	157.919612
13.557841	15.729000	157.929653
13.557355	15.730000	157.939693
13.556868	15.731000	157.949734
13.556381	15.732000	157.959775
13.555895	15.733000	157.969815
13.555408	15.734000	157.979856
13.554921	15.735000	157.989897
13.554435	15.736000	157.999937
13.553948	15.737000	158.009978
13.553461	15.738000	158.020019
13.552975	15.739000	158.030059
13.552488	15.740000	158.040100
13.552001	15.741000	158.050141
13.551514	15.742000	158.060181
13.551028	15.743000	158.070222
13.550541	15.744000	158.080263
13.550054	15.745000	158.090303
13.549567	15.746000	158.100344
13.549080	15.747000	158.110385
13.548593	15.748000	158.120425
13.548107	15.749000	158.130466
13.547620	15.750000	158.140507
13.547133	15.751000	158.150547
13.546646	15.752000	158.160588
13.546159	15.753000	158.170629
13.545672	15.754000	158.180669
13.545185	15.755000	158.190710
13.544698	15.756000	158.200751
13.544211	15.757000	158.210791
13.543724	15.758000	158.220832
13.543237	15.759000	158.230873
13.542750	15.760000	158.240913
13.542263	15.761000	158.250954
13.541776	15.762000	158.260995
13.541289	15.763000	158.271035
13.540802	15.764000	158.281076
13.540315	15.765000	158.291117
13.539828	15.766000	158.301157
13.539341	15.767000	158.311198
13.538853	15.768000	158.321239
13.538366	15.769000	158.331279
13.537879	15.770000	158.341320
13.537392	15.771000	158.351361
13.536905	15.772000	158.361401
13.536418	15.773000	158.371442
13.535930	15.774000	158.381483
13.535443	15.775000	158.391523
13.534956	15.776000	158.401564
13.534469	15.777000	158.411605
13.533981	15.778000	158.421645
13.533494	15.779000	158.431686
13.533007	15.780000	158.441727
13.532519	15.781000	158.451767
13.532032	15.782000	158.461808
13.531545	15.783000	158.471849
13.531057	15.784000	158.481889
13.530570	15.785000	158.491930
13.530083	15.786000	158.501971
13.529595	15.787000	158.512011
13.529108	15.788000	158.522052
13.528620	15.789000	158.532093
13.528133	15.790000	158.542133
13.527645	15.791000	158.552174
13.527158	15.792000	158.562215
13.526670	15.793000	158.572255
13.526183	15.794000	158.582296
13.525695	15.795000	158.592337
13.525208	15.796000	158.602377
13.524720	15.797000	158.612418
13.524233	15.798000	158.622459
13.523745	15.799000	158.632499
13.523258	15.800000	158.642540
13.522770	15.801000	158.652581
13.522282	15.802000	158.662621
13.521795	15.803000	158.672662
13.521307	15.804000	158.682703
13.520820	15.805000	158.692743
13.520332	15.806000	158.702784
13.519844	15.807000	158.712825
13.519357	15.808000	158.722865
13.518869	15.809000	158.732906
13.518381	15.810000	158.742947
13.517893	15.811000	158.752987
13.517406	15.812000	158.763028
13.516918	15.813000	158.773069
13.516430	15.814000	158.783109
13.515942	15.815000	158.793150
13.515454	15.816000	158.803191
13.514967	15.817000	158.813231
13.514479	15.818000	158.823272
13.513991	15.819000	158.833313
13.513503	15.820000	158.843353
13.513015	15.821000	158.853394
13.512527	15.822000	158.863435
13.512039	15.823000	158.873475
13.511551	15.824000	158.883516
13.511064	15.825000	158.893557
13.510576	15.826000	158.903597
13.510088	15.827000	158.913638
13.509600	15.828000	158.923679
13.509112	15.829000	158.933719
13.508624	15.830000	158.943760
13.508136	15.831000	158.953801
13.507648	15.832000	158.963841
13.507160	15.833000	158.973882
13.506671	15.834000	158.983923
13.506183	15.835000	158.993963
13.505695	15.836000	159.004004
13.505207	15.837000	159.014045
13.504719	15.838000	159.024085
13.504231	15.839000	159.034126
13.503743	15.840000	159.044167
13.503255	15.841000	159.054207
13.502766	15.842000	159.064248
13.502278	15.843000	159.074289
13.501790	15.844000	159.084329
13.501302	15.845000	159.094370
13.500814	15.846000	159.104411
13.500325	15.847000	159.114451
13.499837	15.848000	159.124492
13.499349	15.849000	159.134533
13.498860	15.850000	159.144573
13.498372	15.851000	159.154614
13.497884	15.852000	159.164655
13.497396	15.853000	159.174695
13.496907	15.854000	159.184736
13.496419	15.855000	159.194777
13.495930	15.856000	159.204817
13.495442	15.857000	159.214858
13.494954	15.858000	159.224899
13.494465	15.859000	159.234939
13.493977	15.860000	159.244980
13.493488	15.861000	159.255021
13.493000	15.862000	159.265061
13.492511	15.863000	159.275102
13.492023	15.864000	159.285143
13.491534	15.865000	159.295183
13.491046	15.866000	159.305224
13.490557	15.867000	159.315265
13.490069	15.868000	159.325305
13.489580	15.869000	159.335346
13.489092	15.870000	159.345387
13.488603	15.871000	159.355427
13.488115	15.872000	159.365468
13.487626	15.873000	159.375509
13.487137	15.874000	159.385549
13.486649	15.875000	159.395590
13.486160	15.876000	159.405631
13.485671	15.877000	159.415671
13.485183	15.878000	159.425712
13.484694	15.879000	159.435753
13.484205	15.880000	159.445793
13.483716	15.881000	159.455834
13.483228	15.882000	159.465875
13.482739	15.883000	159.475915
13.482250	15.884000	159.485956
13.481761	15.885000	159.495997
13.481273	15.886000	159.506037
13.480784	15.887000	159.516078
13.480295	15.888000	159.526119
13.479806	15.889000	159.536159
13.479317	15.890000	159.546200
13.478828	15.891000	159.556241
13.478339	15.892000	159.566281
13.477851	15.893000	159.576322
13.477362	15.894000	159.586363
13.476873	15.895000	159.596403
13.476384	15.896000	159.606444
13.475895	15.897000	159.616485
13.475406	15.898000	159.626525
13.474917	15.899000	159.636566
13.474428	15.900000	159.646607
13.473939	15.901000	159.656647
13.473450	15.902000	159.666688
13.472961	15.903000	159.676729
13.472472	15.904000	159.686769
13.471983	15.905000	159.696810
13.471494	15.906000	159.706851
13.471004	15.907000	159.716891
13.470515	15.908000	159.726932
13.470026	15.909000	159.736973
13.469537	15.910000	159.747013
13.469048	15.911000	159.757054
13.468559	15.912000	159.767095
13.468070	15.913000	159.777135
13.467580	15.914000	159.787176
13.467091	15.915000	159.797217
13.466602	15.916000	159.807257
13.466113	15.917000	159.817298
13.465623	15.918000	159.827339
13.465134	15.919000	159.837379
13.464645	15.920000	159.847420
13.464156	15.921000	159.857461
13.463666	15.922000	159.867501
13.463177	15.923000	159.877542
13.462688	15.924000	159.887583
13.462198	15.925000	159.897623
13.461709	15.926000	159.907664
13.461220	15.927000	159.917705
13.460730	15.928000	159.927745
13.460241	15.929000	159.937786
13.459751	15.930000	159.947827
13.459262	15.931000	159.957867
13.458772	15.932000	159.967908
13.458283	15.933000	159.977949
13.457793	15.934000	159.987989
13.457304	15.935000	159.998030
13.456814	15.936000	160.008071
13.456325	15.937000	160.018111
13.455835	15.938000	160.028152
13.455346	15.939000	160.038193
13.454856	15.940000	160.048233
13.454367	15.941000	160.058274
13.453877	15.942000	160.068315
13.453387	15.943000	160.078355
13.452898	15.944000	160.088396
13.452408	15.945000	160.098437
13.451918	15.946000	160.108477
13.451429	15.947000	160.118518
13.450939	15.948000	160.128559
13.450449	15.949000	160.138599
13.449960	15.950000	160.148640
13.449470	15.951000	160.158681
13.448980	15.952000	160.168721
13.448490	15.953000	160.178762
13.448001	15.954000	160.188803
13.447511	15.955000	160.198843
13.447021	15.956000	160.208884
13.446531	15.957000	160.218925
13.446041	15.958000	160.228965
13.445552	15.959000	160.239006
13.445062	15.960000	160.249047
13.444572	15.961000	160.259087
13.444082	15.962000	160.269128
13.443592	15.963000	160.279169
13.443102	15.964000	160.289209
13.442612	15.965000	160.299250
13.442122	15.966000	160.309291
13.441632	15.967000	160.319331
13.441142	15.968000	160.329372
13.440652	15.969000	160.339413
13.440162	15.970000	160.349453
13.439672	15.971000	160.359494
13.439182	15.972000	160.369535
13.438692	15.973000	160.379575
13.438202	15.974000	160.389616
13.437712	15.975000	160.399657
13.437222	15.976000	160.409697
13.436732	15.977000	160.419738
13.436242	15.978000	160.429779
13.435752	15.979000	160.439820
13.435262	15.980000	160.449860
13.434772	15.981000	160.459901
13.434281	15.982000	160.469942
13.433791	15.983000	160.479982
13.433301	15.984000	160.490023
13.432811	15.985000	160.500064
13.432321	15.986000	160.510104
13.431830	15.987000	160.520145
13.431340	15.988000	160.530186
13.430850	15.989000	160.540226
13.430359	15.990000	160.550267
13.429869	15.991000	160.560308
13.429379	15.992000	160.570348
13.428889	15.993000	160.580389
13.428398	15.994000	160.590430
13.427908	15.995000	160.600470
13.427417	15.996000	160.610511
13.426927	15.997000	160.620552
13.426437	15.998000	160.630592
13.425946	15.999000	160.640633
13.425456	16.000000	160.650674
13.424965	16.001000	160.660714
13.424475	16.002000	160.670755
13.423984	16.003000	160.680796
13.423494	16.004000	160.690836
13.423003	16.005000	160.700877
13.422513	16.006000	160.710918
13.422022	16.007000	160.720958
13.421532	16.008000	160.730999
13.421041	16.009000	160.741040
13.420551	16.010000	160.751080
13.420060	16.011000	160.761121
13.419570	16.012000	160.771162
13.419079	16.013000	160.781202
13.418588	16.014000	160.791243
13.418098	16.015000	160.801284
13.417607	16.016000	160.811324
13.417116	16.017000	160.821365
13.416626	16.018000	160.831406
13.416135	16.019000	160.841446
13.415644	16.020000	160.851487
13.415153	16.021000	160.861528
13.414663	16.022000	160.871568
13.414172	16.023000	160.881609
13.413681	16.024000	160.891650
13.413190	16.025000	160.901690
13.412700	16.026000	160.911731
13.412209	16.027000	160.921772
13.411718	16.028000	160.931812
13.411227	16.029000	160.941853
13.410736	16.030000	160.951894
13.410245	16.031000	160.961934
13.409755	16.032000	160.971975
13.409264	16.033000	160.982016
13.408773	16.034000	160.992056
13.408282	16.035000	161.002097
13.407791	16.036000	161.012138
13.407300	16.037000	161.022178
13.406809	16.038000	161.032219
13.406318	16.039000	161.042260
13.405827	16.040000	161.052300
13.405336	16.041000	161.062341
13.404845	16.042000	161.072382
13.404354	16.043000	161.082422
13.403863	16.044000	161.092463
13.403372	16.045000	161.102504
13.402881	16.046000	161.112544
13.402389	16.047000	161.122585
13.401898	16.048000	161.132626
13.401407	16.049000	161.142666
13.400916	16.050000	161.152707
13.400425	16.051000	161.162748
13.399934	16.052000	161.172788
13.399443	16.053000	161.182829
13.398951	16.054000	161.192870
13.398460	16.055000	161.202910
13.397969	16.056000	161.212951
13.397478	16.057000	161.222992
13.396986	16.058000	161.233032
13.396495	16.059000	161.243073
13.396004	16.060000	161.253114
13.395512	16.061000	161.263154
13.395021	16.062000	161.273195
13.394530	16.063000	161.283236
13.394038	16.064000	161.293276
13.393547	16.065000	161.303317
13.393056	16.066000	161.313358
13.392564	16.067000	161.323398
13.392073	16.068000	161.333439
13.391581	16.069000	161.343480
13.391090	16.070000	161.353520
13.390599	16.071000	161.363561
13.390107	16.072000	161.373602
13.389616	16.073000	161.383642
13.389124	16.074000	161.393683
13.388633	16.075000	161.403724
13.388141	16.076000	161.413764
13.387650	16.077000	161.423805
13.387158	16.078000	161.433846
13.386666	16.079000	161.443886
13.386175	16.080000	161.453927
13.385683	16.081000	161.463968
13.385192	16.082000	161.474008
13.384700	16.083000	161.484049
13.384208	16.084000	161.494090
13.383717	16.085000	161.504130
13.383225	16.086000	161.514171
13.382733	16.087000	161.524212
13.382242	16.088000	161.534252
13.381750	16.089000	161.544293
13.381258	16.090000	161.554334
13.380767	16.091000	161.564374
13.380275	16.092000	161.574415
13.379783	16.093000	161.584456
13.379291	16.094000	161.594496
13.378799	16.095000	161.604537
13.378308	16.096000	161.614578
13.377816	16.097000	161.624618
13.377324	16.098000	161.634659
13.376832	16.099000	161.644700
13.376340	16.100000	161.654740
13.375848	16.101000	161.664781
13.375356	16.102000	161.674822
13.374865	16.103000	161.684862
13.374373	16.104000	161.694903
13.373881	16.105000	161.704944
13.373389	16.106000	161.714984
13.372897	16.107000	161.725025
13.372405	16.108000	161.735066
13.371913	16.109000	161.745106
13.371421	16.110000	161.755147
13.370929	16.111000	161.765188
13.370437	16.112000	161.775228
13.369945	16.113000	161.785269
13.369453	16.114000	161.795310
13.368960	16.115000	161.805350
13.368468	16.116000	161.815391
13.367976	16.117000	161.825432
13.367484	16.118000	161.835472
13.366992	16.119000	161.845513
13.366500	16.120000	161.855554
13.366008	16.121000	161.865594
13.365515	16.122000	161.875635
13.365023	16.123000	161.885676
13.364531	16.124000	161.895716
13.364039	16.125000	161.905757
13.363546	16.126000	161.915798
13.363054	16.127000	161.925838
13.362562	16.128000	161.935879
13.362070	16.129000	161.945920
13.361577	16.130000	161.955960
13.361085	16.131000	161.966001
13.360593	16.132000	161.976042
13.360100	16.133000	161.986082
13.359608	16.134000	161.996123
13.359116	16.135000	162.006164
13.358623	16.136000	162.016204
13.358131	16.137000	162.026245
13.357638	16.138000	162.036286
13.357146	16.139000	162.046326
13.356653	16.140000	162.056367
13.356161	16.141000	162.066408
13.355669	16.142000	162.076448
13.355176	16.143000	162.086489
13.354684	16.144000	162.096530
13.354191	16.145000	162.106570
13.353698	16.146000	162.116611
13.353206	16.147000	162.126652
13.352713	16.148000	162.136692
13.352221	16.149000	162.146733
13.351728	16.150000	162.156774
13.351236	16.151000	162.166814
13.350743	16.152000	162.176855
13.350250	16.153000	162.186896
13.349758	16.154000	162.196936
13.349265	16.155000	162.206977
13.348772	16.156000	162.217018
13.348280	16.157000	162.227058
13.347787	16.158000	162.237099
13.347294	16.159000	162.247140
13.346801	16.160000	162.257180
13.346309	16.161000	162.267221
13.345816	16.162000	162.277262
13.345323	16.163000	162.287302
13.344830	16.164000	162.297343
13.344337	16.165000	162.307384
13.343845	16.166000	162.317424
13.343352	16.167000	162.327465
13.342859	16.168000	162.337506
13.342366	16.169000	162.347546
13.341873	16.170000	162.357587
13.341380	16.171000	162.367628
13.340887	16.172000	162.377668
13.340394	16.173000	162.387709
13.339901	16.174000	162.397750
13.339409	16.175000	162.407790
13.338916	16.176000	162.417831
13.338423	16.177000	162.427872
13.337930	16.178000	162.437912
13.337437	16.179000	162.447953
13.336944	16.180000	162.457994
13.336450	16.181000	162.468034
13.335957	16.182000	162.478075
13.335464	16.183000	162.488116
13.334971	16.184000	162.498156
13.334478	16.185000	162.508197
13.333985	16.186000	162.518238
13.333492	16.187000	162.528278
13.332999	16.188000	162.538319
13.332506	16.189000	162.548360
13.332012	16.190000	162.558400
13.331519	16.191000	162.568441
13.331026	16.192000	162.578482
13.330533	16.193000	162.588522
13.330039	16.194000	162.598563
13.329546	16.195000	162.608604
13.329053	16.196000	162.618644
13.328560	16.197000	162.628685
13.328066	16.198000	162.638726
13.327573	16.199000	162.648766
13.327080	16.200000	162.658807
13.326586	16.201000	162.668848
13.326093	16.202000	162.678888
13.325600	16.203000	162.688929
13.325106	16.204000	162.698970
13.324613	16.205000	162.709010
13.324119	16.206000	162.719051
13.323626	16.207000	162.729092
13.323133	16.208000	162.739132
13.322639	16.209000	162.749173
13.322146	16.210000	162.759214
13.321652	16.211000	162.769254
13.321159	16.212000	162.779295
13.320665	16.213000	162.789336
13.320172	16.214000	162.799376
13.319678	16.215000	162.809417
13.319185	16.216000	162.819458
13.318691	16.217000	162.829498
13.318197	16.218000	162.839539
13.317704	16.219000	162.849580
13.317210	16.220000	162.859620
13.316717	16.221000	162.869661
13.316223	16.222000	162.879702
13.315729	16.223000	162.889742
13.315236	16.224000	162.899783
13.314742	16.225000	162.909824
13.314248	16.226000	162.919864
13.313754	16.227000	162.929905
13.313261	16.228000	162.939946
13.312767	16.229000	162.949986
13.312273	16.230000	162.960027
13.311779	16.231000	162.970068
13.311286	16.232000	162.980108
13.310792	16.233000	162.990149
13.310298	16.234000	163.000190
13.309804	16.235000	163.010230
13.309310	16.236000	163.020271
13.308816	16.237000	163.030312
13.308323	16.238000	163.040352
13.307829	16.239000	163.050393
13.307335	16.240000	163.060434
13.306841	16.241000	163.070474
13.306347	16.242000	163.080515
13.305853	16.243000	163.090556
13.305359	16.244000	163.100596
13.304865	16.245000	163.110637
13.304371	16.246000	163.120678
13.303877	16.247000	163.130718
13.303383	16.248000	163.140759
13.302889	16.249000	163.150800
13.302395	16.250000	163.160840
13.301901	16.251000	163.170881
13.301407	16.252000	163.180922
13.300913	16.253000	163.190962
13.300418	16.254000	163.201003
13.299924	16.255000	163.211044
13.299430	16.256000	163.221084
13.298936	16.257000	163.231125
13.298442	16.258000	163.241166
13.297948	16.259000	163.251206
13.297453	16.260000	163.261247
13.296959	16.261000	163.271288
13.296465	16.262000	163.281328
13.295971	16.263000	163.291369
13.295476	16.264000	163.301410
13.294982	16.265000	163.311450
13.294488	16.266000	163.321491
13.293994	16.267000	163.331532
13.293499	16.268000	163.341572
13.293005	16.269000	163.351613
13.292511	16.270000	163.361654
13.292016	16.271000	163.371694
13.291522	16.272000	163.381735
13.291027	16.273000	163.391776
13.290533	16.274000	163.401816
13.290039	16.275000	163.411857
13.289544	16.276000	163.421898
13.289050	16.277000	163.431938
13.288555	16.278000	163.441979
13.288061	16.279000	163.452020
13.287566	16.280000	163.462060
13.287072	16.281000	163.472101
13.286577	16.282000	163.482142
13.286083	16.283000	163.492182
13.285588	16.284000	163.502223
13.285093	16.285000	163.512264
13.284599	16.286000	163.522304
13.284104	16.287000	163.532345
13.283610	16.288000	163.542386
13.283115	16.289000	163.552426
13.282620	16.290000	163.562467
13.282126	16.291000	163.572508
13.281631	16.292000	163.582548
13.281136	16.293000	163.592589
13.280642	16.294000	163.602630
13.280147	16.295000	163.612670
13.279652	16.296000	163.622711
13.279157	16.297000	163.632752
13.278663	16.298000	163.642792
13.278168	16.299000	163.652833
13.277673	16.300000	163.662874
13.277178	16.301000	163.672914
13.276683	16.302000	163.682955
13.276189	16.303000	163.692996
13.275694	16.304000	163.703036
13.275199	16.305000	163.713077
13.274704	16.306000	163.723118
13.274209	16.307000	163.733158
13.273714	16.308000	163.743199
13.273219	16.309000	163.753240
13.272724	16.310000	163.763280
13.272229	16.311000	163.773321
13.271734	16.312000	163.783362
13.271239	16.313000	163.793402
13.270744	16.314000	163.803443
13.270249	16.315000	163.813484
13.269754	16.316000	163.823524
13.269259	16.317000	163.833565
13.268764	16.318000	163.843606
13.268269	16.319000	163.853646
13.267774	16.320000	163.863687
13.267279	16.321000	163.873728
13.266784	16.322000	163.883768
13.266289	16.323000	163.893809
13.265794	16.324000	163.903850
13.265298	16.325000	163.913890
13.264803	16.326000	163.923931
13.264308	16.327000	163.933972
13.263813	16.328000	163.944012
13.263318	16.329000	163.954053
13.262822	16.330000	163.964094
13.262327	16.331000	163.974134
13.261832	16.332000	163.984175
13.261337	16.333000	163.994216
13.260841	16.334000	164.004256
13.260346	16.335000	164.014297
13.259851	16.336000	164.024338
13.259355	16.337000	164.034378
13.258860	16.338000	164.044419
13.258365	16.339000	164.054460
13.257869	16.340000	164.064500
13.257374	16.341000	164.074541
13.256878	16.342000	164.084582
13.256383	16.343000	164.094622
13.255888	16.344000	164.104663
13.255392	16.345000	164.114704
13.254897	16.346000	164.124744
13.254401	16.347000	164.134785
13.253906	16.348000	164.144826
13.253410	16.349000	164.154866
13.252915	16.350000	164.164907
13.252419	16.351000	164.174948
13.251923	16.352000	164.184988
13.251428	16.353000	164.195029
13.250932	16.354000	164.205070
13.250437	16.355000	164.215110
13.249941	16.356000	164.225151
13.249445	16.357000	164.235192
13.248950	16.358000	164.245232
13.248454	16.359000	164.255273
13.247958	16.360000	164.265314
13.247463	16.361000	164.275354
13.246967	16.362000	164.285395
13.246471	16.363000	164.295436
13.245975	16.364000	164.305476
13.245480	16.365000	164.315517
13.244984	16.366000	164.325558
13.244488	16.367000	164.335598
13.243992	16.368000	164.345639
13.243497	16.369000	164.355680
13.243001	16.370000	164.365720
13.242505	16.371000	164.375761
13.242009	16.372000	164.385802
13.241513	16.373000	164.395842
13.241017	16.374000	164.405883
13.240521	16.375000	164.415924
13.240025	16.376000	164.425964
13.239529	16.377000	164.436005
13.239034	16.378000	164.446046
13.238538	16.379000	164.456086
13.238042	16.380000	164.466127
13.237546	16.381000	164.476168
13.237050	16.382000	164.486208
13.236554	16.383000	164.496249
13.236058	16.384000	164.506290
13.235561	16.385000	164.516330
13.235065	16.386000	164.526371
13.234569	16.387000	164.536412
13.234073	16.388000	164.546452
13.233577	16.389000	164.556493
13.233081	16.390000	164.566534
13.232585	16.391000	164.576574
13.232089	16.392000	164.586615
13.231593	16.393000	164.596656
13.231096	16.394000	164.606696
13.230600	16.395000	164.616737
13.230104	16.396000	164.626778
13.229608	16.397000	164.636818
13.229111	16.398000	164.646859
13.228615	16.399000	164.656900
13.228119	16.400000	164.666940
13.227623	16.401000	164.676981
13.227126	16.402000	164.687022
13.226630	16.403000	164.697062
13.226134	16.404000	164.707103
13.225637	16.405000	164.717144
13.225141	16.406000	164.727184
13.224645	16.407000	164.737225
13.224148	16.408000	164.747266
13.223652	16.409000	164.757306
13.223155	16.410000	164.767347
13.222659	16.411000	164.777388
13.222162	16.412000	164.787428
13.221666	16.413000	164.797469
13.221169	16.414000	164.807510
13.220673	16.415000	164.817550
13.220176	16.416000	164.827591
13.219680	16.417000	164.837632
13.219183	16.418000	164.847672
13.218687	16.419000	164.857713
13.218190	16.420000	164.867754
13.217694	16.421000	164.877794
13.217197	16.422000	164.887835
13.216700	16.423000	164.897876
13.216204	16.424000	164.907916
13.215707	16.425000	164.917957
13.215210	16.426000	164.927998
13.214714	16.427000	164.938038
13.214217	16.428000	164.948079
13.213720	16.429000	164.958120
13.213224	16.430000	164.968160
13.212727	16.431000	164.978201
13.212230	16.432000	164.988242
13.211733	16.433000	164.998282
13.211237	16.434000	165.008323
13.210740	16.435000	165.018364
13.210243	16.436000	165.028404
13.209746	16.437000	165.038445
13.209249	16.438000	165.048486
13.208752	16.439000	165.058526
13.208256	16.440000	165.068567
13.207759	16.441000	165.078608
13.207262	16.442000	165.088648
13.206765	16.443000	165.098689
13.206268	16.444000	165.108730
13.205771	16.445000	165.118770
13.205274	16.446000	165.128811
13.204777	16.447000	165.138852
13.204280	16.448000	165.148892
13.203783	16.449000	165.158933
13.203286	16.450000	165.168974
13.202789	16.451000	165.179014
13.202292	16.452000	165.189055
13.201795	16.453000	165.199096
13.201298	16.454000	165.209136
13.200801	16.455000	165.219177
13.200304	16.456000	165.229218
13.199806	16.457000	165.239258
13.199309	16.458000	165.249299
13.198812	16.459000	165.259340
13.198315	16.460000	165.269380
13.197818	16.461000	165.279421
13.197321	16.462000	165.289462
13.196823	16.463000	165.299502
13.196326	16.464000	165.309543
13.195829	16.465000	165.319584
13.195332	16.466000	165.329624
13.194834	16.467000	165.339665
13.194337	16.468000	165.349706
13.193840	16.469000	165.359746
13.193342	16.470000	165.369787
13.192845	16.471000	165.379828
13.192348	16.472000	165.389868
13.191850	16.473000	165.399909
13.191353	16.474000	165.409950
13.190856	16.475000	165.419990
13.190358	16.476000	165.430031
13.189861	16.477000	165.440072
13.189363	16.478000	165.450112
13.188866	16.479000	165.460153
13.188368	16.480000	165.470194
13.187871	16.481000	165.480234
13.187373	16.482000	165.490275
13.186876	16.483000	165.500316
13.186378	16.484000	165.510356
13.185881	16.485000	165.520397
13.185383	16.486000	165.530438
13.184886	16.487000	165.540478
13.184388	16.488000	165.550519
13.183890	16.489000	165.560560
13.183393	16.490000	165.570600
13.182895	16.491000	165.580641
13.182397	16.492000	165.590682
13.181900	16.493000	165.600722
13.181402	16.494000	165.610763
13.180904	16.495000	165.620804
13.180407	16.496000	165.630844
13.179909	16.497000	165.640885
13.179411	16.498000	165.650926
13.178914	16.499000	165.660966
13.178416	16.500000	165.671007
13.177918	16.501000	165.681048
13.177420	16.502000	165.691088
13.176922	16.503000	165.701129
13.176424	16.504000	165.711170
13.175927	16.505000	165.721210
13.175429	16.506000	165.731251
13.174931	16.507000	165.741292
13.174433	16.508000	165.751332
13.173935	16.509000	165.761373
13.173437	16.510000	165.771414
13.172939	16.511000	165.781454
13.172441	16.512000	165.791495
13.171943	16.513000	165.801536
13.171445	16.514000	165.811576
13.170947	16.515000	165.821617
13.170449	16.516000	165.831658
13.169951	16.517000	165.841698
13.169453	16.518000	165.851739
13.168955	16.519000	165.861780
13.168457	16.520000	165.871820
13.167959	16.521000	165.881861
13.167461	16.522000	165.891902
13.166963	16.523000	165.901942
13.166465	16.524000	165.911983
13.165967	16.525000	165.922024
13.165468	16.526000	165.932064
13.164970	16.527000	165.942105
13.164472	16.528000	165.952146
13.163974	16.529000	165.962186
13.163476	16.530000	165.972227
13.162977	16.531000	165.982268
13.162479	16.532000	165.992308
13.161981	16.533000	166.002349
13.161482	16.534000	166.012390
13.160984	16.535000	166.022430
13.160486	16.536000	166.032471
13.159988	16.537000	166.042512
13.159489	16.538000	166.052552
13.158991	16.539000	166.062593
13.158492	16.540000	166.072634
13.157994	16.541000	166.082674
13.157496	16.542000	166.092715
13.156997	16.543000	166.102756
13.156499	16.544000	166.112796
13.156000	16.545000	166.122837
13.155502	16.546000	166.132878
13.155003	16.547000	166.142918
13.154505	16.548000	166.152959
13.154006	16.549000	166.163000
13.153508	16.550000	166.173040
13.153009	16.551000	166.183081
13.152511	16.552000	166.193122
13.152012	16.553000	166.203162
13.151514	16.554000	166.213203
13.151015	16.555000	166.223244
13.150516	16.556000	166.233284
13.150018	16.557000	166.243325
13.149519	16.558000	166.253366
13.149020	16.559000	166.263406
13.148522	16.560000	166.273447
13.148023	16.561000	166.283488
13.147524	16.562000	166.293528
13.147026	16.563000	166.303569
13.146527	16.564000	166.313610
13.146028	16.565000	166.323650
13.145529	16.566000	166.333691
13.145031	16.567000	166.343732
13.144532	16.568000	166.353772
13.144033	16.569000	166.363813
13.143534	16.570000	166.373854
13.143035	16.571000	166.383894
13.142536	16.572000	166.393935
13.142038	16.573000	166.403976
13.141539	16.574000	166.414016
13.141040	16.575000	166.424057
13.140541	16.576000	166.434098
13.140042	16.577000	166.444138
13.139543	16.578000	166.454179
13.139044	16.579000	166.464220
13.138545	16.580000	166.474260
13.138046	16.581000	166.484301
13.137547	16.582000	166.494342
13.137048	16.583000	166.504382
13.136549	16.584000	166.514423
13.136050	16.585000	166.524464
13.135551	16.586000	166.534504
13.135052	16.587000	166.544545
13.134553	16.588000	166.554586
13.134054	16.589000	166.564626
13.133554	16.590000	166.574667
13.133055	16.591000	166.584708
13.132556	16.592000	166.594748
13.132057	16.593000	166.604789
13.131558	16.594000	166.614830
13.131059	16.595000	166.624870
13.130559	16.596000	166.634911
13.130060	16.597000	166.644952
13.129561	16.598000	166.654992
13.129062	16.599000	166.665033
13.128562	16.600000	166.675074
13.128063	16.601000	166.685114
13.127564	16.602000	166.695155
13.127064	16.603000	166.705196
13.126565	16.604000	166.715236
13.126066	16.605000	166.725277
13.125566	16.606000	166.735318
13.125067	16.607000	166.745358
13.124567	16.608000	166.755399
13.124068	16.609000	166.765440
13.123569	16.610000	166.775480
13.123069	16.611000	166.785521
13.122570	16.612000	166.795562
13.122070	16.613000	166.805602
13.121571	16.614000	166.815643
13.121071	16.615000	166.825684
13.120572	16.616000	166.835724
13.120072	16.617000	166.845765
13.119573	16.618000	166.855806
13.119073	16.619000	166.865846
13.118573	16.620000	166.875887
13.118074	16.621000	166.885928
13.117574	16.622000	166.895968
13.117075	16.623000	166.906009
13.116575	16.624000	166.916050
13.116075	16.625000	166.926090
13.115576	16.626000	166.936131
13.115076	16.627000	166.946172
13.114576	16.628000	166.956212
13.114076	16.629000	166.966253
13.113577	16.630000	166.976294
13.113077	16.631000	166.986334
13.112577	16.632000	166.996375
13.112077	16.633000	167.006416
13.111578	16.634000	167.016456
13.111078	16.635000	167.026497
13.110578	16.636000	167.036538
13.110078	16.637000	167.046578
13.109578	16.638000	167.056619
13.109078	16.639000	167.066660
13.108578	16.640000	167.076700
13.108079	16.641000	167.086741
13.107579	16.642000	167.096782
13.107079	16.643000	167.106822
13.106579	16.644000	167.116863
13.106079	16.645000	167.126904
13.105579	16.646000	167.136944
13.105079	16.647000	167.146985
13.104579	16.648000	167.157026
13.104079	16.649000	167.167066
13.103579	16.650000	167.177107
13.103079	16.651000	167.187148
13.102579	16.652000	167.197188
13.102078	16.653000	167.207229
13.101578	16.654000	167.217270
13.101078	16.655000	167.227310
13.100578	16.656000	167.237351
13.100078	16.657000	167.247392
13.099578	16.658000	167.257432
13.099078	16.659000	167.267473
13.098577	16.660000	167.277514
13.098077	16.661000	167.287554
13.097577	16.662000	167.297595
13.097077	16.663000	167.307636
13.096576	16.664000	167.317676
13.096076	16.665000	167.327717
13.095576	16.666000	167.337758
13.095076	16.667000	167.347798
13.094575	16.668000	167.357839
13.094075	16.669000	167.367880
13.093575	16.670000	167.377920
13.093074	16.671000	167.387961
13.092574	16.672000	167.398002
13.092073	16.673000	167.408042
13.091573	16.674000	167.418083
13.091073	16.675000	167.428124
13.090572	16.676000	167.438164
13.090072	16.677000	167.448205
13.089571	16.678000	167.458246
13.089071	16.679000	167.468286
13.088570	16.680000	167.478327
13.088070	16.681000	167.488368
13.087569	16.682000	167.498408
13.087069	16.683000	167.508449
13.086568	16.684000	167.518490
13.086068	16.685000	167.528530
13.085567	16.686000	167.538571
13.085066	16.687000	167.548612
13.084566	16.688000	167.558652
13.084065	16.689000	167.568693
13.083564	16.690000	167.578734
13.083064	16.691000	167.588774
13.082563	16.692000	167.598815
13.082062	16.693000	167.608856
13.081562	16.694000	167.618896
13.081061	16.695000	167.628937
13.080560	16.696000	167.638978
13.080059	16.697000	167.649018
13.079559	16.698000	167.659059
13.079058	16.699000	167.669100
13.078557	16.700000	167.679140
13.078056	16.701000	167.689181
13.077555	16.702000	167.699222
13.077054	16.703000	167.709262
13.076554	16.704000	167.719303
13.076053	16.705000	167.729344
13.075552	16.706000	167.739384
13.075051	16.707000	167.749425
13.074550	16.708000	167.759466
13.074049	16.709000	167.769506
13.073548	16.710000	167.779547
13.073047	16.711000	167.789588
13.072546	16.712000	167.799628
13.072045	16.713000	167.809669
13.071544	16.714000	167.819710
13.071043	16.715000	167.829750
13.070542	16.716000	167.839791
13.070041	16.717000	167.849832
13.069540	16.718000	167.859872
13.069039	16.719000	167.869913
13.068538	16.720000	167.879954
13.068036	16.721000	167.889994
13.067535	16.722000	167.900035
13.067034	16.723000	167.910076
13.066533	16.724000	167.920116
13.066032	16.725000	167.930157
13.065531	16.726000	167.940198
13.065029	16.727000	167.950238
13.064528	16.728000	167.960279
13.064027	16.729000	167.970320
13.063526	16.730000	167.980360
13.063024	16.731000	167.990401
13.062523	16.732000	168.000442
13.062022	16.733000	168.010482
13.061520	16.734000	168.020523
13.061019	16.735000	168.030564
13.060518	16.736000	168.040604
13.060016	16.737000	168.050645
13.059515	16.738000	168.060686
13.059013	16.739000	168.070726
13.058512	16.740000	168.080767
13.058011	16.741000	168.090808
13.057509	16.742000	168.100848
13.057008	16.743000	168.110889
13.056506	16.744000	168.120930
13.056005	16.745000	168.130970
13.055503	16.746000	168.141011
13.055002	16.747000	168.151052
13.054500	16.748000	168.161092
13.053999	16.749000	168.171133
13.053497	16.750000	168.181174
13.052995	16.751000	168.191214
13.052494	16.752000	168.201255
13.051992	16.753000	168.211296
13.051491	16.754000	168.221336
13.050989	16.755000	168.231377
13.050487	16.756000	168.241418
13.049986	16.757000	168.251459
13.049484	16.758000	168.261499
13.048982	16.759000	168.271540
13.048480	16.760000	168.281581
13.047979	16.761000	168.291621
13.047477	16.762000	168.301662
13.046975	16.763000	168.311703
13.046473	16.764000	168.321743
13.045972	16.765000	168.331784
13.045470	16.766000	168.341825
13.044968	16.767000	168.351865
13.044466	16.768000	168.361906
13.043964	16.769000	168.371947
13.043462	16.770000	168.381987
13.042960	16.771000	168.392028
13.042458	16.772000	168.402069
13.041956	16.773000	168.412109
13.041455	16.774000	168.422150
13.040953	16.775000	168.432191
13.040451	16.776000	168.442231
13.039949	16.777000	168.452272
13.039447	16.778000	168.462313
13.038945	16.779000	168.472353
13.038443	16.780000	168.482394
13.037940	16.781000	168.492435
13.037438	16.782000	168.502475
13.036936	16.783000	168.512516
13.036434	16.784000	168.522557
13.035932	16.785000	168.532597
13.035430	16.786000	168.542638
13.034928	16.787000	168.552679
13.034426	16.788000	168.562719
13.033923	16.789000	168.572760
13.033421	16.790000	168.582801
13.032919	16.791000	168.592841
13.032417	16.792000	168.602882
13.031915	16.793000	168.612923
13.031412	16.794000	168.622963
13.030910	16.795000	168.633004
13.030408	16.796000	168.643045
13.029906	16.797000	168.653085
13.029403	16.798000	168.663126
13.028901	16.799000	168.673167
13.028399	16.800000	168.683207
13.027896	16.801000	168.693248
13.027394	16.802000	168.703289
13.026891	16.803000	168.713329
13.026389	16.804000	168.723370
13.025887	16.805000	168.733411
13.025384	16.806000	168.743451
13.024882	16.807000	168.753492
13.024379	16.808000	168.763533
13.023877	16.809000	168.773573
13.023374	16.810000	168.783614
13.022872	16.811000	168.793655
13.022369	16.812000	168.803695
13.021867	16.813000	168.813736
13.021364	16.814000	168.823777
13.020861	16.815000	168.833817
13.020359	16.816000	168.843858
13.019856	16.817000	168.853899
13.019354	16.818000	168.863939
13.018851	16.819000	168.873980
13.018348	16.820000	168.884021
13.017846	16.821000	168.894061
13.017343	16.822000	168.904102
13.016840	16.823000	168.914143
13.016338	16.824000	168.924183
13.015835	16.825000	168.934224
13.015332	16.826000	168.944265
13.014829	16.827000	168.954305
13.014326	16.828000	168.964346
13.013824	16.829000	168.974387
13.013321	16.830000	168.984427
13.012818	16.831000	168.994468
13.012315	16.832000	169.004509
13.011812	16.833000	169.014549
13.011309	16.834000	169.024590
13.010807	16.835000	169.034631
13.010304	16.836000	169.044671
13.009801	16.837000	169.054712
13.009298	16.838000	169.064753
13.008795	16.839000	169.074793
13.008292	16.840000	169.084834
13.007789	16.841000	169.094875
13.007286	16.842000	169.104915
13.006783	16.843000	169.114956
13.006280	16.844000	169.124997
13.005777	16.845000	169.135037
13.005274	16.846000	169.145078
13.004771	16.847000	169.155119
13.004268	16.848000	169.165159
13.003764	16.849000	169.175200
13.003261	16.850000	169.185241
13.002758	16.851000	169.195281
13.002255	16.852000	169.205322
13.001752	16.853000	169.215363
13.001249	16.854000	169.225403
13.000746	16.855000	169.235444
13.000242	16.856000	169.245485
12.999739	16.857000	169.255525
12.999236	16.858000	169.265566
12.998733	16.859000	169.275607
12.998229	16.860000	169.285647
12.997726	16.861000	169.295688
12.997223	16.862000	169.305729
12.996719	16.863000	169.315769
12.996216	16.864000	169.325810
12.995713	16.865000	169.335851
12.995209	16.866000	169.345891
12.994706	16.867000	169.355932
12.994202	16.868000	169.365973
12.993699	16.869000	169.376013
12.993196	16.870000	169.386054
12.992692	16.871000	169.396095
12.992189	16.872000	169.406135
12.991685	16.873000	169.416176
12.991182	16.874000	169.426217
12.990678	16.875000	169.436257
12.990175	16.876000	169.446298
12.989671	16.877000	169.456339
12.989168	16.878000	169.466379
12.988664	16.879000	169.476420
12.988160	16.880000	169.486461
12.987657	16.881000	169.496501
12.987153	16.882000	169.506542
12.986650	16.883000	169.516583
12.986146	16.884000	169.526623
12.985642	16.885000	169.536664
12.985139	16.886000	169.546705
12.984635	16.887000	169.556745
12.984131	16.888000	169.566786
12.983627	16.889000	169.576827
12.983124	16.890000	169.586867
12.982620	16.891000	169.596908
12.982116	16.892000	169.606949
12.981612	16.893000	169.616989
12.981109	16.894000	169.627030
12.980605	16.895000	169.637071
12.980101	16.896000	169.647111
12.979597	16.897000	169.657152
12.979093	16.898000	169.667193
12.978589	16.899000	169.677233
12.978085	16.900000	169.687274
12.977581	16.901000	169.697315
12.977078	16.902000	169.707355
12.976574	16.903000	169.717396
12.976070	16.904000	169.727437
12.975566	16.905000	169.737477
12.975062	16.906000	169.747518
12.974558	16.907000	169.757559
12.974054	16.908000	169.767599
12.973550	16.909000	169.777640
12.973045	16.910000	169.787681
12.972541	16.911000	169.797721
12.972037	16.912000	169.807762
12.971533	16.913000	169.817803
12.971029	16.914000	169.827843
12.970525	16.915000	169.837884
12.970021	16.916000	169.847925
12.969517	16.917000	169.857965
12.969012	16.918000	169.868006
12.968508	16.919000	169.878047
12.968004	16.920000	169.888087
12.967500	16.921000	169.898128
12.966996	16.922000	169.908169
12.966491	16.923000	169.918209
12.965987	16.924000	169.928250
12.965483	16.925000	169.938291
12.964978	16.926000	169.948331
12.964474	16.927000	169.958372
12.963970	16.928000	169.968413
12.963465	16.929000	169.978453
12.962961	16.930000	169.988494
12.962457	16.931000	169.998535
12.961952	16.932000	170.008575
12.961448	16.933000	170.018616
12.960943	16.934000	170.028657
12.960439	16.935000	170.038697
12.959934	16.936000	170.048738
12.959430	16.937000	170.058779
12.958926	16.938000	170.068819
12.958421	16.939000	170.078860
12.957916	16.940000	170.088901
12.957412	16.941000	170.098941
12.956907	16.942000	170.108982
12.956403	16.943000	170.119023
12.955898	16.944000	170.129063
12.955394	16.945000	170.139104
12.954889	16.946000	170.149145
12.954384	16.947000	170.159185
12.953880	16.948000	170.169226
12.953375	16.949000	170.179267
12.952870	16.950000	170.189307
12.952366	16.951000	170.199348
12.951861	16.952000	170.209389
12.951356	16.953000	170.219429
12.950851	16.954000	170.229470
12.950347	16.955000	170.239511
12.949842	16.956000	170.249551
12.949337	16.957000	170.259592
12.948832	16.958000	170.269633
12.948327	16.959000	170.279673
12.947823	16.960000	170.289714
12.947318	16.961000	170.299755
12.946813	16.962000	170.309795
12.946308	16.963000	170.319836
12.945803	16.964000	170.329877
12.945298	16.965000	170.339917
12.944793	16.966000	170.349958
12.944288	16.967000	170.359999
12.943783	16.968000	170.370039
12.943278	16.969000	170.380080
12.942773	16.970000	170.390121
12.942268	16.971000	170.400161
12.941763	16.972000	170.410202
12.941258	16.973000	170.420243
12.940753	16.974000	170.430283
12.940248	16.975000	170.440324
12.939743	16.976000	170.450365
12.939238	16.977000	170.460405
12.938733	16.978000	170.470446
12.938228	16.979000	170.480487
12.937722	16.980000	170.490527
12.937217	16.981000	170.500568
12.936712	16.982000	170.510609
12.936207	16.983000	170.520649
12.935702	16.984000	170.530690
12.935196	16.985000	170.540731
12.934691	16.986000	170.550771
12.934186	16.987000	170.560812
12.933681	16.988000	170.570853
12.933175	16.989000	170.580893
12.932670	16.990000	170.590934
12.932165	16.991000	170.600975
12.931659	16.992000	170.611015
12.931154	16.993000	170.621056
12.930649	16.994000	170.631097
12.930143	16.995000	170.641137
12.929638	16.996000	170.651178
12.929132	16.997000	170.661219
12.928627	16.998000	170.671259
12.928122	16.999000	170.681300
12.927616	17.000000	170.691341
12.927111	17.001000	170.701381
12.926605	17.002000	170.711422
12.926100	17.003000	170.721463
12.925594	17.004000	170.731503
12.925088	17.005000	170.741544
12.924583	17.006000	170.751585
12.924077	17.007000	170.761625
12.923572	17.008000	170.771666
12.923066	17.009000	170.781707
12.922560	17.010000	170.791747
12.922055	17.011000	170.801788
12.921549	17.012000	170.811829
12.921043	17.013000	170.821869
12.920538	17.014000	170.831910
12.920032	17.015000	170.841951
12.919526	17.016000	170.851991
12.919021	17.017000	170.862032
12.918515	17.018000	170.872073
12.918009	17.019000	170.882113
12.917503	17.020000	170.892154
12.916998	17.021000	170.902195
12.916492	17.022000	170.912235
12.915986	17.023000	170.922276
12.915480	17.024000	170.932317
12.914974	17.025000	170.942357
12.914468	17.026000	170.952398
12.913962	17.027000	170.962439
12.913456	17.028000	170.972479
12.912951	17.029000	170.982520
12.912445	17.030000	170.992561
12.911939	17.031000	171.002601
12.911433	17.032000	171.012642
12.910927	17.033000	171.022683
12.910421	17.034000	171.032723
12.909915	17.035000	171.042764
12.909409	17.036000	171.052805
12.908903	17.037000	171.062845
12.908396	17.038000	171.072886
12.907890	17.039000	171.082927
12.907384	17.040000	171.092967
12.906878	17.041000	171.103008
12.906372	17.042000	171.113049
12.905866	17.043000	171.123089
12.905360	17.044000	171.133130
12.904853	17.045000	171.143171
12.904347	17.046000	171.153211
12.903841	17.047000	171.163252
12.903335	17.048000	171.173293
12.902829	17.049000	171.183333
12.902322	17.050000	171.193374
12.901816	17.051000	171.203415
12.901310	17.052000	171.213455
12.900803	17.053000	171.223496
12.900297	17.054000	171.233537
12.899791	17.055000	171.243577
12.899284	17.056000	171.253618
12.898778	17.057000	171.263659
12.898272	17.058000	171.273699
12.897765	17.059000	171.283740
12.897259	17.060000	171.293781
12.896752	17.061000	171.303821
12.896246	17.062000	171.313862
12.895740	17.063000	171.323903
12.895233	17.064000	171.333943
12.894727	17.065000	171.343984
12.894220	17.066000	171.354025
12.893713	17.067000	171.364065
12.893207	17.068000	171.374106
12.892700	17.069000	171.384147
12.892194	17.070000	171.394187
12.891687	17.071000	171.404228
12.891181	17.072000	171.414269
12.890674	17.073000	171.424309
12.890167	17.074000	171.434350
12.889661	17.075000	171.444391
12.889154	17.076000	171.454431
12.888647	17.077000	171.464472
12.888141	17.078000	171.474513
12.887634	17.079000	171.484553
12.887127	17.080000	171.494594
12.886620	17.081000	171.504635
12.886114	17.082000	171.514675
12.885607	17.083000	171.524716
12.885100	17.084000	171.534757
12.884593	17.085000	171.544797
12.884086	17.086000	171.554838
12.883580	17.087000	171.564879
12.883073	17.088000	171.574919
12.882566	17.089000	171.584960
12.882059	17.090000	171.595001
12.881552	17.091000	171.605041
12.881045	17.092000	171.615082
12.880538	17.093000	171.625123
12.880031	17.094000	171.635163
12.879524	17.095000	171.645204
12.879017	17.096000	171.655245
12.878510	17.097000	171.665285
12.878003	17.098000	171.675326
12.877496	17.099000	171.685367
12.876989	17.100000	171.695407
12.876482	17.101000	171.705448
12.875975	17.102000	171.715489
12.875468	17.103000	171.725529
12.874961	17.104000	171.735570
12.874454	17.105000	171.745611
12.873946	17.106000	171.755651
12.873439	17.107000	171.765692
12.872932	17.108000	171.775733
12.872425	17.109000	171.785773
12.871918	17.110000	171.795814
12.871410	17.111000	171.805855
12.870903	17.112000	171.815895
12.870396	17.113000	171.825936
12.869889	17.114000	171.835977
12.869381	17.115000	171.846017
12.868874	17.116000	171.856058
12.868367	17.117000	171.866099
12.867859	17.118000	171.876139
12.867352	17.119000	171.886180
12.866845	17.120000	171.896221
12.866337	17.121000	171.906261
12.865830	17.122000	171.916302
12.865322	17.123000	171.926343
12.864815	17.124000	171.936383
12.864307	17.125000	171.946424
12.863800	17.126000	171.956465
12.863293	17.127000	171.966505
12.862785	17.128000	171.976546
12.862277	17.129000	171.986587
12.861770	17.130000	171.996627
12.861262	17.131000	172.006668
12.860755	17.132000	172.016709
12.860247	17.133000	172.026749
12.859740	17.134000	172.036790
12.859232	17.135000	172.046831
12.858724	17.136000	172.056871
12.858217	17.137000	172.066912
12.857709	17.138000	172.076953
12.857201	17.139000	172.086993
12.856694	17.140000	172.097034
12.856186	17.141000	172.107075
12.855678	17.142000	172.117115
12.855171	17.143000	172.127156
12.854663	17.144000	172.137197
12.854155	17.145000	172.147237
12.853647	17.146000	172.157278
12.853139	17.147000	172.167319
12.852632	17.148000	172.177359
12.852124	17.149000	172.187400
12.851616	17.150000	172.197441
12.851108	17.151000	172.207481
12.850600	17.152000	172.217522
12.850092	17.153000	172.227563
12.849584	17.154000	172.237603
12.849076	17.155000	172.247644
12.848568	17.156000	172.257685
12.848060	17.157000	172.267725
12.847553	17.158000	172.277766
12.847045	17.159000	172.287807
12.846536	17.160000	172.297847
12.846028	17.161000	172.307888
12.845520	17.162000	172.317929
12.845012	17.163000	172.327969
12.844504	17.164000	172.338010
12.843996	17.165000	172.348051
12.843488	17.166000	172.358091
12.842980	17.167000	172.368132
12.842472	17.168000	172.378173
12.841964	17.169000	172.388213
12.841455	17.170000	172.398254
12.840947	17.171000	172.408295
12.840439	17.172000	172.418335
12.839931	17.173000	172.428376
12.839423	17.174000	172.438417
12.838914	17.175000	172.448457
12.838406	17.176000	172.458498
12.837898	17.177000	172.468539
12.837389	17.178000	172.478579
12.836881	17.179000	172.488620
12.836373	17.180000	172.498661
12.835864	17.181000	172.508701
12.835356	17.182000	172.518742
12.834848	17.183000	172.528783
12.834339	17.184000	172.538823
12.833831	17.185000	172.548864
12.833322	17.186000	172.558905
12.832814	17.187000	172.568945
12.832306	17.188000	172.578986
12.831797	17.189000	172.589027
12.831289	17.190000	172.599067
12.830780	17.191000	172.609108
12.830272	17.192000	172.619149
12.829763	17.193000	172.629189
12.829254	17.194000	172.639230
12.828746	17.195000	172.649271
12.828237	17.196000	172.659311
12.827729	17.197000	172.669352
12.827220	17.198000	172.679393
12.826711	17.199000	172.689433
12.826203	17.200000	172.699474
12.825694	17.201000	172.709515
12.825185	17.202000	172.719555
12.824677	17.203000	172.729596
12.824168	17.204000	172.739637
12.823659	17.205000	172.749677
12.823151	17.206000	172.759718
12.822642	17.207000	172.769759
12.822133	17.208000	172.779799
12.821624	17.209000	172.789840
12.821115	17.210000	172.799881
12.820607	17.211000	172.809921
12.820098	17.212000	172.819962
12.819589	17.213000	172.830003
12.819080	17.214000	172.840043
12.818571	17.215000	172.850084
12.818062	17.216000	172.860125
12.817553	17.217000	172.870165
12.817044	17.218000	172.880206
12.816535	17.219000	172.890247
12.816026	17.220000	172.900287
12.815517	17.221000	172.910328
12.815008	17.222000	172.920369
12.814499	17.223000	172.930409
12.813990	17.224000	172.940450
12.813481	17.225000	172.950491
12.812972	17.226000	172.960531
12.812463	17.227000	172.970572
12.811954	17.228000	172.980613
12.811445	17.229000	172.990653
12.810936	17.230000	173.000694
12.810426	17.231000	173.010735
12.809917	17.232000	173.020775
12.809408	17.233000	173.030816
12.808899	17.234000	173.040857
12.808390	17.235000	173.050897
12.807880	17.236000	173.060938
12.807371	17.237000	173.070979
12.806862	17.238000	173.081019
12.806353	17.239000	173.091060
12.805843	17.240000	173.101101
12.805334	17.241000	173.111141
12.804825	17.242000	173.121182
12.804315	17.243000	173.131223
12.803806	17.244000	173.141263
12.803297	17.245000	173.151304
12.802787	17.246000	173.161345
12.802278	17.247000	173.171385
12.801768	17.248000	173.181426
12.801259	17.249000	173.191467
12.800749	17.250000	173.201507
12.800240	17.251000	173.211548
12.799730	17.252000	173.221589
12.799221	17.253000	173.231629
12.798711	17.254000	173.241670
12.798202	17.255000	173.251711
12.797692	17.256000	173.261751
12.797183	17.257000	173.271792
12.796673	17.258000	173.281833
12.796164	17.259000	173.291873
12.795654	17.260000	173.301914
12.795144	17.261000	173.311955
12.794635	17.262000	173.321995
12.794125	17.263000	173.332036
12.793615	17.264000	173.342077
12.793106	17.265000	173.352117
12.792596	17.266000	173.362158
12.792086	17.267000	173.372199
12.791576	17.268000	173.382239
12.791067	17.269000	173.392280
12.790557	17.270000	173.402321
12.790047	17.271000	173.412361
12.789537	17.272000	173.422402
12.789027	17.273000	173.432443
12.788518	17.274000	173.442483
12.788008	17.275000	173.452524
12.787498	17.276000	173.462565
12.786988	17.277000	173.472605
12.786478	17.278000	173.482646
12.785968	17.279000	173.492687
12.785458	17.280000	173.502727
12.784948	17.281000	173.512768
12.784438	17.282000	173.522809
12.783928	17.283000	173.532849
12.783418	17.284000	173.542890
12.782908	17.285000	173.552931
12.782398	17.286000	173.562971
12.781888	17.287000	173.573012
12.781378	17.288000	173.583053
12.780868	17.289000	173.593093
12.780358	17.290000	173.603134
12.779848	17.291000	173.613175
12.779337	17.292000	173.623215
12.778827	17.293000	173.633256
12.778317	17.294000	173.643297
12.777807	17.295000	173.653337
12.777297	17.296000	173.663378
12.776786	17.297000	173.673419
12.776276	17.298000	173.683459
12.775766	17.299000	173.693500
12.775256	17.300000	173.703541
12.774745	17.301000	173.713581
12.774235	17.302000	173.723622
12.773725	17.303000	173.733663
12.773214	17.304000	173.743703
12.772704	17.305000	173.753744
12.772194	17.306000	173.763785
12.771683	17.307000	173.773825
12.771173	17.308000	173.783866
12.770663	17.309000	173.793907
12.770152	17.310000	173.803947
12.769642	17.311000	173.813988
12.769131	17.312000	173.824029
12.768621	17.313000	173.834069
12.768110	17.314000	173.844110
12.767600	17.315000	173.854151
12.767089	17.316000	173.864191
12.766579	17.317000	173.874232
12.766068	17.318000	173.884273
12.765557	17.319000	173.894313
12.765047	17.320000	173.904354
12.764536	17.321000	173.914395
12.764026	17.322000	173.924435
12.763515	17.323000	173.934476
12.763004	17.324000	173.944517
12.762494	17.325000	173.954557
12.761983	17.326000	173.964598
12.761472	17.327000	173.974639
12.760962	17.328000	173.984679
12.760451	17.329000	173.994720
12.759940	17.330000	174.004761
12.759429	17.331000	174.014801
12.758918	17.332000	174.024842
12.758408	17.333000	174.034883
12.757897	17.334000	174.044923
12.757386	17.335000	174.054964
12.756875	17.336000	174.065005
12.756364	17.337000	174.075045
12.755853	17.338000	174.085086
12.755342	17.339000	174.095127
12.754832	17.340000	174.105167
12.754321	17.341000	174.115208
12.753810	17.342000	174.125249
12.753299	17.343000	174.135289
12.752788	17.344000	174.145330
12.752277	17.345000	174.155371
12.751766	17.346000	174.165411
12.751255	17.347000	174.175452
12.750744	17.348000	174.185493
12.750232	17.349000	174.195533
12.749721	17.350000	174.205574
12.749210	17.351000	174.215615
12.748699	17.352000	174.225655
12.748188	17.353000	174.235696
12.747677	17.354000	174.245737
12.747166	17.355000	174.255777
12.746655	17.356000	174.265818
12.746143	17.357000	174.275859
12.745632	17.358000	174.285899
12.745121	17.359000	174.295940
12.744610	17.360000	174.305981
12.744098	17.361000	174.316021
12.743587	17.362000	174.326062
12.743076	17.363000	174.336103
12.742564	17.364000	174.346143
12.742053	17.365000	174.356184
12.741542	17.366000	174.366225
12.741030	17.367000	174.376265
12.740519	17.368000	174.386306
12.740008	17.369000	174.396347
12.739496	17.370000	174.406387
12.738985	17.371000	174.416428
12.738473	17.372000	174.426469
12.737962	17.373000	174.436509
12.737450	17.374000	174.446550
12.736939	17.375000	174.456591
12.736427	17.376000	174.466631
12.735916	17.377000	174.476672
12.735404	17.378000	174.486713
12.734893	17.379000	174.496753
12.734381	17.380000	174.506794
12.733870	17.381000	174.516835
12.733358	17.382000	174.526875
12.732846	17.383000	174.536916
12.732335	17.384000	174.546957
12.731823	17.385000	174.556997
12.731311	17.386000	174.567038
12.730800	17.387000	174.577079
12.730288	17.388000	174.587119
12.729776	17.389000	174.597160
12.729265	17.390000	174.607201
12.728753	17.391000	174.617241
12.728241	17.392000	174.627282
12.727729	17.393000	174.637323
12.727217	17.394000	174.647363
12.726706	17.395000	174.657404
12.726194	17.396000	174.667445
12.725682	17.397000	174.677485
12.725170	17.398000	174.687526
12.724658	17.399000	174.697567
12.724146	17.400000	174.707607
12.723634	17.401000	174.717648
12.723122	17.402000	174.727689
12.722610	17.403000	174.737729
12.722098	17.404000	174.747770
12.721586	17.405000	174.757811
12.721074	17.406000	174.767851
12.720562	17.407000	174.777892
12.720050	17.408000	174.787933
12.719538	17.409000	174.797973
12.719026	17.410000	174.808014
12.718514	17.411000	174.818055
12.718002	17.412000	174.828095
12.717490	17.413000	174.838136
12.716978	17.414000	174.848177
12.716466	17.415000	174.858217
12.715954	17.416000	174.868258
12.715441	17.417000	174.878299
12.714929	17.418000	174.888339
12.714417	17.419000	174.898380
12.713905	17.420000	174.908421
12.713392	17.421000	174.918461
12.712880	17.422000	174.928502
12.712368	17.423000	174.938543
12.711856	17.424000	174.948583
12.711343	17.425000	174.958624
12.710831	17.426000	174.968665
12.710319	17.427000	174.978705
12.709806	17.428000	174.988746
12.709294	17.429000	174.998787
12.708782	17.430000	175.008827
12.708269	17.431000	175.018868
12.707757	17.432000	175.028909
12.707244	17.433000	175.038949
12.706732	17.434000	175.048990
12.706219	17.435000	175.059031
12.705707	17.436000	175.069071
12.705194	17.437000	175.079112
12.704682	17.438000	175.089153
12.704169	17.439000	175.099193
12.703657	17.440000	175.109234
12.703144	17.441000	175.119275
12.702631	17.442000	175.129315
12.702119	17.443000	175.139356
12.701606	17.444000	175.149397
12.701094	17.445000	175.159437
12.700581	17.446000	175.169478
12.700068	17.447000	175.179519
12.699556	17.448000	175.189559
12.699043	17.449000	175.199600
12.698530	17.450000	175.209641
12.698017	17.451000	175.219681
12.697505	17.452000	175.229722
12.696992	17.453000	175.239763
12.696479	17.454000	175.249803
12.695966	17.455000	175.259844
12.695453	17.456000	175.269885
12.694941	17.457000	175.279925
12.694428	17.458000	175.289966
12.693915	17.459000	175.300007
12.693402	17.460000	175.310047
12.692889	17.461000	175.320088
12.692376	17.462000	175.330129
12.691863	17.463000	175.340169
12.691350	17.464000	175.350210
12.690837	17.465000	175.360251
12.690324	17.466000	175.370291
12.689811	17.467000	175.380332
12.689298	17.468000	175.390373
12.688785	17.469000	175.400413
12.688272	17.470000	175.410454
12.687759	17.471000	175.420495
12.687246	17.472000	175.430535
12.686733	17.473000	175.440576
12.686220	17.474000	175.450617
12.685707	17.475000	175.460657
12.685193	17.476000	175.470698
12.684680	17.477000	175.480739
12.684167	17.478000	175.490779
12.683654	17.479000	175.500820
12.683141	17.480000	175.510861
12.682627	17.481000	175.520901
12.682114	17.482000	175.530942
12.681601	17.483000	175.540983
12.681088	17.484000	175.551023
12.680574	17.485000	175.561064
12.680061	17.486000	175.571105
12.679548	17.487000	175.581145
12.679034	17.488000	175.591186
12.678521	17.489000	175.601227
12.678008	17.490000	175.611267
12.677494	17.491000	175.621308
12.676981	17.492000	175.631349
12.676467	17.493000	175.641389
12.675954	17.494000	175.651430
12.675440	17.495000	175.661471
12.674927	17.496000	175.671511
12.674413	17.497000	175.681552
12.673900	17.498000	175.691593
12.673386	17.499000	175.701633
12.672873	17.500000	175.711674
12.672359	17.501000	175.721715
12.671846	17.502000	175.731755
12.671332	17.503000	175.741796
12.670818	17.504000	175.751837
12.670305	17.505000	175.761877
12.669791	17.506000	175.771918
12.669277	17.507000	175.781959
12.668764	17.508000	175.791999
12.668250	17.509000	175.802040
12.667736	17.510000	175.812081
12.667223	17.511000	175.822121
12.666709	17.512000	175.832162
12.666195	17.513000	175.842203
12.665681	17.514000	175.852243
12.665167	17.515000	175.862284
12.664654	17.516000	175.872325
12.664140	17.517000	175.882365
12.663626	17.518000	175.892406
12.663112	17.519000	175.902447
12.662598	17.520000	175.912487
12.662084	17.521000	175.922528
12.661570	17.522000	175.932569
12.661056	17.523000	175.942609
12.660543	17.524000	175.952650
12.660029	17.525000	175.962691
12.659515	17.526000	175.972731
12.659001	17.527000	175.982772
12.658487	17.528000	175.992813
12.657973	17.529000	176.002853
12.657458	17.530000	176.012894
12.656944	17.531000	176.022935
12.656430	17.532000	176.032975
12.655916	17.533000	176.043016
12.655402	17.534000	176.053057
12.654888	17.535000	176.063097
12.654374	17.536000	176.073138
12.653860	17.537000	176.083179
12.653345	17.538000	176.093220
12.652831	17.539000	176.103260
12.652317	17.540000	176.113301
12.651803	17.541000	176.123342
12.651289	17.542000	176.133382
12.650774	17.543000	176.143423
12.650260	17.544000	176.153464
12.649746	17.545000	176.163504
12.649231	17.546000	176.173545
12.648717	17.547000	176.183586
12.648203	17.548000	176.193626
12.647688	17.549000	176.203667
12.647174	17.550000	176.213708
12.646660	17.551000	176.223748
12.646145	17.552000	176.233789
12.645631	17.553000	176.243830
12.645116	17.554000	176.253870
12.644602	17.555000	176.263911
12.644087	17.556000	176.273952
12.643573	17.557000	176.283992
12.643058	17.558000	176.294033
12.642544	17.559000	176.304074
12.642029	17.560000	176.314114
12.641515	17.561000	176.324155
12.641000	17.562000	176.334196
12.640486	17.563000	176.344236
12.639971	17.564000	176.354277
12.639456	17.565000	176.364318
12.638942	17.566000	176.374358
12.638427	17.567000	176.384399
12.637912	17.568000	176.394440
12.637398	17.569000	176.404480
12.636883	17.570000	176.414521
12.636368	17.571000	176.424562
12.635853	17.572000	176.434602
12.635339	17.573000	176.444643
12.634824	17.574000	176.454684
12.634309	17.575000	176.464724
12.633794	17.576000	176.474765
12.633279	17.577000	176.484806
12.632765	17.578000	176.494846
12.632250	17.579000	176.504887
12.631735	17.580000	176.514928
12.631220	17.581000	176.524968
12.630705	17.582000	176.535009
12.630190	17.583000	176.545050
12.629675	17.584000	176.555090
12.629160	17.585000	176.565131
12.628645	17.586000	176.575172
12.628130	17.587000	176.585212
12.627615	17.588000	176.595253
12.627100	17.589000	176.605294
12.626585	17.590000	176.615334
12.626070	17.591000	176.625375
12.625555	17.592000	176.635416
12.625040	17.593000	176.645456
12.624525	17.594000	176.655497
12.624010	17.595000	176.665538
12.623494	17.596000	176.675578
12.622979	17.597000	176.685619
12.622464	17.598000	176.695660
12.621949	17.599000	176.705700
12.621434	17.600000	176.715741
12.620918	17.601000	176.725782
12.620403	17.602000	176.735822
12.619888	17.603000	176.745863
12.619373	17.604000	176.755904
12.618857	17.605000	176.765944
12.618342	17.606000	176.775985
12.617827	17.607000	176.786026
12.617311	17.608000	176.796066
12.616796	17.609000	176.806107
12.616281	17.610000	176.816148
12.615765	17.611000	176.826188
12.615250	17.612000	176.836229
12.614734	17.613000	176.846270
12.614219	17.614000	176.856310
12.613703	17.615000	176.866351
12.613188	17.616000	176.876392
12.612672	17.617000	176.886432
12.612157	17.618000	176.896473
12.611641	17.619000	176.906514
12.611126	17.620000	176.916554
12.610610	17.621000	176.926595
12.610095	17.622000	176.936636
12.609579	17.623000	176.946676
12.609063	17.624000	176.956717
12.608548	17.625000	176.966758
12.608032	17.626000	176.976798
12.607516	17.627000	176.986839
12.607001	17.628000	176.996880
12.606485	17.629000	177.006920
12.605969	17.630000	177.016961
12.605454	17.631000	177.027002
12.604938	17.632000	177.037042
12.604422	17.633000	177.047083
12.603906	17.634000	177.057124
12.603390	17.635000	177.067164
12.602875	17.636000	177.077205
12.602359	17.637000	177.087246
12.601843	17.638000	177.097286
12.601327	17.639000	177.107327
12.600811	17.640000	177.117368
12.600295	17.641000	177.127408
12.599779	17.642000	177.137449
12.599263	17.643000	177.147490
12.598747	17.644000	177.157530
12.598231	17.645000	177.167571
12.597716	17.646000	177.177612
12.597199	17.647000	177.187652
12.596683	17.648000	177.197693
12.596167	17.649000	177.207734
12.595651	17.650000	177.217774
12.595135	17.651000	177.227815
12.594619	17.652000	177.237856
12.594103	17.653000	177.247896
12.593587	17.654000	177.257937
12.593071	17.655000	177.267978
12.592555	17.656000	177.278018
12.592039	17.657000	177.288059
12.591522	17.658000	177.298100
12.591006	17.659000	177.308140
12.590490	17.660000	177.318181
12.589974	17.661000	177.328222
12.589457	17.662000	177.338262
12.588941	17.663000	177.348303
12.588425	17.664000	177.358344
12.587909	17.665000	177.368384
12.587392	17.666000	177.378425
12.586876	17.667000	177.388466
12.586359	17.668000	177.398506
12.585843	17.669000	177.408547
12.585327	17.670000	177.418588
12.584810	17.671000	177.428628
12.584294	17.672000	177.438669
12.583777	17.673000	177.448710
12.583261	17.674000	177.458750
12.582745	17.675000	177.468791
12.582228	17.676000	177.478832
12.581712	17.677000	177.488872
12.581195	17.678000	177.498913
12.580678	17.679000	177.508954
12.580162	17.680000	177.518994
12.579645	17.681000	177.529035
12.579129	17.682000	177.539076
12.578612	17.683000	177.549116
12.578095	17.684000	177.559157
12.577579	17.685000	177.569198
12.577062	17.686000	177.579238
12.576545	17.687000	177.589279
12.576029	17.688000	177.599320
12.575512	17.689000	177.609360
12.574995	17.690000	177.619401
12.574479	17.691000	177.629442
12.573962	17.692000	177.639482
12.573445	17.693000	177.649523
12.572928	17.694000	177.659564
12.572411	17.695000	177.669604
12.571895	17.696000	177.679645
12.571378	17.697000	177.689686
12.570861	17.698000	177.699726
12.570344	17.699000	177.709767
12.569827	17.700000	177.719808
12.569310	17.701000	177.729848
12.568793	17.702000	177.739889
12.568276	17.703000	177.749930
12.567759	17.704000	177.759970
12.567242	17.705000	177.770011
12.566725	17.706000	177.780052
12.566208	17.707000	177.790092
12.565691	17.708000	177.800133
12.565174	17.709000	177.810174
12.564657	17.710000	177.820214
12.564140	17.711000	177.830255
12.563623	17.712000	177.840296
12.563106	17.713000	177.850336
12.562589	17.714000	177.860377
12.562072	17.715000	177.870418
12.561554	17.716000	177.880458
12.561037	17.717000	177.890499
12.560520	17.718000	177.900540
12.560003	17.719000	177.910580
12.559486	17.720000	177.920621
12.558968	17.721000	177.930662
12.558451	17.722000	177.940702
12.557934	17.723000	177.950743
12.557416	17.724000	177.960784
12.556899	17.725000	177.970824
12.556382	17.726000	177.980865
12.555864	17.727000	177.990906
12.555347	17.728000	178.000946
12.554830	17.729000	178.010987
12.554312	17.730000	178.021028
12.553795	17.731000	178.031068
12.553277	17.732000	178.041109
12.552760	17.733000	178.051150
12.552242	17.734000	178.061190
12.551725	17.735000	178.071231
12.551207	17.736000	178.081272
12.550690	17.737000	178.091312
12.550172	17.738000	178.101353
12.549655	17.739000	178.111394
12.549137	17.740000	178.121434
12.548620	17.741000	178.131475
12.548102	17.742000	178.141516
12.547584	17.743000	178.151556
12.547067	17.744000	178.161597
12.546549	17.745000	178.171638
12.546031	17.746000	178.181678
12.545514	17.747000	178.191719
12.544996	17.748000	178.201760
12.544478	17.749000	178.211800
12.543961	17.750000	178.221841
12.543443	17.751000	178.231882
12.542925	17.752000	178.241922
12.542407	17.753000	178.251963
12.541889	17.754000	178.262004
12.541372	17.755000	178.272044
12.540854	17.756000	178.282085
12.540336	17.757000	178.292126
12.539818	17.758000	178.302166
12.539300	17.759000	178.312207
12.538782	17.760000	178.322248
12.538264	17.761000	178.332288
12.537746	17.762000	178.342329
12.537228	17.763000	178.352370
12.536710	17.764000	178.362410
12.536192	17.765000	178.372451
12.535674	17.766000	178.382492
12.535156	17.767000	178.392532
12.534638	17.768000	178.402573
12.534120	17.769000	178.412614
12.533602	17.770000	178.422654
12.533084	17.771000	178.432695
12.532566	17.772000	178.442736
12.532048	17.773000	178.452776
12.531530	17.774000	178.462817
12.531011	17.775000	178.472858
12.530493	17.776000	178.482898
12.529975	17.777000	178.492939
12.529457	17.778000	178.502980
12.528939	17.779000	178.513020
12.528420	17.780000	178.523061
12.527902	17.781000	178.533102
12.527384	17.782000	178.543142
12.526865	17.783000	178.553183
12.526347	17.784000	178.563224
12.525829	17.785000	178.573264
12.525310	17.786000	178.583305
12.524792	17.787000	178.593346
12.524274	17.788000	178.603386
12.523755	17.789000	178.613427
12.523237	17.790000	178.623468
12.522718	17.791000	178.633508
12.522200	17.792000	178.643549
12.521681	17.793000	178.653590
12.521163	17.794000	178.663630
12.520644	17.795000	178.673671
12.520126	17.796000	178.683712
12.519607	17.797000	178.693752
12.519089	17.798000	178.703793
12.518570	17.799000	178.713834
12.518052	17.800000	178.723874
12.517533	17.801000	178.733915
12.517014	17.802000	178.743956
12.516496	17.803000	178.753996
12.515977	17.804000	178.764037
12.515458	17.805000	178.774078
12.514940	17.806000	178.784118
12.514421	17.807000	178.794159
12.513902	17.808000	178.804200
12.513383	17.809000	178.814240
12.512865	17.810000	178.824281
12.512346	17.811000	178.834322
12.511827	17.812000	178.844362
12.511308	17.813000	178.854403
12.510789	17.814000	178.864444
12.510271	17.815000	178.874484
12.509752	17.816000	178.884525
12.509233	17.817000	178.894566
12.508714	17.818000	178.904606
12.508195	17.819000	178.914647
12.507676	17.820000	178.924688
12.507157	17.821000	178.934728
12.506638	17.822000	178.944769
12.506119	17.823000	178.954810
12.505600	17.824000	178.964850
12.505081	17.825000	178.974891
12.504562	17.826000	178.984932
12.504043	17.827000	178.994972
12.503524	17.828000	179.005013
12.503005	17.829000	179.015054
12.502486	17.830000	179.025094
12.501967	17.831000	179.035135
12.501447	17.832000	179.045176
12.500928	17.833000	179.055216
12.500409	17.834000	179.065257
12.499890	17.835000	179.075298
12.499371	17.836000	179.085338
12.498851	17.837000	179.095379
12.498332	17.838000	179.105420
12.497813	17.839000	179.115460
12.497294	17.840000	179.125501
12.496774	17.841000	179.135542
12.496255	17.842000	179.145582
12.495736	17.843000	179.155623
12.495216	17.844000	179.165664
12.494697	17.845000	179.175704
12.494178	17.846000	179.185745
12.493658	17.847000	179.195786
12.493139	17.848000	179.205826
12.492619	17.849000	179.215867
12.492100	17.850000	179.225908
12.491580	17.851000	179.235948
12.491061	17.852000	179.245989
12.490541	17.853000	179.256030
12.490022	17.854000	179.266070
12.489502	17.855000	179.276111
12.488983	17.856000	179.286152
12.488463	17.857000	179.296192
12.487944	17.858000	179.306233
12.487424	17.859000	179.316274
12.486904	17.860000	179.326314
12.486385	17.861000	179.336355
12.485865	17.862000	179.346396
12.485345	17.863000	179.356436
12.484826	17.864000	179.366477
12.484306	17.865000	179.376518
12.483786	17.866000	179.386558
12.483266	17.867000	179.396599
12.482747	17.868000	179.406640
12.482227	17.869000	179.416680
12.481707	17.870000	179.426721
12.481187	17.871000	179.436762
12.480667	17.872000	179.446802
12.480148	17.873000	179.456843
12.479628	17.874000	179.466884
12.479108	17.875000	179.476924
12.478588	17.876000	179.486965
12.478068	17.877000	179.497006
12.477548	17.878000	179.507046
12.477028	17.879000	179.517087
12.476508	17.880000	179.527128
12.475988	17.881000	179.537168
12.475468	17.882000	179.547209
12.474948	17.883000	179.557250
12.474428	17.884000	179.567290
12.473908	17.885000	179.577331
12.473388	17.886000	179.587372
12.472868	17.887000	179.597412
12.472348	17.888000	179.607453
12.471828	17.889000	179.617494
12.471308	17.890000	179.627534
12.470787	17.891000	179.637575
12.470267	17.892000	179.647616
12.469747	17.893000	179.657656
12.469227	17.894000	179.667697
12.468707	17.895000	179.677738
12.468186	17.896000	179.687778
12.467666	17.897000	179.697819
12.467146	17.898000	179.707860
12.466625	17.899000	179.717900
12.466105	17.900000	179.727941
12.465585	17.901000	179.737982
12.465064	17.902000	179.748022
12.464544	17.903000	179.758063
12.464024	17.904000	179.768104
12.463503	17.905000	179.778144
12.462983	17.906000	179.788185
12.462462	17.907000	179.798226
12.461942	17.908000	179.808266
12.461422	17.909000	179.818307
12.460901	17.910000	179.828348
12.460381	17.911000	179.838388
12.459860	17.912000	179.848429
12.459340	17.913000	179.858470
12.458819	17.914000	179.868510
12.458298	17.915000	179.878551
12.457778	17.916000	179.888592
12.457257	17.917000	179.898632
12.456737	17.918000	179.908673
12.456216	17.919000	179.918714
12.455695	17.920000	179.928754
12.455175	17.921000	179.938795
12.454654	17.922000	179.948836
12.454133	17.923000	179.958876
12.453612	17.924000	179.968917
12.453092	17.925000	179.978958
12.452571	17.926000	179.988998
12.452050	17.927000	179.999039
12.451529	17.928000	180.009080
12.451009	17.929000	180.019120
12.450488	17.930000	180.029161
12.449967	17.931000	180.039202
12.449446	17.932000	180.049242
12.448925	17.933000	180.059283
12.448404	17.934000	180.069324
12.447883	17.935000	180.079364
12.447362	17.936000	180.089405
12.446841	17.937000	180.099446
12.446320	17.938000	180.109486
12.445799	17.939000	180.119527
12.445278	17.940000	180.129568
12.444757	17.941000	180.139608
12.444236	17.942000	180.149649
12.443715	17.943000	180.159690
12.443194	17.944000	180.169730
12.442673	17.945000	180.179771
12.442152	17.946000	180.189812
12.441631	17.947000	180.199852
12.441110	17.948000	180.209893
12.440589	17.949000	180.219934
12.440067	17.950000	180.229974
12.439546	17.951000	180.240015
12.439025	17.952000	180.250056
12.438504	17.953000	180.260096
12.437983	17.954000	180.270137
12.437461	17.955000	180.280178
12.436940	17.956000	180.290218
12.436419	17.957000	180.300259
12.435897	17.958000	180.310300
12.435376	17.959000	180.320340
12.434855	17.960000	180.330381
12.434333	17.961000	180.340422
12.433812	17.962000	180.350462
12.433290	17.963000	180.360503
12.432769	17.964000	180.370544
12.432248	17.965000	180.380584
12.431726	17.966000	180.390625
12.431205	17.967000	180.400666
12.430683	17.968000	180.410706
12.430162	17.969000	180.420747
12.429640	17.970000	180.430788
12.429119	17.971000	180.440828
12.428597	17.972000	180.450869
12.428075	17.973000	180.460910
12.427554	17.974000	180.470950
12.427032	17.975000	180.480991
12.426511	17.976000	180.491032
12.425989	17.977000	180.501072
12.425467	17.978000	180.511113
12.424946	17.979000	180.521154
12.424424	17.980000	180.531194
12.423902	17.981000	180.541235
12.423380	17.982000	180.551276
12.422859	17.983000	180.561316
12.422337	17.984000	180.571357
12.421815	17.985000	180.581398
12.421293	17.986000	180.591438
12.420772	17.987000	180.601479
12.420250	17.988000	180.611520
12.419728	17.989000	180.621560
12.419206	17.990000	180.631601
12.418684	17.991000	180.641642
12.418162	17.992000	180.651682
12.417640	17.993000	180.661723
12.417118	17.994000	180.671764
12.416596	17.995000	180.681804
12.416074	17.996000	180.691845
12.415552	17.997000	180.701886
12.415030	17.998000	180.711926
12.414508	17.999000	180.721967
12.413986	18.000000	180.732008
12.413464	18.001000	180.742048
12.412942	18.002000	180.752089
12.412420	18.003000	180.762130
12.411898	18.004000	180.772170
12.411376	18.005000	180.782211
12.410854	18.006000	180.792252
12.410331	18.007000	180.802292
12.409809	18.008000	180.812333
12.409287	18.009000	180.822374
12.408765	18.010000	180.832414
12.408243	18.011000	180.842455
12.407720	18.012000	180.852496
12.407198	18.013000	180.862536
12.406676	18.014000	180.872577
12.406153	18.015000	180.882618
12.405631	18.016000	180.892658
12.405109	18.017000	180.902699
12.404586	18.018000	180.912740
12.404064	18.019000	180.922780
12.403542	18.020000	180.932821
12.403019	18.021000	180.942862
12.402497	18.022000	180.952902
12.401974	18.023000	180.962943
12.401452	18.024000	180.972984
12.400929	18.025000	180.983024
12.400407	18.026000	180.993065
12.399884	18.027000	181.003106
12.399362	18.028000	181.013146
12.398839	18.029000	181.023187
12.398317	18.030000	181.033228
12.397794	18.031000	181.043268
12.397271	18.032000	181.053309
12.396749	18.033000	181.063350
12.396226	18.034000	181.073390
12.395704	18.035000	181.083431
12.395181	18.036000	181.093472
12.394658	18.037000	181.103512
12.394135	18.038000	181.113553
12.393613	18.039000	181.123594
12.393090	18.040000	181.133634
12.392567	18.041000	181.143675
12.392044	18.042000	181.153716
12.391522	18.043000	181.163756
12.390999	18.044000	181.173797
12.390476	18.045000	181.183838
12.389953	18.046000	181.193878
12.389430	18.047000	181.203919
12.388907	18.048000	181.213960
12.388384	18.049000	181.224000
12.387862	18.050000	181.234041
12.387339	18.051000	181.244082
12.386816	18.052000	181.254122
12.386293	18.053000	181.264163
12.385770	18.054000	181.274204
12.385247	18.055000	181.284244
12.384724	18.056000	181.294285
12.384201	18.057000	181.304326
12.383678	18.058000	181.314366
12.383154	18.059000	181.324407
12.382631	18.060000	181.334448
12.382108	18.061000	181.344488
12.381585	18.062000	181.354529
12.381062	18.063000	181.364570
12.380539	18.064000	181.374610
12.380016	18.065000	181.384651
12.379492	18.066000	181.394692
12.378969	18.067000	181.404732
12.378446	18.068000	181.414773
12.377923	18.069000	181.424814
12.377399	18.070000	181.434854
12.376876	18.071000	181.444895
12.376353	18.072000	181.454936
12.375829	18.073000	181.464976
12.375306	18.074000	181.475017
12.374783	18.075000	181.485058
12.374259	18.076000	181.495098
12.373736	18.077000	181.505139
12.373213	18.078000	181.515180
12.372689	18.079000	181.525220
12.372166	18.080000	181.535261
12.371642	18.081000	181.545302
12.371119	18.082000	181.555342
12.370595	18.083000	181.565383
12.370072	18.084000	181.575424
12.369548	18.085000	181.585464
12.369025	18.086000	181.595505
12.368501	18.087000	181.605546
12.367977	18.088000	181.615586
12.367454	18.089000	181.625627
12.366930	18.090000	181.635668
12.366407	18.091000	181.645708
12.365883	18.092000	181.655749
12.365359	18.093000	181.665790
12.364836	18.094000	181.675830
12.364312	18.095000	181.685871
12.363788	18.096000	181.695912
12.363264	18.097000	181.705952
12.362741	18.098000	181.715993
12.362217	18.099000	181.726034
12.361693	18.100000	181.736074
12.361169	18.101000	181.746115
12.360645	18.102000	181.756156
12.360121	18.103000	181.766196
12.359598	18.104000	181.776237
12.359074	18.105000	181.786278
12.358550	18.106000	181.796318
12.358026	18.107000	181.806359
12.357502	18.108000	181.816400
12.356978	18.109000	181.826440
12.356454	18.110000	181.836481
12.355930	18.111000	181.846522
12.355406	18.112000	181.856562
12.354882	18.113000	181.866603
12.354358	18.114000	181.876644
12.353834	18.115000	181.886684
12.353310	18.116000	181.896725
12.352786	18.117000	181.906766
12.352262	18.118000	181.916806
12.351737	18.119000	181.926847
12.351213	18.120000	181.936888
12.350689	18.121000	181.946928
12.350165	18.122000	181.956969
12.349641	18.123000	181.967010
12.349116	18.124000	181.977050
12.348592	18.125000	181.987091
12.348068	18.126000	181.997132
12.347544	18.127000	182.007172
12.347019	18.128000	182.017213
12.346495	18.129000	182.027254
12.345971	18.130000	182.037294
12.345446	18.131000	182.047335
12.344922	18.132000	182.057376
12.344398	18.133000	182.067416
12.343873	18.134000	182.077457
12.343349	18.135000	182.087498
12.342824	18.136000	182.097538
12.342300	18.137000	182.107579
12.341775	18.138000	182.117620
12.341251	18.139000	182.127660
12.340726	18.140000	182.137701
12.340202	18.141000	182.147742
12.339677	18.142000	182.157782
12.339153	18.143000	182.167823
12.338628	18.144000	182.177864
12.338104	18.145000	182.187904
12.337579	18.146000	182.197945
12.337054	18.147000	182.207986
12.336530	18.148000	182.218026
12.336005	18.149000	182.228067
12.335480	18.150000	182.238108
12.334956	18.151000	182.248148
12.334431	18.152000	182.258189
12.333906	18.153000	182.268230
12.333381	18.154000	182.278270
12.332857	18.155000	182.288311
12.332332	18.156000	182.298352
12.331807	18.157000	182.308392
12.331282	18.158000	182.318433
12.330757	18.159000	182.328474
12.330233	18.160000	182.338514
12.329708	18.161000	182.348555
12.329183	18.162000	182.358596
12.328658	18.163000	182.368636
12.328133	18.164000	182.378677
12.327608	18.165000	182.388718
12.327083	18.166000	182.398758
12.326558	18.167000	182.408799
12.326033	18.168000	182.418840
12.325508	18.169000	182.428880
12.324983	18.170000	182.438921
12.324458	18.171000	182.448962
12.323933	18.172000	182.459002
12.323408	18.173000	182.469043
12.322883	18.174000	182.479084
12.322358	18.175000	182.489124
12.321832	18.176000	182.499165
12.321307	18.177000	182.509206
12.320782	18.178000	182.519246
12.320257	18.179000	182.529287
12.319732	18.180000	182.539328
12.319206	18.181000	182.549368
12.318681	18.182000	182.559409
12.318156	18.183000	182.569450
12.317631	18.184000	182.579490
12.317105	18.185000	182.589531
12.316580	18.186000	182.599572
12.316055	18.187000	182.609612
12.315529	18.188000	182.619653
12.315004	18.189000	182.629694
12.314478	18.190000	182.639734
12.313953	18.191000	182.649775
12.313428	18.192000	182.659816
12.312902	18.193000	182.669856
12.312377	18.194000	182.679897
12.311851	18.195000	182.689938
12.311326	18.196000	182.699978
12.310800	18.197000	182.710019
12.310275	18.198000	182.720060
12.309749	18.199000	182.730100
12.309224	18.200000	182.740141
12.308698	18.201000	182.750182
12.308172	18.202000	182.760222
12.307647	18.203000	182.770263
12.307121	18.204000	182.780304
12.306595	18.205000	182.790344
12.306070	18.206000	182.800385
12.305544	18.207000	182.810426
12.305018	18.208000	182.820466
12.304493	18.209000	182.830507
12.303967	18.210000	182.840548
12.303441	18.211000	182.850588
12.302915	18.212000	182.860629
12.302389	18.213000	182.870670
12.301864	18.214000	182.880710
12.301338	18.215000	182.890751
12.300812	18.216000	182.900792
12.300286	18.217000	182.910832
12.299760	18.218000	182.920873
12.299234	18.219000	182.930914
12.298708	18.220000	182.940954
12.298182	18.221000	182.950995
12.297656	18.222000	182.961036
12.297130	18.223000	182.971076
12.296604	18.224000	182.981117
12.296078	18.225000	182.991158
12.295552	18.226000	183.001198
12.295026	18.227000	183.011239
12.294500	18.228000	183.021280
12.293974	18.229000	183.031320
12.293448	18.230000	183.041361
12.292922	18.231000	183.051402
12.292396	18.232000	183.061442
12.291870	18.233000	183.071483
12.291343	18.234000	183.081524
12.290817	18.235000	183.091564
12.290291	18.236000	183.101605
12.289765	18.237000	183.111646
12.289239	18.238000	183.121686
12.288712	18.239000	183.131727
12.288186	18.240000	183.141768
12.287660	18.241000	183.151808
12.287133	18.242000	183.161849
12.286607	18.243000	183.171890
12.286081	18.244000	183.181930
12.285554	18.245000	183.191971
12.285028	18.246000	183.202012
12.284502	18.247000	183.212052
12.283975	18.248000	183.222093
12.283449	18.249000	183.232134
12.282922	18.250000	183.242174
12.282396	18.251000	183.252215
12.281869	18.252000	183.262256
12.281343	18.253000	183.272296
12.280816	18.254000	183.282337
12.280290	18.255000	183.292378
12.279763	18.256000	183.302418
12.279236	18.257000	183.312459
12.278710	18.258000	183.322500
12.278183	18.259000	183.332540
12.277657	18.260000	183.342581
12.277130	18.261000	183.352622
12.276603	18.262000	183.362662
12.276076	18.263000	183.372703
12.275550	18.264000	183.382744
12.275023	18.265000	183.392784
12.274496	18.266000	183.402825
12.273970	18.267000	183.412866
12.273443	18.268000	183.422906
12.272916	18.269000	183.432947
12.272389	18.270000	183.442988
12.271862	18.271000	183.453028
12.271335	18.272000	183.463069
12.270809	18.273000	183.473110
12.270282	18.274000	183.483150
12.269755	18.275000	183.493191
12.269228	18.276000	183.503232
12.268701	18.277000	183.513272
12.268174	18.278000	183.523313
12.267647	18.279000	183.533354
12.267120	18.280000	183.543394
12.266593	18.281000	183.553435
12.266066	18.282000	183.563476
12.265539	18.283000	183.573516
12.265012	18.284000	183.583557
12.264485	18.285000	183.593598
12.263957	18.286000	183.603638
12.263430	18.287000	183.613679
12.262903	18.288000	183.623720
12.262376	18.289000	183.633760
12.261849	18.290000	183.643801
12.261322	18.291000	183.653842
12.260794	18.292000	183.663882
12.260267	18.293000	183.673923
12.259740	18.294000	183.683964
12.259213	18.295000	183.694004
12.258685	18.296000	183.704045
12.258158	18.297000	183.714086
12.257631	18.298000	183.724126
12.257103	18.299000	183.734167
12.256576	18.300000	183.744208
12.256049	18.301000	183.754248
12.255521	18.302000	183.764289
12.254994	18.303000	183.774330
12.254466	18.304000	183.784370
12.253939	18.305000	183.794411
12.253411	18.306000	183.804452
12.252884	18.307000	183.814492
12.252356	18.308000	183.824533
12.251829	18.309000	183.834574
12.251301	18.310000	183.844614
12.250774	18.311000	183.854655
12.250246	18.312000	183.864696
12.249719	18.313000	183.874736
12.249191	18.314000	183.884777
12.248663	18.315000	183.894818
12.248136	18.316000	183.904859
12.247608	18.317000	183.914899
12.247080	18.318000	183.924940
12.246553	18.319000	183.934981
12.246025	18.320000	183.945021
12.245497	18.321000	183.955062
12.244970	18.322000	183.965103
12.244442	18.323000	183.975143
12.243914	18.324000	183.985184
12.243386	18.325000	183.995225
12.242858	18.326000	184.005265
12.242330	18.327000	184.015306
12.241803	18.328000	184.025347
12.241275	18.329000	184.035387
12.240747	18.330000	184.045428
12.240219	18.331000	184.055469
12.239691	18.332000	184.065509
12.239163	18.333000	184.075550
12.238635	18.334000	184.085591
12.238107	18.335000	184.095631
12.237579	18.336000	184.105672
12.237051	18.337000	184.115713
12.236523	18.338000	184.125753
12.235995	18.339000	184.135794
12.235467	18.340000	184.145835
12.234939	18.341000	184.155875
12.234411	18.342000	184.165916
12.233882	18.343000	184.175957
12.233354	18.344000	184.185997
12.232826	18.345000	184.196038
12.232298	18.346000	184.206079
12.231770	18.347000	184.216119
12.231241	18.348000	184.226160
12.230713	18.349000	184.236201
12.230185	18.350000	184.246241
12.229657	18.351000	184.256282
12.229128	18.352000	184.266323
12.228600	18.353000	184.276363
12.228072	18.354000	184.286404
12.227543	18.355000	184.296445
12.227015	18.356000	184.306485
12.226487	18.357000	184.316526
12.225958	18.358000	184.326567
12.225430	18.359000	184.336607
12.224901	18.360000	184.346648
12.224373	18.361000	184.356689
12.223844	18.362000	184.366729
12.223316	18.363000	184.376770
12.222787	18.364000	184.386811
12.222259	18.365000	184.396851
12.221730	18.366000	184.406892
12.221202	18.367000	184.416933
12.220673	18.368000	184.426973
12.220144	18.369000	184.437014
12.219616	18.370000	184.447055
12.219087	18.371000	184.457095
12.218559	18.372000	184.467136
12.218030	18.373000	184.477177
12.217501	18.374000	184.487217
12.216972	18.375000	184.497258
12.216444	18.376000	184.507299
12.215915	18.377000	184.517339
12.215386	18.378000	184.527380
12.214857	18.379000	184.537421
12.214329	18.380000	184.547461
12.213800	18.381000	184.557502
12.213271	18.382000	184.567543
12.212742	18.383000	184.577583
12.212213	18.384000	184.587624
12.211684	18.385000	184.597665
12.211155	18.386000	184.607705
12.210626	18.387000	184.617746
12.210097	18.388000	184.627787
12.209569	18.389000	184.637827
12.209040	18.390000	184.647868
12.208511	18.391000	184.657909
12.207981	18.392000	184.667949
12.207452	18.393000	184.677990
12.206923	18.394000	184.688031
12.206394	18.395000	184.698071
12.205865	18.396000	184.708112
12.205336	18.397000	184.718153
12.204807	18.398000	184.728193
12.204278	18.399000	184.738234
12.203749	18.400000	184.748275
12.203219	18.401000	184.758315
12.202690	18.402000	184.768356
12.202161	18.403000	184.778397
12.201632	18.404000	184.788437
12.201102	18.405000	184.798478
12.200573	18.406000	184.808519
12.200044	18.407000	184.818559
12.199515	18.408000	184.828600
12.198985	18.409000	184.838641
12.198456	18.410000	184.848681
12.197927	18.411000	184.858722
12.197397	18.412000	184.868763
12.196868	18.413000	184.878803
12.196338	18.414000	184.888844
12.195809	18.415000	184.898885
12.195279	18.416000	184.908925
12.194750	18.417000	184.918966
12.194220	18.418000	184.929007
12.193691	18.419000	184.939047
12.193161	18.420000	184.949088
12.192632	18.421000	184.959129
12.192102	18.422000	184.969169
12.191573	18.423000	184.979210
12.191043	18.424000	184.989251
12.190513	18.425000	184.999291
12.189984	18.426000	185.009332
12.189454	18.427000	185.019373
12.188924	18.428000	185.029413
12.188395	18.429000	185.039454
12.187865	18.430000	185.049495
12.187335	18.431000	185.059535
12.186806	18.432000	185.069576
12.186276	18.433000	185.079617
12.185746	18.434000	185.089657
12.185216	18.435000	185.099698
12.184686	18.436000	185.109739
12.184156	18.437000	185.119779
12.183627	18.438000	185.129820
12.183097	18.439000	185.139861
12.182567	18.440000	185.149901
12.182037	18.441000	185.159942
12.181507	18.442000	185.169983
12.180977	18.443000	185.180023
12.180447	18.444000	185.190064
12.179917	18.445000	185.200105
12.179387	18.446000	185.210145
12.178857	18.447000	185.220186
12.178327	18.448000	185.230227
12.177797	18.449000	185.240267
12.177267	18.450000	185.250308
12.176737	18.451000	185.260349
12.176207	18.452000	185.270389
12.175676	18.453000	185.280430
12.175146	18.454000	185.290471
12.174616	18.455000	185.300511
12.174086	18.456000	185.310552
12.173556	18.457000	185.320593
12.173026	18.458000	185.330633
12.172495	18.459000	185.340674
12.171965	18.460000	185.350715
12.171435	18.461000	185.360755
12.170904	18.462000	185.370796
12.170374	18.463000	185.380837
12.169844	18.464000	185.390877
12.169313	18.465000	185.400918
12.168783	18.466000	185.410959
12.168253	18.467000	185.420999
12.167722	18.468000	185.431040
12.167192	18.469000	185.441081
12.166661	18.470000	185.451121
12.166131	18.471000	185.461162
12.165600	18.472000	185.471203
12.165070	18.473000	185.481243
12.164539	18.474000	185.491284
12.164009	18.475000	185.501325
12.163478	18.476000	185.511365
12.162948	18.477000	185.521406
12.162417	18.478000	185.531447
12.161886	18.479000	185.541487
12.161356	18.480000	185.551528
12.160825	18.481000	185.561569
12.160295	18.482000	185.571609
12.159764	18.483000	185.581650
12.159233	18.484000	185.591691
12.158702	18.485000	185.601731
12.158172	18.486000	185.611772
12.157641	18.487000	185.621813
12.157110	18.488000	185.631853
12.156579	18.489000	185.641894
12.156048	18.490000	185.651935
12.155518	18.491000	185.661975
12.154987	18.492000	185.672016
12.154456	18.493000	185.682057
12.153925	18.494000	185.692097
12.153394	18.495000	185.702138
12.152863	18.496000	185.712179
12.152332	18.497000	185.722219
12.151801	18.498000	185.732260
12.151270	18.499000	185.742301
12.150739	18.500000	185.752341
12.150208	18.501000	185.762382
12.149677	18.502000	185.772423
12.149146	18.503000	185.782463
12.148615	18.504000	185.792504
12.148084	18.505000	185.802545
12.147553	18.506000	185.812585
12.147022	18.507000	185.822626
12.146491	18.508000	185.832667
12.145959	18.509000	185.842707
12.145428	18.510000	185.852748
12.144897	18.511000	185.862789
12.144366	18.512000	185.872829
12.143835	18.513000	185.882870
12.143303	18.514000	185.892911
12.142772	18.515000	185.902951
12.142241	18.516000	185.912992
12.141710	18.517000	185.923033
12.141178	18.518000	185.933073
12.140647	18.519000	185.943114
12.140115	18.520000	185.953155
12.139584	18.521000	185.963195
12.139053	18.522000	185.973236
12.138521	18.523000	185.983277
12.137990	18.524000	185.993317
12.137458	18.525000	186.003358
12.136927	18.526000	186.013399
12.136395	18.527000	186.023439
12.135864	18.528000	186.033480
12.135332	18.529000	186.043521
12.134801	18.530000	186.053561
12.134269	18.531000	186.063602
12.133738	18.532000	186.073643
12.133206	18.533000	186.083683
12.132674	18.534000	186.093724
12.132143	18.535000	186.103765
12.131611	18.536000	186.113805
12.131079	18.537000	186.123846
12.130548	18.538000	186.133887
12.130016	18.539000	186.143927
12.129484	18.540000	186.153968
12.128952	18.541000	186.164009
12.128421	18.542000	186.174049
12.127889	18.543000	186.184090
12.127357	18.544000	186.194131
12.126825	18.545000	186.204171
12.126293	18.546000	186.214212
12.125762	18.547000	186.224253
12.125230	18.548000	186.234293
12.124698	18.549000	186.244334
12.124166	18.550000	186.254375
12.123634	18.551000	186.264415
12.123102	18.552000	186.274456
12.122570	18.553000	186.284497
12.122038	18.554000	186.294537
12.121506	18.555000	186.304578
12.120974	18.556000	186.314619
12.120442	18.557000	186.324659
12.119910	18.558000	186.334700
12.119378	18.559000	186.344741
12.118846	18.560000	186.354781
12.118314	18.561000	186.364822
12.117781	18.562000	186.374863
12.117249	18.563000	186.384903
12.116717	18.564000	186.394944
12.116185	18.565000	186.404985
12.115653	18.566000	186.415025
12.115120	18.567000	186.425066
12.114588	18.568000	186.435107
12.114056	18.569000	186.445147
12.113524	18.570000	186.455188
12.112991	18.571000	186.465229
12.112459	18.572000	186.475269
12.111927	18.573000	186.485310
12.111394	18.574000	186.495351
12.110862	18.575000	186.505391
12.110329	18.576000	186.515432
12.109797	18.577000	186.525473
12.109265	18.578000	186.535513
12.108732	18.579000	186.545554
12.108200	18.580000	186.555595
12.107667	18.581000	186.565635
12.107135	18.582000	186.575676
12.106602	18.583000	186.585717
12.106070	18.584000	186.595757
12.105537	18.585000	186.605798
12.105004	18.586000	186.615839
12.104472	18.587000	186.625879
12.103939	18.588000	186.635920
12.103407	18.589000	186.645961
12.102874	18.590000	186.656001
12.102341	18.591000	186.666042
12.101808	18.592000	186.676083
12.101276	18.593000	186.686123
12.100743	18.594000	186.696164
12.100210	18.595000	186.706205
12.099677	18.596000	186.716245
12.099145	18.597000	186.726286
12.098612	18.598000	186.736327
12.098079	18.599000	186.746367
12.097546	18.600000	186.756408
12.097013	18.601000	186.766449
12.096480	18.602000	186.776489
12.095948	18.603000	186.786530
12.095415	18.604000	186.796571
12.094882	18.605000	186.806611
12.094349	18.606000	186.816652
12.093816	18.607000	186.826693
12.093283	18.608000	186.836733
12.092750	18.609000	186.846774
12.092217	18.610000	186.856815
12.091684	18.611000	186.866855
12.091151	18.612000	186.876896
12.090617	18.613000	186.886937
12.090084	18.614000	186.896977
12.089551	18.615000	186.907018
12.089018	18.616000	186.917059
12.088485	18.617000	186.927099
12.087952	18.618000	186.937140
12.087419	18.619000	186.947181
12.086885	18.620000	186.957221
12.086352	18.621000	186.967262
12.085819	18.622000	186.977303
12.085286	18.623000	186.987343
12.084752	18.624000	186.997384
12.084219	18.625000	187.007425
12.083686	18.626000	187.017465
12.083152	18.627000	187.027506
12.082619	18.628000	187.037547
12.082086	18.629000	187.047587
12.081552	18.630000	187.057628
12.081019	18.631000	187.067669
12.080485	18.632000	187.077709
12.079952	18.633000	187.087750
12.079418	18.634000	187.097791
12.078885	18.635000	187.107831
12.078351	18.636000	187.117872
12.077818	18.637000	187.127913
12.077284	18.638000	187.137953
12.076751	18.639000	187.147994
12.076217	18.640000	187.158035
12.075683	18.641000	187.168075
12.075150	18.642000	187.178116
12.074616	18.643000	187.188157
12.074082	18.644000	187.198197
12.073549	18.645000	187.208238
12.073015	18.646000	187.218279
12.072481	18.647000	187.228319
12.071948	18.648000	187.238360
12.071414	18.649000	187.248401
12.070880	18.650000	187.258441
12.070346	18.651000	187.268482
12.069812	18.652000	187.278523
12.069279	18.653000	187.288563
12.068745	18.654000	187.298604
12.068211	18.655000	187.308645
12.067677	18.656000	187.318685
12.067143	18.657000	187.328726
12.066609	18.658000	187.338767
12.066075	18.659000	187.348807
12.065541	18.660000	187.358848
12.065007	18.661000	187.368889
12.064473	18.662000	187.378929
12.063939	18.663000	187.388970
12.063405	18.664000	187.399011
12.062871	18.665000	187.409051
12.062337	18.666000	187.419092
12.061803	18.667000	187.429133
12.061269	18.668000	187.439173
12.060735	18.669000	187.449214
12.060201	18.670000	187.459255
12.059666	18.671000	187.469295
12.059132	18.672000	187.479336
12.058598	18.673000	187.489377
12.058064	18.674000	187.499417
12.057530	18.675000	187.509458
12.056995	18.676000	187.519499
12.056461	18.677000	187.529539
12.055927	18.678000	187.539580
12.055392	18.679000	187.549621
12.054858	18.680000	187.559661
12.054324	18.681000	187.569702
12.053789	18.682000	187.579743
12.053255	18.683000	187.589783
12.052720	18.684000	187.599824
12.052186	18.685000	187.609865
12.051652	18.686000	187.619905
12.051117	18.687000	187.629946
12.050583	18.688000	187.639987
12.050048	18.689000	187.650027
12.049514	18.690000	187.660068
12.048979	18.691000	187.670109
12.048444	18.692000	187.680149
12.047910	18.693000	187.690190
12.047375	18.694000	187.700231
12.046841	18.695000	187.710271
12.046306	18.696000	187.720312
12.045771	18.697000	187.730353
12.045237	18.698000	187.740393
12.044702	18.699000	187.750434
12.044167	18.700000	187.760475
12.043633	18.701000	187.770515
12.043098	18.702000	187.780556
12.042563	18.703000	187.790597
12.042028	18.704000	187.800637
12.041493	18.705000	187.810678
12.040959	18.706000	187.820719
12.040424	18.707000	187.830759
12.039889	18.708000	187.840800
12.039354	18.709000	187.850841
12.038819	18.710000	187.860881
12.038284	18.711000	187.870922
12.037749	18.712000	187.880963
12.037214	18.713000	187.891003
12.036679	18.714000	187.901044
12.036144	18.715000	187.911085
12.035609	18.716000	187.921125
12.035074	18.717000	187.931166
12.034539	18.718000	187.941207
12.034004	18.719000	187.951247
12.033469	18.720000	187.961288
12.032934	18.721000	187.971329
12.032399	18.722000	187.981369
12.031864	18.723000	187.991410
12.031328	18.724000	188.001451
12.030793	18.725000	188.011491
12.030258	18.726000	188.021532
12.029723	18.727000	188.031573
12.029188	18.728000	188.041613
12.028652	18.729000	188.051654
12.028117	18.730000	188.061695
12.027582	18.731000	188.071735
12.027046	18.732000	188.081776
12.026511	18.733000	188.091817
12.025976	18.734000	188.101857
12.025440	18.735000	188.111898
12.024905	18.736000	188.121939
12.024370	18.737000	188.131979
12.023834	18.738000	188.142020
12.023299	18.739000	188.152061
12.022763	18.740000	188.162101
12.022228	18.741000	188.172142
12.021692	18.742000	188.182183
12.021157	18.743000	188.192223
12.020621	18.744000	188.202264
12.020086	18.745000	188.212305
12.019550	18.746000	188.222345
12.019014	18.747000	188.232386
12.018479	18.748000	188.242427
12.017943	18.749000	188.252467
12.017407	18.750000	188.262508
12.016872	18.751000	188.272549
12.016336	18.752000	188.282589
12.015800	18.753000	188.292630
12.015265	18.754000	188.302671
12.014729	18.755000	188.312711
12.014193	18.756000	188.322752
12.013657	18.757000	188.332793
12.013122	18.758000	188.342833
12.012586	18.759000	188.352874
12.012050	18.760000	188.362915
12.011514	18.761000	188.372955
12.010978	18.762000	188.382996
12.010442	18.763000	188.393037
12.009906	18.764000	188.403077
12.009370	18.765000	188.413118
12.008834	18.766000	188.423159
12.008298	18.767000	188.433199
12.007762	18.768000	188.443240
12.007226	18.769000	188.453281
12.006690	18.770000	188.463321
12.006154	18.771000	188.473362
12.005618	18.772000	188.483403
12.005082	18.773000	188.493443
12.004546	18.774000	188.503484
12.004010	18.775000	188.513525
12.003474	18.776000	188.523565
12.002938	18.777000	188.533606
12.002401	18.778000	188.543647
12.001865	18.779000	188.553687
12.001329	18.780000	188.563728
12.000793	18.781000	188.573769
12.000256	18.782000	188.583809
11.999720	18.783000	188.593850
11.999184	18.784000	188.603891
11.998648	18.785000	188.613931
11.998111	18.786000	188.623972
11.997575	18.787000	188.634013
11.997038	18.788000	188.644053
11.996502	18.789000	188.654094
11.995966	18.790000	188.664135
11.995429	18.791000	188.674175
11.994893	18.792000	188.684216
11.994356	18.793000	188.694257
11.993820	18.794000	188.704297
11.993283	18.795000	188.714338
11.992747	18.796000	188.724379
11.992210	18.797000	188.734419
11.991674	18.798000	188.744460
11.991137	18.799000	188.754501
11.990600	18.800000	188.764541
11.990064	18.801000	188.774582
11.989527	18.802000	188.784623
11.988991	18.803000	188.794663
11.988454	18.804000	188.804704
11.987917	18.805000	188.814745
11.987380	18.806000	188.824785
11.986844	18.807000	188.834826
11.986307	18.808000	188.844867
11.985770	18.809000	188.854907
11.985233	18.810000	188.864948
11.984697	18.811000	188.874989
11.984160	18.812000	188.885029
11.983623	18.813000	188.895070
11.983086	18.814000	188.905111
11.982549	18.815000	188.915151
11.982012	18.816000	188.925192
11.981475	18.817000	188.935233
11.980938	18.818000	188.945273
11.980401	18.819000	188.955314
11.979864	18.820000	188.965355
11.979327	18.821000	188.975395
11.978790	18.822000	188.985436
11.978253	18.823000	188.995477
11.977716	18.824000	189.005517
11.977179	18.825000	189.015558
11.976642	18.826000	189.025599
11.976105	18.827000	189.035639
11.975568	18.828000	189.045680
11.975031	18.829000	189.055721
11.974493	18.830000	189.065761
11.973956	18.831000	189.075802
11.973419	18.832000	189.085843
11.972882	18.833000	189.095883
11.972345	18.834000	189.105924
11.971807	18.835000	189.115965
11.971270	18.836000	189.126005
11.970733	18.837000	189.136046
11.970195	18.838000	189.146087
11.969658	18.839000	189.156127
11.969121	18.840000	189.166168
11.968583	18.841000	189.176209
11.968046	18.842000	189.186249
11.967508	18.843000	189.196290
11.966971	18.844000	189.206331
11.966434	18.845000	189.216371
11.965896	18.846000	189.226412
11.965359	18.847000	189.236453
11.964821	18.848000	189.246493
11.964284	18.849000	189.256534
11.963746	18.850000	189.266575
11.963208	18.851000	189.276615
11.962671	18.852000	189.286656
11.962133	18.853000	189.296697
11.961596	18.854000	189.306737
11.961058	18.855000	189.316778
11.960520	18.856000	189.326819
11.959983	18.857000	189.336859
11.959445	18.858000	189.346900
11.958907	18.859000	189.356941
11.958369	18.860000	189.366981
11.957832	18.861000	189.377022
11.957294	18.862000	189.387063
11.956756	18.863000	189.397103
11.956218	18.864000	189.407144
11.955680	18.865000	189.417185
11.955142	18.866000	189.427225
11.954605	18.867000	189.437266
11.954067	18.868000	189.447307
11.953529	18.869000	189.457347
11.952991	18.870000	189.467388
11.952453	18.871000	189.477429
11.951915	18.872000	189.487469
11.951377	18.873000	189.497510
11.950839	18.874000	189.507551
11.950301	18.875000	189.517591
11.949763	18.876000	189.527632
11.949225	18.877000	189.537673
11.948687	18.878000	189.547713
11.948148	18.879000	189.557754
11.947610	18.880000	189.567795
11.947072	18.881000	189.577835
11.946534	18.882000	189.587876
11.945996	18.883000	189.597917
11.945458	18.884000	189.607957
11.944919	18.885000	189.617998
11.944381	18.886000	189.628039
11.943843	18.887000	189.638079
11.943305	18.888000	189.648120
11.942766	18.889000	189.658161
11.942228	18.890000	189.668201
11.941690	18.891000	189.678242
11.941151	18.892000	189.688283
11.940613	18.893000	189.698323
11.940075	18.894000	189.708364
11.939536	18.895000	189.718405
11.938998	18.896000	189.728445
11.938459	18.897000	189.738486
11.937921	18.898000	189.748527
11.937382	18.899000	189.758567
11.936844	18.900000	189.768608
11.936305	18.901000	189.778649
11.935767	18.902000	189.788689
11.935228	18.903000	189.798730
11.934689	18.904000	189.808771
11.934151	18.905000	189.818811
11.933612	18.906000	189.828852
11.933074	18.907000	189.838893
11.932535	18.908000	189.848933
11.931996	18.909000	189.858974
11.931458	18.910000	189.869015
11.930919	18.911000	189.879055
11.930380	18.912000	189.889096
11.929841	18.913000	189.899137
11.929302	18.914000	189.909177
11.928764	18.915000	189.919218
11.928225	18.916000	189.929259
11.927686	18.917000	189.939299
11.927147	18.918000	189.949340
11.926608	18.919000	189.959381
11.926069	18.920000	189.969421
11.925530	18.921000	189.979462
11.924992	18.922000	189.989503
11.924453	18.923000	189.999543
11.923914	18.924000	190.009584
11.923375	18.925000	190.019625
11.922836	18.926000	190.029665
11.922297	18.927000	190.039706
11.921757	18.928000	190.049747
11.921218	18.929000	190.059787
11.920679	18.930000	190.069828
11.920140	18.931000	190.079869
11.919601	18.932000	190.089909
11.919062	18.933000	190.099950
11.918523	18.934000	190.109991
11.917984	18.935000	190.120031
11.917444	18.936000	190.130072
11.916905	18.937000	190.140113
11.916366	18.938000	190.150153
11.915827	18.939000	190.160194
11.915287	18.940000	190.170235
11.914748	18.941000	190.180275
11.914209	18.942000	190.190316
11.913669	18.943000	190.200357
11.913130	18.944000	190.210397
11.912591	18.945000	190.220438
11.912051	18.946000	190.230479
11.911512	18.947000	190.240519
11.910972	18.948000	190.250560
11.910433	18.949000	190.260601
11.909893	18.950000	190.270641
11.909354	18.951000	190.280682
11.908814	18.952000	190.290723
11.908275	18.953000	190.300763
11.907735	18.954000	190.310804
11.907196	18.955000	190.320845
11.906656	18.956000	190.330885
11.906117	18.957000	190.340926
11.905577	18.958000	190.350967
11.905037	18.959000	190.361007
11.904498	18.960000	190.371048
11.903958	18.961000	190.381089
11.903418	18.962000	190.391129
11.902878	18.963000	190.401170
11.902339	18.964000	190.411211
11.901799	18.965000	190.421251
11.901259	18.966000	190.431292
11.900719	18.967000	190.441333
11.900180	18.968000	190.451373
11.899640	18.969000	190.461414
11.899100	18.970000	190.471455
11.898560	18.971000	190.481495
11.898020	18.972000	190.491536
11.897480	18.973000	190.501577
11.896940	18.974000	190.511617
11.896400	18.975000	190.521658
11.895860	18.976000	190.531699
11.895320	18.977000	190.541739
11.894780	18.978000	190.551780
11.894240	18.979000	190.561821
11.893700	18.980000	190.571861
11.893160	18.981000	190.581902
11.892620	18.982000	190.591943
11.892080	18.983000	190.601983
11.891540	18.984000	190.612024
11.891000	18.985000	190.622065
11.890459	18.986000	190.632105
11.889919	18.987000	190.642146
11.889379	18.988000	190.652187
11.888839	18.989000	190.662227
11.888298	18.990000	190.672268
11.887758	18.991000	190.682309
11.887218	18.992000	190.692349
11.886678	18.993000	190.702390
11.886137	18.994000	190.712431
11.885597	18.995000	190.722471
11.885057	18.996000	190.732512
11.884516	18.997000	190.742553
11.883976	18.998000	190.752593
11.883435	18.999000	190.762634
11.882895	19.000000	190.772675
11.882354	19.001000	190.782715
11.881814	19.002000	190.792756
11.881273	19.003000	190.802797
11.880733	19.004000	190.812837
11.880192	19.005000	190.822878
11.879652	19.006000	190.832919
11.879111	19.007000	190.842959
11.878571	19.008000	190.853000
11.878030	19.009000	190.863041
11.877489	19.010000	190.873081
11.876949	19.011000	190.883122
11.876408	19.012000	190.893163
11.875867	19.013000	190.903203
11.875327	19.014000	190.913244
11.874786	19.015000	190.923285
11.874245	19.016000	190.933325
11.873704	19.017000	190.943366
11.873164	19.018000	190.953407
11.872623	19.019000	190.963447
11.872082	19.020000	190.973488
11.871541	19.021000	190.983529
11.871000	19.022000	190.993569
11.870459	19.023000	191.003610
11.869918	19.024000	191.013651
11.869377	19.025000	191.023691
11.868837	19.026000	191.033732
11.868296	19.027000	191.043773
11.867755	19.028000	191.053813
11.867214	19.029000	191.063854
11.866673	19.030000	191.073895
11.866131	19.031000	191.083935
11.865590	19.032000	191.093976
11.865049	19.033000	191.104017
11.864508	19.034000	191.114057
11.863967	19.035000	191.124098
11.863426	19.036000	191.134139
11.862885	19.037000	191.144179
11.862344	19.038000	191.154220
11.861802	19.039000	191.164261
11.861261	19.040000	191.174301
11.860720	19.041000	191.184342
11.860179	19.042000	191.194383
11.859637	19.043000	191.204423
11.859096	19.044000	191.214464
11.858555	19.045000	191.224505
11.858013	19.046000	191.234545
11.857472	19.047000	191.244586
11.856931	19.048000	191.254627
11.856389	19.049000	191.264667
11.855848	19.050000	191.274708
11.855306	19.051000	191.284749
11.854765	19.052000	191.294789
11.854223	19.053000	191.304830
11.853682	19.054000	191.314871
11.853140	19.055000	191.324911
11.852599	19.056000	191.334952
11.852057	19.057000	191.344993
11.851516	19.058000	191.355033
11.850974	19.059000	191.365074
11.850433	19.060000	191.375115
11.849891	19.061000	191.385155
11.849349	19.062000	191.395196
11.848808	19.063000	191.405237
11.848266	19.064000	191.415277
11.847724	19.065000	191.425318
11.847182	19.066000	191.435359
11.846641	19.067000	191.445399
11.846099	19.068000	191.455440
11.845557	19.069000	191.465481
11.845015	19.070000	191.475521
11.844474	19.071000	191.485562
11.843932	19.072000	191.495603
11.843390	19.073000	191.505643
11.842848	19.074000	191.515684
11.842306	19.075000	191.525725
11.841764	19.076000	191.535765
11.841222	19.077000	191.545806
11.840680	19.078000	191.555847
11.840138	19.079000	191.565887
11.839596	19.080000	191.575928
11.839054	19.081000	191.585969
11.838512	19.082000	191.596009
11.837970	19.083000	191.606050
11.837428	19.084000	191.616091
11.836886	19.085000	191.626131
11.836344	19.086000	191.636172
11.835802	19.087000	191.646213
11.835259	19.088000	191.656253
11.834717	19.089000	191.666294
11.834175	19.090000	191.676335
11.833633	19.091000	191.686375
11.833091	19.092000	191.696416
11.832548	19.093000	191.706457
11.832006	19.094000	191.716497
11.831464	19.095000	191.726538
11.830921	19.096000	191.736579
11.830379	19.097000	191.746620
11.829837	19.098000	191.756660
11.829294	19.099000	191.766701
11.828752	19.100000	191.776742
11.828210	19.101000	191.786782
11.827667	19.102000	191.796823
11.827125	19.103000	191.806864
11.826582	19.104000	191.816904
11.826040	19.105000	191.826945
11.825497	19.106000	191.836986
11.824955	19.107000	191.847026
11.824412	19.108000	191.857067
11.823869	19.109000	191.867108
11.823327	19.110000	191.877148
11.822784	19.111000	191.887189
11.822242	19.112000	191.897230
11.821699	19.113000	191.907270
11.821156	19.114000	191.917311
11.820614	19.115000	191.927352
11.820071	19.116000	191.937392
11.819528	19.117000	191.947433
11.818985	19.118000	191.957474
11.818443	19.119000	191.967514
11.817900	19.120000	191.977555
11.817357	19.121000	191.987596
11.816814	19.122000	191.997636
11.816271	19.123000	192.007677
11.815728	19.124000	192.017718
11.815186	19.125000	192.027758
11.814643	19.126000	192.037799
11.814100	19.127000	192.047840
11.813557	19.128000	192.057880
11.813014	19.129000	192.067921
11.812471	19.130000	192.077962
11.811928	19.131000	192.088002
11.811385	19.132000	192.098043
11.810842	19.133000	192.108084
11.810299	19.134000	192.118124
11.809756	19.135000	192.128165
11.809212	19.136000	192.138206
11.808669	19.137000	192.148246
11.808126	19.138000	192.158287
11.807583	19.139000	192.168328
11.807040	19.140000	192.178368
11.806497	19.141000	192.188409
11.805953	19.142000	192.198450
11.805410	19.143000	192.208490
11.804867	19.144000	192.218531
11.804324	19.145000	192.228572
11.803780	19.146000	192.238612
11.803237	19.147000	192.248653
11.802694	19.148000	192.258694
11.802150	19.149000	192.268734
11.801607	19.150000	192.278775
11.801064	19.151000	192.288816
11.800520	19.152000	192.298856
11.799977	19.153000	192.308897
11.799433	19.154000	192.318938
11.798890	19.155000	192.328978
11.798346	19.156000	192.339019
11.797803	19.157000	192.349060
11.797259	19.158000	192.359100
11.796716	19.159000	192.369141
11.796172	19.160000	192.379182
11.795628	19.161000	192.389222
11.795085	19.162000	192.399263
11.794541	19.163000	192.409304
11.793997	19.164000	192.419344
11.793454	19.165000	192.429385
11.792910	19.166000	192.439426
11.792366	19.167000	192.449466
11.791823	19.168000	192.459507
11.791279	19.169000	192.469548
11.790735	19.170000	192.479588
11.790191	19.171000	192.489629
11.789648	19.172000	192.499670
11.789104	19.173000	192.509710
11.788560	19.174000	192.519751
11.788016	19.175000	192.529792
11.787472	19.176000	192.539832
11.786928	19.177000	192.549873
11.786384	19.178000	192.559914
11.785840	19.179000	192.569954
11.785296	19.180000	192.579995
11.784752	19.181000	192.590036
11.784208	19.182000	192.600076
11.783664	19.183000	192.610117
11.783120	19.184000	192.620158
11.782576	19.185000	192.630198
11.782032	19.186000	192.640239
11.781488	19.187000	192.650280
11.780944	19.188000	192.660320
11.780400	19.189000	192.670361
11.779855	19.190000	192.680402
11.779311	19.191000	192.690442
11.778767	19.192000	192.700483
11.778223	19.193000	192.710524
11.777678	19.194000	192.720564
11.777134	19.195000	192.730605
11.776590	19.196000	192.740646
11.776046	19.197000	192.750686
11.775501	19.198000	192.760727
11.774957	19.199000	192.770768
11.774413	19.200000	192.780808
11.773868	19.201000	192.790849
11.773324	19.202000	192.800890
11.772779	19.203000	192.810930
11.772235	19.204000	192.820971
11.771690	19.205000	192.831012
11.771146	19.206000	192.841052
11.770601	19.207000	192.851093
11.770057	19.208000	192.861134
11.769512	19.209000	192.871174
11.768968	19.210000	192.881215
11.768423	19.211000	192.891256
11.767879	19.212000	192.901296
11.767334	19.213000	192.911337
11.766789	19.214000	192.921378
11.766245	19.215000	192.931418
11.765700	19.216000	192.941459
11.765155	19.217000	192.951500
11.764610	19.218000	192.961540
11.764066	19.219000	192.971581
11.763521	19.220000	192.981622
11.762976	19.221000	192.991662
11.762431	19.222000	193.001703
11.761886	19.223000	193.011744
11.761342	19.224000	193.021784
11.760797	19.225000	193.031825
11.760252	19.226000	193.041866
11.759707	19.227000	193.051906
11.759162	19.228000	193.061947
11.758617	19.229000	193.071988
11.758072	19.230000	193.082028
11.757527	19.231000	193.092069
11.756982	19.232000	193.102110
11.756437	19.233000	193.112150
11.755892	19.234000	193.122191
11.755347	19.235000	193.132232
11.754802	19.236000	193.142272
11.754257	19.237000	193.152313
11.753712	19.238000	193.162354
11.753166	19.239000	193.172394
11.752621	19.240000	193.182435
11.752076	19.241000	193.192476
11.751531	19.242000	193.202516
11.750986	19.243000	193.212557
11.750440	19.244000	193.222598
11.749895	19.245000	193.232638
11.749350	19.246000	193.242679
11.748805	19.247000	193.252720
11.748259	19.248000	193.262760
11.747714	19.249000	193.272801
11.747169	19.250000	193.282842
11.746623	19.251000	193.292882
11.746078	19.252000	193.302923
11.745532	19.253000	193.312964
11.744987	19.254000	193.323004
11.744441	19.255000	193.333045
11.743896	19.256000	193.343086
11.743350	19.257000	193.353126
11.742805	19.258000	193.363167
11.742259	19.259000	193.373208
11.741714	19.260000	193.383248
11.741168	19.261000	193.393289
11.740623	19.262000	193.403330
11.740077	19.263000	193.413370
11.739531	19.264000	193.423411
11.738986	19.265000	193.433452
11.738440	19.266000	193.443492
11.737894	19.267000	193.453533
11.737348	19.268000	193.463574
11.736803	19.269000	193.473614
11.736257	19.270000	193.483655
11.735711	19.271000	193.493696
11.735165	19.272000	193.503736
11.734620	19.273000	193.513777
11.734074	19.274000	193.523818
11.733528	19.275000	193.533858
11.732982	19.276000	193.543899
11.732436	19.277000	193.553940
11.731890	19.278000	193.563980
11.731344	19.279000	193.574021
11.730798	19.280000	193.584062
11.730252	19.281000	193.594102
11.729706	19.282000	193.604143
11.729160	19.283000	193.614184
11.728614	19.284000	193.624224
11.728068	19.285000	193.634265
11.727522	19.286000	193.644306
11.726976	19.287000	193.654346
11.726430	19.288000	193.664387
11.725884	19.289000	193.674428
11.725337	19.290000	193.684468
11.724791	19.291000	193.694509
11.724245	19.292000	193.704550
11.723699	19.293000	193.714590
11.723152	19.294000	193.724631
11.722606	19.295000	193.734672
11.722060	19.296000	193.744712
11.721514	19.297000	193.754753
11.720967	19.298000	193.764794
11.720421	19.299000	193.774834
11.719875	19.300000	193.784875
11.719328	19.301000	193.794916
11.718782	19.302000	193.804956
11.718235	19.303000	193.814997
11.717689	19.304000	193.825038
11.717142	19.305000	193.835078
11.716596	19.306000	193.845119
11.716049	19.307000	193.855160
11.715503	19.308000	193.865200
11.714956	19.309000	193.875241
11.714410	19.310000	193.885282
11.713863	19.311000	193.895322
11.713317	19.312000	193.905363
11.712770	19.313000	193.915404
11.712223	19.314000	193.925444
11.711677	19.315000	193.935485
11.711130	19.316000	193.945526
11.710583	19.317000	193.955566
11.710036	19.318000	193.965607
11.709490	19.319000	193.975648
11.708943	19.320000	193.985688
11.708396	19.321000	193.995729
11.707849	19.322000	194.005770
11.707302	19.323000	194.015810
11.706756	19.324000	194.025851
11.706209	19.325000	194.035892
11.705662	19.326000	194.045932
11.705115	19.327000	194.055973
11.704568	19.328000	194.066014
11.704021	19.329000	194.076054
11.703474	19.330000	194.086095
11.702927	19.331000	194.096136
11.702380	19.332000	194.106176
11.701833	19.333000	194.116217
11.701286	19.334000	194.126258
11.700739	19.335000	194.136298
11.700192	19.336000	194.146339
11.699645	19.337000	194.156380
11.699098	19.338000	194.166420
11.698550	19.339000	194.176461
11.698003	19.340000	194.186502
11.697456	19.341000	194.196542
11.696909	19.342000	194.206583
11.696362	19.343000	194.216624
11.695814	19.344000	194.226664
11.695267	19.345000	194.236705
11.694720	19.346000	194.246746
11.694172	19.347000	194.256786
11.693625	19.348000	194.266827
11.693078	19.349000	194.276868
11.692530	19.350000	194.286908
11.691983	19.351000	194.296949
11.691436	19.352000	194.306990
11.690888	19.353000	194.317030
11.690341	19.354000	194.327071
11.689793	19.355000	194.337112
11.689246	19.356000	194.347152
11.688698	19.357000	194.357193
11.688151	19.358000	194.367234
11.687603	19.359000	194.377274
11.687055	19.360000	194.387315
11.686508	19.361000	194.397356
11.685960	19.362000	194.407396
11.685413	19.363000	194.417437
11.684865	19.364000	194.427478
11.684317	19.365000	194.437518
11.683770	19.366000	194.447559
11.683222	19.367000	194.457600
11.682674	19.368000	194.467640
11.682126	19.369000	194.477681
11.681579	19.370000	194.487722
11.681031	19.371000	194.497762
11.680483	19.372000	194.507803
11.679935	19.373000	194.517844
11.679387	19.374000	194.527884
11.678839	19.375000	194.537925
11.678291	19.376000	194.547966
11.677744	19.377000	194.558006
11.677196	19.378000	194.568047
11.676648	19.379000	194.578088
11.676100	19.380000	194.588128
11.675552	19.381000	194.598169
11.675004	19.382000	194.608210
11.674456	19.383000	194.618250
11.673907	19.384000	194.628291
11.673359	19.385000	194.638332
11.672811	19.386000	194.648372
11.672263	19.387000	194.658413
11.671715	19.388000	194.668454
11.671167	19.389000	194.678494
11.670619	19.390000	194.688535
11.670070	19.391000	194.698576
11.669522	19.392000	194.708616
11.668974	19.393000	194.718657
11.668426	19.394000	194.728698
11.667877	19.395000	194.738738
11.667329	19.396000	194.748779
11.666781	19.397000	194.758820
11.666232	19.398000	194.768860
11.665684	19.399000	194.778901
11.665136	19.400000	194.788942
11.664587	19.401000	194.798982
11.664039	19.402000	194.809023
11.663490	19.403000	194.819064
11.662942	19.404000	194.829104
11.662393	19.405000	194.839145
11.661845	19.406000	194.849186
11.661296	19.407000	194.859226
11.660748	19.408000	194.869267
11.660199	19.409000	194.879308
11.659651	19.410000	194.889348
11.659102	19.411000	194.899389
11.658553	19.412000	194.909430
11.658005	19.413000	194.919470
11.657456	19.414000	194.929511
11.656907	19.415000	194.939552
11.656359	19.416000	194.949592
11.655810	19.417000	194.959633
11.655261	19.418000	194.969674
11.654712	19.419000	194.979714
11.654164	19.420000	194.989755
11.653615	19.421000	194.999796
11.653066	19.422000	195.009836
11.652517	19.423000	195.019877
11.651968	19.424000	195.029918
11.651419	19.425000	195.039958
11.650870	19.426000	195.049999
11.650321	19.427000	195.060040
11.649772	19.428000	195.070080
11.649223	19.429000	195.080121
11.648674	19.430000	195.090162
11.648125	19.431000	195.100202
11.647576	19.432000	195.110243
11.647027	19.433000	195.120284
11.646478	19.434000	195.130324
11.645929	19.435000	195.140365
11.645380	19.436000	195.150406
11.644831	19.437000	195.160446
11.644282	19.438000	195.170487
11.643733	19.439000	195.180528
11.643183	19.440000	195.190568
11.642634	19.441000	195.200609
11.642085	19.442000	195.210650
11.641536	19.443000	195.220690
11.640986	19.444000	195.230731
11.640437	19.445000	195.240772
11.639888	19.446000	195.250812
11.639338	19.447000	195.260853
11.638789	19.448000	195.270894
11.638240	19.449000	195.280934
11.637690	19.450000	195.290975
11.637141	19.451000	195.301016
11.636591	19.452000	195.311056
11.636042	19.453000	195.321097
11.635492	19.454000	195.331138
11.634943	19.455000	195.341178
11.634393	19.456000	195.351219
11.633844	19.457000	195.361260
11.633294	19.458000	195.371300
11.632745	19.459000	195.381341
11.632195	19.460000	195.391382
11.631645	19.461000	195.401422
11.631096	19.462000	195.411463
11.630546	19.463000	195.421504
11.629996	19.464000	195.431544
11.629447	19.465000	195.441585
11.628897	19.466000	195.451626
11.628347	19.467000	195.461666
11.627797	19.468000	195.471707
11.627247	19.469000	195.481748
11.626698	19.470000	195.491788
11.626148	19.471000	195.501829
11.625598	19.472000	195.511870
11.625048	19.473000	195.521910
11.624498	19.474000	195.531951
11.623948	19.475000	195.541992
11.623398	19.476000	195.552032
11.622848	19.477000	195.562073
11.622298	19.478000	195.572114
11.621748	19.479000	195.582154
11.621198	19.480000	195.592195
11.620648	19.481000	195.602236
11.620098	19.482000	195.612276
11.619548	19.483000	195.622317
11.618998	19.484000	195.632358
11.618448	19.485000	195.642398
11.617898	19.486000	195.652439
11.617348	19.487000	195.662480
11.616797	19.488000	195.672520
11.616247	19.489000	195.682561
11.615697	19.490000	195.692602
11.615147	19.491000	195.702642
11.614596	19.492000	195.712683
11.614046	19.493000	195.722724
11.613496	19.494000	195.732764
11.612946	19.495000	195.742805
11.612395	19.496000	195.752846
11.611845	19.497000	195.762886
11.611294	19.498000	195.772927
11.610744	19.499000	195.782968
11.610194	19.500000	195.793008
11.609643	19.501000	195.803049
11.609093	19.502000	195.813090
11.608542	19.503000	195.823130
11.607992	19.504000	195.833171
11.607441	19.505000	195.843212
11.606891	19.506000	195.853252
11.606340	19.507000	195.863293
11.605789	19.508000	195.873334
11.605239	19.509000	195.883374
11.604688	19.510000	195.893415
11.604137	19.511000	195.903456
11.603587	19.512000	195.913496
11.603036	19.513000	195.923537
11.602485	19.514000	195.933578
11.601935	19.515000	195.943618
11.601384	19.516000	195.953659
11.600833	19.517000	195.963700
11.600282	19.518000	195.973740
11.599731	19.519000	195.983781
11.599181	19.520000	195.993822
11.598630	19.521000	196.003862
11.598079	19.522000	196.013903
11.597528	19.523000	196.023944
11.596977	19.524000	196.033984
11.596426	19.525000	196.044025
11.595875	19.526000	196.054066
11.595324	19.527000	196.064106
11.594773	19.528000	196.074147
11.594222	19.529000	196.084188
11.593671	19.530000	196.094228
11.593120	19.531000	196.104269
11.592569	19.532000	196.114310
11.592018	19.533000	196.124350
11.591467	19.534000	196.134391
11.590915	19.535000	196.144432
11.590364	19.536000	196.154472
11.589813	19.537000	196.164513
11.589262	19.538000	196.174554
11.588711	19.539000	196.184594
11.588159	19.540000	196.194635
11.587608	19.541000	196.204676
11.587057	19.542000	196.214716
11.586505	19.543000	196.224757
11.585954	19.544000	196.234798
11.585403	19.545000	196.244838
11.584851	19.546000	196.254879
11.584300	19.547000	196.264920
11.583748	19.548000	196.274960
11.583197	19.549000	196.285001
11.582646	19.550000	196.295042
11.582094	19.551000	196.305082
11.581543	19.552000	196.315123
11.580991	19.553000	196.325164
11.580439	19.554000	196.335204
11.579888	19.555000	196.345245
11.579336	19.556000	196.355286
11.578785	19.557000	196.365326
11.578233	19.558000	196.375367
11.577681	19.559000	196.385408
11.577130	19.560000	196.395448
11.576578	19.561000	196.405489
11.576026	19.562000	196.415530
11.575475	19.563000	196.425570
11.574923	19.564000	196.435611
11.574371	19.565000	196.445652
11.573819	19.566000	196.455692
11.573267	19.567000	196.465733
11.572716	19.568000	196.475774
11.572164	19.569000	196.485814
11.571612	19.570000	196.495855
11.571060	19.571000	196.505896
11.570508	19.572000	196.515936
11.569956	19.573000	196.525977
11.569404	19.574000	196.536018
11.568852	19.575000	196.546058
11.568300	19.576000	196.556099
11.567748	19.577000	196.566140
11.567196	19.578000	196.576180
11.566644	19.579000	196.586221
11.566092	19.580000	196.596262
11.565540	19.581000	196.606302
11.564988	19.582000	196.616343
11.564436	19.583000	196.626384
11.563883	19.584000	196.636424
11.563331	19.585000	196.646465
11.562779	19.586000	196.656506
11.562227	19.587000	196.666546
11.561674	19.588000	196.676587
11.561122	19.589000	196.686628
11.560570	19.590000	196.696668
11.560018	19.591000	196.706709
11.559465	19.592000	196.716750
11.558913	19.593000	196.726790
11.558361	19.594000	196.736831
11.557808	19.595000	196.746872
11.557256	19.596000	196.756912
11.556703	19.597000	196.766953
11.556151	19.598000	196.776994
11.555598	19.599000	196.787034
11.555046	19.600000	196.797075
11.554493	19.601000	196.807116
11.553941	19.602000	196.817156
11.553388	19.603000	196.827197
11.552836	19.604000	196.837238
11.552283	19.605000	196.847278
11.551730	19.606000	196.857319
11.551178	19.607000	196.867360
11.550625	19.608000	196.877400
11.550072	19.609000	196.887441
11.549520	19.610000	196.897482
11.548967	19.611000	196.907522
11.548414	19.612000	196.917563
11.547861	19.613000	196.927604
11.547309	19.614000	196.937644
11.546756	19.615000	196.947685
11.546203	19.616000	196.957726
11.545650	19.617000	196.967766
11.545097	19.618000	196.977807
11.544544	19.619000	196.987848
11.543991	19.620000	196.997888
11.543438	19.621000	197.007929
11.542886	19.622000	197.017970
11.542333	19.623000	197.028010
11.541780	19.624000	197.038051
11.541227	19.625000	197.048092
11.540673	19.626000	197.058132
11.540120	19.627000	197.068173
11.539567	19.628000	197.078214
11.539014	19.629000	197.088254
11.538461	19.630000	197.098295
11.537908	19.631000	197.108336
11.537355	19.632000	197.118376
11.536802	19.633000	197.128417
11.536248	19.634000	197.138458
11.535695	19.635000	197.148498
11.535142	19.636000	197.158539
11.534589	19.637000	197.168580
11.534035	19.638000	197.178620
11.533482	19.639000	197.188661
11.532929	19.640000	197.198702
11.532375	19.641000	197.208742
11.531822	19.642000	197.218783
11.531269	19.643000	197.228824
11.530715	19.644000	197.238864
11.530162	19.645000	197.248905
11.529608	19.646000	197.258946
11.529055	19.647000	197.268986
11.528501	19.648000	197.279027
11.527948	19.649000	197.289068
11.527394	19.650000	197.299108
11.526841	19.651000	197.309149
11.526287	19.652000	197.319190
11.525733	19.653000	197.329230
11.525180	19.654000	197.339271
11.524626	19.655000	197.349312
11.524072	19.656000	197.359352
11.523519	19.657000	197.369393
11.522965	19.658000	197.379434
11.522411	19.659000	197.389474
11.521858	19.660000	197.399515
11.521304	19.661000	197.409556
11.520750	19.662000	197.419596
11.520196	19.663000	197.429637
11.519642	19.664000	197.439678
11.519088	19.665000	197.449718
11.518535	19.666000	197.459759
11.517981	19.667000	197.469800
11.517427	19.668000	197.479840
11.516873	19.669000	197.489881
11.516319	19.670000	197.499922
11.515765	19.671000	197.509962
11.515211	19.672000	197.520003
11.514657	19.673000	197.530044
11.514103	19.674000	197.540084
11.513549	19.675000	197.550125
11.512995	19.676000	197.560166
11.512440	19.677000	197.570206
11.511886	19.678000	197.580247
11.511332	19.679000	197.590288
11.510778	19.680000	197.600328
11.510224	19.681000	197.610369
11.509670	19.682000	197.620410
11.509115	19.683000	197.630450
11.508561	19.684000	197.640491
11.508007	19.685000	197.650532
11.507453	19.686000	197.660572
11.506898	19.687000	197.670613
11.506344	19.688000	197.680654
11.505790	19.689000	197.690694
11.505235	19.690000	197.700735
11.504681	19.691000	197.710776
11.504126	19.692000	197.720816
11.503572	19.693000	197.730857
11.503017	19.694000	197.740898
11.502463	19.695000	197.750938
11.501908	19.696000	197.760979
11.501354	19.697000	197.771020
11.500799	19.698000	197.781060
11.500245	19.699000	197.791101
11.499690	19.700000	197.801142
11.499136	19.701000	197.811182
11.498581	19.702000	197.821223
11.498026	19.703000	197.831264
11.497472	19.704000	197.841304
11.496917	19.705000	197.851345
11.496362	19.706000	197.861386
11.495807	19.707000	197.871426
11.495253	19.708000	197.881467
11.494698	19.709000	197.891508
11.494143	19.710000	197.901548
11.493588	19.711000	197.911589
11.493033	19.712000	197.921630
11.492478	19.713000	197.931670
11.491924	19.714000	197.941711
11.491369	19.715000	197.951752
11.490814	19.716000	197.961792
11.490259	19.717000	197.971833
11.489704	19.718000	197.981874
11.489149	19.719000	197.991914
11.488594	19.720000	198.001955
11.488039	19.721000	198.011996
11.487484	19.722000	198.022036
11.486929	19.723000	198.032077
11.486374	19.724000	198.042118
11.485818	19.725000	198.052158
11.485263	19.726000	198.062199
11.484708	19.727000	198.072240
11.484153	19.728000	198.082280
11.483598	19.729000	198.092321
11.483042	19.730000	198.102362
11.482487	19.731000	198.112402
11.481932	19.732000	198.122443
11.481377	19.733000	198.132484
11.480821	19.734000	198.142524
11.480266	19.735000	198.152565
11.479711	19.736000	198.162606
11.479155	19.737000	198.172646
11.478600	19.738000	198.182687
11.478044	19.739000	198.192728
11.477489	19.740000	198.202768
11.476934	19.741000	198.212809
11.476378	19.742000	198.222850
11.475823	19.743000	198.232890
11.475267	19.744000	198.242931
11.474712	19.745000	198.252972
11.474156	19.746000	198.263012
11.473600	19.747000	198.273053
11.473045	19.748000	198.283094
11.472489	19.749000	198.293134
11.471933	19.750000	198.303175
11.471378	19.751000	198.313216
11.470822	19.752000	198.323256
11.470266	19.753000	198.333297
11.469711	19.754000	198.343338
11.469155	19.755000	198.353378
11.468599	19.756000	198.363419
11.468043	19.757000	198.373460
11.467488	19.758000	198.383500
11.466932	19.759000	198.393541
11.466376	19.760000	198.403582
11.465820	19.761000	198.413622
11.465264	19.762000	198.423663
11.464708	19.763000	198.433704
11.464152	19.764000	198.443744
11.463596	19.765000	198.453785
11.463040	19.766000	198.463826
11.462484	19.767000	198.473866
11.461928	19.768000	198.483907
11.461372	19.769000	198.493948
11.460816	19.770000	198.503988
11.460260	19.771000	198.514029
11.459704	19.772000	198.524070
11.459148	19.773000	198.534110
11.458592	19.774000	198.544151
11.458035	19.775000	198.554192
11.457479	19.776000	198.564232
11.456923	19.777000	198.574273
11.456367	19.778000	198.584314
11.455810	19.779000	198.594354
11.455254	19.780000	198.604395
11.454698	19.781000	198.614436
11.454141	19.782000	198.624476
11.453585	19.783000	198.634517
11.453029	19.784000	198.644558
11.452472	19.785000	198.654598
11.451916	19.786000	198.664639
11.451360	19.787000	198.674680
11.450803	19.788000	198.684720
11.450247	19.789000	198.694761
11.449690	19.790000	198.704802
11.449134	19.791000	198.714842
11.448577	19.792000	198.724883
11.448020	19.793000	198.734924
11.447464	19.794000	198.744964
11.446907	19.795000	198.755005
11.446351	19.796000	198.765046
11.445794	19.797000	198.775086
11.445237	19.798000	198.785127
11.444681	19.799000	198.795168
11.444124	19.800000	198.805208
11.443567	19.801000	198.815249
11.443010	19.802000	198.825290
11.442454	19.803000	198.835330
11.441897	19.804000	198.845371
11.441340	19.805000	198.855412
11.440783	19.806000	198.865452
11.440226	19.807000	198.875493
11.439669	19.808000	198.885534
11.439113	19.809000	198.895574
11.438556	19.810000	198.905615
11.437999	19.811000	198.915656
11.437442	19.812000	198.925696
11.436885	19.813000	198.935737
11.436328	19.814000	198.945778
11.435771	19.815000	198.955818
11.435214	19.816000	198.965859
11.434657	19.817000	198.975900
11.434099	19.818000	198.985940
11.433542	19.819000	198.995981
11.432985	19.820000	199.006022
11.432428	19.821000	199.016062
11.431871	19.822000	199.026103
11.431314	19.823000	199.036144
11.430756	19.824000	199.046184
11.430199	19.825000	199.056225
11.429642	19.826000	199.066266
11.429085	19.827000	199.076306
11.428527	19.828000	199.086347
11.427970	19.829000	199.096388
11.427413	19.830000	199.106428
11.426855	19.831000	199.116469
11.426298	19.832000	199.126510
11.425740	19.833000	199.136550
11.425183	19.834000	199.146591
11.424626	19.835000	199.156632
11.424068	19.836000	199.166672
11.423511	19.837000	199.176713
11.422953	19.838000	199.186754
11.422396	19.839000	199.196794
11.421838	19.840000	199.206835
11.421280	19.841000	199.216876
11.420723	19.842000	199.226916
11.420165	19.843000	199.236957
11.419608	19.844000	199.246998
11.419050	19.845000	199.257038
11.418492	19.846000	199.267079
11.417934	19.847000	199.277120
11.417377	19.848000	199.287160
11.416819	19.849000	199.297201
11.416261	19.850000	199.307242
11.415703	19.851000	199.317282
11.415146	19.852000	199.327323
11.414588	19.853000	199.337364
11.414030	19.854000	199.347404
11.413472	19.855000	199.357445
11.412914	19.856000	199.367486
11.412356	19.857000	199.377526
11.411798	19.858000	199.387567
11.411240	19.859000	199.397608
11.410682	19.860000	199.407648
11.410124	19.861000	199.417689
11.409566	19.862000	199.427730
11.409008	19.863000	199.437770
11.408450	19.864000	199.447811
11.407892	19.865000	199.457852
11.407334	19.866000	199.467892
11.406776	19.867000	199.477933
11.406217	19.868000	199.487974
11.405659	19.869000	199.498014
11.405101	19.870000	199.508055
11.404543	19.871000	199.518096
11.403985	19.872000	199.528136
11.403426	19.873000	199.538177
11.402868	19.874000	199.548218
11.402310	19.875000	199.558259
11.401751	19.876000	199.568299
11.401193	19.877000	199.578340
11.400635	19.878000	199.588381
11.400076	19.879000	199.598421
11.399518	19.880000	199.608462
11.398959	19.881000	199.618503
11.398401	19.882000	199.628543
11.397842	19.883000	199.638584
11.397284	19.884000	199.648625
11.396725	19.885000	199.658665
11.396167	19.886000	199.668706
11.395608	19.887000	199.678747
11.395050	19.888000	199.688787
11.394491	19.889000	199.698828
11.393932	19.890000	199.708869
11.393374	19.891000	199.718909
11.392815	19.892000	199.728950
11.392256	19.893000	199.738991
11.391698	19.894000	199.749031
11.391139	19.895000	199.759072
11.390580	19.896000	199.769113
11.390021	19.897000	199.779153
11.389462	19.898000	199.789194
11.388904	19.899000	199.799235
11.388345	19.900000	199.809275
11.387786	19.901000	199.819316
11.387227	19.902000	199.829357
11.386668	19.903000	199.839397
11.386109	19.904000	199.849438
11.385550	19.905000	199.859479
11.384991	19.906000	199.869519
11.384432	19.907000	199.879560
11.383873	19.908000	199.889601
11.383314	19.909000	199.899641
11.382755	19.910000	199.909682
11.382196	19.911000	199.919723
11.381637	19.912000	199.929763
11.381078	19.913000	199.939804
11.380519	19.914000	199.949845
11.379959	19.915000	199.959885
11.379400	19.916000	199.969926
11.378841	19.917000	199.979967
11.378282	19.918000	199.990007
11.377722	19.919000	200.000048
11.377163	19.920000	200.010089
11.376604	19.921000	200.020129
11.376045	19.922000	200.030170
11.375485	19.923000	200.040211
11.374926	19.924000	200.050251
11.374366	19.925000	200.060292
11.373807	19.926000	200.070333
11.373248	19.927000	200.080373
11.372688	19.928000	200.090414
11.372129	19.929000	200.100455
11.371569	19.930000	200.110495
11.371010	19.931000	200.120536
11.370450	19.932000	200.130577
11.369890	19.933000	200.140617
11.369331	19.934000	200.150658
11.368771	19.935000	200.160699
11.368212	19.936000	200.170739
11.367652	19.937000	200.180780
11.367092	19.938000	200.190821
11.366533	19.939000	200.200861
11.365973	19.940000	200.210902
11.365413	19.941000	200.220943
11.364853	19.942000	200.230983
11.364294	19.943000	200.241024
11.363734	19.944000	200.251065
11.363174	19.945000	200.261105
11.362614	19.946000	200.271146
11.362054	19.947000	200.281187
11.361494	19.948000	200.291227
11.360934	19.949000	200.301268
11.360375	19.950000	200.311309
11.359815	19.951000	200.321349
11.359255	19.952000	200.331390
11.358695	19.953000	200.341431
11.358135	19.954000	200.351471
11.357575	19.955000	200.361512
11.357014	19.956000	200.371553
11.356454	19.957000	200.381593
11.355894	19.958000	200.391634
11.355334	19.959000	200.401675
11.354774	19.960000	200.411715
11.354214	19.961000	200.421756
11.353654	19.962000	200.431797
11.353093	19.963000	200.441837
11.352533	19.964000	200.451878
11.351973	19.965000	200.461919
11.351413	19.966000	200.471959
11.350852	19.967000	200.482000
11.350292	19.968000	200.492041
11.349732	19.969000	200.502081
11.349171	19.970000	200.512122
11.348611	19.971000	200.522163
11.348050	19.972000	200.532203
11.347490	19.973000	200.542244
11.346930	19.974000	200.552285
11.346369	19.975000	200.562325
11.345809	19.976000	200.572366
11.345248	19.977000	200.582407
11.344688	19.978000	200.592447
11.344127	19.979000	200.602488
11.343566	19.980000	200.612529
11.343006	19.981000	200.622569
11.342445	19.982000	200.632610
11.341885	19.983000	200.642651
11.341324	19.984000	200.652691
11.340763	19.985000	200.662732
11.340202	19.986000	200.672773
11.339642	19.987000	200.682813
11.339081	19.988000	200.692854
11.338520	19.989000	200.702895
11.337959	19.990000	200.712935
11.337399	19.991000	200.722976
11.336838	19.992000	200.733017
11.336277	19.993000	200.743057
11.335716	19.994000	200.753098
11.335155	19.995000	200.763139
11.334594	19.996000	200.773179
11.334033	19.997000	200.783220
11.333472	19.998000	200.793261
11.332911	19.999000	200.803301
11.332350	20.000000	200.813342
11.331789	20.001000	200.823383
11.331228	20.002000	200.833423
11.330667	20.003000	200.843464
11.330106	20.004000	200.853505
11.329545	20.005000	200.863545
11.328984	20.006000	200.873586
11.328422	20.007000	200.883627
11.327861	20.008000	200.893667
11.327300	20.009000	200.903708
11.326739	20.010000	200.913749
11.326177	20.011000	200.923789
11.325616	20.012000	200.933830
11.325055	20.013000	200.943871
11.324493	20.014000	200.953911
11.323932	20.015000	200.963952
11.323371	20.016000	200.973993
11.322809	20.017000	200.984033
11.322248	20.018000	200.994074
11.321687	20.019000	201.004115
11.321125	20.020000	201.014155
11.320564	20.021000	201.024196
11.320002	20.022000	201.034237
11.319441	20.023000	201.044277
11.318879	20.024000	201.054318
11.318317	20.025000	201.064359
11.317756	20.026000	201.074399
11.317194	20.027000	201.084440
11.316633	20.028000	201.094481
11.316071	20.029000	201.104521
11.315509	20.030000	201.114562
11.314948	20.031000	201.124603
11.314386	20.032000	201.134643
11.313824	20.033000	201.144684
11.313262	20.034000	201.154725
11.312701	20.035000	201.164765
11.312139	20.036000	201.174806
11.311577	20.037000	201.184847
11.311015	20.038000	201.194887
11.310453	20.039000	201.204928
11.309891	20.040000	201.214969
11.309329	20.041000	201.225009
11.308767	20.042000	201.235050
11.308205	20.043000	201.245091
11.307643	20.044000	201.255131
11.307081	20.045000	201.265172
11.306519	20.046000	201.275213
11.305957	20.047000	201.285253
11.305395	20.048000	201.295294
11.304833	20.049000	201.305335
11.304271	20.050000	201.315375
11.303709	20.051000	201.325416
11.303147	20.052000	201.335457
11.302585	20.053000	201.345497
11.302022	20.054000	201.355538
11.301460	20.055000	201.365579
11.300898	20.056000	201.375619
11.300336	20.057000	201.385660
11.299773	20.058000	201.395701
11.299211	20.059000	201.405741
11.298649	20.060000	201.415782
11.298086	20.061000	201.425823
11.297524	20.062000	201.435863
11.296962	20.063000	201.445904
11.296399	20.064000	201.455945
11.295837	20.065000	201.465985
11.295274	20.066000	201.476026
11.294712	20.067000	201.486067
11.294149	20.068000	201.496107
11.293587	20.069000	201.506148
11.293024	20.070000	201.516189
11.292462	20.071000	201.526229
11.291899	20.072000	201.536270
11.291336	20.073000	201.546311
11.290774	20.074000	201.556351
11.290211	20.075000	201.566392
11.289648	20.076000	201.576433
11.289086	20.077000	201.586473
11.288523	20.078000	201.596514
11.287960	20.079000	201.606555
11.287397	20.080000	201.616595
11.286835	20.081000	201.626636
11.286272	20.082000	201.636677
11.285709	20.083000	201.646717
11.285146	20.084000	201.656758
11.284583	20.085000	201.666799
11.284020	20.086000	201.676839
11.283457	20.087000	201.686880
11.282894	20.088000	201.696921
11.282331	20.089000	201.706961
11.281768	20.090000	201.717002
11.281205	20.091000	201.727043
11.280642	20.092000	201.737083
11.280079	20.093000	201.747124
11.279516	20.094000	201.757165
11.278953	20.095000	201.767205
11.278390	20.096000	201.777246
11.277827	20.097000	201.787287
11.277264	20.098000	201.797327
11.276700	20.099000	201.807368
11.276137	20.100000	201.817409
11.275574	20.101000	201.827449
11.275011	20.102000	201.837490
11.274447	20.103000	201.847531
11.273884	20.104000	201.857571
11.273321	20.105000	201.867612
11.272757	20.106000	201.877653
11.272194	20.107000	201.887693
11.271631	20.108000	201.897734
11.271067	20.109000	201.907775
11.270504	20.110000	201.917815
11.269940	20.111000	201.927856
11.269377	20.112000	201.937897
11.268813	20.113000	201.947937
11.268250	20.114000	201.957978
11.267686	20.115000	201.968019
11.267123	20.116000	201.978059
11.266559	20.117000	201.988100
11.265996	20.118000	201.998141
11.265432	20.119000	202.008181
11.264868	20.120000	202.018222
11.264305	20.121000	202.028263
11.263741	20.122000	202.038303
11.263177	20.123000	202.048344
11.262613	20.124000	202.058385
11.262050	20.125000	202.068425
11.261486	20.126000	202.078466
11.260922	20.127000	202.088507
11.260358	20.128000	202.098547
11.259794	20.129000	202.108588
11.259230	20.130000	202.118629
11.258667	20.131000	202.128669
11.258103	20.132000	202.138710
11.257539	20.133000	202.148751
11.256975	20.134000	202.158791
11.256411	20.135000	202.168832
11.255847	20.136000	202.178873
11.255283	20.137000	202.188913
11.254719	20.138000	202.198954
11.254155	20.139000	202.208995
11.253590	20.140000	202.219035
11.253026	20.141000	202.229076
11.252462	20.142000	202.239117
11.251898	20.143000	202.249157
11.251334	20.144000	202.259198
11.250770	20.145000	202.269239
11.250205	20.146000	202.279279
11.249641	20.147000	202.289320
11.249077	20.148000	202.299361
11.248513	20.149000	202.309401
11.247948	20.150000	202.319442
11.247384	20.151000	202.329483
11.246819	20.152000	202.339523
11.246255	20.153000	202.349564
11.245691	20.154000	202.359605
11.245126	20.155000	202.369645
11.244562	20.156000	202.379686
11.243997	20.157000	202.389727
11.243433	20.158000	202.399767
11.242868	20.159000	202.409808
11.242304	20.160000	202.419849
11.241739	20.161000	202.429889
11.241175	20.162000	202.439930
11.240610	20.163000	202.449971
11.240045	20.164000	202.460011
11.239481	20.165000	202.470052
11.238916	20.166000	202.480093
11.238351	20.167000	202.490133
11.237787	20.168000	202.500174
11.237222	20.169000	202.510215
11.236657	20.170000	202.520255
11.236092	20.171000	202.530296
11.235527	20.172000	202.540337
11.234963	20.173000	202.550377
11.234398	20.174000	202.560418
11.233833	20.175000	202.570459
11.233268	20.176000	202.580499
11.232703	20.177000	202.590540
11.232138	20.178000	202.600581
11.231573	20.179000	202.610621
11.231008	20.180000	202.620662
11.230443	20.181000	202.630703
11.229878	20.182000	202.640743
11.229313	20.183000	202.650784
11.228748	20.184000	202.660825
11.228183	20.185000	202.670865
11.227618	20.186000	202.680906
11.227053	20.187000	202.690947
11.226487	20.188000	202.700987
11.225922	20.189000	202.711028
11.225357	20.190000	202.721069
11.224792	20.191000	202.731109
11.224226	20.192000	202.741150
11.223661	20.193000	202.751191
11.223096	20.194000	202.761231
11.222531	20.195000	202.771272
11.221965	20.196000	202.781313
11.221400	20.197000	202.791353
11.220834	20.198000	202.801394
11.220269	20.199000	202.811435
11.219704	20.200000	202.821475
11.219138	20.201000	202.831516
11.218573	20.202000	202.841557
11.218007	20.203000	202.851597
11.217442	20.204000	202.861638
11.216876	20.205000	202.871679
11.216310	20.206000	202.881719
11.215745	20.207000	202.891760
11.215179	20.208000	202.901801
11.214614	20.209000	202.911841
11.214048	20.210000	202.921882
11.213482	20.211000	202.931923
11.212917	20.212000	202.941963
11.212351	20.213000	202.952004
11.211785	20.214000	202.962045
11.211219	20.215000	202.972085
11.210654	20.216000	202.982126
11.210088	20.217000	202.992167
11.209522	20.218000	203.002207
11.208956	20.219000	203.012248
11.208390	20.220000	203.022289
11.207824	20.221000	203.032329
11.207258	20.222000	203.042370
11.206692	20.223000	203.052411
11.206126	20.224000	203.062451
11.205560	20.225000	203.072492
11.204994	20.226000	203.082533
11.204428	20.227000	203.092573
11.203862	20.228000	203.102614
11.203296	20.229000	203.112655
11.202730	20.230000	203.122695
11.202164	20.231000	203.132736
11.201598	20.232000	203.142777
11.201032	20.233000	203.152817
11.200465	20.234000	203.162858
11.199899	20.235000	203.172899
11.199333	20.236000	203.182939
11.198767	20.237000	203.192980
11.198200	20.238000	203.203021
11.197634	20.239000	203.213061
11.197068	20.240000	203.223102
11.196501	20.241000	203.233143
11.195935	20.242000	203.243183
11.195369	20.243000	203.253224
11.194802	20.244000	203.263265
11.194236	20.245000	203.273305
11.193669	20.246000	203.283346
11.193103	20.247000	203.293387
11.192536	20.248000	203.303427
11.191970	20.249000	203.313468
11.191403	20.250000	203.323509
11.190837	20.251000	203.333549
11.190270	20.252000	203.343590
11.189703	20.253000	203.353631
11.189137	20.254000	203.363671
11.188570	20.255000	203.373712
11.188003	20.256000	203.383753
11.187437	20.257000	203.393793
11.186870	20.258000	203.403834
11.186303	20.259000	203.413875
11.185736	20.260000	203.423915
11.185169	20.261000	203.433956
11.184603	20.262000	203.443997
11.184036	20.263000	203.454037
11.183469	20.264000	203.464078
11.182902	20.265000	203.474119
11.182335	20.266000	203.484159
11.181768	20.267000	203.494200
11.181201	20.268000	203.504241
11.180634	20.269000	203.514281
11.180067	20.270000	203.524322
11.179500	20.271000	203.534363
11.178933	20.272000	203.544403
11.178366	20.273000	203.554444
11.177799	20.274000	203.564485
11.177232	20.275000	203.574525
11.176665	20.276000	203.584566
11.176097	20.277000	203.594607
11.175530	20.278000	203.604647
11.174963	20.279000	203.614688
11.174396	20.280000	203.624729
11.173829	20.281000	203.634769
11.173261	20.282000	203.644810
11.172694	20.283000	203.654851
11.172127	20.284000	203.664891
11.171559	20.285000	203.674932
11.170992	20.286000	203.684973
11.170425	20.287000	203.695013
11.169857	20.288000	203.705054
11.169290	20.289000	203.715095
11.168722	20.290000	203.725135
11.168155	20.291000	203.735176
11.167587	20.292000	203.745217
11.167020	20.293000	203.755257
11.166452	20.294000	203.765298
11.165885	20.295000	203.775339
11.165317	20.296000	203.785379
11.164749	20.297000	203.795420
11.164182	20.298000	203.805461
11.163614	20.299000	203.815501
11.163046	20.300000	203.825542
11.162479	20.301000	203.835583
11.161911	20.302000	203.845623
11.161343	20.303000	203.855664
11.160775	20.304000	203.865705
11.160208	20.305000	203.875745
11.159640	20.306000	203.885786
11.159072	20.307000	203.895827
11.158504	20.308000	203.905867
11.157936	20.309000	203.915908
11.157368	20.310000	203.925949
11.156800	20.311000	203.935989
11.156232	20.312000	203.946030
11.155664	20.313000	203.956071
11.155096	20.314000	203.966111
11.154528	20.315000	203.976152
11.153960	20.316000	203.986193
11.153392	20.317000	203.996233
11.152824	20.318000	204.006274
11.152256	20.319000	204.016315
11.151688	20.320000	204.026355
11.151120	20.321000	204.036396
11.150552	20.322000	204.046437
11.149983	20.323000	204.056477
11.149415	20.324000	204.066518
11.148847	20.325000	204.076559
11.148279	20.326000	204.086599
11.147710	20.327000	204.096640
11.147142	20.328000	204.106681
11.146574	20.329000	204.116721
11.146005	20.330000	204.126762
11.145437	20.331000	204.136803
11.144868	20.332000	204.146843
11.144300	20.333000	204.156884
11.143732	20.334000	204.166925
11.143163	20.335000	204.176965
11.142595	20.336000	204.187006
11.142026	20.337000	204.197047
11.141457	20.338000	204.207087
11.140889	20.339000	204.217128
11.140320	20.340000	204.227169
11.139752	20.341000	204.237209
11.139183	20.342000	204.247250
11.138614	20.343000	204.257291
11.138046	20.344000	204.267331
11.137477	20.345000	204.277372
11.136908	20.346000	204.287413
11.136339	20.347000	204.297453
11.135771	20.348000	204.307494
11.135202	20.349000	204.317535
11.134633	20.350000	204.327575
11.134064	20.351000	204.337616
11.133495	20.352000	204.347657
11.132926	20.353000	204.357697
11.132358	20.354000	204.367738
11.131789	20.355000	204.377779
11.131220	20.356000	204.387819
11.130651	20.357000	204.397860
11.130082	20.358000	204.407901
11.129513	20.359000	204.417941
11.128944	20.360000	204.427982
11.128375	20.361000	204.438023
11.127805	20.362000	204.448063
11.127236	20.363000	204.458104
11.126667	20.364000	204.468145
11.126098	20.365000	204.478185
11.125529	20.366000	204.488226
11.124960	20.367000	204.498267
11.124390	20.368000	204.508307
11.123821	20.369000	204.518348
11.123252	20.370000	204.528389
11.122683	20.371000	204.538429
11.122113	20.372000	204.548470
11.121544	20.373000	204.558511
11.120975	20.374000	204.568551
11.120405	20.375000	204.578592
11.119836	20.376000	204.588633
11.119266	20.377000	204.598673
11.118697	20.378000	204.608714
11.118127	20.379000	204.618755
11.117558	20.380000	204.628795
11.116988	20.381000	204.638836
11.116419	20.382000	204.648877
11.115849	20.383000	204.658917
11.115280	20.384000	204.668958
11.114710	20.385000	204.678999
11.114140	20.386000	204.689039
11.113571	20.387000	204.699080
11.113001	20.388000	204.709121
11.112431	20.389000	204.719161
11.111861	20.390000	204.729202
11.111292	20.391000	204.739243
11.110722	20.392000	204.749283
11.110152	20.393000	204.759324
11.109582	20.394000	204.769365
11.109012	20.395000	204.779405
11.108443	20.396000	204.789446
11.107873	20.397000	204.799487
11.107303	20.398000	204.809527
11.106733	20.399000	204.819568
11.106163	20.400000	204.829609
11.105593	20.401000	204.839649
11.105023	20.402000	204.849690
11.104453	20.403000	204.859731
11.103883	20.404000	204.869771
11.103313	20.405000	204.879812
11.102743	20.406000	204.889853
11.102172	20.407000	204.899893
11.101602	20.408000	204.909934
11.101032	20.409000	204.919975
11.100462	20.410000	204.930015
11.099892	20.411000	204.940056
11.099321	20.412000	204.950097
11.098751	20.413000	204.960137
11.098181	20.414000	204.970178
11.097611	20.415000	204.980219
11.097040	20.416000	204.990259
11.096470	20.417000	205.000300
11.095900	20.418000	205.010341
11.095329	20.419000	205.020381
11.094759	20.420000	205.030422
11.094188	20.421000	205.040463
11.093618	20.422000	205.050503
11.093047	20.423000	205.060544
11.092477	20.424000	205.070585
11.091906	20.425000	205.080625
11.091336	20.426000	205.090666
11.090765	20.427000	205.100707
11.090195	20.428000	205.110747
11.089624	20.429000	205.120788
11.089053	20.430000	205.130829
11.088483	20.431000	205.140869
11.087912	20.432000	205.150910
11.087341	20.433000	205.160951
11.086770	20.434000	205.170991
11.086200	20.435000	205.181032
11.085629	20.436000	205.191073
11.085058	20.437000	205.201113
11.084487	20.438000	205.211154
11.083916	20.439000	205.221195
11.083345	20.440000	205.231235
11.082775	20.441000	205.241276
11.082204	20.442000	205.251317
11.081633	20.443000	205.261357
11.081062	20.444000	205.271398
11.080491	20.445000	205.281439
11.079920	20.446000	205.291479
11.079349	20.447000	205.301520
11.078778	20.448000	205.311561
11.078206	20.449000	205.321601
11.077635	20.450000	205.331642
11.077064	20.451000	205.341683
11.076493	20.452000	205.351723
11.075922	20.453000	205.361764
11.075351	20.454000	205.371805
11.074779	20.455000	205.381845
11.074208	20.456000	205.391886
11.073637	20.457000	205.401927
11.073066	20.458000	205.411967
11.072494	20.459000	205.422008
11.071923	20.460000	205.432049
11.071352	20.461000	205.442089
11.070780	20.462000	205.452130
11.070209	20.463000	205.462171
11.069637	20.464000	205.472211
11.069066	20.465000	205.482252
11.068494	20.466000	205.492293
11.067923	20.467000	205.502333
11.067351	20.468000	205.512374
11.066780	20.469000	205.522415
11.066208	20.470000	205.532455
11.065637	20.471000	205.542496
11.065065	20.472000	205.552537
11.064493	20.473000	205.562577
11.063922	20.474000	205.572618
11.063350	20.475000	205.582659
11.062778	20.476000	205.592699
11.062207	20.477000	205.602740
11.061635	20.478000	205.612781
11.061063	20.479000	205.622821
11.060491	20.480000	205.632862
11.059919	20.481000	205.642903
11.059347	20.482000	205.652943
11.058776	20.483000	205.662984
11.058204	20.484000	205.673025
11.057632	20.485000	205.683065
11.057060	20.486000	205.693106
11.056488	20.487000	205.703147
11.055916	20.488000	205.713187
11.055344	20.489000	205.723228
11.054772	20.490000	205.733269
11.054200	20.491000	205.743309
11.053628	20.492000	205.753350
11.053056	20.493000	205.763391
11.052483	20.494000	205.773431
11.051911	20.495000	205.783472
11.051339	20.496000	205.793513
11.050767	20.497000	205.803553
11.050195	20.498000	205.813594
11.049622	20.499000	205.823635
11.049050	20.500000	205.833675
11.048478	20.501000	205.843716
11.047906	20.502000	205.853757
11.047333	20.503000	205.863797
11.046761	20.504000	205.873838
11.046188	20.505000	205.883879
11.045616	20.506000	205.893919
11.045044	20.507000	205.903960
11.044471	20.508000	205.914001
11.043899	20.509000	205.924041
11.043326	20.510000	205.934082
11.042754	20.511000	205.944123
11.042181	20.512000	205.954163
11.041609	20.513000	205.964204
11.041036	20.514000	205.974245
11.040463	20.515000	205.984285
11.039891	20.516000	205.994326
11.039318	20.517000	206.004367
11.038745	20.518000	206.014407
11.038173	20.519000	206.024448
11.037600	20.520000	206.034489
11.037027	20.521000	206.044529
11.036454	20.522000	206.054570
11.035882	20.523000	206.064611
11.035309	20.524000	206.074651
11.034736	20.525000	206.084692
11.034163	20.526000	206.094733
11.033590	20.527000	206.104773
11.033017	20.528000	206.114814
11.032444	20.529000	206.124855
11.031871	20.530000	206.134895
11.031298	20.531000	206.144936
11.030725	20.532000	206.154977
11.030152	20.533000	206.165017
11.029579	20.534000	206.175058
11.029006	20.535000	206.185099
11.028433	20.536000	206.195139
11.027860	20.537000	206.205180
11.027287	20.538000	206.215221
11.026713	20.539000	206.225261
11.026140	20.540000	206.235302
11.025567	20.541000	206.245343
11.024994	20.542000	206.255383
11.024421	20.543000	206.265424
11.023847	20.544000	206.275465
11.023274	20.545000	206.285505
11.022701	20.546000	206.295546
11.022127	20.547000	206.305587
11.021554	20.548000	206.315627
11.020980	20.549000	206.325668
11.020407	20.550000	206.335709
11.019834	20.551000	206.345749
11.019260	20.552000	206.355790
11.018687	20.553000	206.365831
11.018113	20.554000	206.375871
11.017539	20.555000	206.385912
11.016966	20.556000	206.395953
11.016392	20.557000	206.405993
11.015819	20.558000	206.416034
11.015245	20.559000	206.426075
11.014671	20.560000	206.436115
11.014098	20.561000	206.446156
11.013524	20.562000	206.456197
11.012950	20.563000	206.466237
11.012376	20.564000	206.476278
11.011803	20.565000	206.486319
11.011229	20.566000	206.496359
11.010655	20.567000	206.506400
11.010081	20.568000	206.516441
11.009507	20.569000	206.526481
11.008933	20.570000	206.536522
11.008359	20.571000	206.546563
11.007786	20.572000	206.556603
11.007212	20.573000	206.566644
11.006638	20.574000	206.576685
11.006064	20.575000	206.586725
11.005489	20.576000	206.596766
11.004915	20.577000	206.606807
11.004341	20.578000	206.616847
11.003767	20.579000	206.626888
11.003193	20.580000	206.636929
11.002619	20.581000	206.646969
11.002045	20.582000	206.657010
11.001471	20.583000	206.667051
11.000896	20.584000	206.677091
11.000322	20.585000	206.687132
10.999748	20.586000	206.697173
10.999173	20.587000	206.707213
10.998599	20.588000	206.717254
10.998025	20.589000	206.727295
10.997450	20.590000	206.737335
10.996876	20.591000	206.747376
10.996302	20.592000	206.757417
10.995727	20.593000	206.767457
10.995153	20.594000	206.777498
10.994578	20.595000	206.787539
10.994004	20.596000	206.797579
10.993429	20.597000	206.807620
10.992855	20.598000	206.817661
10.992280	20.599000	206.827701
10.991705	20.600000	206.837742
10.991131	20.601000	206.847783
10.990556	20.602000	206.857823
10.989981	20.603000	206.867864
10.989407	20.604000	206.877905
10.988832	20.605000	206.887945
10.988257	20.606000	206.897986
10.987683	20.607000	206.908027
10.987108	20.608000	206.918067
10.986533	20.609000	206.928108
10.985958	20.610000	206.938149
10.985383	20.611000	206.948189
10.984808	20.612000	206.958230
10.984233	20.613000	206.968271
10.983658	20.614000	206.978311
10.983084	20.615000	206.988352
10.982509	20.616000	206.998393
10.981934	20.617000	207.008433
10.981358	20.618000	207.018474
10.980783	20.619000	207.028515
10.980208	20.620000	207.038555
10.979633	20.621000	207.048596
10.979058	20.622000	207.058637
10.978483	20.623000	207.068677
10.977908	20.624000	207.078718
10.977333	20.625000	207.088759
10.976757	20.626000	207.098799
10.976182	20.627000	207.108840
10.975607	20.628000	207.118881
10.975032	20.629000	207.128921
10.974456	20.630000	207.138962
10.973881	20.631000	207.149003
10.973306	20.632000	207.159043
10.972730	20.633000	207.169084
10.972155	20.634000	207.179125
10.971579	20.635000	207.189165
10.971004	20.636000	207.199206
10.970428	20.637000	207.209247
10.969853	20.638000	207.219287
10.969277	20.639000	207.229328
10.968702	20.640000	207.239369
10.968126	20.641000	207.249409
10.967551	20.642000	207.259450
10.966975	20.643000	207.269491
10.966399	20.644000	207.279531
10.965824	20.645000	207.289572
10.965248	20.646000	207.299613
10.964672	20.647000	207.309653
10.964097	20.648000	207.319694
10.963521	20.649000	207.329735
10.962945	20.650000	207.339775
10.962369	20.651000	207.349816
10.961793	20.652000	207.359857
10.961218	20.653000	207.369897
10.960642	20.654000	207.379938
10.960066	20.655000	207.389979
10.959490	20.656000	207.400020
10.958914	20.657000	207.410060
10.958338	20.658000	207.420101
10.957762	20.659000	207.430142
10.957186	20.660000	207.440182
10.956610	20.661000	207.450223
10.956034	20.662000	207.460264
10.955458	20.663000	207.470304
10.954882	20.664000	207.480345
10.954305	20.665000	207.490386
10.953729	20.666000	207.500426
10.953153	20.667000	207.510467
10.952577	20.668000	207.520508
10.952001	20.669000	207.530548
10.951424	20.670000	207.540589
10.950848	20.671000	207.550630
10.950272	20.672000	207.560670
10.949696	20.673000	207.570711
10.949119	20.674000	207.580752
10.948543	20.675000	207.590792
10.947966	20.676000	207.600833
10.947390	20.677000	207.610874
10.946814	20.678000	207.620914
10.946237	20.679000	207.630955
10.945661	20.680000	207.640996
10.945084	20.681000	207.651036
10.944507	20.682000	207.661077
10.943931	20.683000	207.671118
10.943354	20.684000	207.681158
10.942778	20.685000	207.691199
10.942201	20.686000	207.701240
10.941624	20.687000	207.711280
10.941048	20.688000	207.721321
10.940471	20.689000	207.731362
10.939894	20.690000	207.741402
10.939318	20.691000	207.751443
10.938741	20.692000	207.761484
10.938164	20.693000	207.771524
10.937587	20.694000	207.781565
10.937010	20.695000	207.791606
10.936433	20.696000	207.801646
10.935856	20.697000	207.811687
10.935280	20.698000	207.821728
10.934703	20.699000	207.831768
10.934126	20.700000	207.841809
10.933549	20.701000	207.851850
10.932972	20.702000	207.861890
10.932395	20.703000	207.871931
10.931818	20.704000	207.881972
10.931240	20.705000	207.892012
10.930663	20.706000	207.902053
10.930086	20.707000	207.912094
10.929509	20.708000	207.922134
10.928932	20.709000	207.932175
10.928355	20.710000	207.942216
10.927777	20.711000	207.952256
10.927200	20.712000	207.962297
10.926623	20.713000	207.972338
10.926046	20.714000	207.982378
10.925468	20.715000	207.992419
10.924891	20.716000	208.002460
10.924313	20.717000	208.012500
10.923736	20.718000	208.022541
10.923159	20.719000	208.032582
10.922581	20.720000	208.042622
10.922004	20.721000	208.052663
10.921426	20.722000	208.062704
10.920849	20.723000	208.072744
10.920271	20.724000	208.082785
10.919694	20.725000	208.092826
10.919116	20.726000	208.102866
10.918538	20.727000	208.112907
10.917961	20.728000	208.122948
10.917383	20.729000	208.132988
10.916805	20.730000	208.143029
10.916228	20.731000	208.153070
10.915650	20.732000	208.163110
10.915072	20.733000	208.173151
10.914494	20.734000	208.183192
10.913917	20.735000	208.193232
10.913339	20.736000	208.203273
10.912761	20.737000	208.213314
10.912183	20.738000	208.223354
10.911605	20.739000	208.233395
10.911027	20.740000	208.243436
10.910449	20.741000	208.253476
10.909871	20.742000	208.263517
10.909293	20.743000	208.273558
10.908715	20.744000	208.283598
10.908137	20.745000	208.293639
10.907559	20.746000	208.303680
10.906981	20.747000	208.313720
10.906403	20.748000	208.323761
10.905825	20.749000	208.333802
10.905247	20.750000	208.343842
10.904668	20.751000	208.353883
10.904090	20.752000	208.363924
10.903512	20.753000	208.373964
10.902934	20.754000	208.384005
10.902355	20.755000	208.394046
10.901777	20.756000	208.404086
10.901199	20.757000	208.414127
10.900620	20.758000	208.424168
10.900042	20.759000	208.434208
10.899464	20.760000	208.444249
10.898885	20.761000	208.454290
10.898307	20.762000	208.464330
10.897728	20.763000	208.474371
10.897150	20.764000	208.484412
10.896571	20.765000	208.494452
10.895993	20.766000	208.504493
10.895414	20.767000	208.514534
10.894836	20.768000	208.524574
10.894257	20.769000	208.534615
10.893678	20.770000	208.544656
10.893100	20.771000	208.554696
10.892521	20.772000	208.564737
10.891942	20.773000	208.574778
10.891364	20.774000	208.584818
10.890785	20.775000	208.594859
10.890206	20.776000	208.604900
10.889627	20.777000	208.614940
10.889048	20.778000	208.624981
10.888469	20.779000	208.635022
10.887891	20.780000	208.645062
10.887312	20.781000	208.655103
10.886733	20.782000	208.665144
10.886154	20.783000	208.675184
10.885575	20.784000	208.685225
10.884996	20.785000	208.695266
10.884417	20.786000	208.705306
10.883838	20.787000	208.715347
10.883259	20.788000	208.725388
10.882680	20.789000	208.735428
10.882100	20.790000	208.745469
10.881521	20.791000	208.755510
10.880942	20.792000	208.765550
10.880363	20.793000	208.775591
10.879784	20.794000	208.785632
10.879204	20.795000	208.795672
10.878625	20.796000	208.805713
10.878046	20.797000	208.815754
10.877467	20.798000	208.825794
10.876887	20.799000	208.835835
10.876308	20.800000	208.845876
10.875728	20.801000	208.855916
10.875149	20.802000	208.865957
10.874570	20.803000	208.875998
10.873990	20.804000	208.886038
10.873411	20.805000	208.896079
10.872831	20.806000	208.906120
10.872252	20.807000	208.916160
10.871672	20.808000	208.926201
10.871092	20.809000	208.936242
10.870513	20.810000	208.946282
10.869933	20.811000	208.956323
10.869354	20.812000	208.966364
10.868774	20.813000	208.976404
10.868194	20.814000	208.986445
10.867614	20.815000	208.996486
10.867035	20.816000	209.006526
10.866455	20.817000	209.016567
10.865875	20.818000	209.026608
10.865295	20.819000	209.036648
10.864715	20.820000	209.046689
10.864136	20.821000	209.056730
10.863556	20.822000	209.066770
10.862976	20.823000	209.076811
10.862396	20.824000	209.086852
10.861816	20.825000	209.096892
10.861236	20.826000	209.106933
10.860656	20.827000	209.116974
10.860076	20.828000	209.127014
10.859496	20.829000	209.137055
10.858916	20.830000	209.147096
10.858335	20.831000	209.157136
10.857755	20.832000	209.167177
10.857175	20.833000	209.177218
10.856595	20.834000	209.187258
10.856015	20.835000	209.197299
10.855435	20.836000	209.207340
10.854854	20.837000	209.217380
10.854274	20.838000	209.227421
10.853694	20.839000	209.237462
10.853113	20.840000	209.247502
10.852533	20.841000	209.257543
10.851953	20.842000	209.267584
10.851372	20.843000	209.277624
10.850792	20.844000	209.287665
10.850211	20.845000	209.297706
10.849631	20.846000	209.307746
10.849050	20.847000	209.317787
10.848470	20.848000	209.327828
10.847889	20.849000	209.337868
10.847309	20.850000	209.347909
10.846728	20.851000	209.357950
10.846147	20.852000	209.367990
10.845567	20.853000	209.378031
10.844986	20.854000	209.388072
10.844405	20.855000	209.398112
10.843825	20.856000	209.408153
10.843244	20.857000	209.418194
10.842663	20.858000	209.428234
10.842082	20.859000	209.438275
10.841502	20.860000	209.448316
10.840921	20.861000	209.458356
10.840340	20.862000	209.468397
10.839759	20.863000	209.478438
10.839178	20.864000	209.488478
10.838597	20.865000	209.498519
10.838016	20.866000	209.508560
10.837435	20.867000	209.518600
10.836854	20.868000	209.528641
10.836273	20.869000	209.538682
10.835692	20.870000	209.548722
10.835111	20.871000	209.558763
10.834530	20.872000	209.568804
10.833949	20.873000	209.578844
10.833368	20.874000	209.588885
10.832786	20.875000	209.598926
10.832205	20.876000	209.608966
10.831624	20.877000	209.619007
10.831043	20.878000	209.629048
10.830461	20.879000	209.639088
10.829880	20.880000	209.649129
10.829299	20.881000	209.659170
10.828717	20.882000	209.669210
10.828136	20.883000	209.679251
10.827555	20.884000	209.689292
10.826973	20.885000	209.699332
10.826392	20.886000	209.709373
10.825810	20.887000	209.719414
10.825229	20.888000	209.729454
10.824647	20.889000	209.739495
10.824066	20.890000	209.749536
10.823484	20.891000	209.759576
10.822903	20.892000	209.769617
10.822321	20.893000	209.779658
10.821739	20.894000	209.789698
10.821158	20.895000	209.799739
10.820576	20.896000	209.809780
10.819994	20.897000	209.819820
10.819412	20.898000	209.829861
10.818831	20.899000	209.839902
10.818249	20.900000	209.849942
10.817667	20.901000	209.859983
10.817085	20.902000	209.870024
10.816503	20.903000	209.880064
10.815921	20.904000	209.890105
10.815340	20.905000	209.900146
10.814758	20.906000	209.910186
10.814176	20.907000	209.920227
10.813594	20.908000	209.930268
10.813012	20.909000	209.940308
10.812430	20.910000	209.950349
10.811848	20.911000	209.960390
10.811265	20.912000	209.970430
10.810683	20.913000	209.980471
10.810101	20.914000	209.990512
10.809519	20.915000	210.000552
10.808937	20.916000	210.010593
10.808355	20.917000	210.020634
10.807772	20.918000	210.030674
10.807190	20.919000	210.040715
10.806608	20.920000	210.050756
10.806026	20.921000	210.060796
10.805443	20.922000	210.070837
10.804861	20.923000	210.080878
10.804278	20.924000	210.090918
10.803696	20.925000	210.100959
10.803114	20.926000	210.111000
10.802531	20.927000	210.121040
10.801949	20.928000	210.131081
10.801366	20.929000	210.141122
10.800784	20.930000	210.151162
10.800201	20.931000	210.161203
10.799619	20.932000	210.171244
10.799036	20.933000	210.181284
10.798453	20.934000	210.191325
10.797871	20.935000	210.201366
10.797288	20.936000	210.211406
10.796705	20.937000	210.221447
10.796123	20.938000	210.231488
10.795540	20.939000	210.241528
10.794957	20.940000	210.251569
10.794374	20.941000	210.261610
10.793791	20.942000	210.271650
10.793209	20.943000	210.281691
10.792626	20.944000	210.291732
10.792043	20.945000	210.301772
10.791460	20.946000	210.311813
10.790877	20.947000	210.321854
10.790294	20.948000	210.331894
10.789711	20.949000	210.341935
10.789128	20.950000	210.351976
10.788545	20.951000	210.362016
10.787962	20.952000	210.372057
10.787379	20.953000	210.382098
10.786796	20.954000	210.392138
10.786212	20.955000	210.402179
10.785629	20.956000	210.412220
10.785046	20.957000	210.422260
10.784463	20.958000	210.432301
10.783880	20.959000	210.442342
10.783296	20.960000	210.452382
10.782713	20.961000	210.462423
10.782130	20.962000	210.472464
10.781546	20.963000	210.482504
10.780963	20.964000	210.492545
10.780380	20.965000	210.502586
10.779796	20.966000	210.512626
10.779213	20.967000	210.522667
10.778629	20.968000	210.532708
10.778046	20.969000	210.542748
10.777462	20.970000	210.552789
10.776879	20.971000	210.562830
10.776295	20.972000	210.572870
10.775712	20.973000	210.582911
10.775128	20.974000	210.592952
10.774544	20.975000	210.602992
10.773961	20.976000	210.613033
10.773377	20.977000	210.623074
10.772793	20.978000	210.633114
10.772210	20.979000	210.643155
10.771626	20.980000	210.653196
10.771042	20.981000	210.663236
10.770458	20.982000	210.673277
10.769875	20.983000	210.683318
10.769291	20.984000	210.693358
10.768707	20.985000	210.703399
10.768123	20.986000	210.713440
10.767539	20.987000	210.723480
10.766955	20.988000	210.733521
10.766371	20.989000	210.743562
10.765787	20.990000	210.753602
10.765203	20.991000	210.763643
10.764619	20.992000	210.773684
10.764035	20.993000	210.783724
10.763451	20.994000	210.793765
10.762867	20.995000	210.803806
10.762282	20.996000	210.813846
10.761698	20.997000	210.823887
10.761114	20.998000	210.833928
10.760530	20.999000	210.843968
10.759946	21.000000	210.854009
10.759361	21.001000	210.864050
10.758777	21.002000	210.874090
10.758193	21.003000	210.884131
10.757608	21.004000	210.894172
10.757024	21.005000	210.904212
10.756440	21.006000	210.914253
10.755855	21.007000	210.924294
10.755271	21.008000	210.934334
10.754686	21.009000	210.944375
10.754102	21.010000	210.954416
10.753517	21.011000	210.964456
10.752933	21.012000	210.974497
10.752348	21.013000	210.984538
10.751763	21.014000	210.994578
10.751179	21.015000	211.004619
10.750594	21.016000	211.014660
10.750009	21.017000	211.024700
10.749425	21.018000	211.034741
10.748840	21.019000	211.044782
10.748255	21.020000	211.054822
10.747671	21.021000	211.064863
10.747086	21.022000	211.074904
10.746501	21.023000	211.084944
10.745916	21.024000	211.094985
10.745331	21.025000	211.105026
10.744746	21.026000	211.115066
10.744161	21.027000	211.125107
10.743576	21.028000	211.135148
10.742991	21.029000	211.145188
10.742406	21.030000	211.155229
10.741821	21.031000	211.165270
10.741236	21.032000	211.175310
10.740651	21.033000	211.185351
10.740066	21.034000	211.195392
10.739481	21.035000	211.205432
10.738896	21.036000	211.215473
10.738311	21.037000	211.225514
10.737726	21.038000	211.235554
10.737140	21.039000	211.245595
10.736555	21.040000	211.255636
10.735970	21.041000	211.265676
10.735385	21.042000	211.275717
10.734799	21.043000	211.285758
10.734214	21.044000	211.295798
10.733629	21.045000	211.305839
10.733043	21.046000	211.315880
10.732458	21.047000	211.325920
10.731872	21.048000	211.335961
10.731287	21.049000	211.346002
10.730701	21.050000	211.356042
10.730116	21.051000	211.366083
10.729530	21.052000	211.376124
10.728945	21.053000	211.386164
10.728359	21.054000	211.396205
10.727773	21.055000	211.406246
10.727188	21.056000	211.416286
10.726602	21.057000	211.426327
10.726016	21.058000	211.436368
10.725431	21.059000	211.446408
10.724845	21.060000	211.456449
10.724259	21.061000	211.466490
10.723673	21.062000	211.476530
10.723088	21.063000	211.486571
10.722502	21.064000	211.496612
10.721916	21.065000	211.506652
10.721330	21.066000	211.516693
10.720744	21.067000	211.526734
10.720158	21.068000	211.536774
10.719572	21.069000	211.546815
10.718986	21.070000	211.556856
10.718400	21.071000	211.566896
10.717814	21.072000	211.576937
10.717228	21.073000	211.586978
10.716642	21.074000	211.597018
10.716056	21.075000	211.607059
10.715470	21.076000	211.617100
10.714884	21.077000	211.627140
10.714297	21.078000	211.637181
10.713711	21.079000	211.647222
10.713125	21.080000	211.657262
10.712539	21.081000	211.667303
10.711952	21.082000	211.677344
10.711366	21.083000	211.687384
10.710780	21.084000	211.697425
10.710193	21.085000	211.707466
10.709607	21.086000	211.717506
10.709021	21.087000	211.727547
10.708434	21.088000	211.737588
10.707848	21.089000	211.747628
10.707261	21.090000	211.757669
10.706675	21.091000	211.767710
10.706088	21.092000	211.777750
10.705501	21.093000	211.787791
10.704915	21.094000	211.797832
10.704328	21.095000	211.807872
10.703742	21.096000	211.817913
10.703155	21.097000	211.827954
10.702568	21.098000	211.837994
10.701982	21.099000	211.848035
10.701395	21.100000	211.858076
10.700808	21.101000	211.868116
10.700221	21.102000	211.878157
10.699634	21.103000	211.888198
10.699048	21.104000	211.898238
10.698461	21.105000	211.908279
10.697874	21.106000	211.918320
10.697287	21.107000	211.928360
10.696700	21.108000	211.938401
10.696113	21.109000	211.948442
10.695526	21.110000	211.958482
10.694939	21.111000	211.968523
10.694352	21.112000	211.978564
10.693765	21.113000	211.988604
10.693178	21.114000	211.998645
10.692591	21.115000	212.008686
10.692003	21.116000	212.018726
10.691416	21.117000	212.028767
10.690829	21.118000	212.038808
10.690242	21.119000	212.048848
10.689655	21.120000	212.058889
10.689067	21.121000	212.068930
10.688480	21.122000	212.078970
10.687893	21.123000	212.089011
10.687305	21.124000	212.099052
10.686718	21.125000	212.109092
10.686131	21.126000	212.119133
10.685543	21.127000	212.129174
10.684956	21.128000	212.139214
10.684368	21.129000	212.149255
10.683781	21.130000	212.159296
10.683193	21.131000	212.169336
10.682606	21.132000	212.179377
10.682018	21.133000	212.189418
10.681431	21.134000	212.199458
10.680843	21.135000	212.209499
10.680255	21.136000	212.219540
10.679668	21.137000	212.229580
10.679080	21.138000	212.239621
10.678492	21.139000	212.249662
10.677904	21.140000	212.259702
10.677317	21.141000	212.269743
10.676729	21.142000	212.279784
10.676141	21.143000	212.289824
10.675553	21.144000	212.299865
10.674965	21.145000	212.309906
10.674377	21.146000	212.319946
10.673789	21.147000	212.329987
10.673202	21.148000	212.340028
10.672614	21.149000	212.350068
10.672026	21.150000	212.360109
10.671438	21.151000	212.370150
10.670849	21.152000	212.380190
10.670261	21.153000	212.390231
10.669673	21.154000	212.400272
10.669085	21.155000	212.410312
10.668497	21.156000	212.420353
10.667909	21.157000	212.430394
10.667321	21.158000	212.440434
10.666732	21.159000	212.450475
10.666144	21.160000	212.460516
10.665556	21.161000	212.470556
10.664968	21.162000	212.480597
10.664379	21.163000	212.490638
10.663791	21.164000	212.500678
10.663202	21.165000	212.510719
10.662614	21.166000	212.520760
10.662026	21.167000	212.530800
10.661437	21.168000	212.540841
10.660849	21.169000	212.550882
10.660260	21.170000	212.560922
10.659672	21.171000	212.570963
10.659083	21.172000	212.581004
10.658494	21.173000	212.591044
10.657906	21.174000	212.601085
10.657317	21.175000	212.611126
10.656729	21.176000	212.621166
10.656140	21.177000	212.631207
10.655551	21.178000	212.641248
10.654962	21.179000	212.651288
10.654374	21.180000	212.661329
10.653785	21.181000	212.671370
10.653196	21.182000	212.681410
10.652607	21.183000	212.691451
10.652018	21.184000	212.701492
10.651430	21.185000	212.711532
10.650841	21.186000	212.721573
10.650252	21.187000	212.731614
10.649663	21.188000	212.741654
10.649074	21.189000	212.751695
10.648485	21.190000	212.761736
10.647896	21.191000	212.771776
10.647307	21.192000	212.781817
10.646717	21.193000	212.791858
10.646128	21.194000	212.801898
10.645539	21.195000	212.811939
10.644950	21.196000	212.821980
10.644361	21.197000	212.832020
10.643772	21.198000	212.842061
10.643182	21.199000	212.852102
10.642593	21.200000	212.862142
10.642004	21.201000	212.872183
10.641415	21.202000	212.882224
10.640825	21.203000	212.892264
10.640236	21.204000	212.902305
10.639646	21.205000	212.912346
10.639057	21.206000	212.922386
10.638468	21.207000	212.932427
10.637878	21.208000	212.942468
10.637289	21.209000	212.952508
10.636699	21.210000	212.962549
10.636110	21.211000	212.972590
10.635520	21.212000	212.982630
10.634930	21.213000	212.992671
10.634341	21.214000	213.002712
10.633751	21.215000	213.012752
10.633161	21.216000	213.022793
10.632572	21.217000	213.032834
10.631982	21.218000	213.042874
10.631392	21.219000	213.052915
10.630802	21.220000	213.062956
10.630213	21.221000	213.072996
10.629623	21.222000	213.083037
10.629033	21.223000	213.093078
10.628443	21.224000	213.103118
10.627853	21.225000	213.113159
10.627263	21.226000	213.123200
10.626673	21.227000	213.133240
10.626083	21.228000	213.143281
10.625493	21.229000	213.153322
10.624903	21.230000	213.163362
10.624313	21.231000	213.173403
10.623723	21.232000	213.183444
10.623133	21.233000	213.193484
10.622543	21.234000	213.203525
10.621953	21.235000	213.213566
10.621363	21.236000	213.223606
10.620772	21.237000	213.233647
10.620182	21.238000	213.243688
10.619592	21.239000	213.253728
10.619002	21.240000	213.263769
10.618411	21.241000	213.273810
10.617821	21.242000	213.283850
10.617230	21.243000	213.293891
10.616640	21.244000	213.303932
10.616050	21.245000	213.313972
10.615459	21.246000	213.324013
10.614869	21.247000	213.334054
10.614278	21.248000	213.344094
10.613688	21.249000	213.354135
10.613097	21.250000	213.364176
10.612507	21.251000	213.374216
10.611916	21.252000	213.384257
10.611325	21.253000	213.394298
10.610735	21.254000	213.404338
10.610144	21.255000	213.414379
10.609553	21.256000	213.424420
10.608963	21.257000	213.434460
10.608372	21.258000	213.444501
10.607781	21.259000	213.454542
10.607190	21.260000	213.464582
10.606600	21.261000	213.474623
10.606009	21.262000	213.484664
10.605418	21.263000	213.494704
10.604827	21.264000	213.504745
10.604236	21.265000	213.514786
10.603645	21.266000	213.524826
10.603054	21.267000	213.534867
10.602463	21.268000	213.544908
10.601872	21.269000	213.554948
10.601281	21.270000	213.564989
10.600690	21.271000	213.575030
10.600099	21.272000	213.585070
10.599508	21.273000	213.595111
10.598916	21.274000	213.605152
10.598325	21.275000	213.615192
10.597734	21.276000	213.625233
10.597143	21.277000	213.635274
10.596552	21.278000	213.645314
10.595960	21.279000	213.655355
10.595369	21.280000	213.665396
10.594778	21.281000	213.675436
10.594186	21.282000	213.685477
10.593595	21.283000	213.695518
10.593003	21.284000	213.705558
10.592412	21.285000	213.715599
10.591821	21.286000	213.725640
10.591229	21.287000	213.735680
10.590638	21.288000	213.745721
10.590046	21.289000	213.755762
10.589454	21.290000	213.765802
10.588863	21.291000	213.775843
10.588271	21.292000	213.785884
10.587680	21.293000	213.795924
10.587088	21.294000	213.805965
10.586496	21.295000	213.816006
10.585904	21.296000	213.826046
10.585313	21.297000	213.836087
10.584721	21.298000	213.846128
10.584129	21.299000	213.856168
10.583537	21.300000	213.866209
10.582945	21.301000	213.876250
10.582354	21.302000	213.886290
10.581762	21.303000	213.896331
10.581170	21.304000	213.906372
10.580578	21.305000	213.916412
10.579986	21.306000	213.926453
10.579394	21.307000	213.936494
10.578802	21.308000	213.946534
10.578210	21.309000	213.956575
10.577618	21.310000	213.966616
10.577025	21.311000	213.976656
10.576433	21.312000	213.986697
10.575841	21.313000	213.996738
10.575249	21.314000	214.006778
10.574657	21.315000	214.016819
10.574065	21.316000	214.026860
10.573472	21.317000	214.036900
10.572880	21.318000	214.046941
10.572288	21.319000	214.056982
10.571695	21.320000	214.067022
10.571103	21.321000	214.077063
10.570511	21.322000	214.087104
10.569918	21.323000	214.097144
10.569326	21.324000	214.107185
10.568733	21.325000	214.117226
10.568141	21.326000	214.127266
10.567548	21.327000	214.137307
10.566956	21.328000	214.147348
10.566363	21.329000	214.157388
10.565770	21.330000	214.167429
10.565178	21.331000	214.177470
10.564585	21.332000	214.187510
10.563992	21.333000	214.197551
10.563400	21.334000	214.207592
10.562807	21.335000	214.217632
10.562214	21.336000	214.227673
10.561622	21.337000	214.237714
10.561029	21.338000	214.247754
10.560436	21.339000	214.257795
10.559843	21.340000	214.267836
10.559250	21.341000	214.277876
10.558657	21.342000	214.287917
10.558064	21.343000	214.297958
10.557471	21.344000	214.307998
10.556878	21.345000	214.318039
10.556285	21.346000	214.328080
10.555692	21.347000	214.338120
10.555099	21.348000	214.348161
10.554506	21.349000	214.358202
10.553913	21.350000	214.368242
10.553320	21.351000	214.378283
10.552727	21.352000	214.388324
10.552133	21.353000	214.398364
10.551540	21.354000	214.408405
10.550947	21.355000	214.418446
10.550354	21.356000	214.428486
10.549760	21.357000	214.438527
10.549167	21.358000	214.448568
10.548574	21.359000	214.458608
10.547980	21.360000	214.468649
10.547387	21.361000	214.478690
10.546793	21.362000	214.488730
10.546200	21.363000	214.498771
10.545607	21.364000	214.508812
10.545013	21.365000	214.518852
10.544420	21.366000	214.528893
10.543826	21.367000	214.538934
10.543232	21.368000	214.548974
10.542639	21.369000	214.559015
10.542045	21.370000	214.569056
10.541451	21.371000	214.579096
10.540858	21.372000	214.589137
10.540264	21.373000	214.599178
10.539670	21.374000	214.609218
10.539077	21.375000	214.619259
10.538483	21.376000	214.629300
10.537889	21.377000	214.639340
10.537295	21.378000	214.649381
10.536701	21.379000	214.659422
10.536107	21.380000	214.669462
10.535513	21.381000	214.679503
10.534919	21.382000	214.689544
10.534325	21.383000	214.699584
10.533731	21.384000	214.709625
10.533137	21.385000	214.719666
10.532543	21.386000	214.729706
10.531949	21.387000	214.739747
10.531355	21.388000	214.749788
10.530761	21.389000	214.759828
10.530167	21.390000	214.769869
10.529573	21.391000	214.779910
10.528978	21.392000	214.789950
10.528384	21.393000	214.799991
10.527790	21.394000	214.810032
10.527196	21.395000	214.820072
10.526601	21.396000	214.830113
10.526007	21.397000	214.840154
10.525413	21.398000	214.850194
10.524818	21.399000	214.860235
10.524224	21.400000	214.870276
10.523629	21.401000	214.880316
10.523035	21.402000	214.890357
10.522440	21.403000	214.900398
10.521846	21.404000	214.910438
10.521251	21.405000	214.920479
10.520657	21.406000	214.930520
10.520062	21.407000	214.940560
10.519467	21.408000	214.950601
10.518873	21.409000	214.960642
10.518278	21.410000	214.970682
10.517683	21.411000	214.980723
10.517089	21.412000	214.990764
10.516494	21.413000	215.000804
10.515899	21.414000	215.010845
10.515304	21.415000	215.020886
10.514709	21.416000	215.030926
10.514115	21.417000	215.040967
10.513520	21.418000	215.051008
10.512925	21.419000	215.061048
10.512330	21.420000	215.071089
10.511735	21.421000	215.081130
10.511140	21.422000	215.091170
10.510545	21.423000	215.101211
10.509950	21.424000	215.111252
10.509355	21.425000	215.121292
10.508760	21.426000	215.131333
10.508164	21.427000	215.141374
10.507569	21.428000	215.151414
10.506974	21.429000	215.161455
10.506379	21.430000	215.171496
10.505784	21.431000	215.181536
10.505188	21.432000	215.191577
10.504593	21.433000	215.201618
10.503998	21.434000	215.211659
10.503403	21.435000	215.221699
10.502807	21.436000	215.231740
10.502212	21.437000	215.241781
10.501616	21.438000	215.251821
10.501021	21.439000	215.261862
10.500425	21.440000	215.271903
10.499830	21.441000	215.281943
10.499234	21.442000	215.291984
10.498639	21.443000	215.302025
10.498043	21.444000	215.312065
10.497448	21.445000	215.322106
10.496852	21.446000	215.332147
10.496256	21.447000	215.342187
10.495661	21.448000	215.352228
10.495065	21.449000	215.362269
10.494469	21.450000	215.372309
10.493874	21.451000	215.382350
10.493278	21.452000	215.392391
10.492682	21.453000	215.402431
10.492086	21.454000	215.412472
10.491490	21.455000	215.422513
10.490894	21.456000	215.432553
10.490298	21.457000	215.442594
10.489702	21.458000	215.452635
10.489107	21.459000	215.462675
10.488511	21.460000	215.472716
10.487915	21.461000	215.482757
10.487318	21.462000	215.492797
10.486722	21.463000	215.502838
10.486126	21.464000	215.512879
10.485530	21.465000	215.522919
10.484934	21.466000	215.532960
10.484338	21.467000	215.543001
10.483742	21.468000	215.553041
10.483145	21.469000	215.563082
10.482549	21.470000	215.573123
10.481953	21.471000	215.583163
10.481357	21.472000	215.593204
10.480760	21.473000	215.603245
10.480164	21.474000	215.613285
10.479567	21.475000	215.623326
10.478971	21.476000	215.633367
10.478375	21.477000	215.643407
10.477778	21.478000	215.653448
10.477182	21.479000	215.663489
10.476585	21.480000	215.673529
10.475989	21.481000	215.683570
10.475392	21.482000	215.693611
10.474795	21.483000	215.703651
10.474199	21.484000	215.713692
10.473602	21.485000	215.723733
10.473005	21.486000	215.733773
10.472409	21.487000	215.743814
10.471812	21.488000	215.753855
10.471215	21.489000	215.763895
10.470618	21.490000	215.773936
10.470022	21.491000	215.783977
10.469425	21.492000	215.794017
10.468828	21.493000	215.804058
10.468231	21.494000	215.814099
10.467634	21.495000	215.824139
10.467037	21.496000	215.834180
10.466440	21.497000	215.844221
10.465843	21.498000	215.854261
10.465246	21.499000	215.864302
10.464649	21.500000	215.874343
10.464052	21.501000	215.884383
10.463455	21.502000	215.894424
10.462858	21.503000	215.904465
10.462261	21.504000	215.914505
10.461663	21.505000	215.924546
10.461066	21.506000	215.934587
10.460469	21.507000	215.944627
10.459872	21.508000	215.954668
10.459274	21.509000	215.964709
10.458677	21.510000	215.974749
10.458080	21.511000	215.984790
10.457482	21.512000	215.994831
10.456885	21.513000	216.004871
10.456288	21.514000	216.014912
10.455690	21.515000	216.024953
10.455093	21.516000	216.034993
10.454495	21.517000	216.045034
10.453898	21.518000	216.055075
10.453300	21.519000	216.065115
10.452702	21.520000	216.075156
10.452105	21.521000	216.085197
10.451507	21.522000	216.095237
10.450910	21.523000	216.105278
10.450312	21.524000	216.115319
10.449714	21.525000	216.125359
10.449116	21.526000	216.135400
10.448519	21.527000	216.145441
10.447921	21.528000	216.155481
10.447323	21.529000	216.165522
10.446725	21.530000	216.175563
10.446127	21.531000	216.185603
10.445529	21.532000	216.195644
10.444931	21.533000	216.205685
10.444334	21.534000	216.215725
10.443736	21.535000	216.225766
10.443138	21.536000	216.235807
10.442539	21.537000	216.245847
10.441941	21.538000	216.255888
10.441343	21.539000	216.265929
10.440745	21.540000	216.275969
10.440147	21.541000	216.286010
10.439549	21.542000	216.296051
10.438951	21.543000	216.306091
10.438353	21.544000	216.316132
10.437754	21.545000	216.326173
10.437156	21.546000	216.336213
10.436558	21.547000	216.346254
10.435959	21.548000	216.356295
10.435361	21.549000	216.366335
10.434763	21.550000	216.376376
10.434164	21.551000	216.386417
10.433566	21.552000	216.396457
10.432967	21.553000	216.406498
10.432369	21.554000	216.416539
10.431770	21.555000	216.426579
10.431172	21.556000	216.436620
10.430573	21.557000	216.446661
10.429975	21.558000	216.456701
10.429376	21.559000	216.466742
10.428777	21.560000	216.476783
10.428179	21.561000	216.486823
10.427580	21.562000	216.496864
10.426981	21.563000	216.506905
10.426382	21.564000	216.516945
10.425784	21.565000	216.526986
10.425185	21.566000	216.537027
10.424586	21.567000	216.547067
10.423987	21.568000	216.557108
10.423388	21.569000	216.567149
10.422789	21.570000	216.577189
10.422190	21.571000	216.587230
10.421591	21.572000	216.597271
10.420993	21.573000	216.607311
10.420393	21.574000	216.617352
10.419794	21.575000	216.627393
10.419195	21.576000	216.637433
10.418596	21.577000	216.647474
10.417997	21.578000	216.657515
10.417398	21.579000	216.667555
10.416799	21.580000	216.677596
10.416200	21.581000	216.687637
10.415600	21.582000	216.697677
10.415001	21.583000	216.707718
10.414402	21.584000	216.717759
10.413802	21.585000	216.727799
10.413203	21.586000	216.737840
10.412604	21.587000	216.747881
10.412004	21.588000	216.757921
10.411405	21.589000	216.767962
10.410805	21.590000	216.778003
10.410206	21.591000	216.788043
10.409607	21.592000	216.798084
10.409007	21.593000	216.808125
10.408407	21.594000	216.818165
10.407808	21.595000	216.828206
10.407208	21.596000	216.838247
10.406609	21.597000	216.848287
10.406009	21.598000	216.858328
10.405409	21.599000	216.868369
10.404810	21.600000	216.878409
10.404210	21.601000	216.888450
10.403610	21.602000	216.898491
10.403010	21.603000	216.908531
10.402410	21.604000	216.918572
10.401811	21.605000	216.928613
10.401211	21.606000	216.938653
10.400611	21.607000	216.948694
10.400011	21.608000	216.958735
10.399411	21.609000	216.968775
10.398811	21.610000	216.978816
10.398211	21.611000	216.988857
10.397611	21.612000	216.998897
10.397011	21.613000	217.008938
10.396411	21.614000	217.018979
10.395811	21.615000	217.029019
10.395210	21.616000	217.039060
10.394610	21.617000	217.049101
10.394010	21.618000	217.059141
10.393410	21.619000	217.069182
10.392810	21.620000	217.079223
10.392209	21.621000	217.089263
10.391609	21.622000	217.099304
10.391009	21.623000	217.109345
10.390408	21.624000	217.119385
10.389808	21.625000	217.129426
10.389207	21.626000	217.139467
10.388607	21.627000	217.149507
10.388006	21.628000	217.159548
10.387406	21.629000	217.169589
10.386805	21.630000	217.179629
10.386205	21.631000	217.189670
10.385604	21.632000	217.199711
10.385004	21.633000	217.209751
10.384403	21.634000	217.219792
10.383802	21.635000	217.229833
10.383202	21.636000	217.239873
10.382601	21.637000	217.249914
10.382000	21.638000	217.259955
10.381400	21.639000	217.269995
10.380799	21.640000	217.280036
10.380198	21.641000	217.290077
10.379597	21.642000	217.300117
10.378996	21.643000	217.310158
10.378395	21.644000	217.320199
10.377794	21.645000	217.330239
10.377193	21.646000	217.340280
10.376592	21.647000	217.350321
10.375991	21.648000	217.360361
10.375390	21.649000	217.370402
10.374789	21.650000	217.380443
10.374188	21.651000	217.390483
10.373587	21.652000	217.400524
10.372986	21.653000	217.410565
10.372385	21.654000	217.420605
10.371784	21.655000	217.430646
10.371182	21.656000	217.440687
10.370581	21.657000	217.450727
10.369980	21.658000	217.460768
10.369378	21.659000	217.470809
10.368777	21.660000	217.480849
10.368176	21.661000	217.490890
10.367574	21.662000	217.500931
10.366973	21.663000	217.510971
10.366372	21.664000	217.521012
10.365770	21.665000	217.531053
10.365169	21.666000	217.541093
10.364567	21.667000	217.551134
10.363965	21.668000	217.561175
10.363364	21.669000	217.571215
10.362762	21.670000	217.581256
10.362161	21.671000	217.591297
10.361559	21.672000	217.601337
10.360957	21.673000	217.611378
10.360356	21.674000	217.621419
10.359754	21.675000	217.631459
10.359152	21.676000	217.641500
10.358550	21.677000	217.651541
10.357948	21.678000	217.661581
10.357347	21.679000	217.671622
10.356745	21.680000	217.681663
10.356143	21.681000	217.691703
10.355541	21.682000	217.701744
10.354939	21.683000	217.711785
10.354337	21.684000	217.721825
10.353735	21.685000	217.731866
10.353133	21.686000	217.741907
10.352531	21.687000	217.751947
10.351929	21.688000	217.761988
10.351327	21.689000	217.772029
10.350724	21.690000	217.782069
10.350122	21.691000	217.792110
10.349520	21.692000	217.802151
10.348918	21.693000	217.812191
10.348316	21.694000	217.822232
10.347713	21.695000	217.832273
10.347111	21.696000	217.842313
10.346509	21.697000	217.852354
10.345906	21.698000	217.862395
10.345304	21.699000	217.872435
10.344701	21.700000	217.882476
10.344099	21.701000	217.892517
10.343497	21.702000	217.902557
10.342894	21.703000	217.912598
10.342291	21.704000	217.922639
10.341689	21.705000	217.932679
10.341086	21.706000	217.942720
10.340484	21.707000	217.952761
10.339881	21.708000	217.962801
10.339278	21.709000	217.972842
10.338676	21.710000	217.982883
10.338073	21.711000	217.992923
10.337470	21.712000	218.002964
10.336867	21.713000	218.013005
10.336265	21.714000	218.023045
10.335662	21.715000	218.033086
10.335059	21.716000	218.043127
10.334456	21.717000	218.053167
10.333853	21.718000	218.063208
10.333250	21.719000	218.073249
10.332647	21.720000	218.083289
10.332044	21.721000	218.093330
10.331441	21.722000	218.103371
10.330838	21.723000	218.113411
10.330235	21.724000	218.123452
10.329632	21.725000	218.133493
10.329029	21.726000	218.143533
10.328426	21.727000	218.153574
10.327823	21.728000	218.163615
10.327219	21.729000	218.173655
10.326616	21.730000	218.183696
10.326013	21.731000	218.193737
10.325410	21.732000	218.203777
10.324806	21.733000	218.213818
10.324203	21.734000	218.223859
10.323599	21.735000	218.233899
10.322996	21.736000	218.243940
10.322393	21.737000	218.253981
10.321789	21.738000	218.264021
10.321186	21.739000	218.274062
10.320582	21.740000	218.284103
10.319979	21.741000	218.294143
10.319375	21.742000	218.304184
10.318771	21.743000	218.314225
10.318168	21.744000	218.324265
10.317564	21.745000	218.334306
10.316961	21.746000	218.344347
10.316357	21.747000	218.354387
10.315753	21.748000	218.364428
10.315149	21.749000	218.374469
10.314546	21.750000	218.384509
10.313942	21.751000	218.394550
10.313338	21.752000	218.404591
10.312734	21.753000	218.414631
10.312130	21.754000	218.424672
10.311526	21.755000	218.434713
10.310922	21.756000	218.444753
10.310318	21.757000	218.454794
10.309714	21.758000	218.464835
10.309110	21.759000	218.474875
10.308506	21.760000	218.484916
10.307902	21.761000	218.494957
10.307298	21.762000	218.504997
10.306694	21.763000	218.515038
10.306090	21.764000	218.525079
10.305485	21.765000	218.535119
10.304881	21.766000	218.545160
10.304277	21.767000	218.555201
10.303673	21.768000	218.565241
10.303068	21.769000	218.575282
10.302464	21.770000	218.585323
10.301860	21.771000	218.595363
10.301255	21.772000	218.605404
10.300651	21.773000	218.615445
10.300046	21.774000	218.625485
10.299442	21.775000	218.635526
10.298837	21.776000	218.645567
10.298233	21.777000	218.655607
10.297628	21.778000	218.665648
10.297024	21.779000	218.675689
10.296419	21.780000	218.685729
10.295814	21.781000	218.695770
10.295210	21.782000	218.705811
10.294605	21.783000	218.715851
10.294000	21.784000	218.725892
10.293396	21.785000	218.735933
10.292791	21.786000	218.745973
10.292186	21.787000	218.756014
10.291581	21.788000	218.766055
10.290976	21.789000	218.776095
10.290371	21.790000	218.786136
10.289767	21.791000	218.796177
10.289162	21.792000	218.806217
10.288557	21.793000	218.816258
10.287952	21.794000	218.826299
10.287347	21.795000	218.836339
10.286742	21.796000	218.846380
10.286136	21.797000	218.856421
10.285531	21.798000	218.866461
10.284926	21.799000	218.876502
10.284321	21.800000	218.886543
10.283716	21.801000	218.896583
10.283111	21.802000	218.906624
10.282505	21.803000	218.916665
10.281900	21.804000	218.926705
10.281295	21.805000	218.936746
10.280689	21.806000	218.946787
10.280084	21.807000	218.956827
10.279479	21.808000	218.966868
10.278873	21.809000	218.976909
10.278268	21.810000	218.986949
10.277662	21.811000	218.996990
10.277057	21.812000	219.007031
10.276451	21.813000	219.017071
10.275846	21.814000	219.027112
10.275240	21.815000	219.037153
10.274635	21.816000	219.047193
10.274029	21.817000	219.057234
10.273423	21.818000	219.067275
10.272818	21.819000	219.077315
10.272212	21.820000	219.087356
10.271606	21.821000	219.097397
10.271000	21.822000	219.107437
10.270395	21.823000	219.117478
10.269789	21.824000	219.127519
10.269183	21.825000	219.137559
10.268577	21.826000	219.147600
10.267971	21.827000	219.157641
10.267365	21.828000	219.167681
10.266759	21.829000	219.177722
10.266153	21.830000	219.187763
10.265547	21.831000	219.197803
10.264941	21.832000	219.207844
10.264335	21.833000	219.217885
10.263729	21.834000	219.227925
10.263123	21.835000	219.237966
10.262517	21.836000	219.248007
10.261911	21.837000	219.258047
10.261304	21.838000	219.268088
10.260698	21.839000	219.278129
10.260092	21.840000	219.288169
10.259485	21.841000	219.298210
10.258879	21.842000	219.308251
10.258273	21.843000	219.318291
10.257666	21.844000	219.328332
10.257060	21.845000	219.338373
10.256454	21.846000	219.348413
10.255847	21.847000	219.358454
10.255241	21.848000	219.368495
10.254634	21.849000	219.378535
10.254028	21.850000	219.388576
10.253421	21.851000	219.398617
10.252814	21.852000	219.408657
10.252208	21.853000	219.418698
10.251601	21.854000	219.428739
10.250994	21.855000	219.438779
10.250388	21.856000	219.448820
10.249781	21.857000	219.458861
10.249174	21.858000	219.468901
10.248567	21.859000	219.478942
10.247961	21.860000	219.488983
10.247354	21.861000	219.499023
10.246747	21.862000	219.509064
10.246140	21.863000	219.519105
10.245533	21.864000	219.529145
10.244926	21.865000	219.539186
10.244319	21.866000	219.549227
10.243712	21.867000	219.559267
10.243105	21.868000	219.569308
10.242498	21.869000	219.579349
10.241891	21.870000	219.589389
10.241284	21.871000	219.599430
10.240676	21.872000	219.609471
10.240069	21.873000	219.619511
10.239462	21.874000	219.629552
10.238855	21.875000	219.639593
10.238247	21.876000	219.649633
10.237640	21.877000	219.659674
10.237033	21.878000	219.669715
10.236425	21.879000	219.679755
10.235818	21.880000	219.689796
10.235211	21.881000	219.699837
10.234603	21.882000	219.709877
10.233996	21.883000	219.719918
10.233388	21.884000	219.729959
10.232781	21.885000	219.739999
10.232173	21.886000	219.750040
10.231566	21.887000	219.760081
10.230958	21.888000	219.770121
10.230350	21.889000	219.780162
10.229743	21.890000	219.790203
10.229135	21.891000	219.800243
10.228527	21.892000	219.810284
10.227920	21.893000	219.820325
10.227312	21.894000	219.830365
10.226704	21.895000	219.840406
10.226096	21.896000	219.850447
10.225488	21.897000	219.860487
10.224880	21.898000	219.870528
10.224272	21.899000	219.880569
10.223664	21.900000	219.890609
10.223056	21.901000	219.900650
10.222448	21.902000	219.910691
10.221840	21.903000	219.920731
10.221232	21.904000	219.930772
10.220624	21.905000	219.940813
10.220016	21.906000	219.950853
10.219408	21.907000	219.960894
10.218800	21.908000	219.970935
10.218192	21.909000	219.980975
10.217583	21.910000	219.991016
10.216975	21.911000	220.001057
10.216367	21.912000	220.011097
10.215759	21.913000	220.021138
10.215150	21.914000	220.031179
10.214542	21.915000	220.041219
10.213934	21.916000	220.051260
10.213325	21.917000	220.061301
10.212717	21.918000	220.071341
10.212108	21.919000	220.081382
10.211500	21.920000	220.091423
10.210891	21.921000	220.101463
10.210283	21.922000	220.111504
10.209674	21.923000	220.121545
10.209065	21.924000	220.131585
10.208457	21.925000	220.141626
10.207848	21.926000	220.151667
10.207239	21.927000	220.161707
10.206631	21.928000	220.171748
10.206022	21.929000	220.181789
10.205413	21.930000	220.191829
10.204804	21.931000	220.201870
10.204195	21.932000	220.211911
10.203587	21.933000	220.221951
10.202978	21.934000	220.231992
10.202369	21.935000	220.242033
10.201760	21.936000	220.252073
10.201151	21.937000	220.262114
10.200542	21.938000	220.272155
10.199933	21.939000	220.282195
10.199324	21.940000	220.292236
10.198715	21.941000	220.302277
10.198105	21.942000	220.312317
10.197496	21.943000	220.322358
10.196887	21.944000	220.332399
10.196278	21.945000	220.342439
10.195669	21.946000	220.352480
10.195059	21.947000	220.362521
10.194450	21.948000	220.372561
10.193841	21.949000	220.382602
10.193231	21.950000	220.392643
10.192622	21.951000	220.402683
10.192013	21.952000	220.412724
10.191403	21.953000	220.422765
10.190794	21.954000	220.432805
10.190184	21.955000	220.442846
10.189575	21.956000	220.452887
10.188965	21.957000	220.462927
10.188356	21.958000	220.472968
10.187746	21.959000	220.483009
10.187136	21.960000	220.493049
10.186527	21.961000	220.503090
10.185917	21.962000	220.513131
10.185307	21.963000	220.523171
10.184697	21.964000	220.533212
10.184088	21.965000	220.543253
10.183478	21.966000	220.553293
10.182868	21.967000	220.563334
10.182258	21.968000	220.573375
10.181648	21.969000	220.583415
10.181038	21.970000	220.593456
10.180428	21.971000	220.603497
10.179818	21.972000	220.613537
10.179208	21.973000	220.623578
10.178598	21.974000	220.633619
10.177988	21.975000	220.643659
10.177378	21.976000	220.653700
10.176768	21.977000	220.663741
10.176158	21.978000	220.673781
10.175548	21.979000	220.683822
10.174938	21.980000	220.693863
10.174327	21.981000	220.703903
10.173717	21.982000	220.713944
10.173107	21.983000	220.723985
10.172497	21.984000	220.734025
10.171886	21.985000	220.744066
10.171276	21.986000	220.754107
10.170665	21.987000	220.764147
10.170055	21.988000	220.774188
10.169445	21.989000	220.784229
10.168834	21.990000	220.794269
10.168224	21.991000	220.804310
10.167613	21.992000	220.814351
10.167002	21.993000	220.824391
10.166392	21.994000	220.834432
10.165781	21.995000	220.844473
10.165171	21.996000	220.854513
10.164560	21.997000	220.864554
10.163949	21.998000	220.874595
10.163338	21.999000	220.884635
10.162728	22.000000	220.894676
10.162117	22.001000	220.904717
10.161506	22.002000	220.914757
10.160895	22.003000	220.924798
10.160284	22.004000	220.934839
10.159673	22.005000	220.944879
10.159063	22.006000	220.954920
10.158452	22.007000	220.964961
10.157841	22.008000	220.975001
10.157230	22.009000	220.985042
10.156618	22.010000	220.995083
10.156007	22.011000	221.005123
10.155396	22.012000	221.015164
10.154785	22.013000	221.025205
10.154174	22.014000	221.035245
10.153563	22.015000	221.045286
10.152952	22.016000	221.055327
10.152340	22.017000	221.065367
10.151729	22.018000	221.075408
10.151118	22.019000	221.085449
10.150506	22.020000	221.095489
10.149895	22.021000	221.105530
10.149284	22.022000	221.115571
10.148672	22.023000	221.125611
10.148061	22.024000	221.135652
10.147449	22.025000	221.145693
10.146838	22.026000	221.155733
10.146226	22.027000	221.165774
10.145615	22.028000	221.175815
10.145003	22.029000	221.185855
10.144391	22.030000	221.195896
10.143780	22.031000	221.205937
10.143168	22.032000	221.215977
10.142556	22.033000	221.226018
10.141945	22.034000	221.236059
10.141333	22.035000	221.246099
10.140721	22.036000	221.256140
10.140109	22.037000	221.266181
10.139497	22.038000	221.276221
10.138886	22.039000	221.286262
10.138274	22.040000	221.296303
10.137662	22.041000	221.306343
10.137050	22.042000	221.316384
10.136438	22.043000	221.326425
10.135826	22.044000	221.336465
10.135214	22.045000	221.346506
10.134602	22.046000	221.356547
10.133989	22.047000	221.366587
10.133377	22.048000	221.376628
10.132765	22.049000	221.386669
10.132153	22.050000	221.396709
10.131541	22.051000	221.406750
10.130929	22.052000	221.416791
10.130316	22.053000	221.426831
10.129704	22.054000	221.436872
10.129092	22.055000	221.446913
10.128479	22.056000	221.456953
10.127867	22.057000	221.466994
10.127254	22.058000	221.477035
10.126642	22.059000	221.487075
10.126029	22.060000	221.497116
10.125417	22.061000	221.507157
10.124804	22.062000	221.517197
10.124192	22.063000	221.527238
10.123579	22.064000	221.537279
10.122967	22.065000	221.547319
10.122354	22.066000	221.557360
10.121741	22.067000	221.567401
10.121129	22.068000	221.577441
10.120516	22.069000	221.587482
10.119903	22.070000	221.597523
10.119290	22.071000	221.607563
10.118677	22.072000	221.617604
10.118065	22.073000	221.627645
10.117452	22.074000	221.637685
10.116839	22.075000	221.647726
10.116226	22.076000	221.657767
10.115613	22.077000	221.667807
10.115000	22.078000	221.677848
10.114387	22.079000	221.687889
10.113774	22.080000	221.697929
10.113161	22.081000	221.707970
10.112548	22.082000	221.718011
10.111934	22.083000	221.728051
10.111321	22.084000	221.738092
10.110708	22.085000	221.748133
10.110095	22.086000	221.758173
10.109482	22.087000	221.768214
10.108868	22.088000	221.778255
10.108255	22.089000	221.788295
10.107642	22.090000	221.798336
10.107028	22.091000	221.808377
10.106415	22.092000	221.818417
10.105801	22.093000	221.828458
10.105188	22.094000	221.838499
10.104575	22.095000	221.848539
10.103961	22.096000	221.858580
10.103347	22.097000	221.868621
10.102734	22.098000	221.878661
10.102120	22.099000	221.888702
10.101507	22.100000	221.898743
10.100893	22.101000	221.908783
10.100279	22.102000	221.918824
10.099666	22.103000	221.928865
10.099052	22.104000	221.938905
10.098438	22.105000	221.948946
10.097824	22.106000	221.958987
10.097210	22.107000	221.969027
10.096597	22.108000	221.979068
10.095983	22.109000	221.989109
10.095369	22.110000	221.999149
10.094755	22.111000	222.009190
10.094141	22.112000	222.019231
10.093527	22.113000	222.029271
10.092913	22.114000	222.039312
10.092299	22.115000	222.049353
10.091685	22.116000	222.059393
10.091071	22.117000	222.069434
10.090456	22.118000	222.079475
10.089842	22.119000	222.089515
10.089228	22.120000	222.099556
10.088614	22.121000	222.109597
10.088000	22.122000	222.119637
10.087385	22.123000	222.129678
10.086771	22.124000	222.139719
10.086157	22.125000	222.149759
10.085542	22.126000	222.159800
10.084928	22.127000	222.169841
10.084313	22.128000	222.179881
10.083699	22.129000	222.189922
10.083084	22.130000	222.199963
10.082470	22.131000	222.210003
10.081855	22.132000	222.220044
10.081241	22.133000	222.230085
10.080626	22.134000	222.240125
10.080011	22.135000	222.250166
10.079397	22.136000	222.260207
10.078782	22.137000	222.270247
10.078167	22.138000	222.280288
10.077553	22.139000	222.290329
10.076938	22.140000	222.300369
10.076323	22.141000	222.310410
10.075708	22.142000	222.320451
10.075093	22.143000	222.330491
10.074478	22.144000	222.340532
10.073863	22.145000	222.350573
10.073248	22.146000	222.360613
10.072633	22.147000	222.370654
10.072018	22.148000	222.380695
10.071403	22.149000	222.390735
10.070788	22.150000	222.400776
10.070173	22.151000	222.410817
10.069558	22.152000	222.420857
10.068943	22.153000	222.430898
10.068328	22.154000	222.440939
10.067712	22.155000	222.450979
10.067097	22.156000	222.461020
10.066482	22.157000	222.471061
10.065867	22.158000	222.481101
10.065251	22.159000	222.491142
10.064636	22.160000	222.501183
10.064021	22.161000	222.511223
10.063405	22.162000	222.521264
10.062790	22.163000	222.531305
10.062174	22.164000	222.541345
10.061559	22.165000	222.551386
10.060943	22.166000	222.561427
10.060328	22.167000	222.571467
10.059712	22.168000	222.581508
10.059096	22.169000	222.591549
10.058481	22.170000	222.601589
10.057865	22.171000	222.611630
10.057249	22.172000	222.621671
10.056633	22.173000	222.631711
10.056018	22.174000	222.641752
10.055402	22.175000	222.651793
10.054786	22.176000	222.661833
10.054170	22.177000	222.671874
10.053554	22.178000	222.681915
10.052938	22.179000	222.691955
10.052322	22.180000	222.701996
10.051706	22.181000	222.712037
10.051090	22.182000	222.722077
10.050474	22.183000	222.732118
10.049858	22.184000	222.742159
10.049242	22.185000	222.752199
10.048626	22.186000	222.762240
10.048010	22.187000	222.772281
10.047394	22.188000	222.782321
10.046778	22.189000	222.792362
10.046161	22.190000	222.802403
10.045545	22.191000	222.812443
10.044929	22.192000	222.822484
10.044312	22.193000	222.832525
10.043696	22.194000	222.842565
10.043080	22.195000	222.852606
10.042463	22.196000	222.862647
10.041847	22.197000	222.872687
10.041230	22.198000	222.882728
10.040614	22.199000	222.892769
10.039997	22.200000	222.902809
10.039381	22.201000	222.912850
10.038764	22.202000	222.922891
10.038147	22.203000	222.932931
10.037531	22.204000	222.942972
10.036914	22.205000	222.953013
10.036297	22.206000	222.963053
10.035681	22.207000	222.973094
10.035064	22.208000	222.983135
10.034447	22.209000	222.993175
10.033830	22.210000	223.003216
10.033213	22.211000	223.013257
10.032597	22.212000	223.023298
10.031980	22.213000	223.033338
10.031363	22.214000	223.043379
10.030746	22.215000	223.053420
10.030129	22.216000	223.063460
10.029512	22.217000	223.073501
10.028895	22.218000	223.083542
10.028277	22.219000	223.093582
10.027660	22.220000	223.103623
10.027043	22.221000	223.113664
10.026426	22.222000	223.123704
10.025809	22.223000	223.133745
10.025192	22.224000	223.143786
10.024574	22.225000	223.153826
10.023957	22.226000	223.163867
10.023340	22.227000	223.173908
10.022722	22.228000	223.183948
10.022105	22.229000	223.193989
10.021488	22.230000	223.204030
10.020870	22.231000	223.214070
10.020253	22.232000	223.224111
10.019635	22.233000	223.234152
10.019018	22.234000	223.244192
10.018400	22.235000	223.254233
10.017782	22.236000	223.264274
10.017165	22.237000	223.274314
10.016547	22.238000	223.284355
10.015929	22.239000	223.294396
10.015312	22.240000	223.304436
10.014694	22.241000	223.314477
10.014076	22.242000	223.324518
10.013458	22.243000	223.334558
10.012841	22.244000	223.344599
10.012223	22.245000	223.354640
10.011605	22.246000	223.364680
10.010987	22.247000	223.374721
10.010369	22.248000	223.384762
10.009751	22.249000	223.394802
10.009133	22.250000	223.404843
10.008515	22.251000	223.414884
10.007897	22.252000	223.424924
10.007279	22.253000	223.434965
10.006661	22.254000	223.445006
10.006043	22.255000	223.455046
10.005424	22.256000	223.465087
10.004806	22.257000	223.475128
10.004188	22.258000	223.485168
10.003570	22.259000	223.495209
10.002951	22.260000	223.505250
10.002333	22.261000	223.515290
10.001715	22.262000	223.525331
10.001096	22.263000	223.535372
10.000478	22.264000	223.545412
9.999859	22.265000	223.555453
9.999241	22.266000	223.565494
9.998622	22.267000	223.575534
9.998004	22.268000	223.585575
9.997385	22.269000	223.595616
9.996767	22.270000	223.605656
9.996148	22.271000	223.615697
9.995529	22.272000	223.625738
9.994911	22.273000	223.635778
9.994292	22.274000	223.645819
9.993673	22.275000	223.655860
9.993055	22.276000	223.665900
9.992436	22.277000	223.675941
9.991817	22.278000	223.685982
9.991198	22.279000	223.696022
9.990579	22.280000	223.706063
9.989960	22.281000	223.716104
9.989341	22.282000	223.726144
9.988722	22.283000	223.736185
9.988103	22.284000	223.746226
9.987484	22.285000	223.756266
9.986865	22.286000	223.766307
9.986246	22.287000	223.776348
9.985627	22.288000	223.786388
9.985008	22.289000	223.796429
9.984389	22.290000	223.806470
9.983769	22.291000	223.816510
9.983150	22.292000	223.826551
9.982531	22.293000	223.836592
9.981912	22.294000	223.846632
9.981292	22.295000	223.856673
9.980673	22.296000	223.866714
9.980053	22.297000	223.876754
9.979434	22.298000	223.886795
9.978815	22.299000	223.896836
9.978195	22.300000	223.906876
9.977576	22.301000	223.916917
9.976956	22.302000	223.926958
9.976336	22.303000	223.936998
9.975717	22.304000	223.947039
9.975097	22.305000	223.957080
9.974478	22.306000	223.967120
9.973858	22.307000	223.977161
9.973238	22.308000	223.987202
9.972618	22.309000	223.997242
9.971999	22.310000	224.007283
9.971379	22.311000	224.017324
9.970759	22.312000	224.027364
9.970139	22.313000	224.037405
9.969519	22.314000	224.047446
9.968899	22.315000	224.057486
9.968279	22.316000	224.067527
9.967659	22.317000	224.077568
9.967039	22.318000	224.087608
9.966419	22.319000	224.097649
9.965799	22.320000	224.107690
9.965179	22.321000	224.117730
9.964559	22.322000	224.127771
9.963939	22.323000	224.137812
9.963319	22.324000	224.147852
9.962698	22.325000	224.157893
9.962078	22.326000	224.167934
9.961458	22.327000	224.177974
9.960837	22.328000	224.188015
9.960217	22.329000	224.198056
9.959597	22.330000	224.208096
9.958976	22.331000	224.218137
9.958356	22.332000	224.228178
9.957735	22.333000	224.238218
9.957115	22.334000	224.248259
9.956494	22.335000	224.258300
9.955874	22.336000	224.268340
9.955253	22.337000	224.278381
9.954633	22.338000	224.288422
9.954012	22.339000	224.298462
9.953391	22.340000	224.308503
9.952771	22.341000	224.318544
9.952150	22.342000	224.328584
9.951529	22.343000	224.338625
9.950908	22.344000	224.348666
9.950287	22.345000	224.358706
9.949667	22.346000	224.368747
9.949046	22.347000	224.378788
9.948425	22.348000	224.388828
9.947804	22.349000	224.398869
9.947183	22.350000	224.408910
9.946562	22.351000	224.418950
9.945941	22.352000	224.428991
9.945320	22.353000	224.439032
9.944699	22.354000	224.449072
9.944078	22.355000	224.459113
9.943456	22.356000	224.469154
9.942835	22.357000	224.479194
9.942214	22.358000	224.489235
9.941593	22.359000	224.499276
9.940971	22.360000	224.509316
9.940350	22.361000	224.519357
9.939729	22.362000	224.529398
9.939107	22.363000	224.539438
9.938486	22.364000	224.549479
9.937865	22.365000	224.559520
9.937243	22.366000	224.569560
9.936622	22.367000	224.579601
9.936000	22.368000	224.589642
9.935379	22.369000	224.599682
9.934757	22.370000	224.609723
9.934135	22.371000	224.619764
9.933514	22.372000	224.629804
9.932892	22.373000	224.639845
9.932270	22.374000	224.649886
9.931649	22.375000	224.659926
9.931027	22.376000	224.669967
9.930405	22.377000	224.680008
9.929783	22.378000	224.690048
9.929162	22.379000	224.700089
9.928540	22.380000	224.710130
9.927918	22.381000	224.720170
9.927296	22.382000	224.730211
9.926674	22.383000	224.740252
9.926052	22.384000	224.750292
9.925430	22.385000	224.760333
9.924808	22.386000	224.770374
9.924186	22.387000	224.780414
9.923564	22.388000	224.790455
9.922941	22.389000	224.800496
9.922319	22.390000	224.810536
9.921697	22.391000	224.820577
9.921075	22.392000	224.830618
9.920453	22.393000	224.840658
9.919830	22.394000	224.850699
9.919208	22.395000	224.860740
9.918586	22.396000	224.870780
9.917963	22.397000	224.880821
9.917341	22.398000	224.890862
9.916718	22.399000	224.900902
9.916096	22.400000	224.910943
9.915473	22.401000	224.920984
9.914851	22.402000	224.931024
9.914228	22.403000	224.941065
9.913606	22.404000	224.951106
9.912983	22.405000	224.961146
9.912360	22.406000	224.971187
9.911738	22.407000	224.981228
9.911115	22.408000	224.991268
9.910492	22.409000	225.001309
9.909869	22.410000	225.011350
9.909247	22.411000	225.021390
9.908624	22.412000	225.031431
9.908001	22.413000	225.041472
9.907378	22.414000	225.051512
9.906755	22.415000	225.061553
9.906132	22.416000	225.071594
9.905509	22.417000	225.081634
9.904886	22.418000	225.091675
9.904263	22.419000	225.101716
9.903640	22.420000	225.111756
9.903017	22.421000	225.121797
9.902394	22.422000	225.131838
9.901771	22.423000	225.141878
9.901147	22.424000	225.151919
9.900524	22.425000	225.161960
9.899901	22.426000	225.172000
9.899278	22.427000	225.182041
9.898654	22.428000	225.192082
9.898031	22.429000	225.202122
9.897407	22.430000	225.212163
9.896784	22.431000	225.222204
9.896161	22.432000	225.232244
9.895537	22.433000	225.242285
9.894914	22.434000	225.252326
9.894290	22.435000	225.262366
9.893667	22.436000	225.272407
9.893043	22.437000	225.282448
9.892419	22.438000	225.292488
9.891796	22.439000	225.302529
9.891172	22.440000	225.312570
9.890548	22.441000	225.322610
9.889924	22.442000	225.332651
9.889301	22.443000	225.342692
9.888677	22.444000	225.352732
9.888053	22.445000	225.362773
9.887429	22.446000	225.372814
9.886805	22.447000	225.382854
9.886181	22.448000	225.392895
9.885557	22.449000	225.402936
9.884933	22.450000	225.412976
9.884309	22.451000	225.423017
9.883685	22.452000	225.433058
9.883061	22.453000	225.443098
9.882437	22.454000	225.453139
9.881813	22.455000	225.463180
9.881189	22.456000	225.473220
9.880565	22.457000	225.483261
9.879940	22.458000	225.493302
9.879316	22.459000	225.503342
9.878692	22.460000	225.513383
9.878067	22.461000	225.523424
9.877443	22.462000	225.533464
9.876819	22.463000	225.543505
9.876194	22.464000	225.553546
9.875570	22.465000	225.563586
9.874945	22.466000	225.573627
9.874321	22.467000	225.583668
9.873696	22.468000	225.593708
9.873072	22.469000	225.603749
9.872447	22.470000	225.613790
9.871823	22.471000	225.623830
9.871198	22.472000	225.633871
9.870573	22.473000	225.643912
9.869948	22.474000	225.653952
9.869324	22.475000	225.663993
9.868699	22.476000	225.674034
9.868074	22.477000	225.684074
9.867449	22.478000	225.694115
9.866824	22.479000	225.704156
9.866200	22.480000	225.714196
9.865575	22.481000	225.724237
9.864950	22.482000	225.734278
9.864325	22.483000	225.744318
9.863700	22.484000	225.754359
9.863075	22.485000	225.764400
9.862449	22.486000	225.774440
9.861824	22.487000	225.784481
9.861199	22.488000	225.794522
9.860574	22.489000	225.804562
9.859949	22.490000	225.814603
9.859324	22.491000	225.824644
9.858698	22.492000	225.834684
9.858073	22.493000	225.844725
9.857448	22.494000	225.854766
9.856822	22.495000	225.864806
9.856197	22.496000	225.874847
9.855571	22.497000	225.884888
9.854946	22.498000	225.894928
9.854321	22.499000	225.904969
9.853695	22.500000	225.915010
9.853069	22.501000	225.925050
9.852444	22.502000	225.935091
9.851818	22.503000	225.945132
9.851193	22.504000	225.955172
9.850567	22.505000	225.965213
9.849941	22.506000	225.975254
9.849316	22.507000	225.985294
9.848690	22.508000	225.995335
9.848064	22.509000	226.005376
9.847438	22.510000	226.015416
9.846812	22.511000	226.025457
9.846186	22.512000	226.035498
9.845561	22.513000	226.045538
9.844935	22.514000	226.055579
9.844309	22.515000	226.065620
9.843683	22.516000	226.075660
9.843057	22.517000	226.085701
9.842430	22.518000	226.095742
9.841804	22.519000	226.105782
9.841178	22.520000	226.115823
9.840552	22.521000	226.125864
9.839926	22.522000	226.135904
9.839300	22.523000	226.145945
9.838673	22.524000	226.155986
9.838047	22.525000	226.166026
9.837421	22.526000	226.176067
9.836794	22.527000	226.186108
9.836168	22.528000	226.196148
9.835542	22.529000	226.206189
9.834915	22.530000	226.216230
9.834289	22.531000	226.226270
9.833662	22.532000	226.236311
9.833036	22.533000	226.246352
9.832409	22.534000	226.256392
9.831783	22.535000	226.266433
9.831156	22.536000	226.276474
9.830529	22.537000	226.286514
9.829903	22.538000	226.296555
9.829276	22.539000	226.306596
9.828649	22.540000	226.316636
9.828022	22.541000	226.326677
9.827396	22.542000	226.336718
9.826769	22.543000	226.346758
9.826142	22.544000	226.356799
9.825515	22.545000	226.366840
9.824888	22.546000	226.376880
9.824261	22.547000	226.386921
9.823634	22.548000	226.396962
9.823007	22.549000	226.407002
9.822380	22.550000	226.417043
9.821753	22.551000	226.427084
9.821126	22.552000	226.437124
9.820499	22.553000	226.447165
9.819872	22.554000	226.457206
9.819244	22.555000	226.467246
9.818617	22.556000	226.477287
9.817990	22.557000	226.487328
9.817363	22.558000	226.497368
9.816735	22.559000	226.507409
9.816108	22.560000	226.517450
9.815480	22.561000	226.527490
9.814853	22.562000	226.537531
9.814226	22.563000	226.547572
9.813598	22.564000	226.557612
9.812971	22.565000	226.567653
9.812343	22.566000	226.577694
9.811715	22.567000	226.587734
9.811088	22.568000	226.597775
9.810460	22.569000	226.607816
9.809832	22.570000	226.617856
9.809205	22.571000	226.627897
9.808577	22.572000	226.637938
9.807949	22.573000	226.647978
9.807322	22.574000	226.658019
9.806694	22.575000	226.668060
9.806066	22.576000	226.678100
9.805438	22.577000	226.688141
9.804810	22.578000	226.698182
9.804182	22.579000	226.708222
9.803554	22.580000	226.718263
9.802926	22.581000	226.728304
9.802298	22.582000	226.738344
9.801670	22.583000	226.748385
9.801042	22.584000	226.758426
9.800414	22.585000	226.768466
9.799786	22.586000	226.778507
9.799157	22.587000	226.788548
9.798529	22.588000	226.798588
9.797901	22.589000	226.808629
9.797273	22.590000	226.818670
9.796644	22.591000	226.828710
9.796016	22.592000	226.838751
9.795388	22.593000	226.848792
9.794759	22.594000	226.858832
9.794131	22.595000	226.868873
9.793502	22.596000	226.878914
9.792874	22.597000	226.888954
9.792245	22.598000	226.898995
9.791617	22.599000	226.909036
9.790988	22.600000	226.919076
9.790359	22.601000	226.929117
9.789731	22.602000	226.939158
9.789102	22.603000	226.949198
9.788473	22.604000	226.959239
9.787844	22.605000	226.969280
9.787216	22.606000	226.979320
9.786587	22.607000	226.989361
9.785958	22.608000	226.999402
9.785329	22.609000	227.009442
9.784700	22.610000	227.019483
9.784071	22.611000	227.029524
9.783442	22.612000	227.039564
9.782813	22.613000	227.049605
9.782184	22.614000	227.059646
9.781555	22.615000	227.069686
9.780926	22.616000	227.079727
9.780297	22.617000	227.089768
9.779668	22.618000	227.099808
9.779039	22.619000	227.109849
9.778409	22.620000	227.119890
9.777780	22.621000	227.129930
9.777151	22.622000	227.139971
9.776522	22.623000	227.150012
9.775892	22.624000	227.160052
9.775263	22.625000	227.170093
9.774633	22.626000	227.180134
9.774004	22.627000	227.190174
9.773374	22.628000	227.200215
9.772745	22.629000	227.210256
9.772115	22.630000	227.220296
9.771486	22.631000	227.230337
9.770856	22.632000	227.240378
9.770227	22.633000	227.250418
9.769597	22.634000	227.260459
9.768967	22.635000	227.270500
9.768338	22.636000	227.280540
9.767708	22.637000	227.290581
9.767078	22.638000	227.300622
9.766448	22.639000	227.310662
9.765818	22.640000	227.320703
9.765188	22.641000	227.330744
9.764559	22.642000	227.340784
9.763929	22.643000	227.350825
9.763299	22.644000	227.360866
9.762669	22.645000	227.370906
9.762039	22.646000	227.380947
9.761409	22.647000	227.390988
9.760778	22.648000	227.401028
9.760148	22.649000	227.411069
9.759518	22.650000	227.421110
9.758888	22.651000	227.431150
9.758258	22.652000	227.441191
9.757627	22.653000	227.451232
9.756997	22.654000	227.461272
9.756367	22.655000	227.471313
9.755736	22.656000	227.481354
9.755106	22.657000	227.491394
9.754476	22.658000	227.501435
9.753845	22.659000	227.511476
9.753215	22.660000	227.521516
9.752584	22.661000	227.531557
9.751954	22.662000	227.541598
9.751323	22.663000	227.551638
9.750693	22.664000	227.561679
9.750062	22.665000	227.571720
9.749431	22.666000	227.581760
9.748801	22.667000	227.591801
9.748170	22.668000	227.601842
9.747539	22.669000	227.611882
9.746908	22.670000	227.621923
9.746277	22.671000	227.631964
9.745647	22.672000	227.642004
9.745016	22.673000	227.652045
9.744385	22.674000	227.662086
9.743754	22.675000	227.672126
9.743123	22.676000	227.682167
9.742492	22.677000	227.692208
9.741861	22.678000	227.702248
9.741230	22.679000	227.712289
9.740599	22.680000	227.722330
9.739968	22.681000	227.732370
9.739336	22.682000	227.742411
9.738705	22.683000	227.752452
9.738074	22.684000	227.762492
9.737443	22.685000	227.772533
9.736811	22.686000	227.782574
9.736180	22.687000	227.792614
9.735549	22.688000	227.802655
9.734917	22.689000	227.812696
9.734286	22.690000	227.822736
9.733654	22.691000	227.832777
9.733023	22.692000	227.842818
9.732391	22.693000	227.852858
9.731760	22.694000	227.862899
9.731128	22.695000	227.872940
9.730497	22.696000	227.882980
9.729865	22.697000	227.893021
9.729233	22.698000	227.903062
9.728602	22.699000	227.913102
9.727970	22.700000	227.923143
9.727338	22.701000	227.933184
9.726706	22.702000	227.943224
9.726075	22.703000	227.953265
9.725443	22.704000	227.963306
9.724811	22.705000	227.973346
9.724179	22.706000	227.983387
9.723547	22.707000	227.993428
9.722915	22.708000	228.003468
9.722283	22.709000	228.013509
9.721651	22.710000	228.023550
9.721019	22.711000	228.033590
9.720387	22.712000	228.043631
9.719755	22.713000	228.053672
9.719122	22.714000	228.063712
9.718490	22.715000	228.073753
9.717858	22.716000	228.083794
9.717226	22.717000	228.093834
9.716593	22.718000	228.103875
9.715961	22.719000	228.113916
9.715329	22.720000	228.123956
9.714696	22.721000	228.133997
9.714064	22.722000	228.144038
9.713431	22.723000	228.154078
9.712799	22.724000	228.164119
9.712166	22.725000	228.174160
9.711534	22.726000	228.184200
9.710901	22.727000	228.194241
9.710269	22.728000	228.204282
9.709636	22.729000	228.214322
9.709003	22.730000	228.224363
9.708370	22.731000	228.234404
9.707738	22.732000	228.244444
9.707105	22.733000	228.254485
9.706472	22.734000	228.264526
9.705839	22.735000	228.274566
9.705206	22.736000	228.284607
9.704573	22.737000	228.294648
9.703941	22.738000	228.304688
9.703308	22.739000	228.314729
9.702675	22.740000	228.324770
9.702042	22.741000	228.334810
9.701408	22.742000	228.344851
9.700775	22.743000	228.354892
9.700142	22.744000	228.364932
9.699509	22.745000	228.374973
9.698876	22.746000	228.385014
9.698243	22.747000	228.395054
9.697609	22.748000	228.405095
9.696976	22.749000	228.415136
9.696343	22.750000	228.425176
9.695709	22.751000	228.435217
9.695076	22.752000	228.445258
9.694443	22.753000	228.455298
9.693809	22.754000	228.465339
9.693176	22.755000	228.475380
9.692542	22.756000	228.485420
9.691909	22.757000	228.495461
9.691275	22.758000	228.505502
9.690641	22.759000	228.515542
9.690008	22.760000	228.525583
9.689374	22.761000	228.535624
9.688740	22.762000	228.545664
9.688107	22.763000	228.555705
9.687473	22.764000	228.565746
9.686839	22.765000	228.575786
9.686205	22.766000	228.585827
9.685571	22.767000	228.595868
9.684938	22.768000	228.605908
9.684304	22.769000	228.615949
9.683670	22.770000	228.625990
9.683036	22.771000	228.636030
9.682402	22.772000	228.646071
9.681768	22.773000	228.656112
9.681134	22.774000	228.666152
9.680499	22.775000	228.676193
9.679865	22.776000	228.686234
9.679231	22.777000	228.696274
9.678597	22.778000	228.706315
9.677963	22.779000	228.716356
9.677328	22.780000	228.726396
9.676694	22.781000	228.736437
9.676060	22.782000	228.746478
9.675425	22.783000	228.756518
9.674791	22.784000	228.766559
9.674157	22.785000	228.776600
9.673522	22.786000	228.786640
9.672888	22.787000	228.796681
9.672253	22.788000	228.806722
9.671618	22.789000	228.816762
9.670984	22.790000	228.826803
9.670349	22.791000	228.836844
9.669715	22.792000	228.846884
9.669080	22.793000	228.856925
9.668445	22.794000	228.866966
9.667810	22.795000	228.877006
9.667176	22.796000	228.887047
9.666541	22.797000	228.897088
9.665906	22.798000	228.907128
9.665271	22.799000	228.917169
9.664636	22.800000	228.927210
9.664001	22.801000	228.937250
9.663366	22.802000	228.947291
9.662731	22.803000	228.957332
9.662096	22.804000	228.967372
9.661461	22.805000	228.977413
9.660826	22.806000	228.987454
9.660191	22.807000	228.997494
9.659556	22.808000	229.007535
9.658920	22.809000	229.017576
9.658285	22.810000	229.027616
9.657650	22.811000	229.037657
9.657015	22.812000	229.047698
9.656379	22.813000	229.057738
9.655744	22.814000	229.067779
9.655108	22.815000	229.077820
9.654473	22.816000	229.087860
9.653838	22.817000	229.097901
9.653202	22.818000	229.107942
9.652567	22.819000	229.117982
9.651931	22.820000	229.128023
9.651295	22.821000	229.138064
9.650660	22.822000	229.148104
9.650024	22.823000	229.158145
9.649388	22.824000	229.168186
9.648753	22.825000	229.178226
9.648117	22.826000	229.188267
9.647481	22.827000	229.198308
9.646845	22.828000	229.208348
9.646210	22.829000	229.218389
9.645574	22.830000	229.228430
9.644938	22.831000	229.238470
9.644302	22.832000	229.248511
9.643666	22.833000	229.258552
9.643030	22.834000	229.268592
9.642394	22.835000	229.278633
9.641758	22.836000	229.288674
9.641122	22.837000	229.298714
9.640485	22.838000	229.308755
9.639849	22.839000	229.318796
9.639213	22.840000	229.328836
9.638577	22.841000	229.338877
9.637941	22.842000	229.348918
9.637304	22.843000	229.358958
9.636668	22.844000	229.368999
9.636032	22.845000	229.379040
9.635395	22.846000	229.389080
9.634759	22.847000	229.399121
9.634122	22.848000	229.409162
9.633486	22.849000	229.419202
9.632849	22.850000	229.429243
9.632213	22.851000	229.439284
9.631576	22.852000	229.449324
9.630939	22.853000	229.459365
9.630303	22.854000	229.469406
9.629666	22.855000	229.479446
9.629029	22.856000	229.489487
9.628393	22.857000	229.499528
9.627756	22.858000	229.509568
9.627119	22.859000	229.519609
9.626482	22.860000	229.529650
9.625845	22.861000	229.539690
9.625208	22.862000	229.549731
9.624571	22.863000	229.559772
9.623934	22.864000	229.569812
9.623297	22.865000	229.579853
9.622660	22.866000	229.589894
9.622023	22.867000	229.599934
9.621386	22.868000	229.609975
9.620749	22.869000	229.620016
9.620112	22.870000	229.630056
9.619475	22.871000	229.640097
9.618837	22.872000	229.650138
9.618200	22.873000	229.660178
9.617563	22.874000	229.670219
9.616925	22.875000	229.680260
9.616288	22.876000	229.690300
9.615651	22.877000	229.700341
9.615013	22.878000	229.710382
9.614376	22.879000	229.720422
9.613738	22.880000	229.730463
9.613101	22.881000	229.740504
9.612463	22.882000	229.750544
9.611826	22.883000	229.760585
9.611188	22.884000	229.770626
9.610550	22.885000	229.780666
9.609913	22.886000	229.790707
9.609275	22.887000	229.800748
9.608637	22.888000	229.810788
9.607999	22.889000	229.820829
9.607362	22.890000	229.830870
9.606724	22.891000	229.840910
9.606086	22.892000	229.850951
9.605448	22.893000	229.860992
9.604810	22.894000	229.871032
9.604172	22.895000	229.881073
9.603534	22.896000	229.891114
9.602896	22.897000	229.901154
9.602258	22.898000	229.911195
9.601620	22.899000	229.921236
9.600981	22.900000	229.931276
9.600343	22.901000	229.941317
9.599705	22.902000	229.951358
9.599067	22.903000	229.961398
9.598429	22.904000	229.971439
9.597790	22.905000	229.981480
9.597152	22.906000	229.991520
9.596514	22.907000	230.001561
9.595875	22.908000	230.011602
9.595237	22.909000	230.021642
9.594598	22.910000	230.031683
9.593960	22.911000	230.041724
9.593321	22.912000	230.051764
9.592683	22.913000	230.061805
9.592044	22.914000	230.071846
9.591405	22.915000	230.081886
9.590767	22.916000	230.091927
9.590128	22.917000	230.101968
9.589489	22.918000	230.112008
9.588850	22.919000	230.122049
9.588212	22.920000	230.132090
9.587573	22.921000	230.142130
9.586934	22.922000	230.152171
9.586295	22.923000	230.162212
9.585656	22.924000	230.172252
9.585017	22.925000	230.182293
9.584378	22.926000	230.192334
9.583739	22.927000	230.202374
9.583100	22.928000	230.212415
9.582461	22.929000	230.222456
9.581822	22.930000	230.232496
9.581183	22.931000	230.242537
9.580543	22.932000	230.252578
9.579904	22.933000	230.262618
9.579265	22.934000	230.272659
9.578626	22.935000	230.282700
9.577986	22.936000	230.292740
9.577347	22.937000	230.302781
9.576708	22.938000	230.312822
9.576068	22.939000	230.322862
9.575429	22.940000	230.332903
9.574789	22.941000	230.342944
9.574150	22.942000	230.352984
9.573510	22.943000	230.363025
9.572870	22.944000	230.373066
9.572231	22.945000	230.383106
9.571591	22.946000	230.393147
9.570952	22.947000	230.403188
9.570312	22.948000	230.413228
9.569672	22.949000	230.423269
9.569032	22.950000	230.433310
9.568392	22.951000	230.443350
9.567753	22.952000	230.453391
9.567113	22.953000	230.463432
9.566473	22.954000	230.473472
9.565833	22.955000	230.483513
9.565193	22.956000	230.493554
9.564553	22.957000	230.503594
9.563913	22.958000	230.513635
9.563273	22.959000	230.523676
9.562633	22.960000	230.533716
9.561992	22.961000	230.543757
9.561352	22.962000	230.553798
9.560712	22.963000	230.563838
9.560072	22.964000	230.573879
9.559432	22.965000	230.583920
9.558791	22.966000	230.593960
9.558151	22.967000	230.604001
9.557510	22.968000	230.614042
9.556870	22.969000	230.624082
9.556230	22.970000	230.634123
9.555589	22.971000	230.644164
9.554949	22.972000	230.654204
9.554308	22.973000	230.664245
9.553668	22.974000	230.674286
9.553027	22.975000	230.684326
9.552386	22.976000	230.694367
9.551746	22.977000	230.704408
9.551105	22.978000	230.714448
9.550464	22.979000	230.724489
9.549823	22.980000	230.734530
9.549183	22.981000	230.744570
9.548542	22.982000	230.754611
9.547901	22.983000	230.764652
9.547260	22.984000	230.774692
9.546619	22.985000	230.784733
9.545978	22.986000	230.794774
9.545337	22.987000	230.804814
9.544696	22.988000	230.814855
9.544055	22.989000	230.824896
9.543414	22.990000	230.834936
9.542773	22.991000	230.844977
9.542131	22.992000	230.855018
9.541490	22.993000	230.865059
9.540849	22.994000	230.875099
9.540208	22.995000	230.885140
9.539566	22.996000	230.895181
9.538925	22.997000	230.905221
9.538284	22.998000	230.915262
9.537642	22.999000	230.925303
9.537001	23.000000	230.935343
9.536359	23.001000	230.945384
9.535718	23.002000	230.955425
9.535076	23.003000	230.965465
9.534435	23.004000	230.975506
9.533793	23.005000	230.985547
9.533152	23.006000	230.995587
9.532510	23.007000	231.005628
9.531868	23.008000	231.015669
9.531226	23.009000	231.025709
9.530585	23.010000	231.035750
9.529943	23.011000	231.045791
9.529301	23.012000	231.055831
9.528659	23.013000	231.065872
9.528017	23.014000	231.075913
9.527375	23.015000	231.085953
9.526733	23.016000	231.095994
9.526091	23.017000	231.106035
9.525449	23.018000	231.116075
9.524807	23.019000	231.126116
9.524165	23.020000	231.136157
9.523523	23.021000	231.146197
9.522881	23.022000	231.156238
9.522239	23.023000	231.166279
9.521596	23.024000	231.176319
9.520954	23.025000	231.186360
9.520312	23.026000	231.196401
9.519670	23.027000	231.206441
9.519027	23.028000	231.216482
9.518385	23.029000	231.226523
9.517742	23.030000	231.236563
9.517100	23.031000	231.246604
9.516457	23.032000	231.256645
9.515815	23.033000	231.266685
9.515172	23.034000	231.276726
9.514530	23.035000	231.286767
9.513887	23.036000	231.296807
9.513244	23.037000	231.306848
9.512602	23.038000	231.316889
9.511959	23.039000	231.326929
9.511316	23.040000	231.336970
9.510673	23.041000	231.347011
9.510031	23.042000	231.357051
9.509388	23.043000	231.367092
9.508745	23.044000	231.377133
9.508102	23.045000	231.387173
9.507459	23.046000	231.397214
9.506816	23.047000	231.407255
9.506173	23.048000	231.417295
9.505530	23.049000	231.427336
9.504887	23.050000	231.437377
9.504244	23.051000	231.447417
9.503600	23.052000	231.457458
9.502957	23.053000	231.467499
9.502314	23.054000	231.477539
9.501671	23.055000	231.487580
9.501027	23.056000	231.497621
9.500384	23.057000	231.507661
9.499741	23.058000	231.517702
9.499097	23.059000	231.527743
9.498454	23.060000	231.537783
9.497810	23.061000	231.547824
9.497167	23.062000	231.557865
9.496523	23.063000	231.567905
9.495880	23.064000	231.577946
9.495236	23.065000	231.587987
9.494593	23.066000	231.598027
9.493949	23.067000	231.608068
9.493305	23.068000	231.618109
9.492662	23.069000	231.628149
9.492018	23.070000	231.638190
9.491374	23.071000	231.648231
9.490730	23.072000	231.658271
9.490086	23.073000	231.668312
9.489442	23.074000	231.678353
9.488798	23.075000	231.688393
9.488154	23.076000	231.698434
9.487510	23.077000	231.708475
9.486866	23.078000	231.718515
9.486222	23.079000	231.728556
9.485578	23.080000	231.738597
9.484934	23.081000	231.748637
9.484290	23.082000	231.758678
9.483646	23.083000	231.768719
9.483002	23.084000	231.778759
9.482357	23.085000	231.788800
9.481713	23.086000	231.798841
9.481069	23.087000	231.808881
9.480424	23.088000	231.818922
9.479780	23.089000	231.828963
9.479135	23.090000	231.839003
9.478491	23.091000	231.849044
9.477846	23.092000	231.859085
9.477202	23.093000	231.869125
9.476557	23.094000	231.879166
9.475913	23.095000	231.889207
9.475268	23.096000	231.899247
9.474623	23.097000	231.909288
9.473979	23.098000	231.919329
9.473334	23.099000	231.929369
9.472689	23.100000	231.939410
9.472044	23.101000	231.949451
9.471399	23.102000	231.959491
9.470755	23.103000	231.969532
9.470110	23.104000	231.979573
9.469465	23.105000	231.989613
9.468820	23.106000	231.999654
9.468175	23.107000	232.009695
9.467530	23.108000	232.019735
9.466885	23.109000	232.029776
9.466240	23.110000	232.039817
9.465594	23.111000	232.049857
9.464949	23.112000	232.059898
9.464304	23.113000	232.069939
9.463659	23.114000	232.079979
9.463013	23.115000	232.090020
9.462368	23.116000	232.100061
9.461723	23.117000	232.110101
9.461077	23.118000	232.120142
9.460432	23.119000	232.130183
9.459787	23.120000	232.140223
9.459141	23.121000	232.150264
9.458496	23.122000	232.160305
9.457850	23.123000	232.170345
9.457204	23.124000	232.180386
9.456559	23.125000	232.190427
9.455913	23.126000	232.200467
9.455267	23.127000	232.210508
9.454622	23.128000	232.220549
9.453976	23.129000	232.230589
9.453330	23.130000	232.240630
9.452684	23.131000	232.250671
9.452039	23.132000	232.260711
9.451393	23.133000	232.270752
9.450747	23.134000	232.280793
9.450101	23.135000	232.290833
9.449455	23.136000	232.300874
9.448809	23.137000	232.310915
9.448163	23.138000	232.320955
9.447517	23.139000	232.330996
9.446870	23.140000	232.341037
9.446224	23.141000	232.351077
9.445578	23.142000	232.361118
9.444932	23.143000	232.371159
9.444286	23.144000	232.381199
9.443639	23.145000	232.391240
9.442993	23.146000	232.401281
9.442347	23.147000	232.411321
9.441700	23.148000	232.421362
9.441054	23.149000	232.431403
9.440407	23.150000	232.441443
9.439761	23.151000	232.451484
9.439114	23.152000	232.461525
9.438468	23.153000	232.471565
9.437821	23.154000	232.481606
9.437175	23.155000	232.491647
9.436528	23.156000	232.501687
9.435881	23.157000	232.511728
9.435234	23.158000	232.521769
9.434588	23.159000	232.531809
9.433941	23.160000	232.541850
9.433294	23.161000	232.551891
9.432647	23.162000	232.561931
9.432000	23.163000	232.571972
9.431353	23.164000	232.582013
9.430706	23.165000	232.592053
9.430059	23.166000	232.602094
9.429412	23.167000	232.612135
9.428765	23.168000	232.622175
9.428118	23.169000	232.632216
9.427471	23.170000	232.642257
9.426824	23.171000	232.652297
9.426177	23.172000	232.662338
9.425529	23.173000	232.672379
9.424882	23.174000	232.682419
9.424235	23.175000	232.692460
9.423587	23.176000	232.702501
9.422940	23.177000	232.712541
9.422293	23.178000	232.722582
9.421645	23.179000	232.732623
9.420998	23.180000	232.742663
9.420350	23.181000	232.752704
9.419703	23.182000	232.762745
9.419055	23.183000	232.772785
9.418407	23.184000	232.782826
9.417760	23.185000	232.792867
9.417112	23.186000	232.802907
9.416464	23.187000	232.812948
9.415817	23.188000	232.822989
9.415169	23.189000	232.833029
9.414521	23.190000	232.843070
9.413873	23.191000	232.853111
9.413225	23.192000	232.863151
9.412577	23.193000	232.873192
9.411929	23.194000	232.883233
9.411281	23.195000	232.893273
9.410633	23.196000	232.903314
9.409985	23.197000	232.913355
9.409337	23.198000	232.923395
9.408689	23.199000	232.933436
9.408041	23.200000	232.943477
9.407393	23.201000	232.953517
9.406744	23.202000	232.963558
9.406096	23.203000	232.973599
9.405448	23.204000	232.983639
9.404799	23.205000	232.993680
9.404151	23.206000	233.003721
9.403503	23.207000	233.013761
9.402854	23.208000	233.023802
9.402206	23.209000	233.033843
9.401557	23.210000	233.043883
9.400909	23.211000	233.053924
9.400260	23.212000	233.063965
9.399611	23.213000	233.074005
9.398963	23.214000	233.084046
9.398314	23.215000	233.094087
9.397665	23.216000	233.104127
9.397017	23.217000	233.114168
9.396368	23.218000	233.124209
9.395719	23.219000	233.134249
9.395070	23.220000	233.144290
9.394421	23.221000	233.154331
9.393772	23.222000	233.164371
9.393123	23.223000	233.174412
9.392474	23.224000	233.184453
9.391825	23.225000	233.194493
9.391176	23.226000	233.204534
9.390527	23.227000	233.214575
9.389878	23.228000	233.224615
9.389229	23.229000	233.234656
9.388580	23.230000	233.244697
9.387931	23.231000	233.254737
9.387281	23.232000	233.264778
9.386632	23.233000	233.274819
9.385983	23.234000	233.284859
9.385333	23.235000	233.294900
9.384684	23.236000	233.304941
9.384034	23.237000	233.314981
9.383385	23.238000	233.325022
9.382735	23.239000	233.335063
9.382086	23.240000	233.345103
9.381436	23.241000	233.355144
9.380787	23.242000	233.365185
9.380137	23.243000	233.375225
9.379487	23.244000	233.385266
9.378838	23.245000	233.395307
9.378188	23.246000	233.405347
9.377538	23.247000	233.415388
9.376888	23.248000	233.425429
9.376238	23.249000	233.435469
9.375589	23.250000	233.445510
9.374939	23.251000	233.455551
9.374289	23.252000	233.465591
9.373639	23.253000	233.475632
9.372989	23.254000	233.485673
9.372339	23.255000	233.495713
9.371689	23.256000	233.505754
9.371038	23.257000	233.515795
9.370388	23.258000	233.525835
9.369738	23.259000	233.535876
9.369088	23.260000	233.545917
9.368438	23.261000	233.555957
9.367787	23.262000	233.565998
9.367137	23.263000	233.576039
9.366487	23.264000	233.586079
9.365836	23.265000	233.596120
9.365186	23.266000	233.606161
9.364535	23.267000	233.616201
9.363885	23.268000	233.626242
9.363234	23.269000	233.636283
9.362584	23.270000	233.646323
9.361933	23.271000	233.656364
9.361282	23.272000	233.666405
9.360632	23.273000	233.676445
9.359981	23.274000	233.686486
9.359330	23.275000	233.696527
9.358679	23.276000	233.706567
9.358029	23.277000	233.716608
9.357378	23.278000	233.726649
9.356727	23.279000	233.736689
9.356076	23.280000	233.746730
9.355425	23.281000	233.756771
9.354774	23.282000	233.766811
9.354123	23.283000	233.776852
9.353472	23.284000	233.786893
9.352821	23.285000	233.796933
9.352170	23.286000	233.806974
9.351519	23.287000	233.817015
9.350867	23.288000	233.827055
9.350216	23.289000	233.837096
9.349565	23.290000	233.847137
9.348913	23.291000	233.857177
9.348262	23.292000	233.867218
9.347611	23.293000	233.877259
9.346959	23.294000	233.887299
9.346308	23.295000	233.897340
9.345656	23.296000	233.907381
9.345005	23.297000	233.917421
9.344353	23.298000	233.927462
9.343702	23.299000	233.937503
9.343050	23.300000	233.947543
9.342399	23.301000	233.957584
9.341747	23.302000	233.967625
9.341095	23.303000	233.977665
9.340443	23.304000	233.987706
9.339792	23.305000	233.997747
9.339140	23.306000	234.007787
9.338488	23.307000	234.017828
9.337836	23.308000	234.027869
9.337184	23.309000	234.037909
9.336532	23.310000	234.047950
9.335880	23.311000	234.057991
9.335228	23.312000	234.068031
9.334576	23.313000	234.078072
9.333924	23.314000	234.088113
9.333272	23.315000	234.098153
9.332620	23.316000	234.108194
9.331967	23.317000	234.118235
9.331315	23.318000	234.128275
9.330663	23.319000	234.138316
9.330011	23.320000	234.148357
9.329358	23.321000	234.158397
9.328706	23.322000	234.168438
9.328053	23.323000	234.178479
9.327401	23.324000	234.188519
9.326748	23.325000	234.198560
9.326096	23.326000	234.208601
9.325443	23.327000	234.218641
9.324791	23.328000	234.228682
9.324138	23.329000	234.238723
9.323485	23.330000	234.248763
9.322833	23.331000	234.258804
9.322180	23.332000	234.268845
9.321527	23.333000	234.278885
9.320874	23.334000	234.288926
9.320222	23.335000	234.298967
9.319569	23.336000	234.309007
9.318916	23.337000	234.319048
9.318263	23.338000	234.329089
9.317610	23.339000	234.339129
9.316957	23.340000	234.349170
9.316304	23.341000	234.359211
9.315651	23.342000	234.369251
9.314998	23.343000	234.379292
9.314344	23.344000	234.389333
9.313691	23.345000	234.399373
9.313038	23.346000	234.409414
9.312385	23.347000	234.419455
9.311731	23.348000	234.429495
9.311078	23.349000	234.439536
9.310425	23.350000	234.449577
9.309771	23.351000	234.459617
9.309118	23.352000	234.469658
9.308464	23.353000	234.479699
9.307811	23.354000	234.489739
9.307157	23.355000	234.499780
9.306504	23.356000	234.509821
9.305850	23.357000	234.519861
9.305197	23.358000	234.529902
9.304543	23.359000	234.539943
9.303889	23.360000	234.549983
9.303235	23.361000	234.560024
9.302582	23.362000	234.570065
9.301928	23.363000	234.580105
9.301274	23.364000	234.590146
9.300620	23.365000	234.600187
9.299966	23.366000	234.610227
9.299312	23.367000	234.620268
9.298658	23.368000	234.630309
9.298004	23.369000	234.640349
9.297350	23.370000	234.650390
9.296696	23.371000	234.660431
9.296042	23.372000	234.670471
9.295388	23.373000	234.680512
9.294734	23.374000	234.690553
9.294079	23.375000	234.700593
9.293425	23.376000	234.710634
9.292771	23.377000	234.720675
9.292116	23.378000	234.730715
9.291462	23.379000	234.740756
9.290808	23.380000	234.750797
9.290153	23.381000	234.760837
9.289499	23.382000	234.770878
9.288844	23.383000	234.780919
9.288189	23.384000	234.790959
9.287535	23.385000	234.801000
9.286880	23.386000	234.811041
9.286226	23.387000	234.821081
9.285571	23.388000	234.831122
9.284916	23.389000	234.841163
9.284261	23.390000	234.851203
9.283607	23.391000	234.861244
9.282952	23.392000	234.871285
9.282297	23.393000	234.881325
9.281642	23.394000	234.891366
9.280987	23.395000	234.901407
9.280332	23.396000	234.911447
9.279677	23.397000	234.921488
9.279022	23.398000	234.931529
9.278367	23.399000	234.941569
9.277712	23.400000	234.951610
9.277057	23.401000	234.961651
9.276401	23.402000	234.971691
9.275746	23.403000	234.981732
9.275091	23.404000	234.991773
9.274436	23.405000	235.001813
9.273780	23.406000	235.011854
9.273125	23.407000	235.021895
9.272469	23.408000	235.031935
9.271814	23.409000	235.041976
9.271158	23.410000	235.052017
9.270503	23.411000	235.062057
9.269847	23.412000	235.072098
9.269192	23.413000	235.082139
9.268536	23.414000	235.092179
9.267881	23.415000	235.102220
9.267225	23.416000	235.112261
9.266569	23.417000	235.122301
9.265913	23.418000	235.132342
9.265258	23.419000	235.142383
9.264602	23.420000	235.152423
9.263946	23.421000	235.162464
9.263290	23.422000	235.172505
9.262634	23.423000	235.182545
9.261978	23.424000	235.192586
9.261322	23.425000	235.202627
9.260666	23.426000	235.212667
9.260010	23.427000	235.222708
9.259354	23.428000	235.232749
9.258698	23.429000	235.242789
9.258041	23.430000	235.252830
9.257385	23.431000	235.262871
9.256729	23.432000	235.272911
9.256073	23.433000	235.282952
9.255416	23.434000	235.292993
9.254760	23.435000	235.303033
9.254104	23.436000	235.313074
9.253447	23.437000	235.323115
9.252791	23.438000	235.333155
9.252134	23.439000	235.343196
9.251478	23.440000	235.353237
9.250821	23.441000	235.363277
9.250164	23.442000	235.373318
9.249508	23.443000	235.383359
9.248851	23.444000	235.393399
9.248194	23.445000	235.403440
9.247538	23.446000	235.413481
9.246881	23.447000	235.423521
9.246224	23.448000	235.433562
9.245567	23.449000	235.443603
9.244910	23.450000	235.453643
9.244253	23.451000	235.463684
9.243596	23.452000	235.473725
9.242939	23.453000	235.483765
9.242282	23.454000	235.493806
9.241625	23.455000	235.503847
9.240968	23.456000	235.513887
9.240311	23.457000	235.523928
9.239654	23.458000	235.533969
9.238996	23.459000	235.544009
9.238339	23.460000	235.554050
9.237682	23.461000	235.564091
9.237025	23.462000	235.574131
9.236367	23.463000	235.584172
9.235710	23.464000	235.594213
9.235052	23.465000	235.604253
9.234395	23.466000	235.614294
9.233737	23.467000	235.624335
9.233080	23.468000	235.634375
9.232422	23.469000	235.644416
9.231765	23.470000	235.654457
9.231107	23.471000	235.664497
9.230449	23.472000	235.674538
9.229792	23.473000	235.684579
9.229134	23.474000	235.694619
9.228476	23.475000	235.704660
9.227818	23.476000	235.714701
9.227160	23.477000	235.724741
9.226502	23.478000	235.734782
9.225844	23.479000	235.744823
9.225186	23.480000	235.754863
9.224528	23.481000	235.764904
9.223870	23.482000	235.774945
9.223212	23.483000	235.784985
9.222554	23.484000	235.795026
9.221896	23.485000	235.805067
9.221238	23.486000	235.815107
9.220580	23.487000	235.825148
9.219921	23.488000	235.835189
9.219263	23.489000	235.845229
9.218605	23.490000	235.855270
9.217946	23.491000	235.865311
9.217288	23.492000	235.875351
9.216630	23.493000	235.885392
9.215971	23.494000	235.895433
9.215313	23.495000	235.905473
9.214654	23.496000	235.915514
9.213995	23.497000	235.925555
9.213337	23.498000	235.935595
9.212678	23.499000	235.945636
9.212019	23.500000	235.955677
9.211361	23.501000	235.965717
9.210702	23.502000	235.975758
9.210043	23.503000	235.985799
9.209384	23.504000	235.995839
9.208725	23.505000	236.005880
9.208067	23.506000	236.015921
9.207408	23.507000	236.025961
9.206749	23.508000	236.036002
9.206090	23.509000	236.046043
9.205431	23.510000	236.056083
9.204771	23.511000	236.066124
9.204112	23.512000	236.076165
9.203453	23.513000	236.086205
9.202794	23.514000	236.096246
9.202135	23.515000	236.106287
9.201475	23.516000	236.116327
9.200816	23.517000	236.126368
9.200157	23.518000	236.136409
9.199497	23.519000	236.146449
9.198838	23.520000	236.156490
9.198179	23.521000	236.166531
9.197519	23.522000	236.176571
9.196860	23.523000	236.186612
9.196200	23.524000	236.196653
9.195540	23.525000	236.206693
9.194881	23.526000	236.216734
9.194221	23.527000	236.226775
9.193561	23.528000	236.236815
9.192902	23.529000	236.246856
9.192242	23.530000	236.256897
9.191582	23.531000	236.266937
9.190922	23.532000	236.276978
9.190262	23.533000	236.287019
9.189602	23.534000	236.297059
9.188942	23.535000	236.307100
9.188282	23.536000	236.317141
9.187622	23.537000	236.327181
9.186962	23.538000	236.337222
9.186302	23.539000	236.347263
9.185642	23.540000	236.357303
9.184982	23.541000	236.367344
9.184322	23.542000	236.377385
9.183661	23.543000	236.387425
9.183001	23.544000	236.397466
9.182341	23.545000	236.407507
9.181681	23.546000	236.417547
9.181020	23.547000	236.427588
9.180360	23.548000	236.437629
9.179699	23.549000	236.447669
9.179039	23.550000	236.457710
9.178378	23.551000	236.467751
9.177718	23.552000	236.477791
9.177057	23.553000	236.487832
9.176396	23.554000	236.497873
9.175736	23.555000	236.507913
9.175075	23.556000	236.517954
9.174414	23.557000	236.527995
9.173753	23.558000	236.538035
9.173093	23.559000	236.548076
9.172432	23.560000	236.558117
9.171771	23.561000	236.568157
9.171110	23.562000	236.578198
9.170449	23.563000	236.588239
9.169788	23.564000	236.598279
9.169127	23.565000	236.608320
9.168466	23.566000	236.618361
9.167805	23.567000	236.628401
9.167144	23.568000	236.638442
9.166482	23.569000	236.648483
9.165821	23.570000	236.658523
9.165160	23.571000	236.668564
9.164499	23.572000	236.678605
9.163837	23.573000	236.688645
9.163176	23.574000	236.698686
9.162514	23.575000	236.708727
9.161853	23.576000	236.718767
9.161191	23.577000	236.728808
9.160530	23.578000	236.738849
9.159868	23.579000	236.748889
9.159207	23.580000	236.758930
9.158545	23.581000	236.768971
9.157884	23.582000	236.779011
9.157222	23.583000	236.789052
9.156560	23.584000	236.799093
9.155898	23.585000	236.809133
9.155237	23.586000	236.819174
9.154575	23.587000	236.829215
9.153913	23.588000	236.839255
9.153251	23.589000	236.849296
9.152589	23.590000	236.859337
9.151927	23.591000	236.869377
9.151265	23.592000	236.879418
9.150603	23.593000	236.889459
9.149941	23.594000	236.899499
9.149279	23.595000	236.909540
9.148616	23.596000	236.919581
9.147954	23.597000	236.929621
9.147292	23.598000	236.939662
9.146630	23.599000	236.949703
9.145967	23.600000	236.959743
9.145305	23.601000	236.969784
9.144643	23.602000	236.979825
9.143980	23.603000	236.989865
9.143318	23.604000	236.999906
9.142655	23.605000	237.009947
9.141993	23.606000	237.019987
9.141330	23.607000	237.030028
9.140667	23.608000	237.040069
9.140005	23.609000	237.050109
9.139342	23.610000	237.060150
9.138679	23.611000	237.070191
9.138017	23.612000	237.080231
9.137354	23.613000	237.090272
9.136691	23.614000	237.100313
9.136028	23.615000	237.110353
9.135365	23.616000	237.120394
9.134702	23.617000	237.130435
9.134039	23.618000	237.140475
9.133376	23.619000	237.150516
9.132713	23.620000	237.160557
9.132050	23.621000	237.170597
9.131387	23.622000	237.180638
9.130724	23.623000	237.190679
9.130061	23.624000	237.200719
9.129397	23.625000	237.210760
9.128734	23.626000	237.220801
9.128071	23.627000	237.230841
9.127407	23.628000	237.240882
9.126744	23.629000	237.250923
9.126081	23.630000	237.260963
9.125417	23.631000	237.271004
9.124754	23.632000	237.281045
9.124090	23.633000	237.291085
9.123427	23.634000	237.301126
9.122763	23.635000	237.311167
9.122099	23.636000	237.321207
9.121436	23.637000	237.331248
9.120772	23.638000	237.341289
9.120108	23.639000	237.351329
9.119444	23.640000	237.361370
9.118780	23.641000	237.371411
9.118117	23.642000	237.381451
9.117453	23.643000	237.391492
9.116789	23.644000	237.401533
9.116125	23.645000	237.411573
9.115461	23.646000	237.421614
9.114797	23.647000	237.431655
9.114133	23.648000	237.441695
9.113469	23.649000	237.451736
9.112804	23.650000	237.461777
9.112140	23.651000	237.471817
9.111476	23.652000	237.481858
9.110812	23.653000	237.491899
9.110147	23.654000	237.501939
9.109483	23.655000	237.511980
9.108819	23.656000	237.522021
9.108154	23.657000	237.532061
9.107490	23.658000	237.542102
9.106825	23.659000	237.552143
9.106161	23.660000	237.562183
9.105496	23.661000	237.572224
9.104832	23.662000	237.582265
9.104167	23.663000	237.592305
9.103502	23.664000	237.602346
9.102838	23.665000	237.612387
9.102173	23.666000	237.622427
9.101508	23.667000	237.632468
9.100843	23.668000	237.642509
9.100178	23.669000	237.652549
9.099513	23.670000	237.662590
9.098848	23.671000	237.672631
9.098183	23.672000	237.682671
9.097518	23.673000	237.692712
9.096853	23.674000	237.702753
9.096188	23.675000	237.712793
9.095523	23.676000	237.722834
9.094858	23.677000	237.732875
9.094193	23.678000	237.742915
9.093528	23.679000	237.752956
9.092862	23.680000	237.762997
9.092197	23.681000	237.773037
9.091532	23.682000	237.783078
9.090866	23.683000	237.793119
9.090201	23.684000	237.803159
9.089535	23.685000	237.813200
9.088870	23.686000	237.823241
9.088204	23.687000	237.833281
9.087539	23.688000	237.843322
9.086873	23.689000	237.853363
9.086208	23.690000	237.863403
9.085542	23.691000	237.873444
9.084876	23.692000	237.883485
9.084210	23.693000	237.893525
9.083545	23.694000	237.903566
9.082879	23.695000	237.913607
9.082213	23.696000	237.923647
9.081547	23.697000	237.933688
9.080881	23.698000	237.943729
9.080215	23.699000	237.953769
9.079549	23.700000	237.963810
9.078883	23.701000	237.973851
9.078217	23.702000	237.983891
9.077551	23.703000	237.993932
9.076885	23.704000	238.003973
9.076218	23.705000	238.014013
9.075552	23.706000	238.024054
9.074886	23.707000	238.034095
9.074220	23.708000	238.044135
9.073553	23.709000	238.054176
9.072887	23.710000	238.064217
9.072220	23.711000	238.074257
9.071554	23.712000	238.084298
9.070888	23.713000	238.094339
9.070221	23.714000	238.104379
9.069554	23.715000	238.114420
9.068888	23.716000	238.124461
9.068221	23.717000	238.134501
9.067554	23.718000	238.144542
9.066888	23.719000	238.154583
9.066221	23.720000	238.164623
9.065554	23.721000	238.174664
9.064887	23.722000	238.184705
9.064220	23.723000	238.194745
9.063554	23.724000	238.204786
9.062887	23.725000	238.214827
9.062220	23.726000	238.224867
9.061553	23.727000	238.234908
9.060886	23.728000	238.244949
9.060218	23.729000	238.254989
9.059551	23.730000	238.265030
9.058884	23.731000	238.275071
9.058217	23.732000	238.285111
9.057550	23.733000	238.295152
9.056882	23.734000	238.305193
9.056215	23.735000	238.315233
9.055548	23.736000	238.325274
9.054880	23.737000	238.335315
9.054213	23.738000	238.345355
9.053545	23.739000	238.355396
9.052878	23.740000	238.365437
9.052210	23.741000	238.375477
9.051543	23.742000	238.385518
9.050875	23.743000	238.395559
9.050207	23.744000	238.405599
9.049540	23.745000	238.415640
9.048872	23.746000	238.425681
9.048204	23.747000	238.435721
9.047536	23.748000	238.445762
9.046869	23.749000	238.455803
9.046201	23.750000	238.465843
9.045533	23.751000	238.475884
9.044865	23.752000	238.485925
9.044197	23.753000	238.495965
9.043529	23.754000	238.506006
9.042861	23.755000	238.516047
9.042193	23.756000	238.526087
9.041524	23.757000	238.536128
9.040856	23.758000	238.546169
9.040188	23.759000	238.556209
9.039520	23.760000	238.566250
9.038852	23.761000	238.576291
9.038183	23.762000	238.586331
9.037515	23.763000	238.596372
9.036846	23.764000	238.606413
9.036178	23.765000	238.616453
9.035509	23.766000	238.626494
9.034841	23.767000	238.636535
9.034172	23.768000	238.646575
9.033504	23.769000	238.656616
9.032835	23.770000	238.666657
9.032166	23.771000	238.676698
9.031498	23.772000	238.686738
9.030829	23.773000	238.696779
9.030160	23.774000	238.706820
9.029491	23.775000	238.716860
9.028822	23.776000	238.726901
9.028154	23.777000	238.736942
9.027485	23.778000	238.746982
9.026816	23.779000	238.757023
9.026147	23.780000	238.767064
9.025478	23.781000	238.777104
9.024809	23.782000	238.787145
9.024139	23.783000	238.797186
9.023470	23.784000	238.807226
9.022801	23.785000	238.817267
9.022132	23.786000	238.827308
9.021462	23.787000	238.837348
9.020793	23.788000	238.847389
9.020124	23.789000	238.857430
9.019454	23.790000	238.867470
9.018785	23.791000	238.877511
9.018116	23.792000	238.887552
9.017446	23.793000	238.897592
9.016776	23.794000	238.907633
9.016107	23.795000	238.917674
9.015437	23.796000	238.927714
9.014768	23.797000	238.937755
9.014098	23.798000	238.947796
9.013428	23.799000	238.957836
9.012758	23.800000	238.967877
9.012089	23.801000	238.977918
9.011419	23.802000	238.987958
9.010749	23.803000	238.997999
9.010079	23.804000	239.008040
9.009409	23.805000	239.018080
9.008739	23.806000	239.028121
9.008069	23.807000	239.038162
9.007399	23.808000	239.048202
9.006729	23.809000	239.058243
9.006059	23.810000	239.068284
9.005388	23.811000	239.078324
9.004718	23.812000	239.088365
9.004048	23.813000	239.098406
9.003378	23.814000	239.108446
9.002707	23.815000	239.118487
9.002037	23.816000	239.128528
9.001366	23.817000	239.138568
9.000696	23.818000	239.148609
9.000026	23.819000	239.158650
8.999355	23.820000	239.168690
8.998684	23.821000	239.178731
8.998014	23.822000	239.188772
8.997343	23.823000	239.198812
8.996672	23.824000	239.208853
8.996002	23.825000	239.218894
8.995331	23.826000	239.228934
8.994660	23.827000	239.238975
8.993989	23.828000	239.249016
8.993318	23.829000	239.259056
8.992648	23.830000	239.269097
8.991977	23.831000	239.279138
8.991306	23.832000	239.289178
8.990635	23.833000	239.299219
8.989964	23.834000	239.309260
8.989292	23.835000	239.319300
8.988621	23.836000	239.329341
8.987950	23.837000	239.339382
8.987279	23.838000	239.349422
8.986608	23.839000	239.359463
8.985936	23.840000	239.369504
8.985265	23.841000	239.379544
8.984594	23.842000	239.389585
8.983922	23.843000	239.399626
8.983251	23.844000	239.409666
8.982579	23.845000	239.419707
8.981908	23.846000	239.429748
8.981236	23.847000	239.439788
8.980565	23.848000	239.449829
8.979893	23.849000	239.459870
8.979221	23.850000	239.469910
8.978550	23.851000	239.479951
8.977878	23.852000	239.489992
8.977206	23.853000	239.500032
8.976534	23.854000	239.510073
8.975862	23.855000	239.520114
8.975190	23.856000	239.530154
8.974518	23.857000	239.540195
8.973847	23.858000	239.550236
8.973174	23.859000	239.560276
8.972502	23.860000	239.570317
8.971830	23.861000	239.580358
8.971158	23.862000	239.590398
8.970486	23.863000	239.600439
8.969814	23.864000	239.610480
8.969142	23.865000	239.620520
8.968469	23.866000	239.630561
8.967797	23.867000	239.640602
8.967125	23.868000	239.650642
8.966452	23.869000	239.660683
8.965780	23.870000	239.670724
8.965107	23.871000	239.680764
8.964435	23.872000	239.690805
8.963762	23.873000	239.700846
8.963090	23.874000	239.710886
8.962417	23.875000	239.720927
8.961744	23.876000	239.730968
8.961072	23.877000	239.741008
8.960399	23.878000	239.751049
8.959726	23.879000	239.761090
8.959053	23.880000	239.771130
8.958380	23.881000	239.781171
8.957707	23.882000	239.791212
8.957034	23.883000	239.801252
8.956362	23.884000	239.811293
8.955688	23.885000	239.821334
8.955015	23.886000	239.831374
8.954342	23.887000	239.841415
8.953669	23.888000	239.851456
8.952996	23.889000	239.861496
8.952323	23.890000	239.871537
8.951650	23.891000	239.881578
8.950976	23.892000	239.891618
8.950303	23.893000	239.901659
8.949630	23.894000	239.911700
8.948956	23.895000	239.921740
8.948283	23.896000	239.931781
8.947609	23.897000	239.941822
8.946936	23.898000	239.951862
8.946262	23.899000	239.961903
8.945589	23.900000	239.971944
8.944915	23.901000	239.981984
8.944241	23.902000	239.992025
8.943568	23.903000	240.002066
8.942894	23.904000	240.012106
8.942220	23.905000	240.022147
8.941546	23.906000	240.032188
8.940872	23.907000	240.042228
8.940198	23.908000	240.052269
8.939524	23.909000	240.062310
8.938850	23.910000	240.072350
8.938176	23.911000	240.082391
8.937502	23.912000	240.092432
8.936828	23.913000	240.102472
8.936154	23.914000	240.112513
8.935480	23.915000	240.122554
8.934806	23.916000	240.132594
8.934132	23.917000	240.142635
8.933457	23.918000	240.152676
8.932783	23.919000	240.162716
8.932109	23.920000	240.172757
8.931434	23.921000	240.182798
8.930760	23.922000	240.192838
8.930085	23.923000	240.202879
8.929411	23.924000	240.212920
8.928736	23.925000	240.222960
8.928061	23.926000	240.233001
8.927387	23.927000	240.243042
8.926712	23.928000	240.253082
8.926037	23.929000	240.263123
8.925363	23.930000	240.273164
8.924688	23.931000	240.283204
8.924013	23.932000	240.293245
8.923338	23.933000	240.303286
8.922663	23.934000	240.313326
8.921988	23.935000	240.323367
8.921313	23.936000	240.333408
8.920638	23.937000	240.343448
8.919963	23.938000	240.353489
8.919288	23.939000	240.363530
8.918613	23.940000	240.373570
8.917938	23.941000	240.383611
8.917263	23.942000	240.393652
8.916587	23.943000	240.403692
8.915912	23.944000	240.413733
8.915237	23.945000	240.423774
8.914561	23.946000	240.433814
8.913886	23.947000	240.443855
8.913210	23.948000	240.453896
8.912535	23.949000	240.463936
8.911859	23.950000	240.473977
8.911184	23.951000	240.484018
8.910508	23.952000	240.494058
8.909833	23.953000	240.504099
8.909157	23.954000	240.514140
8.908481	23.955000	240.524180
8.907805	23.956000	240.534221
8.907130	23.957000	240.544262
8.906454	23.958000	240.554302
8.905778	23.959000	240.564343
8.905102	23.960000	240.574384
8.904426	23.961000	240.584424
8.903750	23.962000	240.594465
8.903074	23.963000	240.604506
8.902398	23.964000	240.614546
8.901722	23.965000	240.624587
8.901045	23.966000	240.634628
8.900369	23.967000	240.644668
8.899693	23.968000	240.654709
8.899017	23.969000	240.664750
8.898340	23.970000	240.674790
8.897664	23.971000	240.684831
8.896988	23.972000	240.694872
8.896311	23.973000	240.704912
8.895635	23.974000	240.714953
8.894958	23.975000	240.724994
8.894282	23.976000	240.735034
8.893605	23.977000	240.745075
8.892929	23.978000	240.755116
8.892252	23.979000	240.765156
8.891575	23.980000	240.775197
8.890898	23.981000	240.785238
8.890222	23.982000	240.795278
8.889545	23.983000	240.805319
8.888868	23.984000	240.815360
8.888191	23.985000	240.825400
8.887514	23.986000	240.835441
8.886837	23.987000	240.845482
8.886160	23.988000	240.855522
8.885483	23.989000	240.865563
8.884806	23.990000	240.875604
8.884129	23.991000	240.885644
8.883452	23.992000	240.895685
8.882774	23.993000	240.905726
8.882097	23.994000	240.915766
8.881420	23.995000	240.925807
8.880743	23.996000	240.935848
8.880065	23.997000	240.945888
8.879388	23.998000	240.955929
8.878710	23.999000	240.965970
8.878033	24.000000	240.976010
8.877355	24.001000	240.986051
8.876678	24.002000	240.996092
8.876000	24.003000	241.006132
8.875322	24.004000	241.016173
8.874645	24.005000	241.026214
8.873967	24.006000	241.036254
8.873289	24.007000	241.046295
8.872611	24.008000	241.056336
8.871934	24.009000	241.066376
8.871256	24.010000	241.076417
8.870578	24.011000	241.086458
8.869900	24.012000	241.096498
8.869222	24.013000	241.106539
8.868544	24.014000	241.116580
8.867866	24.015000	241.126620
8.867188	24.016000	241.136661
8.866509	24.017000	241.146702
8.865831	24.018000	241.156742
8.865153	24.019000	241.166783
8.864475	24.020000	241.176824
8.863796	24.021000	241.186864
8.863118	24.022000	241.196905
8.862440	24.023000	241.206946
8.861761	24.024000	241.216986
8.861083	24.025000	241.227027
8.860404	24.026000	241.237068
8.859726	24.027000	241.247108
8.859047	24.028000	241.257149
8.858368	24.029000	241.267190
8.857690	24.030000	241.277230
8.857011	24.031000	241.287271
8.856332	24.032000	241.297312
8.855654	24.033000	241.307352
8.854975	24.034000	241.317393
8.854296	24.035000	241.327434
8.853617	24.036000	241.337474
8.852938	24.037000	241.347515
8.852259	24.038000	241.357556
8.851580	24.039000	241.367596
8.850901	24.040000	241.377637
8.850222	24.041000	241.387678
8.849543	24.042000	241.397718
8.848863	24.043000	241.407759
8.848184	24.044000	241.417800
8.847505	24.045000	241.427840
8.846826	24.046000	241.437881
8.846146	24.047000	241.447922
8.845467	24.048000	241.457962
8.844787	24.049000	241.468003
8.844108	24.050000	241.478044
8.843429	24.051000	241.488084
8.842749	24.052000	241.498125
8.842069	24.053000	241.508166
8.841390	24.054000	241.518206
8.840710	24.055000	241.528247
8.840030	24.056000	241.538288
8.839351	24.057000	241.548328
8.838671	24.058000	241.558369
8.837991	24.059000	241.568410
8.837311	24.060000	241.578450
8.836631	24.061000	241.588491
8.835951	24.062000	241.598532
8.835271	24.063000	241.608572
8.834591	24.064000	241.618613
8.833911	24.065000	241.628654
8.833231	24.066000	241.638694
8.832551	24.067000	241.648735
8.831871	24.068000	241.658776
8.831191	24.069000	241.668816
8.830510	24.070000	241.678857
8.829830	24.071000	241.688898
8.829150	24.072000	241.698938
8.828469	24.073000	241.708979
8.827789	24.074000	241.719020
8.827108	24.075000	241.729060
8.826428	24.076000	241.739101
8.825747	24.077000	241.749142
8.825067	24.078000	241.759182
8.824386	24.079000	241.769223
8.823706	24.080000	241.779264
8.823025	24.081000	241.789304
8.822344	24.082000	241.799345
8.821663	24.083000	241.809386
8.820983	24.084000	241.819426
8.820302	24.085000	241.829467
8.819621	24.086000	241.839508
8.818940	24.087000	241.849548
8.818259	24.088000	241.859589
8.817578	24.089000	241.869630
8.816897	24.090000	241.879670
8.816216	24.091000	241.889711
8.815535	24.092000	241.899752
8.814853	24.093000	241.909792
8.814172	24.094000	241.919833
8.813491	24.095000	241.929874
8.812810	24.096000	241.939914
8.812128	24.097000	241.949955
8.811447	24.098000	241.959996
8.810766	24.099000	241.970036
8.810084	24.100000	241.980077
8.809403	24.101000	241.990118
8.808721	24.102000	242.000158
8.808039	24.103000	242.010199
8.807358	24.104000	242.020240
8.806676	24.105000	242.030280
8.805995	24.106000	242.040321
8.805313	24.107000	242.050362
8.804631	24.108000	242.060402
8.803949	24.109000	242.070443
8.803267	24.110000	242.080484
8.802585	24.111000	242.090524
8.801903	24.112000	242.100565
8.801222	24.113000	242.110606
8.800539	24.114000	242.120646
8.799857	24.115000	242.130687
8.799175	24.116000	242.140728
8.798493	24.117000	242.150768
8.797811	24.118000	242.160809
8.797129	24.119000	242.170850
8.796447	24.120000	242.180890
8.795764	24.121000	242.190931
8.795082	24.122000	242.200972
8.794400	24.123000	242.211012
8.793717	24.124000	242.221053
8.793035	24.125000	242.231094
8.792352	24.126000	242.241134
8.791670	24.127000	242.251175
8.790987	24.128000	242.261216
8.790304	24.129000	242.271256
8.789622	24.130000	242.281297
8.788939	24.131000	242.291338
8.788256	24.132000	242.301378
8.787574	24.133000	242.311419
8.786891	24.134000	242.321460
8.786208	24.135000	242.331500
8.785525	24.136000	242.341541
8.784842	24.137000	242.351582
8.784159	24.138000	242.361622
8.783476	24.139000	242.371663
8.782793	24.140000	242.381704
8.782110	24.141000	242.391744
8.781427	24.142000	242.401785
8.780744	24.143000	242.411826
8.780060	24.144000	242.421866
8.779377	24.145000	242.431907
8.778694	24.146000	242.441948
8.778010	24.147000	242.451988
8.777327	24.148000	242.462029
8.776644	24.149000	242.472070
8.775960	24.150000	242.482110
8.775277	24.151000	242.492151
8.774593	24.152000	242.502192
8.773909	24.153000	242.512232
8.773226	24.154000	242.522273
8.772542	24.155000	242.532314
8.771858	24.156000	242.542354
8.771175	24.157000	242.552395
8.770491	24.158000	242.562436
8.769807	24.159000	242.572476
8.769123	24.160000	242.582517
8.768439	24.161000	242.592558
8.767755	24.162000	242.602598
8.767071	24.163000	242.612639
8.766387	24.164000	242.622680
8.765703	24.165000	242.632720
8.765019	24.166000	242.642761
8.764335	24.167000	242.652802
8.763651	24.168000	242.662842
8.762967	24.169000	242.672883
8.762282	24.170000	242.682924
8.761598	24.171000	242.692964
8.760914	24.172000	242.703005
8.760229	24.173000	242.713046
8.759545	24.174000	242.723086
8.758860	24.175000	242.733127
8.758176	24.176000	242.743168
8.757491	24.177000	242.753208
8.756807	24.178000	242.763249
8.756122	24.179000	242.773290
8.755437	24.180000	242.783330
8.754753	24.181000	242.793371
8.754068	24.182000	242.803412
8.753383	24.183000	242.813452
8.752698	24.184000	242.823493
8.752013	24.185000	242.833534
8.751328	24.186000	242.843574
8.750643	24.187000	242.853615
8.749958	24.188000	242.863656
8.749273	24.189000	242.873696
8.748588	24.190000	242.883737
8.747903	24.191000	242.893778
8.747218	24.192000	242.903818
8.746533	24.193000	242.913859
8.745848	24.194000	242.923900
8.745162	24.195000	242.933940
8.744477	24.196000	242.943981
8.743792	24.197000	242.954022
8.743106	24.198000	242.964062
8.742421	24.199000	242.974103
8.741735	24.200000	242.984144
8.741050	24.201000	242.994184
8.740364	24.202000	243.004225
8.739678	24.203000	243.014266
8.738993	24.204000	243.024306
8.738307	24.205000	243.034347
8.737621	24.206000	243.044388
8.736936	24.207000	243.054428
8.736250	24.208000	243.064469
8.735564	24.209000	243.074510
8.734878	24.210000	243.084550
8.734192	24.211000	243.094591
8.733506	24.212000	243.104632
8.732820	24.213000	243.114672
8.732134	24.214000	243.124713
8.731448	24.215000	243.134754
8.730762	24.216000	243.144794
8.730075	24.217000	243.154835
8.729389	24.218000	243.164876
8.728703	24.219000	243.174916
8.728017	24.220000	243.184957
8.727330	24.221000	243.194998
8.726644	24.222000	243.205038
8.725957	24.223000	243.215079
8.725271	24.224000	243.225120
8.724585	24.225000	243.235160
8.723898	24.226000	243.245201
8.723211	24.227000	243.255242
8.722525	24.228000	243.265282
8.721838	24.229000	243.275323
8.721151	24.230000	243.285364
8.720465	24.231000	243.295404
8.719778	24.232000	243.305445
8.719091	24.233000	243.315486
8.718404	24.234000	243.325526
8.717717	24.235000	243.335567
8.717030	24.236000	243.345608
8.716343	24.237000	243.355648
8.715656	24.238000	243.365689
8.714969	24.239000	243.375730
8.714282	24.240000	243.385770
8.713595	24.241000	243.395811
8.712907	24.242000	243.405852
8.712220	24.243000	243.415892
8.711533	24.244000	243.425933
8.710846	24.245000	243.435974
8.710158	24.246000	243.446014
8.709471	24.247000	243.456055
8.708783	24.248000	243.466096
8.708096	24.249000	243.476136
8.707408	24.250000	243.486177
8.706721	24.251000	243.496218
8.706033	24.252000	243.506258
8.705345	24.253000	243.516299
8.704658	24.254000	243.526340
8.703970	24.255000	243.536380
8.703282	24.256000	243.546421
8.702594	24.257000	243.556462
8.701906	24.258000	243.566502
8.701219	24.259000	243.576543
8.700531	24.260000	243.586584
8.699843	24.261000	243.596624
8.699155	24.262000	243.606665
8.698466	24.263000	243.616706
8.697778	24.264000	243.626746
8.697090	24.265000	243.636787
8.696402	24.266000	243.646828
8.695714	24.267000	243.656868
8.695025	24.268000	243.666909
8.694337	24.269000	243.676950
8.693649	24.270000	243.686990
8.692960	24.271000	243.697031
8.692272	24.272000	243.707072
8.691583	24.273000	243.717112
8.690895	24.274000	243.727153
8.690206	24.275000	243.737194
8.689518	24.276000	243.747234
8.688829	24.277000	243.757275
8.688140	24.278000	243.767316
8.687452	24.279000	243.777356
8.686763	24.280000	243.787397
8.686074	24.281000	243.797438
8.685385	24.282000	243.807478
8.684696	24.283000	243.817519
8.684007	24.284000	243.827560
8.683318	24.285000	243.837600
8.682629	24.286000	243.847641
8.681940	24.287000	243.857682
8.681251	24.288000	243.867722
8.680562	24.289000	243.877763
8.679873	24.290000	243.887804
8.679184	24.291000	243.897844
8.678494	24.292000	243.907885
8.677805	24.293000	243.917926
8.677116	24.294000	243.927966
8.676426	24.295000	243.938007
8.675737	24.296000	243.948048
8.675047	24.297000	243.958088
8.674358	24.298000	243.968129
8.673668	24.299000	243.978170
8.672979	24.300000	243.988210
8.672289	24.301000	243.998251
8.671599	24.302000	244.008292
8.670909	24.303000	244.018332
8.670220	24.304000	244.028373
8.669530	24.305000	244.038414
8.668840	24.306000	244.048454
8.668150	24.307000	244.058495
8.667460	24.308000	244.068536
8.666770	24.309000	244.078576
8.666080	24.310000	244.088617
8.665390	24.311000	244.098658
8.664700	24.312000	244.108698
8.664010	24.313000	244.118739
8.663320	24.314000	244.128780
8.662629	24.315000	244.138820
8.661939	24.316000	244.148861
8.661249	24.317000	244.158902
8.660558	24.318000	244.168942
8.659868	24.319000	244.178983
8.659178	24.320000	244.189024
8.658487	24.321000	244.199064
8.657797	24.322000	244.209105
8.657106	24.323000	244.219146
8.656415	24.324000	244.229186
8.655725	24.325000	244.239227
8.655034	24.326000	244.249268
8.654343	24.327000	244.259308
8.653653	24.328000	244.269349
8.652962	24.329000	244.279390
8.652271	24.330000	244.289430
8.651580	24.331000	244.299471
8.650889	24.332000	244.309512
8.650198	24.333000	244.319552
8.649507	24.334000	244.329593
8.648816	24.335000	244.339634
8.648125	24.336000	244.349674
8.647434	24.337000	244.359715
8.646743	24.338000	244.369756
8.646051	24.339000	244.379796
8.645360	24.340000	244.389837
8.644669	24.341000	244.399878
8.643977	24.342000	244.409918
8.643286	24.343000	244.419959
8.642594	24.344000	244.430000
8.641903	24.345000	244.440040
8.641211	24.346000	244.450081
8.640520	24.347000	244.460122
8.639828	24.348000	244.470162
8.639137	24.349000	244.480203
8.638445	24.350000	244.490244
8.637753	24.351000	244.500284
8.637061	24.352000	244.510325
8.636370	24.353000	244.520366
8.635678	24.354000	244.530406
8.634986	24.355000	244.540447
8.634294	24.356000	244.550488
8.633602	24.357000	244.560528
8.632910	24.358000	244.570569
8.632218	24.359000	244.580610
8.631526	24.360000	244.590650
8.630834	24.361000	244.600691
8.630141	24.362000	244.610732
8.629449	24.363000	244.620772
8.628757	24.364000	244.630813
8.628064	24.365000	244.640854
8.627372	24.366000	244.650894
8.626680	24.367000	244.660935
8.625987	24.368000	244.670976
8.625295	24.369000	244.681016
8.624602	24.370000	244.691057
8.623910	24.371000	244.701098
8.623217	24.372000	244.711138
8.622524	24.373000	244.721179
8.621832	24.374000	244.731220
8.621139	24.375000	244.741260
8.620446	24.376000	244.751301
8.619753	24.377000	244.761342
8.619060	24.378000	244.771382
8.618367	24.379000	244.781423
8.617675	24.380000	244.791464
8.616982	24.381000	244.801504
8.616288	24.382000	244.811545
8.615595	24.383000	244.821586
8.614902	24.384000	244.831626
8.614209	24.385000	244.841667
8.613516	24.386000	244.851708
8.612823	24.387000	244.861748
8.612129	24.388000	244.871789
8.611436	24.389000	244.881830
8.610743	24.390000	244.891870
8.610049	24.391000	244.901911
8.609356	24.392000	244.911952
8.608662	24.393000	244.921992
8.607969	24.394000	244.932033
8.607275	24.395000	244.942074
8.606581	24.396000	244.952114
8.605888	24.397000	244.962155
8.605194	24.398000	244.972196
8.604500	24.399000	244.982236
8.603807	24.400000	244.992277
8.603113	24.401000	245.002318
8.602419	24.402000	245.012358
8.601725	24.403000	245.022399
8.601031	24.404000	245.032440
8.600337	24.405000	245.042480
8.599643	24.406000	245.052521
8.598949	24.407000	245.062562
8.598255	24.408000	245.072602
8.597560	24.409000	245.082643
8.596866	24.410000	245.092684
8.596172	24.411000	245.102724
8.595478	24.412000	245.112765
8.594783	24.413000	245.122806
8.594089	24.414000	245.132846
8.593394	24.415000	245.142887
8.592700	24.416000	245.152928
8.592005	24.417000	245.162968
8.591311	24.418000	245.173009
8.590616	24.419000	245.183050
8.589922	24.420000	245.193090
8.589227	24.421000	245.203131
8.588532	24.422000	245.213172
8.587837	24.423000	245.223212
8.587143	24.424000	245.233253
8.586448	24.425000	245.243294
8.585753	24.426000	245.253334
8.585058	24.427000	245.263375
8.584363	24.428000	245.273416
8.583668	24.429000	245.283456
8.582973	24.430000	245.293497
8.582278	24.431000	245.303538
8.581582	24.432000	245.313578
8.580887	24.433000	245.323619
8.580192	24.434000	245.333660
8.579497	24.435000	245.343700
8.578801	24.436000	245.353741
8.578106	24.437000	245.363782
8.577411	24.438000	245.373822
8.576715	24.439000	245.383863
8.576020	24.440000	245.393904
8.575324	24.441000	245.403944
8.574628	24.442000	245.413985
8.573933	24.443000	245.424026
8.573237	24.444000	245.434066
8.572541	24.445000	245.444107
8.571846	24.446000	245.454148
8.571150	24.447000	245.464188
8.570454	24.448000	245.474229
8.569758	24.449000	245.484270
8.569062	24.450000	245.494310
8.568366	24.451000	245.504351
8.567670	24.452000	245.514392
8.566974	24.453000	245.524432
8.566278	24.454000	245.534473
8.565582	24.455000	245.544514
8.564886	24.456000	245.554554
8.564190	24.457000	245.564595
8.563493	24.458000	245.574636
8.562797	24.459000	245.584676
8.562101	24.460000	245.594717
8.561404	24.461000	245.604758
8.560708	24.462000	245.614798
8.560011	24.463000	245.624839
8.559315	24.464000	245.634880
8.558618	24.465000	245.644920
8.557922	24.466000	245.654961
8.557225	24.467000	245.665002
8.556528	24.468000	245.675042
8.555831	24.469000	245.685083
8.555135	24.470000	245.695124
8.554438	24.471000	245.705164
8.553741	24.472000	245.715205
8.553044	24.473000	245.725246
8.552347	24.474000	245.735286
8.551650	24.475000	245.745327
8.550953	24.476000	245.755368
8.550256	24.477000	245.765408
8.549559	24.478000	245.775449
8.548862	24.479000	245.785490
8.548164	24.480000	245.795530
8.547467	24.481000	245.805571
8.546770	24.482000	245.815612
8.546073	24.483000	245.825652
8.545375	24.484000	245.835693
8.544678	24.485000	245.845734
8.543980	24.486000	245.855774
8.543283	24.487000	245.865815
8.542585	24.488000	245.875856
8.541888	24.489000	245.885896
8.541190	24.490000	245.895937
8.540492	24.491000	245.905978
8.539795	24.492000	245.916018
8.539097	24.493000	245.926059
8.538399	24.494000	245.936100
8.537701	24.495000	245.946140
8.537003	24.496000	245.956181
8.536305	24.497000	245.966222
8.535607	24.498000	245.976262
8.534909	24.499000	245.986303
8.534211	24.500000	245.996344
8.533513	24.501000	246.006384
8.532815	24.502000	246.016425
8.532117	24.503000	246.026466
8.531418	24.504000	246.036506
8.530720	24.505000	246.046547
8.530022	24.506000	246.056588
8.529323	24.507000	246.066628
8.528625	24.508000	246.076669
8.527926	24.509000	246.086710
8.527228	24.510000	246.096750
8.526529	24.511000	246.106791
8.525831	24.512000	246.116832
8.525132	24.513000	246.126872
8.524434	24.514000	246.136913
8.523735	24.515000	246.146954
8.523036	24.516000	246.156994
8.522337	24.517000	246.167035
8.521638	24.518000	246.177076
8.520939	24.519000	246.187116
8.520241	24.520000	246.197157
8.519542	24.521000	246.207198
8.518843	24.522000	246.217238
8.518143	24.523000	246.227279
8.517444	24.524000	246.237320
8.516745	24.525000	246.247360
8.516046	24.526000	246.257401
8.515347	24.527000	246.267442
8.514647	24.528000	246.277482
8.513948	24.529000	246.287523
8.513249	24.530000	246.297564
8.512549	24.531000	246.307604
8.511850	24.532000	246.317645
8.511150	24.533000	246.327686
8.510451	24.534000	246.337726
8.509751	24.535000	246.347767
8.509052	24.536000	246.357808
8.508352	24.537000	246.367848
8.507652	24.538000	246.377889
8.506952	24.539000	246.387930
8.506253	24.540000	246.397970
8.505553	24.541000	246.408011
8.504853	24.542000	246.418052
8.504153	24.543000	246.428092
8.503453	24.544000	246.438133
8.502753	24.545000	246.448174
8.502053	24.546000	246.458214
8.501353	24.547000	246.468255
8.500653	24.548000	246.478296
8.499952	24.549000	246.488336
8.499252	24.550000	246.498377
8.498552	24.551000	246.508418
8.497851	24.552000	246.518459
8.497151	24.553000	246.528499
8.496451	24.554000	246.538540
8.495750	24.555000	246.548581
8.495050	24.556000	246.558621
8.494349	24.557000	246.568662
8.493649	24.558000	246.578703
8.492948	24.559000	246.588743
8.492247	24.560000	246.598784
8.491547	24.561000	246.608825
8.490846	24.562000	246.618865
8.490145	24.563000	246.628906
8.489444	24.564000	246.638947
8.488743	24.565000	246.648987
8.488042	24.566000	246.659028
8.487341	24.567000	246.669069
8.486640	24.568000	246.679109
8.485939	24.569000	246.689150
8.485238	24.570000	246.699191
8.484537	24.571000	246.709231
8.483836	24.572000	246.719272
8.483134	24.573000	246.729313
8.482433	24.574000	246.739353
8.481732	24.575000	246.749394
8.481030	24.576000	246.759435
8.480329	24.577000	246.769475
8.479628	24.578000	246.779516
8.478926	24.579000	246.789557
8.478224	24.580000	246.799597
8.477523	24.581000	246.809638
8.476821	24.582000	246.819679
8.476120	24.583000	246.829719
8.475418	24.584000	246.839760
8.474716	24.585000	246.849801
8.474014	24.586000	246.859841
8.473312	24.587000	246.869882
8.472610	24.588000	246.879923
8.471909	24.589000	246.889963
8.471207	24.590000	246.900004
8.470504	24.591000	246.910045
8.469802	24.592000	246.920085
8.469100	24.593000	246.930126
8.468398	24.594000	246.940167
8.467696	24.595000	246.950207
8.466994	24.596000	246.960248
8.466291	24.597000	246.970289
8.465589	24.598000	246.980329
8.464887	24.599000	246.990370
8.464184	24.600000	247.000411
8.463482	24.601000	247.010451
8.462779	24.602000	247.020492
8.462077	24.603000	247.030533
8.461374	24.604000	247.040573
8.460671	24.605000	247.050614
8.459969	24.606000	247.060655
8.459266	24.607000	247.070695
8.458563	24.608000	247.080736
8.457860	24.609000	247.090777
8.457157	24.610000	247.100817
8.456454	24.611000	247.110858
8.455752	24.612000	247.120899
8.455048	24.613000	247.130939
8.454345	24.614000	247.140980
8.453642	24.615000	247.151021
8.452939	24.616000	247.161061
8.452236	24.617000	247.171102
8.451533	24.618000	247.181143
8.450830	24.619000	247.191183
8.450126	24.620000	247.201224
8.449423	24.621000	247.211265
8.448719	24.622000	247.221305
8.448016	24.623000	247.231346
8.447313	24.624000	247.241387
8.446609	24.625000	247.251427
8.445905	24.626000	247.261468
8.445202	24.627000	247.271509
8.444498	24.628000	247.281549
8.443794	24.629000	247.291590
8.443091	24.630000	247.301631
8.442387	24.631000	247.311671
8.441683	24.632000	247.321712
8.440979	24.633000	247.331753
8.440275	24.634000	247.341793
8.439571	24.635000	247.351834
8.438867	24.636000	247.361875
8.438163	24.637000	247.371915
8.437459	24.638000	247.381956
8.436755	24.639000	247.391997
8.436051	24.640000	247.402037
8.435346	24.641000	247.412078
8.434642	24.642000	247.422119
8.433938	24.643000	247.432159
8.433233	24.644000	247.442200
8.432529	24.645000	247.452241
8.431824	24.646000	247.462281
8.431120	24.647000	247.472322
8.430415	24.648000	247.482363
8.429711	24.649000	247.492403
8.429006	24.650000	247.502444
8.428301	24.651000	247.512485
8.427597	24.652000	247.522525
8.426892	24.653000	247.532566
8.426187	24.654000	247.542607
8.425482	24.655000	247.552647
8.424777	24.656000	247.562688
8.424072	24.657000	247.572729
8.423367	24.658000	247.582769
8.422662	24.659000	247.592810
8.421957	24.660000	247.602851
8.421252	24.661000	247.612891
8.420547	24.662000	247.622932
8.419842	24.663000	247.632973
8.419136	24.664000	247.643013
8.418431	24.665000	247.653054
8.417726	24.666000	247.663095
8.417020	24.667000	247.673135
8.416315	24.668000	247.683176
8.415609	24.669000	247.693217
8.414904	24.670000	247.703257
8.414198	24.671000	247.713298
8.413493	24.672000	247.723339
8.412787	24.673000	247.733379
8.412081	24.674000	247.743420
8.411376	24.675000	247.753461
8.410670	24.676000	247.763501
8.409964	24.677000	247.773542
8.409258	24.678000	247.783583
8.408552	24.679000	247.793623
8.407846	24.680000	247.803664
8.407140	24.681000	247.813705
8.406434	24.682000	247.823745
8.405728	24.683000	247.833786
8.405022	24.684000	247.843827
8.404316	24.685000	247.853867
8.403609	24.686000	247.863908
8.402903	24.687000	247.873949
8.402197	24.688000	247.883989
8.401490	24.689000	247.894030
8.400784	24.690000	247.904071
8.400077	24.691000	247.914111
8.399371	24.692000	247.924152
8.398664	24.693000	247.934193
8.397958	24.694000	247.944233
8.397251	24.695000	247.954274
8.396544	24.696000	247.964315
8.395838	24.697000	247.974355
8.395131	24.698000	247.984396
8.394424	24.699000	247.994437
8.393717	24.700000	248.004477
8.393010	24.701000	248.014518
8.392303	24.702000	248.024559
8.391596	24.703000	248.034599
8.390889	24.704000	248.044640
8.390182	24.705000	248.054681
8.389475	24.706000	248.064721
8.388768	24.707000	248.074762
8.388060	24.708000	248.084803
8.387353	24.709000	248.094843
8.386646	24.710000	248.104884
8.385938	24.711000	248.114925
8.385231	24.712000	248.124965
8.384524	24.713000	248.135006
8.383816	24.714000	248.145047
8.383109	24.715000	248.155087
8.382401	24.716000	248.165128
8.381693	24.717000	248.175169
8.380986	24.718000	248.185209
8.380278	24.719000	248.195250
8.379570	24.720000	248.205291
8.378862	24.721000	248.215331
8.378154	24.722000	248.225372
8.377446	24.723000	248.235413
8.376739	24.724000	248.245453
8.376031	24.725000	248.255494
8.375322	24.726000	248.265535
8.374614	24.727000	248.275575
8.373906	24.728000	248.285616
8.373198	24.729000	248.295657
8.372490	24.730000	248.305697
8.371782	24.731000	248.315738
8.371073	24.732000	248.325779
8.370365	24.733000	248.335819
8.369656	24.734000	248.345860
8.368948	24.735000	248.355901
8.368239	24.736000	248.365941
8.367531	24.737000	248.375982
8.366822	24.738000	248.386023
8.366114	24.739000	248.396063
8.365405	24.740000	248.406104
8.364696	24.741000	248.416145
8.363988	24.742000	248.426185
8.363279	24.743000	248.436226
8.362570	24.744000	248.446267
8.361861	24.745000	248.456307
8.361152	24.746000	248.466348
8.360443	24.747000	248.476389
8.359734	24.748000	248.486429
8.359025	24.749000	248.496470
8.358316	24.750000	248.506511
8.357607	24.751000	248.516551
8.356897	24.752000	248.526592
8.356188	24.753000	248.536633
8.355479	24.754000	248.546673
8.354769	24.755000	248.556714
8.354060	24.756000	248.566755
8.353351	24.757000	248.576795
8.352641	24.758000	248.586836
8.351932	24.759000	248.596877
8.351222	24.760000	248.606917
8.350512	24.761000	248.616958
8.349803	24.762000	248.626999
8.349093	24.763000	248.637039
8.348383	24.764000	248.647080
8.347673	24.765000	248.657121
8.346963	24.766000	248.667161
8.346254	24.767000	248.677202
8.345544	24.768000	248.687243
8.344834	24.769000	248.697283
8.344124	24.770000	248.707324
8.343413	24.771000	248.717365
8.342703	24.772000	248.727405
8.341993	24.773000	248.737446
8.341283	24.774000	248.747487
8.340573	24.775000	248.757527
8.339862	24.776000	248.767568
8.339152	24.777000	248.777609
8.338442	24.778000	248.787649
8.337731	24.779000	248.797690
8.337021	24.780000	248.807731
8.336310	24.781000	248.817771
8.335599	24.782000	248.827812
8.334889	24.783000	248.837853
8.334178	24.784000	248.847893
8.333467	24.785000	248.857934
8.332757	24.786000	248.867975
8.332046	24.787000	248.878015
8.331335	24.788000	248.888056
8.330624	24.789000	248.898097
8.329913	24.790000	248.908137
8.329202	24.791000	248.918178
8.328491	24.792000	248.928219
8.327780	24.793000	248.938259
8.327069	24.794000	248.948300
8.326358	24.795000	248.958341
8.325646	24.796000	248.968381
8.324935	24.797000	248.978422
8.324224	24.798000	248.988463
8.323512	24.799000	248.998503
8.322801	24.800000	249.008544
8.322090	24.801000	249.018585
8.321378	24.802000	249.028625
8.320667	24.803000	249.038666
8.319955	24.804000	249.048707
8.319243	24.805000	249.058747
8.318532	24.806000	249.068788
8.317820	24.807000	249.078829
8.317108	24.808000	249.088869
8.316396	24.809000	249.098910
8.315684	24.810000	249.108951
8.314973	24.811000	249.118991
8.314261	24.812000	249.129032
8.313549	24.813000	249.139073
8.312837	24.814000	249.149113
8.312124	24.815000	249.159154
8.311412	24.816000	249.169195
8.310700	24.817000	249.179235
8.309988	24.818000	249.189276
8.309276	24.819000	249.199317
8.308563	24.820000	249.209357
8.307851	24.821000	249.219398
8.307138	24.822000	249.229439
8.306426	24.823000	249.239479
8.305713	24.824000	249.249520
8.305001	24.825000	249.259561
8.304288	24.826000	249.269601
8.303576	24.827000	249.279642
8.302863	24.828000	249.289683
8.302150	24.829000	249.299723
8.301437	24.830000	249.309764
8.300725	24.831000	249.319805
8.300012	24.832000	249.329845
8.299299	24.833000	249.339886
8.298586	24.834000	249.349927
8.297873	24.835000	249.359967
8.297160	24.836000	249.370008
8.296447	24.837000	249.380049
8.295733	24.838000	249.390089
8.295020	24.839000	249.400130
8.294307	24.840000	249.410171
8.293594	24.841000	249.420211
8.292880	24.842000	249.430252
8.292167	24.843000	249.440293
8.291454	24.844000	249.450333
8.290740	24.845000	249.460374
8.290026	24.846000	249.470415
8.289313	24.847000	249.480455
8.288599	24.848000	249.490496
8.287886	24.849000	249.500537
8.287172	24.850000	249.510577
8.286458	24.851000	249.520618
8.285744	24.852000	249.530659
8.285031	24.853000	249.540699
8.284317	24.854000	249.550740
8.283603	24.855000	249.560781
8.282889	24.856000	249.570821
8.282175	24.857000	249.580862
8.281461	24.858000	249.590903
8.280746	24.859000	249.600943
8.280032	24.860000	249.610984
8.279318	24.861000	249.621025
8.278604	24.862000	249.631065
8.277889	24.863000	249.641106
8.277175	24.864000	249.651147
8.276461	24.865000	249.661187
8.275746	24.866000	249.671228
8.275032	24.867000	249.681269
8.274317	24.868000	249.691309
8.273603	24.869000	249.701350
8.272888	24.870000	249.711391
8.272173	24.871000	249.721431
8.271459	24.872000	249.731472
8.270744	24.873000	249.741513
8.270029	24.874000	249.751553
8.269314	24.875000	249.761594
8.268599	24.876000	249.771635
8.267884	24.877000	249.781675
8.267169	24.878000	249.791716
8.266454	24.879000	249.801757
8.265739	24.880000	249.811797
8.265024	24.881000	249.821838
8.264309	24.882000	249.831879
8.263593	24.883000	249.841919
8.262878	24.884000	249.851960
8.262163	24.885000	249.862001
8.261447	24.886000	249.872041
8.260732	24.887000	249.882082
8.260016	24.888000	249.892123
8.259301	24.889000	249.902163
8.258585	24.890000	249.912204
8.257870	24.891000	249.922245
8.257154	24.892000	249.932285
8.256438	24.893000	249.942326
8.255723	24.894000	249.952367
8.255007	24.895000	249.962407
8.254291	24.896000	249.972448
8.253575	24.897000	249.982489
8.252859	24.898000	249.992529
8.252143	24.899000	250.002570
8.251427	24.900000	250.012611
8.250711	24.901000	250.022651
8.249995	24.902000	250.032692
8.249279	24.903000	250.042733
8.248562	24.904000	250.052773
8.247846	24.905000	250.062814
8.247130	24.906000	250.072855
8.246414	24.907000	250.082895
8.245697	24.908000	250.092936
8.244981	24.909000	250.102977
8.244264	24.910000	250.113017
8.243548	24.911000	250.123058
8.242831	24.912000	250.133099
8.242114	24.913000	250.143139
8.241398	24.914000	250.153180
8.240681	24.915000	250.163221
8.239964	24.916000	250.173261
8.239247	24.917000	250.183302
8.238530	24.918000	250.193343
8.237813	24.919000	250.203383
8.237097	24.920000	250.213424
8.236380	24.921000	250.223465
8.235662	24.922000	250.233505
8.234945	24.923000	250.243546
8.234228	24.924000	250.253587
8.233511	24.925000	250.263627
8.232794	24.926000	250.273668
8.232076	24.927000	250.283709
8.231359	24.928000	250.293749
8.230642	24.929000	250.303790
8.229924	24.930000	250.313831
8.229207	24.931000	250.323871
8.228489	24.932000	250.333912
8.227772	24.933000	250.343953
8.227054	24.934000	250.353993
8.226336	24.935000	250.364034
8.225619	24.936000	250.374075
8.224901	24.937000	250.384115
8.224183	24.938000	250.394156
8.223465	24.939000	250.404197
8.222747	24.940000	250.414237
8.222029	24.941000	250.424278
8.221311	24.942000	250.434319
8.220593	24.943000	250.444359
8.219875	24.944000	250.454400
8.219157	24.945000	250.464441
8.218439	24.946000	250.474481
8.217720	24.947000	250.484522
8.217002	24.948000	250.494563
8.216284	24.949000	250.504603
8.215565	24.950000	250.514644
8.214847	24.951000	250.524685
8.214129	24.952000	250.534725
8.213410	24.953000	250.544766
8.212691	24.954000	250.554807
8.211973	24.955000	250.564847
8.211254	24.956000	250.574888
8.210535	24.957000	250.584929
8.209817	24.958000	250.594969
8.209098	24.959000	250.605010
8.208379	24.960000	250.615051
8.207660	24.961000	250.625091
8.206941	24.962000	250.635132
8.206222	24.963000	250.645173
8.205503	24.964000	250.655213
8.204784	24.965000	250.665254
8.204065	24.966000	250.675295
8.203346	24.967000	250.685335
8.202626	24.968000	250.695376
8.201907	24.969000	250.705417
8.201188	24.970000	250.715457
8.200468	24.971000	250.725498
8.199749	24.972000	250.735539
8.199029	24.973000	250.745579
8.198310	24.974000	250.755620
8.197590	24.975000	250.765661
8.196871	24.976000	250.775701
8.196151	24.977000	250.785742
8.195431	24.978000	250.795783
8.194712	24.979000	250.805823
8.193992	24.980000	250.815864
8.193272	24.981000	250.825905
8.192552	24.982000	250.835945
8.191832	24.983000	250.845986
8.191112	24.984000	250.856027
8.190392	24.985000	250.866067
8.189672	24.986000	250.876108
8.188952	24.987000	250.886149
8.188232	24.988000	250.896189
8.187511	24.989000	250.906230
8.186791	24.990000	250.916271
8.186071	24.991000	250.926311
8.185350	24.992000	250.936352
8.184630	24.993000	250.946393
8.183910	24.994000	250.956433
8.183189	24.995000	250.966474
8.182468	24.996000	250.976515
8.181748	24.997000	250.986555
8.181027	24.998000	250.996596
8.180306	24.999000	251.006637
8.179586	25.000000	251.016677
8.178865	25.001000	251.026718
8.178144	25.002000	251.036759
8.177423	25.003000	251.046799
8.176702	25.004000	251.056840
8.175981	25.005000	251.066881
8.175260	25.006000	251.076921
8.174539	25.007000	251.086962
8.173818	25.008000	251.097003
8.173097	25.009000	251.107043
8.172375	25.010000	251.117084
8.171654	25.011000	251.127125
8.170933	25.012000	251.137165
8.170211	25.013000	251.147206
8.169490	25.014000	251.157247
8.168769	25.015000	251.167287
8.168047	25.016000	251.177328
8.167325	25.017000	251.187369
8.166604	25.018000	251.197409
8.165882	25.019000	251.207450
8.165160	25.020000	251.217491
8.164439	25.021000	251.227531
8.163717	25.022000	251.237572
8.162995	25.023000	251.247613
8.162273	25.024000	251.257653
8.161551	25.025000	251.267694
8.160829	25.026000	251.277735
8.160107	25.027000	251.287775
8.159385	25.028000	251.297816
8.158663	25.029000	251.307857
8.157941	25.030000	251.317897
8.157218	25.031000	251.327938
8.156496	25.032000	251.337979
8.155774	25.033000	251.348019
8.155051	25.034000	251.358060
8.154329	25.035000	251.368101
8.153607	25.036000	251.378141
8.152884	25.037000	251.388182
8.152161	25.038000	251.398223
8.151439	25.039000	251.408263
8.150716	25.040000	251.418304
8.149993	25.041000	251.428345
8.149271	25.042000	251.438385
8.148548	25.043000	251.448426
8.147825	25.044000	251.458467
8.147102	25.045000	251.468507
8.146379	25.046000	251.478548
8.145656	25.047000	251.488589
8.144933	25.048000	251.498629
8.144210	25.049000	251.508670
8.143487	25.050000	251.518711
8.142763	25.051000	251.528751
8.142040	25.052000	251.538792
8.141317	25.053000	251.548833
8.140594	25.054000	251.558873
8.139870	25.055000	251.568914
8.139147	25.056000	251.578955
8.138423	25.057000	251.588995
8.137700	25.058000	251.599036
8.136976	25.059000	251.609077
8.136252	25.060000	251.619117
8.135529	25.061000	251.629158
8.134805	25.062000	251.639199
8.134081	25.063000	251.649239
8.133357	25.064000	251.659280
8.132634	25.065000	251.669321
8.131910	25.066000	251.679361
8.131186	25.067000	251.689402
8.130462	25.068000	251.699443
8.129738	25.069000	251.709483
8.129013	25.070000	251.719524
8.128289	25.071000	251.729565
8.127565	25.072000	251.739605
8.126841	25.073000	251.749646
8.126116	25.074000	251.759687
8.125392	25.075000	251.769727
8.124668	25.076000	251.779768
8.123943	25.077000	251.789809
8.123219	25.078000	251.799849
8.122494	25.079000	251.809890
8.121770	25.080000	251.819931
8.121045	25.081000	251.829971
8.120320	25.082000	251.840012
8.119595	25.083000	251.850053
8.118871	25.084000	251.860093
8.118146	25.085000	251.870134
8.117421	25.086000	251.880175
8.116696	25.087000	251.890215
8.115971	25.088000	251.900256
8.115246	25.089000	251.910297
8.114521	25.090000	251.920337
8.113796	25.091000	251.930378
8.113070	25.092000	251.940419
8.112345	25.093000	251.950459
8.111620	25.094000	251.960500
8.110895	25.095000	251.970541
8.110169	25.096000	251.980581
8.109444	25.097000	251.990622
8.108718	25.098000	252.000663
8.107993	25.099000	252.010703
8.107267	25.100000	252.020744
8.106542	25.101000	252.030785
8.105816	25.102000	252.040825
8.105090	25.103000	252.050866
8.104364	25.104000	252.060907
8.103639	25.105000	252.070947
8.102913	25.106000	252.080988
8.102187	25.107000	252.091029
8.101461	25.108000	252.101069
8.100735	25.109000	252.111110
8.100009	25.110000	252.121151
8.099283	25.111000	252.131191
8.098556	25.112000	252.141232
8.097830	25.113000	252.151273
8.097104	25.114000	252.161313
8.096378	25.115000	252.171354
8.095651	25.116000	252.181395
8.094925	25.117000	252.191435
8.094198	25.118000	252.201476
8.093472	25.119000	252.211517
8.092745	25.120000	252.221557
8.092019	25.121000	252.231598
8.091292	25.122000	252.241639
8.090565	25.123000	252.251679
8.089839	25.124000	252.261720
8.089112	25.125000	252.271761
8.088385	25.126000	252.281801
8.087658	25.127000	252.291842
8.086931	25.128000	252.301883
8.086204	25.129000	252.311923
8.085477	25.130000	252.321964
8.084750	25.131000	252.332005
8.084023	25.132000	252.342045
8.083296	25.133000	252.352086
8.082568	25.134000	252.362127
8.081841	25.135000	252.372167
8.081114	25.136000	252.382208
8.080386	25.137000	252.392249
8.079659	25.138000	252.402289
8.078931	25.139000	252.412330
8.078204	25.140000	252.422371
8.077476	25.141000	252.432411
8.076749	25.142000	252.442452
8.076021	25.143000	252.452493
8.075293	25.144000	252.462533
8.074565	25.145000	252.472574
8.073838	25.146000	252.482615
8.073110	25.147000	252.492655
8.072382	25.148000	252.502696
8.071654	25.149000	252.512737
8.070926	25.150000	252.522777
8.070198	25.151000	252.532818
8.069470	25.152000	252.542859
8.068741	25.153000	252.552899
8.068013	25.154000	252.562940
8.067285	25.155000	252.572981
8.066557	25.156000	252.583021
8.065828	25.157000	252.593062
8.065100	25.158000	252.603103
8.064371	25.159000	252.613143
8.063643	25.160000	252.623184
8.062914	25.161000	252.633225
8.062186	25.162000	252.643265
8.061457	25.163000	252.653306
8.060728	25.164000	252.663347
8.059999	25.165000	252.673387
8.059271	25.166000	252.683428
8.058542	25.167000	252.693469
8.057813	25.168000	252.703509
8.057084	25.169000	252.713550
8.056355	25.170000	252.723591
8.055626	25.171000	252.733631
8.054897	25.172000	252.743672
8.054167	25.173000	252.753713
8.053438	25.174000	252.763753
8.052709	25.175000	252.773794
8.051980	25.176000	252.783835
8.051250	25.177000	252.793875
8.050521	25.178000	252.803916
8.049791	25.179000	252.813957
8.049062	25.180000	252.823997
8.048332	25.181000	252.834038
8.047603	25.182000	252.844079
8.046873	25.183000	252.854119
8.046143	25.184000	252.864160
8.045414	25.185000	252.874201
8.044684	25.186000	252.884241
8.043954	25.187000	252.894282
8.043224	25.188000	252.904323
8.042494	25.189000	252.914363
8.041764	25.190000	252.924404
8.041034	25.191000	252.934445
8.040304	25.192000	252.944485
8.039574	25.193000	252.954526
8.038844	25.194000	252.964567
8.038113	25.195000	252.974607
8.037383	25.196000	252.984648
8.036653	25.197000	252.994689
8.035922	25.198000	253.004729
8.035192	25.199000	253.014770
8.034461	25.200000	253.024811
8.033731	25.201000	253.034851
8.033000	25.202000	253.044892
8.032269	25.203000	253.054933
8.031539	25.204000	253.064973
8.030808	25.205000	253.075014
8.030077	25.206000	253.085055
8.029346	25.207000	253.095095
8.028615	25.208000	253.105136
8.027885	25.209000	253.115177
8.027154	25.210000	253.125217
8.026422	25.211000	253.135258
8.025691	25.212000	253.145299
8.024960	25.213000	253.155339
8.024229	25.214000	253.165380
8.023498	25.215000	253.175421
8.022766	25.216000	253.185461
8.022035	25.217000	253.195502
8.021304	25.218000	253.205543
8.020572	25.219000	253.215583
8.019841	25.220000	253.225624
8.019109	25.221000	253.235665
8.018378	25.222000	253.245705
8.017646	25.223000	253.255746
8.016914	25.224000	253.265787
8.016182	25.225000	253.275827
8.015451	25.226000	253.285868
8.014719	25.227000	253.295909
8.013987	25.228000	253.305949
8.013255	25.229000	253.315990
8.012523	25.230000	253.326031
8.011791	25.231000	253.336071
8.011059	25.232000	253.346112
8.010327	25.233000	253.356153
8.009594	25.234000	253.366193
8.008862	25.235000	253.376234
8.008130	25.236000	253.386275
8.007398	25.237000	253.396315
8.006665	25.238000	253.406356
8.005933	25.239000	253.416397
8.005200	25.240000	253.426437
8.004468	25.241000	253.436478
8.003735	25.242000	253.446519
8.003002	25.243000	253.456559
8.002270	25.244000	253.466600
8.001537	25.245000	253.476641
8.000804	25.246000	253.486681
8.000071	25.247000	253.496722
7.999338	25.248000	253.506763
7.998605	25.249000	253.516803
7.997872	25.250000	253.526844
7.997139	25.251000	253.536885
7.996406	25.252000	253.546925
7.995673	25.253000	253.556966
7.994940	25.254000	253.567007
7.994207	25.255000	253.577047
7.993473	25.256000	253.587088
7.992740	25.257000	253.597129
7.992007	25.258000	253.607169
7.991273	25.259000	253.617210
7.990540	25.260000	253.627251
7.989806	25.261000	253.637291
7.989072	25.262000	253.647332
7.988339	25.263000	253.657373
7.987605	25.264000	253.667413
7.986871	25.265000	253.677454
7.986137	25.266000	253.687495
7.985404	25.267000	253.697535
7.984670	25.268000	253.707576
7.983936	25.269000	253.717617
7.983202	25.270000	253.727657
7.982468	25.271000	253.737698
7.981734	25.272000	253.747739
7.980999	25.273000	253.757779
7.980265	25.274000	253.767820
7.979531	25.275000	253.777861
7.978797	25.276000	253.787901
7.978062	25.277000	253.797942
7.977328	25.278000	253.807983
7.976593	25.279000	253.818023
7.975859	25.280000	253.828064
7.975124	25.281000	253.838105
7.974390	25.282000	253.848145
7.973655	25.283000	253.858186
7.972920	25.284000	253.868227
7.972185	25.285000	253.878267
7.971451	25.286000	253.888308
7.970716	25.287000	253.898349
7.969981	25.288000	253.908389
7.969246	25.289000	253.918430
7.968511	25.290000	253.928471
7.967776	25.291000	253.938511
7.967041	25.292000	253.948552
7.966305	25.293000	253.958593
7.965570	25.294000	253.968633
7.964835	25.295000	253.978674
7.964100	25.296000	253.988715
7.963364	25.297000	253.998755
7.962629	25.298000	254.008796
7.961893	25.299000	254.018837
7.961158	25.300000	254.028877
7.960422	25.301000	254.038918
7.959687	25.302000	254.048959
7.958951	25.303000	254.058999
7.958215	25.304000	254.069040
7.957479	25.305000	254.079081
7.956743	25.306000	254.089121
7.956008	25.307000	254.099162
7.955272	25.308000	254.109203
7.954536	25.309000	254.119243
7.953800	25.310000	254.129284
7.953063	25.311000	254.139325
7.952327	25.312000	254.149365
7.951591	25.313000	254.159406
7.950855	25.314000	254.169447
7.950119	25.315000	254.179487
7.949382	25.316000	254.189528
7.948646	25.317000	254.199569
7.947909	25.318000	254.209609
7.947173	25.319000	254.219650
7.946436	25.320000	254.229691
7.945700	25.321000	254.239731
7.944963	25.322000	254.249772
7.944226	25.323000	254.259813
7.943490	25.324000	254.269853
7.942753	25.325000	254.279894
7.942016	25.326000	254.289935
7.941279	25.327000	254.299975
7.940542	25.328000	254.310016
7.939805	25.329000	254.320057
7.939068	25.330000	254.330098
7.938331	25.331000	254.340138
7.937594	25.332000	254.350179
7.936856	25.333000	254.360220
7.936119	25.334000	254.370260
7.935382	25.335000	254.380301
7.934645	25.336000	254.390342
7.933907	25.337000	254.400382
7.933170	25.338000	254.410423
7.932432	25.339000	254.420464
7.931695	25.340000	254.430504
7.930957	25.341000	254.440545
7.930219	25.342000	254.450586
7.929481	25.343000	254.460626
7.928744	25.344000	254.470667
7.928006	25.345000	254.480708
7.927268	25.346000	254.490748
7.926530	25.347000	254.500789
7.925792	25.348000	254.510830
7.925054	25.349000	254.520870
7.924316	25.350000	254.530911
7.923578	25.351000	254.540952
7.922840	25.352000	254.550992
7.922101	25.353000	254.561033
7.921363	25.354000	254.571074
7.920625	25.355000	254.581114
7.919886	25.356000	254.591155
7.919148	25.357000	254.601196
7.918409	25.358000	254.611236
7.917671	25.359000	254.621277
7.916932	25.360000	254.631318
7.916194	25.361000	254.641358
7.915455	25.362000	254.651399
7.914716	25.363000	254.661440
7.913977	25.364000	254.671480
7.913238	25.365000	254.681521
7.912499	25.366000	254.691562
7.911760	25.367000	254.701602
7.911021	25.368000	254.711643
7.910282	25.369000	254.721684
7.909543	25.370000	254.731724
7.908804	25.371000	254.741765
7.908065	25.372000	254.751806
7.907326	25.373000	254.761846
7.906586	25.374000	254.771887
7.905847	25.375000	254.781928
7.905107	25.376000	254.791968
7.904368	25.377000	254.802009
7.903628	25.378000	254.812050
7.902889	25.379000	254.822090
7.902149	25.380000	254.832131
7.901410	25.381000	254.842172
7.900670	25.382000	254.852212
7.899930	25.383000	254.862253
7.899190	25.384000	254.872294
7.898450	25.385000	254.882334
7.897710	25.386000	254.892375
7.896970	25.387000	254.902416
7.896230	25.388000	254.912456
7.895490	25.389000	254.922497
7.894750	25.390000	254.932538
7.894010	25.391000	254.942578
7.893269	25.392000	254.952619
7.892529	25.393000	254.962660
7.891789	25.394000	254.972700
7.891048	25.395000	254.982741
7.890308	25.396000	254.992782
7.889567	25.397000	255.002822
7.888827	25.398000	255.012863
7.888086	25.399000	255.022904
7.887346	25.400000	255.032944
7.886605	25.401000	255.042985
7.885864	25.402000	255.053026
7.885123	25.403000	255.063066
7.884382	25.404000	255.073107
7.883641	25.405000	255.083148
7.882900	25.406000	255.093188
7.882159	25.407000	255.103229
7.881418	25.408000	255.113270
7.880677	25.409000	255.123310
7.879936	25.410000	255.133351
7.879195	25.411000	255.143392
7.878453	25.412000	255.153432
7.877712	25.413000	255.163473
7.876971	25.414000	255.173514
7.876229	25.415000	255.183554
7.875488	25.416000	255.193595
7.874746	25.417000	255.203636
7.874004	25.418000	255.213676
7.873263	25.419000	255.223717
7.872521	25.420000	255.233758
7.871779	25.421000	255.243798
7.871037	25.422000	255.253839
7.870296	25.423000	255.263880
7.869554	25.424000	255.273920
7.868812	25.425000	255.283961
7.868070	25.426000	255.294002
7.867328	25.427000	255.304042
7.866585	25.428000	255.314083
7.865843	25.429000	255.324124
7.865101	25.430000	255.334164
7.864359	25.431000	255.344205
7.863616	25.432000	255.354246
7.862874	25.433000	255.364286
7.862132	25.434000	255.374327
7.861389	25.435000	255.384368
7.860646	25.436000	255.394408
7.859904	25.437000	255.404449
7.859161	25.438000	255.414490
7.858419	25.439000	255.424530
7.857676	25.440000	255.434571
7.856933	25.441000	255.444612
7.856190	25.442000	255.454652
7.855447	25.443000	255.464693
7.854704	25.444000	255.474734
7.853961	25.445000	255.484774
7.853218	25.446000	255.494815
7.852475	25.447000	255.504856
7.851732	25.448000	255.514896
7.850988	25.449000	255.524937
7.850245	25.450000	255.534978
7.849502	25.451000	255.545018
7.848758	25.452000	255.555059
7.848015	25.453000	255.565100
7.847272	25.454000	255.575140
7.846528	25.455000	255.585181
7.845784	25.456000	255.595222
7.845041	25.457000	255.605262
7.844297	25.458000	255.615303
7.843553	25.459000	255.625344
7.842809	25.460000	255.635384
7.842066	25.461000	255.645425
7.841322	25.462000	255.655466
7.840578	25.463000	255.665506
7.839834	25.464000	255.675547
7.839090	25.465000	255.685588
7.838345	25.466000	255.695628
7.837601	25.467000	255.705669
7.836857	25.468000	255.715710
7.836113	25.469000	255.725750
7.835368	25.470000	255.735791
7.834624	25.471000	255.745832
7.833880	25.472000	255.755872
7.833135	25.473000	255.765913
7.832390	25.474000	255.775954
7.831646	25.475000	255.785994
7.830901	25.476000	255.796035
7.830156	25.477000	255.806076
7.829412	25.478000	255.816116
7.828667	25.479000	255.826157
7.827922	25.480000	255.836198
7.827177	25.481000	255.846238
7.826432	25.482000	255.856279
7.825687	25.483000	255.866320
7.824942	25.484000	255.876360
7.824197	25.485000	255.886401
7.823452	25.486000	255.896442
7.822706	25.487000	255.906482
7.821961	25.488000	255.916523
7.821216	25.489000	255.926564
7.820470	25.490000	255.936604
7.819725	25.491000	255.946645
7.818979	25.492000	255.956686
7.818234	25.493000	255.966726
7.817488	25.494000	255.976767
7.816743	25.495000	255.986808
7.815997	25.496000	255.996848
7.815251	25.497000	256.006889
7.814505	25.498000	256.016930
7.813759	25.499000	256.026970
7.813013	25.500000	256.037011
7.812267	25.501000	256.047052
7.811521	25.502000	256.057092
7.810775	25.503000	256.067133
7.810029	25.504000	256.077174
7.809283	25.505000	256.087214
7.808537	25.506000	256.097255
7.807790	25.507000	256.107296
7.807044	25.508000	256.117336
7.806298	25.509000	256.127377
7.805551	25.510000	256.137418
7.804805	25.511000	256.147458
7.804058	25.512000	256.157499
7.803312	25.513000	256.167540
7.802565	25.514000	256.177580
7.801818	25.515000	256.187621
7.801071	25.516000	256.197662
7.800324	25.517000	256.207702
7.799578	25.518000	256.217743
7.798831	25.519000	256.227784
7.798084	25.520000	256.237824
7.797337	25.521000	256.247865
7.796589	25.522000	256.257906
7.795842	25.523000	256.267946
7.795095	25.524000	256.277987
7.794348	25.525000	256.288028
7.793601	25.526000	256.298068
7.792853	25.527000	256.308109
7.792106	25.528000	256.318150
7.791358	25.529000	256.328190
7.790611	25.530000	256.338231
7.789863	25.531000	256.348272
7.789116	25.532000	256.358312
7.788368	25.533000	256.368353
7.787620	25.534000	256.378394
7.786872	25.535000	256.388434
7.786124	25.536000	256.398475
7.785377	25.537000	256.408516
7.784629	25.538000	256.418556
7.783881	25.539000	256.428597
7.783132	25.540000	256.438638
7.782384	25.541000	256.448678
7.781636	25.542000	256.458719
7.780888	25.543000	256.468760
7.780140	25.544000	256.478800
7.779391	25.545000	256.488841
7.778643	25.546000	256.498882
7.777894	25.547000	256.508922
7.777146	25.548000	256.518963
7.776397	25.549000	256.529004
7.775649	25.550000	256.539044
7.774900	25.551000	256.549085
7.774151	25.552000	256.559126
7.773403	25.553000	256.569166
7.772654	25.554000	256.579207
7.771905	25.555000	256.589248
7.771156	25.556000	256.599288
7.770407	25.557000	256.609329
7.769658	25.558000	256.619370
7.768909	25.559000	256.629410
7.768160	25.560000	256.639451
7.767411	25.561000	256.649492
7.766661	25.562000	256.659532
7.765912	25.563000	256.669573
7.765163	25.564000	256.679614
7.764413	25.565000	256.689654
7.763664	25.566000	256.699695
7.762914	25.567000	256.709736
7.762165	25.568000	256.719776
7.761415	25.569000	256.729817
7.760665	25.570000	256.739858
7.759916	25.571000	256.749898
7.759166	25.572000	256.759939
7.758416	25.573000	256.769980
7.757666	25.574000	256.780020
7.756916	25.575000	256.790061
7.756166	25.576000	256.800102
7.755416	25.577000	256.810142
7.754666	25.578000	256.820183
7.753916	25.579000	256.830224
7.753166	25.580000	256.840264
7.752415	25.581000	256.850305
7.751665	25.582000	256.860346
7.750915	25.583000	256.870386
7.750164	25.584000	256.880427
7.749414	25.585000	256.890468
7.748663	25.586000	256.900508
7.747913	25.587000	256.910549
7.747162	25.588000	256.920590
7.746411	25.589000	256.930630
7.745660	25.590000	256.940671
7.744910	25.591000	256.950712
7.744159	25.592000	256.960752
7.743408	25.593000	256.970793
7.742657	25.594000	256.980834
7.741906	25.595000	256.990874
7.741155	25.596000	257.000915
7.740404	25.597000	257.010956
7.739652	25.598000	257.020996
7.738901	25.599000	257.031037
7.738150	25.600000	257.041078
7.737398	25.601000	257.051118
7.736647	25.602000	257.061159
7.735896	25.603000	257.071200
7.735144	25.604000	257.081240
7.734392	25.605000	257.091281
7.733641	25.606000	257.101322
7.732889	25.607000	257.111362
7.732137	25.608000	257.121403
7.731386	25.609000	257.131444
7.730634	25.610000	257.141484
7.729882	25.611000	257.151525
7.729130	25.612000	257.161566
7.728378	25.613000	257.171606
7.727626	25.614000	257.181647
7.726874	25.615000	257.191688
7.726121	25.616000	257.201728
7.725369	25.617000	257.211769
7.724617	25.618000	257.221810
7.723865	25.619000	257.231850
7.723112	25.620000	257.241891
7.722360	25.621000	257.251932
7.721607	25.622000	257.261972
7.720855	25.623000	257.272013
7.720102	25.624000	257.282054
7.719349	25.625000	257.292094
7.718597	25.626000	257.302135
7.717844	25.627000	257.312176
7.717091	25.628000	257.322216
7.716338	25.629000	257.332257
7.715585	25.630000	257.342298
7.714832	25.631000	257.352338
7.714079	25.632000	257.362379
7.713326	25.633000	257.372420
7.712573	25.634000	257.382460
7.711820	25.635000	257.392501
7.711066	25.636000	257.402542
7.710313	25.637000	257.412582
7.709560	25.638000	257.422623
7.708806	25.639000	257.432664
7.708053	25.640000	257.442704
7.707299	25.641000	257.452745
7.706546	25.642000	257.462786
7.705792	25.643000	257.472826
7.705038	25.644000	257.482867
7.704284	25.645000	257.492908
7.703531	25.646000	257.502948
7.702777	25.647000	257.512989
7.702023	25.648000	257.523030
7.701269	25.649000	257.533070
7.700515	25.650000	257.543111
7.699761	25.651000	257.553152
7.699007	25.652000	257.563192
7.698252	25.653000	257.573233
7.697498	25.654000	257.583274
7.696744	25.655000	257.593314
7.695989	25.656000	257.603355
7.695235	25.657000	257.613396
7.694481	25.658000	257.623436
7.693726	25.659000	257.633477
7.692971	25.660000	257.643518
7.692217	25.661000	257.653558
7.691462	25.662000	257.663599
7.690707	25.663000	257.673640
7.689952	25.664000	257.683680
7.689198	25.665000	257.693721
7.688443	25.666000	257.703762
7.687688	25.667000	257.713802
7.686933	25.668000	257.723843
7.686178	25.669000	257.733884
7.685422	25.670000	257.743924
7.684667	25.671000	257.753965
7.683912	25.672000	257.764006
7.683157	25.673000	257.774046
7.682401	25.674000	257.784087
7.681646	25.675000	257.794128
7.680890	25.676000	257.804168
7.680135	25.677000	257.814209
7.679379	25.678000	257.824250
7.678624	25.679000	257.834290
7.677868	25.680000	257.844331
7.677112	25.681000	257.854372
7.676356	25.682000	257.864412
7.675601	25.683000	257.874453
7.674845	25.684000	257.884494
7.674089	25.685000	257.894534
7.673333	25.686000	257.904575
7.672577	25.687000	257.914616
7.671820	25.688000	257.924656
7.671064	25.689000	257.934697
7.670308	25.690000	257.944738
7.669552	25.691000	257.954778
7.668795	25.692000	257.964819
7.668039	25.693000	257.974860
7.667282	25.694000	257.984900
7.666526	25.695000	257.994941
7.665769	25.696000	258.004982
7.665013	25.697000	258.015022
7.664256	25.698000	258.025063
7.663499	25.699000	258.035104
7.662742	25.700000	258.045144
7.661986	25.701000	258.055185
7.661229	25.702000	258.065226
7.660472	25.703000	258.075266
7.659715	25.704000	258.085307
7.658958	25.705000	258.095348
7.658200	25.706000	258.105388
7.657443	25.707000	258.115429
7.656686	25.708000	258.125470
7.655929	25.709000	258.135510
7.655171	25.710000	258.145551
7.654414	25.711000	258.155592
7.653656	25.712000	258.165632
7.652899	25.713000	258.175673
7.652141	25.714000	258.185714
7.651384	25.715000	258.195754
7.650626	25.716000	258.205795
7.649868	25.717000	258.215836
7.649110	25.718000	258.225876
7.648352	25.719000	258.235917
7.647595	25.720000	258.245958
7.646837	25.721000	258.255998
7.646079	25.722000	258.266039
7.645320	25.723000	258.276080
7.644562	25.724000	258.286120
7.643804	25.725000	258.296161
7.643046	25.726000	258.306202
7.642288	25.727000	258.316242
7.641529	25.728000	258.326283
7.640771	25.729000	258.336324
7.640012	25.730000	258.346364
7.639254	25.731000	258.356405
7.638495	25.732000	258.366446
7.637736	25.733000	258.376486
7.636978	25.734000	258.386527
7.636219	25.735000	258.396568
7.635460	25.736000	258.406608
7.634701	25.737000	258.416649
7.633942	25.738000	258.426690
7.633183	25.739000	258.436730
7.632424	25.740000	258.446771
7.631665	25.741000	258.456812
7.630906	25.742000	258.466852
7.630147	25.743000	258.476893
7.629388	25.744000	258.486934
7.628628	25.745000	258.496974
7.627869	25.746000	258.507015
7.627109	25.747000	258.517056
7.626350	25.748000	258.527096
7.625590	25.749000	258.537137
7.624831	25.750000	258.547178
7.624071	25.751000	258.557218
7.623311	25.752000	258.567259
7.622552	25.753000	258.577300
7.621792	25.754000	258.587340
7.621032	25.755000	258.597381
7.620272	25.756000	258.607422
7.619512	25.757000	258.617462
7.618752	25.758000	258.627503
7.617992	25.759000	258.637544
7.617232	25.760000	258.647584
7.616471	25.761000	258.657625
7.615711	25.762000	258.667666
7.614951	25.763000	258.677706
7.614190	25.764000	258.687747
7.613430	25.765000	258.697788
7.612669	25.766000	258.707828
7.611909	25.767000	258.717869
7.611148	25.768000	258.727910
7.610388	25.769000	258.737950
7.609627	25.770000	258.747991
7.608866	25.771000	258.758032
7.608105	25.772000	258.768072
7.607344	25.773000	258.778113
7.606583	25.774000	258.788154
7.605822	25.775000	258.798194
7.605061	25.776000	258.808235
7.604300	25.777000	258.818276
7.603539	25.778000	258.828316
7.602778	25.779000	258.838357
7.602016	25.780000	258.848398
7.601255	25.781000	258.858438
7.600494	25.782000	258.868479
7.599732	25.783000	258.878520
7.598971	25.784000	258.888560
7.598209	25.785000	258.898601
7.597447	25.786000	258.908642
7.596686	25.787000	258.918682
7.595924	25.788000	258.928723
7.595162	25.789000	258.938764
7.594400	25.790000	258.948804
7.593638	25.791000	258.958845
7.592876	25.792000	258.968886
7.592114	25.793000	258.978926
7.591352	25.794000	258.988967
7.590590	25.795000	258.999008
7.589828	25.796000	259.009048
7.589066	25.797000	259.019089
7.588303	25.798000	259.029130
7.587541	25.799000	259.039170
7.586779	25.800000	259.049211
7.586016	25.801000	259.059252
7.585253	25.802000	259.069292
7.584491	25.803000	259.079333
7.583728	25.804000	259.089374
7.582966	25.805000	259.099414
7.582203	25.806000	259.109455
7.581440	25.807000	259.119496
7.580677	25.808000	259.129536
7.579914	25.809000	259.139577
7.579151	25.810000	259.149618
7.578388	25.811000	259.159658
7.577625	25.812000	259.169699
7.576862	25.813000	259.179740
7.576098	25.814000	259.189780
7.575335	25.815000	259.199821
7.574572	25.816000	259.209862
7.573808	25.817000	259.219902
7.573045	25.818000	259.229943
7.572281	25.819000	259.239984
7.571518	25.820000	259.250024
7.570754	25.821000	259.260065
7.569991	25.822000	259.270106
7.569227	25.823000	259.280146
7.568463	25.824000	259.290187
7.567699	25.825000	259.300228
7.566935	25.826000	259.310268
7.566171	25.827000	259.320309
7.565407	25.828000	259.330350
7.564643	25.829000	259.340390
7.563879	25.830000	259.350431
7.563115	25.831000	259.360472
7.562350	25.832000	259.370512
7.561586	25.833000	259.380553
7.560822	25.834000	259.390594
7.560057	25.835000	259.400634
7.559293	25.836000	259.410675
7.558528	25.837000	259.420716
7.557764	25.838000	259.430756
7.556999	25.839000	259.440797
7.556234	25.840000	259.450838
7.555469	25.841000	259.460878
7.554705	25.842000	259.470919
7.553940	25.843000	259.480960
7.553175	25.844000	259.491000
7.552410	25.845000	259.501041
7.551645	25.846000	259.511082
7.550880	25.847000	259.521122
7.550114	25.848000	259.531163
7.549349	25.849000	259.541204
7.548584	25.850000	259.551244
7.547819	25.851000	259.561285
7.547053	25.852000	259.571326
7.546288	25.853000	259.581366
7.545522	25.854000	259.591407
7.544757	25.855000	259.601448
7.543991	25.856000	259.611488
7.543225	25.857000	259.621529
7.542459	25.858000	259.631570
7.541694	25.859000	259.641610
7.540928	25.860000	259.651651
7.540162	25.861000	259.661692
7.539396	25.862000	259.671732
7.538630	25.863000	259.681773
7.537864	25.864000	259.691814
7.537097	25.865000	259.701854
7.536331	25.866000	259.711895
7.535565	25.867000	259.721936
7.534799	25.868000	259.731976
7.534032	25.869000	259.742017
7.533266	25.870000	259.752058
7.532499	25.871000	259.762098
7.531733	25.872000	259.772139
7.530966	25.873000	259.782180
7.530199	25.874000	259.792220
7.529433	25.875000	259.802261
7.528666	25.876000	259.812302
7.527899	25.877000	259.822342
7.527132	25.878000	259.832383
7.526365	25.879000	259.842424
7.525598	25.880000	259.852464
7.524831	25.881000	259.862505
7.524064	25.882000	259.872546
7.523297	25.883000	259.882586
7.522529	25.884000	259.892627
7.521762	25.885000	259.902668
7.520995	25.886000	259.912708
7.520227	25.887000	259.922749
7.519460	25.888000	259.932790
7.518692	25.889000	259.942830
7.517924	25.890000	259.952871
7.517157	25.891000	259.962912
7.516389	25.892000	259.972952
7.515621	25.893000	259.982993
7.514853	25.894000	259.993034
7.514086	25.895000	260.003074
7.513318	25.896000	260.013115
7.512550	25.897000	260.023156
7.511781	25.898000	260.033196
7.511013	25.899000	260.043237
7.510245	25.900000	260.053278
7.509477	25.901000	260.063318
7.508709	25.902000	260.073359
7.507940	25.903000	260.083400
7.507172	25.904000	260.093440
7.506403	25.905000	260.103481
7.505635	25.906000	260.113522
7.504866	25.907000	260.123562
7.504097	25.908000	260.133603
7.503329	25.909000	260.143644
7.502560	25.910000	260.153684
7.501791	25.911000	260.163725
7.501022	25.912000	260.173766
7.500253	25.913000	260.183806
7.499484	25.914000	260.193847
7.498715	25.915000	260.203888
7.497946	25.916000	260.213928
7.497177	25.917000	260.223969
7.496408	25.918000	260.234010
7.495638	25.919000	260.244050
7.494869	25.920000	260.254091
7.494099	25.921000	260.264132
7.493330	25.922000	260.274172
7.492560	25.923000	260.284213
7.491791	25.924000	260.294254
7.491021	25.925000	260.304294
7.490251	25.926000	260.314335
7.489482	25.927000	260.324376
7.488712	25.928000	260.334416
7.487942	25.929000	260.344457
7.487172	25.930000	260.354498
7.486402	25.931000	260.364538
7.485632	25.932000	260.374579
7.484862	25.933000	260.384620
7.484092	25.934000	260.394660
7.483321	25.935000	260.404701
7.482551	25.936000	260.414742
7.481781	25.937000	260.424782
7.481010	25.938000	260.434823
7.480240	25.939000	260.444864
7.479469	25.940000	260.454904
7.478699	25.941000	260.464945
7.477928	25.942000	260.474986
7.477157	25.943000	260.485026
7.476386	25.944000	260.495067
7.475616	25.945000	260.505108
7.474845	25.946000	260.515148
7.474074	25.947000	260.525189
7.473303	25.948000	260.535230
7.472532	25.949000	260.545270
7.471761	25.950000	260.555311
7.470989	25.951000	260.565352
7.470218	25.952000	260.575392
7.469447	25.953000	260.585433
7.468675	25.954000	260.595474
7.467904	25.955000	260.605514
7.467133	25.956000	260.615555
7.466361	25.957000	260.625596
7.465589	25.958000	260.635636
7.464818	25.959000	260.645677
7.464046	25.960000	260.655718
7.463274	25.961000	260.665758
7.462502	25.962000	260.675799
7.461730	25.963000	260.685840
7.460959	25.964000	260.695880
7.460187	25.965000	260.705921
7.459414	25.966000	260.715962
7.458642	25.967000	260.726002
7.457870	25.968000	260.736043
7.457098	25.969000	260.746084
7.456326	25.970000	260.756124
7.455553	25.971000	260.766165
7.454781	25.972000	260.776206
7.454008	25.973000	260.786246
7.453236	25.974000	260.796287
7.452463	25.975000	260.806328
7.451690	25.976000	260.816368
7.450918	25.977000	260.826409
7.450145	25.978000	260.836450
7.449372	25.979000	260.846490
7.448599	25.980000	260.856531
7.447826	25.981000	260.866572
7.447053	25.982000	260.876612
7.446280	25.983000	260.886653
7.445507	25.984000	260.896694
7.444734	25.985000	260.906734
7.443960	25.986000	260.916775
7.443187	25.987000	260.926816
7.442414	25.988000	260.936856
7.441640	25.989000	260.946897
7.440867	25.990000	260.956938
7.440093	25.991000	260.966978
7.439320	25.992000	260.977019
7.438546	25.993000	260.987060
7.437772	25.994000	260.997100
7.436998	25.995000	261.007141
7.436224	25.996000	261.017182
7.435451	25.997000	261.027222
7.434677	25.998000	261.037263
7.433903	25.999000	261.047304
7.433128	26.000000	261.057344
7.432354	26.001000	261.067385
7.431580	26.002000	261.077426
7.430806	26.003000	261.087466
7.430031	26.004000	261.097507
7.429257	26.005000	261.107548
7.428483	26.006000	261.117588
7.427708	26.007000	261.127629
7.426933	26.008000	261.137670
7.426159	26.009000	261.147710
7.425384	26.010000	261.157751
7.424609	26.011000	261.167792
7.423835	26.012000	261.177832
7.423060	26.013000	261.187873
7.422285	26.014000	261.197914
7.421510	26.015000	261.207954
7.420735	26.016000	261.217995
7.419960	26.017000	261.228036
7.419184	26.018000	261.238076
7.418409	26.019000	261.248117
7.417634	26.020000	261.258158
7.416859	26.021000	261.268198
7.416083	26.022000	261.278239
7.415308	26.023000	261.288280
7.414532	26.024000	261.298320
7.413756	26.025000	261.308361
7.412981	26.026000	261.318402
7.412205	26.027000	261.328442
7.411429	26.028000	261.338483
7.410653	26.029000	261.348524
7.409878	26.030000	261.358564
7.409102	26.031000	261.368605
7.408326	26.032000	261.378646
7.407550	26.033000	261.388686
7.406773	26.034000	261.398727
7.405997	26.035000	261.408768
7.405221	26.036000	261.418808
7.404445	26.037000	261.428849
7.403668	26.038000	261.438890
7.402892	26.039000	261.448930
7.402115	26.040000	261.458971
7.401339	26.041000	261.469012
7.400562	26.042000	261.479052
7.399785	26.043000	261.489093
7.399009	26.044000	261.499134
7.398232	26.045000	261.509174
7.397455	26.046000	261.519215
7.396678	26.047000	261.529256
7.395901	26.048000	261.539296
7.395124	26.049000	261.549337
7.394347	26.050000	261.559378
7.393570	26.051000	261.569418
7.392793	26.052000	261.579459
7.392015	26.053000	261.589500
7.391238	26.054000	261.599540
7.390461	26.055000	261.609581
7.389683	26.056000	261.619622
7.388906	26.057000	261.629662
7.388128	26.058000	261.639703
7.387350	26.059000	261.649744
7.386573	26.060000	261.659784
7.385795	26.061000	261.669825
7.385017	26.062000	261.679866
7.384239	26.063000	261.689906
7.383461	26.064000	261.699947
7.382683	26.065000	261.709988
7.381905	26.066000	261.720028
7.381127	26.067000	261.730069
7.380349	26.068000	261.740110
7.379570	26.069000	261.750150
7.378792	26.070000	261.760191
7.378014	26.071000	261.770232
7.377235	26.072000	261.780272
7.376457	26.073000	261.790313
7.375678	26.074000	261.800354
7.374900	26.075000	261.810394
7.374121	26.076000	261.820435
7.373342	26.077000	261.830476
7.372563	26.078000	261.840516
7.371785	26.079000	261.850557
7.371006	26.080000	261.860598
7.370227	26.081000	261.870638
7.369448	26.082000	261.880679
7.368668	26.083000	261.890720
7.367889	26.084000	261.900760
7.367110	26.085000	261.910801
7.366331	26.086000	261.920842
7.365551	26.087000	261.930882
7.364772	26.088000	261.940923
7.363992	26.089000	261.950964
7.363213	26.090000	261.961004
7.362433	26.091000	261.971045
7.361654	26.092000	261.981086
7.360874	26.093000	261.991126
7.360094	26.094000	262.001167
7.359314	26.095000	262.011208
7.358534	26.096000	262.021248
7.357754	26.097000	262.031289
7.356974	26.098000	262.041330
7.356194	26.099000	262.051370
7.355414	26.100000	262.061411
7.354634	26.101000	262.071452
7.353854	26.102000	262.081492
7.353073	26.103000	262.091533
7.352293	26.104000	262.101574
7.351513	26.105000	262.111614
7.350732	26.106000	262.121655
7.349951	26.107000	262.131696
7.349171	26.108000	262.141736
7.348390	26.109000	262.151777
7.347609	26.110000	262.161818
7.346829	26.111000	262.171859
7.346048	26.112000	262.181899
7.345267	26.113000	262.191940
7.344486	26.114000	262.201981
7.343705	26.115000	262.212021
7.342924	26.116000	262.222062
7.342142	26.117000	262.232103
7.341361	26.118000	262.242143
7.340580	26.119000	262.252184
7.339798	26.120000	262.262225
7.339017	26.121000	262.272265
7.338235	26.122000	262.282306
7.337454	26.123000	262.292347
7.336672	26.124000	262.302387
7.335891	26.125000	262.312428
7.335109	26.126000	262.322469
7.334327	26.127000	262.332509
7.333545	26.128000	262.342550
7.332763	26.129000	262.352591
7.331981	26.130000	262.362631
7.331199	26.131000	262.372672
7.330417	26.132000	262.382713
7.329635	26.133000	262.392753
7.328853	26.134000	262.402794
7.328070	26.135000	262.412835
7.327288	26.136000	262.422875
7.326506	26.137000	262.432916
7.325723	26.138000	262.442957
7.324941	26.139000	262.452997
7.324158	26.140000	262.463038
7.323375	26.141000	262.473079
7.322593	26.142000	262.483119
7.321810	26.143000	262.493160
7.321027	26.144000	262.503201
7.320244	26.145000	262.513241
7.319461	26.146000	262.523282
7.318678	26.147000	262.533323
7.317895	26.148000	262.543363
7.317112	26.149000	262.553404
7.316328	26.150000	262.563445
7.315545	26.151000	262.573485
7.314762	26.152000	262.583526
7.313978	26.153000	262.593567
7.313195	26.154000	262.603607
7.312411	26.155000	262.613648
7.311628	26.156000	262.623689
7.310844	26.157000	262.633729
7.310060	26.158000	262.643770
7.309277	26.159000	262.653811
7.308493	26.160000	262.663851
7.307709	26.161000	262.673892
7.306925	26.162000	262.683933
7.306141	26.163000	262.693973
7.305357	26.164000	262.704014
7.304573	26.165000	262.714055
7.303788	26.166000	262.724095
7.303004	26.167000	262.734136
7.302220	26.168000	262.744177
7.301435	26.169000	262.754217
7.300651	26.170000	262.764258
7.299866	26.171000	262.774299
7.299082	26.172000	262.784339
7.298297	26.173000	262.794380
7.297512	26.174000	262.804421
7.296727	26.175000	262.814461
7.295943	26.176000	262.824502
7.295158	26.177000	262.834543
7.294373	26.178000	262.844583
7.293588	26.179000	262.854624
7.292803	26.180000	262.864665
7.292017	26.181000	262.874705
7.291232	26.182000	262.884746
7.290447	26.183000	262.894787
7.289662	26.184000	262.904827
7.288876	26.185000	262.914868
7.288091	26.186000	262.924909
7.287305	26.187000	262.934949
7.286520	26.188000	262.944990
7.285734	26.189000	262.955031
7.284948	26.190000	262.965071
7.284162	26.191000	262.975112
7.283377	26.192000	262.985153
7.282591	26.193000	262.995193
7.281805	26.194000	263.005234
7.281019	26.195000	263.015275
7.280233	26.196000	263.025315
7.279446	26.197000	263.035356
7.278660	26.198000	263.045397
7.277874	26.199000	263.055437
7.277088	26.200000	263.065478
7.276301	26.201000	263.075519
7.275515	26.202000	263.085559
7.274728	26.203000	263.095600
7.273942	26.204000	263.105641
7.273155	26.205000	263.115681
7.272368	26.206000	263.125722
7.271581	26.207000	263.135763
7.270795	26.208000	263.145803
7.270008	26.209000	263.155844
7.269221	26.210000	263.165885
7.268434	26.211000	263.175925
7.267646	26.212000	263.185966
7.266859	26.213000	263.196007
7.266072	26.214000	263.206047
7.265285	26.215000	263.216088
7.264497	26.216000	263.226129
7.263710	26.217000	263.236169
7.262923	26.218000	263.246210
7.262135	26.219000	263.256251
7.261347	26.220000	263.266291
7.260560	26.221000	263.276332
7.259772	26.222000	263.286373
7.258984	26.223000	263.296413
7.258196	26.224000	263.306454
7.257408	26.225000	263.316495
7.256620	26.226000	263.326535
7.255832	26.227000	263.336576
7.255044	26.228000	263.346617
7.254256	26.229000	263.356657
7.253468	26.230000	263.366698
7.252680	26.231000	263.376739
7.251891	26.232000	263.386779
7.251103	26.233000	263.396820
7.250314	26.234000	263.406861
7.249526	26.235000	263.416901
7.248737	26.236000	263.426942
7.247948	26.237000	263.436983
7.247160	26.238000	263.447023
7.246371	26.239000	263.457064
7.245582	26.240000	263.467105
7.244793	26.241000	263.477145
7.244004	26.242000	263.487186
7.243215	26.243000	263.497227
7.242426	26.244000	263.507267
7.241637	26.245000	263.517308
7.240847	26.246000	263.527349
7.240058	26.247000	263.537389
7.239269	26.248000	263.547430
7.238479	26.249000	263.557471
7.237690	26.250000	263.567511
7.236900	26.251000	263.577552
7.236111	26.252000	263.587593
7.235321	26.253000	263.597633
7.234531	26.254000	263.607674
7.233741	26.255000	263.617715
7.232951	26.256000	263.627755
7.232161	26.257000	263.637796
7.231371	26.258000	263.647837
7.230581	26.259000	263.657877
7.229791	26.260000	263.667918
7.229001	26.261000	263.677959
7.228211	26.262000	263.687999
7.227420	26.263000	263.698040
7.226630	26.264000	263.708081
7.225839	26.265000	263.718121
7.225049	26.266000	263.728162
7.224258	26.267000	263.738203
7.223468	26.268000	263.748243
7.222677	26.269000	263.758284
7.221886	26.270000	263.768325
7.221095	26.271000	263.778365
7.220304	26.272000	263.788406
7.219513	26.273000	263.798447
7.218722	26.274000	263.808487
7.217931	26.275000	263.818528
7.217140	26.276000	263.828569
7.216349	26.277000	263.838609
7.215558	26.278000	263.848650
7.214766	26.279000	263.858691
7.213975	26.280000	263.868731
7.213183	26.281000	263.878772
7.212392	26.282000	263.888813
7.211600	26.283000	263.898853
7.210809	26.284000	263.908894
7.210017	26.285000	263.918935
7.209225	26.286000	263.928975
7.208433	26.287000	263.939016
7.207641	26.288000	263.949057
7.206849	26.289000	263.959097
7.206057	26.290000	263.969138
7.205265	26.291000	263.979179
7.204473	26.292000	263.989219
7.203681	26.293000	263.999260
7.202888	26.294000	264.009301
7.202096	26.295000	264.019341
7.201303	26.296000	264.029382
7.200511	26.297000	264.039423
7.199718	26.298000	264.049463
7.198926	26.299000	264.059504
7.198133	26.300000	264.069545
7.197340	26.301000	264.079585
7.196547	26.302000	264.089626
7.195754	26.303000	264.099667
7.194961	26.304000	264.109707
7.194168	26.305000	264.119748
7.193375	26.306000	264.129789
7.192582	26.307000	264.139829
7.191789	26.308000	264.149870
7.190996	26.309000	264.159911
7.190202	26.310000	264.169951
7.189409	26.311000	264.179992
7.188615	26.312000	264.190033
7.187822	26.313000	264.200073
7.187028	26.314000	264.210114
7.186235	26.315000	264.220155
7.185441	26.316000	264.230195
7.184647	26.317000	264.240236
7.183853	26.318000	264.250277
7.183059	26.319000	264.260317
7.182265	26.320000	264.270358
7.181471	26.321000	264.280399
7.180677	26.322000	264.290439
7.179883	26.323000	264.300480
7.179089	26.324000	264.310521
7.178294	26.325000	264.320561
7.177500	26.326000	264.330602
7.176705	26.327000	264.340643
7.175911	26.328000	264.350683
7.175116	26.329000	264.360724
7.174322	26.330000	264.370765
7.173527	26.331000	264.380805
7.172732	26.332000	264.390846
7.171937	26.333000	264.400887
7.171142	26.334000	264.410927
7.170347	26.335000	264.420968
7.169552	26.336000	264.431009
7.168757	26.337000	264.441049
7.167962	26.338000	264.451090
7.167167	26.339000	264.461131
7.166372	26.340000	264.471171
7.165576	26.341000	264.481212
7.164781	26.342000	264.491253
7.163985	26.343000	264.501293
7.163190	26.344000	264.511334
7.162394	26.345000	264.521375
7.161598	26.346000	264.531415
7.160803	26.347000	264.541456
7.160007	26.348000	264.551497
7.159211	26.349000	264.561537
7.158415	26.350000	264.571578
7.157619	26.351000	264.581619
7.156823	26.352000	264.591659
7.156027	26.353000	264.601700
7.155231	26.354000	264.611741
7.154434	26.355000	264.621781
7.153638	26.356000	264.631822
7.152842	26.357000	264.641863
7.152045	26.358000	264.651903
7.151249	26.359000	264.661944
7.150452	26.360000	264.671985
7.149655	26.361000	264.682025
7.148859	26.362000	264.692066
7.148062	26.363000	264.702107
7.147265	26.364000	264.712147
7.146468	26.365000	264.722188
7.145671	26.366000	264.732229
7.144874	26.367000	264.742269
7.144077	26.368000	264.752310
7.143280	26.369000	264.762351
7.142482	26.370000	264.772391
7.141685	26.371000	264.782432
7.140888	26.372000	264.792473
7.140090	26.373000	264.802513
7.139293	26.374000	264.812554
7.138495	26.375000	264.822595
7.137697	26.376000	264.832635
7.136900	26.377000	264.842676
7.136102	26.378000	264.852717
7.135304	26.379000	264.862757
7.134506	26.380000	264.872798
7.133708	26.381000	264.882839
7.132910	26.382000	264.892879
7.132112	26.383000	264.902920
7.131314	26.384000	264.912961
7.130516	26.385000	264.923001
7.129717	26.386000	264.933042
7.128919	26.387000	264.943083
7.128121	26.388000	264.953123
7.127322	26.389000	264.963164
7.126523	26.390000	264.973205
7.125725	26.391000	264.983245
7.124926	26.392000	264.993286
7.124127	26.393000	265.003327
7.123329	26.394000	265.013367
7.122530	26.395000	265.023408
7.121731	26.396000	265.033449
7.120932	26.397000	265.043489
7.120133	26.398000	265.053530
7.119333	26.399000	265.063571
7.118534	26.400000	265.073611
7.117735	26.401000	265.083652
7.116935	26.402000	265.093693
7.116136	26.403000	265.103733
7.115337	26.404000	265.113774
7.114537	26.405000	265.123815
7.113737	26.406000	265.133855
7.112938	26.407000	265.143896
7.112138	26.408000	265.153937
7.111338	26.409000	265.163977
7.110538	26.410000	265.174018
7.109738	26.411000	265.184059
7.108938	26.412000	265.194099
7.108138	26.413000	265.204140
7.107338	26.414000	265.214181
7.106538	26.415000	265.224221
7.105737	26.416000	265.234262
7.104937	26.417000	265.244303
7.104137	26.418000	265.254343
7.103336	26.419000	265.264384
7.102536	26.420000	265.274425
7.101735	26.421000	265.284465
7.100934	26.422000	265.294506
7.100133	26.423000	265.304547
7.099333	26.424000	265.314587
7.098532	26.425000	265.324628
7.097731	26.426000	265.334669
7.096930	26.427000	265.344709
7.096129	26.428000	265.354750
7.095328	26.429000	265.364791
7.094526	26.430000	265.374831
7.093725	26.431000	265.384872
7.092924	26.432000	265.394913
7.092122	26.433000	265.404953
7.091321	26.434000	265.414994
7.090519	26.435000	265.425035
7.089718	26.436000	265.435075
7.088916	26.437000	265.445116
7.088114	26.438000	265.455157
7.087312	26.439000	265.465197
7.086510	26.440000	265.475238
7.085708	26.441000	265.485279
7.084906	26.442000	265.495319
7.084104	26.443000	265.505360
7.083302	26.444000	265.515401
7.082500	26.445000	265.525441
7.081698	26.446000	265.535482
7.080895	26.447000	265.545523
7.080093	26.448000	265.555563
7.079290	26.449000	265.565604
7.078488	26.450000	265.575645
7.077685	26.451000	265.585685
7.076883	26.452000	265.595726
7.076080	26.453000	265.605767
7.075277	26.454000	265.615807
7.074474	26.455000	265.625848
7.073671	26.456000	265.635889
7.072868	26.457000	265.645929
7.072065	26.458000	265.655970
7.071262	26.459000	265.666011
7.070459	26.460000	265.676051
7.069655	26.461000	265.686092
7.068852	26.462000	265.696133
7.068048	26.463000	265.706173
7.067245	26.464000	265.716214
7.066441	26.465000	265.726255
7.065638	26.466000	265.736295
7.064834	26.467000	265.746336
7.064030	26.468000	265.756377
7.063227	26.469000	265.766417
7.062423	26.470000	265.776458
7.061619	26.471000	265.786499
7.060815	26.472000	265.796539
7.060010	26.473000	265.806580
7.059206	26.474000	265.816621
7.058402	26.475000	265.826661
7.057598	26.476000	265.836702
7.056793	26.477000	265.846743
7.055989	26.478000	265.856783
7.055184	26.479000	265.866824
7.054380	26.480000	265.876865
7.053575	26.481000	265.886905
7.052771	26.482000	265.896946
7.051966	26.483000	265.906987
7.051161	26.484000	265.917027
7.050356	26.485000	265.927068
7.049551	26.486000	265.937109
7.048746	26.487000	265.947149
7.047941	26.488000	265.957190
7.047136	26.489000	265.967231
7.046330	26.490000	265.977271
7.045525	26.491000	265.987312
7.044720	26.492000	265.997353
7.043914	26.493000	266.007393
7.043109	26.494000	266.017434
7.042303	26.495000	266.027475
7.041497	26.496000	266.037515
7.040692	26.497000	266.047556
7.039886	26.498000	266.057597
7.039080	26.499000	266.067637
7.038274	26.500000	266.077678
7.037468	26.501000	266.087719
7.036662	26.502000	266.097759
7.035856	26.503000	266.107800
7.035050	26.504000	266.117841
7.034243	26.505000	266.127881
7.033437	26.506000	266.137922
7.032631	26.507000	266.147963
7.031824	26.508000	266.158003
7.031018	26.509000	266.168044
7.030211	26.510000	266.178085
7.029404	26.511000	266.188125
7.028598	26.512000	266.198166
7.027791	26.513000	266.208207
7.026984	26.514000	266.218247
7.026177	26.515000	266.228288
7.025370	26.516000	266.238329
7.024563	26.517000	266.248369
7.023756	26.518000	266.258410
7.022949	26.519000	266.268451
7.022141	26.520000	266.278491
7.021334	26.521000	266.288532
7.020526	26.522000	266.298573
7.019719	26.523000	266.308613
7.018911	26.524000	266.318654
7.018104	26.525000	266.328695
7.017296	26.526000	266.338735
7.016488	26.527000	266.348776
7.015680	26.528000	266.358817
7.014873	26.529000	266.368857
7.014065	26.530000	266.378898
7.013257	26.531000	266.388939
7.012448	26.532000	266.398979
7.011640	26.533000	266.409020
7.010832	26.534000	266.419061
7.010024	26.535000	266.429101
7.009215	26.536000	266.439142
7.008407	26.537000	266.449183
7.007598	26.538000	266.459223
7.006790	26.539000	266.469264
7.005981	26.540000	266.479305
7.005172	26.541000	266.489345
7.004364	26.542000	266.499386
7.003555	26.543000	266.509427
7.002746	26.544000	266.519467
7.001937	26.545000	266.529508
7.001128	26.546000	266.539549
7.000319	26.547000	266.549589
6.999509	26.548000	266.559630
6.998700	26.549000	266.569671
6.997891	26.550000	266.579711
6.997081	26.551000	266.589752
6.996272	26.552000	266.599793
6.995462	26.553000	266.609833
6.994653	26.554000	266.619874
6.993843	26.555000	266.629915
6.993033	26.556000	266.639955
6.992223	26.557000	266.649996
6.991413	26.558000	266.660037
6.990604	26.559000	266.670077
6.989793	26.560000	266.680118
6.988983	26.561000	266.690159
6.988173	26.562000	266.700199
6.987363	26.563000	266.710240
6.986553	26.564000	266.720281
6.985742	26.565000	266.730321
6.984932	26.566000	266.740362
6.984121	26.567000	266.750403
6.983311	26.568000	266.760443
6.982500	26.569000	266.770484
6.981689	26.570000	266.780525
6.980879	26.571000	266.790565
6.980068	26.572000	266.800606
6.979257	26.573000	266.810647
6.978446	26.574000	266.820687
6.977635	26.575000	266.830728
6.976824	26.576000	266.840769
6.976012	26.577000	266.850809
6.975201	26.578000	266.860850
6.974390	26.579000	266.870891
6.973578	26.580000	266.880931
6.972767	26.581000	266.890972
6.971955	26.582000	266.901013
6.971144	26.583000	266.911053
6.970332	26.584000	266.921094
6.969520	26.585000	266.931135
6.968708	26.586000	266.941175
6.967896	26.587000	266.951216
6.967084	26.588000	266.961257
6.966272	26.589000	266.971297
6.965460	26.590000	266.981338
6.964648	26.591000	266.991379
6.963836	26.592000	267.001419
6.963024	26.593000	267.011460
6.962211	26.594000	267.021501
6.961399	26.595000	267.031541
6.960586	26.596000	267.041582
6.959774	26.597000	267.051623
6.958961	26.598000	267.061663
6.958148	26.599000	267.071704
6.957335	26.600000	267.081745
6.956522	26.601000	267.091785
6.955709	26.602000	267.101826
6.954896	26.603000	267.111867
6.954083	26.604000	267.121907
6.953270	26.605000	267.131948
6.952457	26.606000	267.141989
6.951644	26.607000	267.152029
6.950830	26.608000	267.162070
6.950017	26.609000	267.172111
6.949203	26.610000	267.182151
6.948390	26.611000	267.192192
6.947576	26.612000	267.202233
6.946762	26.613000	267.212273
6.945949	26.614000	267.222314
6.945135	26.615000	267.232355
6.944321	26.616000	267.242395
6.943507	26.617000	267.252436
6.942693	26.618000	267.262477
6.941879	26.619000	267.272517
6.941064	26.620000	267.282558
6.940250	26.621000	267.292599
6.939436	26.622000	267.302639
6.938621	26.623000	267.312680
6.937807	26.624000	267.322721
6.936992	26.625000	267.332761
6.936178	26.626000	267.342802
6.935363	26.627000	267.352843
6.934548	26.628000	267.362883
6.933733	26.629000	267.372924
6.932919	26.630000	267.382965
6.932104	26.631000	267.393005
6.931289	26.632000	267.403046
6.930473	26.633000	267.413087
6.929658	26.634000	267.423127
6.928843	26.635000	267.433168
6.928028	26.636000	267.443209
6.927212	26.637000	267.453249
6.926397	26.638000	267.463290
6.925581	26.639000	267.473331
6.924766	26.640000	267.483371
6.923950	26.641000	267.493412
6.923134	26.642000	267.503453
6.922318	26.643000	267.513493
6.921502	26.644000	267.523534
6.920686	26.645000	267.533575
6.919870	26.646000	267.543615
6.919054	26.647000	267.553656
6.918238	26.648000	267.563697
6.917422	26.649000	267.573737
6.916606	26.650000	267.583778
6.915789	26.651000	267.593819
6.914973	26.652000	267.603859
6.914156	26.653000	267.613900
6.913340	26.654000	267.623941
6.912523	26.655000	267.633981
6.911706	26.656000	267.644022
6.910889	26.657000	267.654063
6.910072	26.658000	267.664103
6.909256	26.659000	267.674144
6.908438	26.660000	267.684185
6.907621	26.661000	267.694225
6.906804	26.662000	267.704266
6.905987	26.663000	267.714307
6.905170	26.664000	267.724347
6.904352	26.665000	267.734388
6.903535	26.666000	267.744429
6.902717	26.667000	267.754469
6.901900	26.668000	267.764510
6.901082	26.669000	267.774551
6.900264	26.670000	267.784591
6.899446	26.671000	267.794632
6.898629	26.672000	267.804673
6.897811	26.673000	267.814713
6.896993	26.674000	267.824754
6.896175	26.675000	267.834795
6.895356	26.676000	267.844835
6.894538	26.677000	267.854876
6.893720	26.678000	267.864917
6.892901	26.679000	267.874957
6.892083	26.680000	267.884998
6.891264	26.681000	267.895039
6.890446	26.682000	267.905079
6.889627	26.683000	267.915120
6.888809	26.684000	267.925161
6.887990	26.685000	267.935201
6.887171	26.686000	267.945242
6.886352	26.687000	267.955283
6.885533	26.688000	267.965323
6.884714	26.689000	267.975364
6.883895	26.690000	267.985405
6.883075	26.691000	267.995445
6.882256	26.692000	268.005486
6.881437	26.693000	268.015527
6.880617	26.694000	268.025567
6.879798	26.695000	268.035608
6.878978	26.696000	268.045649
6.878158	26.697000	268.055689
6.877339	26.698000	268.065730
6.876519	26.699000	268.075771
6.875699	26.700000	268.085811
6.874879	26.701000	268.095852
6.874059	26.702000	268.105893
6.873239	26.703000	268.115933
6.872419	26.704000	268.125974
6.871599	26.705000	268.136015
6.870778	26.706000	268.146055
6.869958	26.707000	268.156096
6.869137	26.708000	268.166137
6.868317	26.709000	268.176177
6.867496	26.710000	268.186218
6.866676	26.711000	268.196259
6.865855	26.712000	268.206299
6.865034	26.713000	268.216340
6.864213	26.714000	268.226381
6.863392	26.715000	268.236421
6.862571	26.716000	268.246462
6.861750	26.717000	268.256503
6.860929	26.718000	268.266543
6.860108	26.719000	268.276584
6.859286	26.720000	268.286625
6.858465	26.721000	268.296665
6.857644	26.722000	268.306706
6.856822	26.723000	268.316747
6.856000	26.724000	268.326787
6.855179	26.725000	268.336828
6.854357	26.726000	268.346869
6.853535	26.727000	268.356909
6.852713	26.728000	268.366950
6.851891	26.729000	268.376991
6.851069	26.730000	268.387031
6.850247	26.731000	268.397072
6.849425	26.732000	268.407113
6.848603	26.733000	268.417153
6.847780	26.734000	268.427194
6.846958	26.735000	268.437235
6.846136	26.736000	268.447275
6.845313	26.737000	268.457316
6.844490	26.738000	268.467357
6.843668	26.739000	268.477397
6.842845	26.740000	268.487438
6.842022	26.741000	268.497479
6.841199	26.742000	268.507519
6.840376	26.743000	268.517560
6.839553	26.744000	268.527601
6.838730	26.745000	268.537641
6.837907	26.746000	268.547682
6.837084	26.747000	268.557723
6.836260	26.748000	268.567763
6.835437	26.749000	268.577804
6.834613	26.750000	268.587845
6.833790	26.751000	268.597885
6.832966	26.752000	268.607926
6.832142	26.753000	268.617967
6.831319	26.754000	268.628007
6.830495	26.755000	268.638048
6.829671	26.756000	268.648089
6.828847	26.757000	268.658129
6.828023	26.758000	268.668170
6.827199	26.759000	268.678211
6.826374	26.760000	268.688251
6.825550	26.761000	268.698292
6.824726	26.762000	268.708333
6.823901	26.763000	268.718373
6.823077	26.764000	268.728414
6.822252	26.765000	268.738455
6.821428	26.766000	268.748495
6.820603	26.767000	268.758536
6.819778	26.768000	268.768577
6.818953	26.769000	268.778617
6.818128	26.770000	268.788658
6.817303	26.771000	268.798699
6.816478	26.772000	268.808739
6.815653	26.773000	268.818780
6.814828	26.774000	268.828821
6.814002	26.775000	268.838861
6.813177	26.776000	268.848902
6.812352	26.777000	268.858943
6.811526	26.778000	268.868983
6.810701	26.779000	268.879024
6.809875	26.780000	268.889065
6.809049	26.781000	268.899105
6.808223	26.782000	268.909146
6.807397	26.783000	268.919187
6.806571	26.784000	268.929227
6.805745	26.785000	268.939268
6.804919	26.786000	268.949309
6.804093	26.787000	268.959349
6.803267	26.788000	268.969390
6.802440	26.789000	268.979431
6.801614	26.790000	268.989471
6.800788	26.791000	268.999512
6.799961	26.792000	269.009553
6.799134	26.793000	269.019593
6.798308	26.794000	269.029634
6.797481	26.795000	269.039675
6.796654	26.796000	269.049715
6.795827	26.797000	269.059756
6.795000	26.798000	269.069797
6.794173	26.799000	269.079837
6.793346	26.800000	269.089878
6.792519	26.801000	269.099919
6.791691	26.802000	269.109959
6.790864	26.803000	269.120000
6.790037	26.804000	269.130041
6.789209	26.805000	269.140081
6.788381	26.806000	269.150122
6.787554	26.807000	269.160163
6.786726	26.808000	269.170203
6.785898	26.809000	269.180244
6.785070	26.810000	269.190285
6.784242	26.811000	269.200325
6.783414	26.812000	269.210366
6.782586	26.813000	269.220407
6.781758	26.814000	269.230447
6.780930	26.815000	269.240488
6.780102	26.816000	269.250529
6.779273	26.817000	269.260569
6.778445	26.818000	269.270610
6.777616	26.819000	269.280651
6.776787	26.820000	269.290691
6.775959	26.821000	269.300732
6.775130	26.822000	269.310773
6.774301	26.823000	269.320813
6.773472	26.824000	269.330854
6.772643	26.825000	269.340895
6.771814	26.826000	269.350935
6.770985	26.827000	269.360976
6.770156	26.828000	269.371017
6.769326	26.829000	269.381057
6.768497	26.830000	269.391098
6.767668	26.831000	269.401139
6.766838	26.832000	269.411179
6.766009	26.833000	269.421220
6.765179	26.834000	269.431261
6.764349	26.835000	269.441301
6.763519	26.836000	269.451342
6.762689	26.837000	269.461383
6.761859	26.838000	269.471423
6.761029	26.839000	269.481464
6.760199	26.840000	269.491505
6.759369	26.841000	269.501545
6.758539	26.842000	269.511586
6.757709	26.843000	269.521627
6.756878	26.844000	269.531667
6.756048	26.845000	269.541708
6.755217	26.846000	269.551749
6.754386	26.847000	269.561789
6.753556	26.848000	269.571830
6.752725	26.849000	269.581871
6.751894	26.850000	269.591911
6.751063	26.851000	269.601952
6.750232	26.852000	269.611993
6.749401	26.853000	269.622033
6.748570	26.854000	269.632074
6.747739	26.855000	269.642115
6.746907	26.856000	269.652155
6.746076	26.857000	269.662196
6.745245	26.858000	269.672237
6.744413	26.859000	269.682277
6.743581	26.860000	269.692318
6.742750	26.861000	269.702359
6.741918	26.862000	269.712399
6.741086	26.863000	269.722440
6.740254	26.864000	269.732481
6.739422	26.865000	269.742521
6.738590	26.866000	269.752562
6.737758	26.867000	269.762603
6.736926	26.868000	269.772643
6.736094	26.869000	269.782684
6.735261	26.870000	269.792725
6.734429	26.871000	269.802765
6.733596	26.872000	269.812806
6.732764	26.873000	269.822847
6.731931	26.874000	269.832887
6.731098	26.875000	269.842928
6.730266	26.876000	269.852969
6.729433	26.877000	269.863009
6.728600	26.878000	269.873050
6.727767	26.879000	269.883091
6.726934	26.880000	269.893131
6.726100	26.881000	269.903172
6.725267	26.882000	269.913213
6.724434	26.883000	269.923253
6.723600	26.884000	269.933294
6.722767	26.885000	269.943335
6.721933	26.886000	269.953375
6.721100	26.887000	269.963416
6.720266	26.888000	269.973457
6.719432	26.889000	269.983498
6.718598	26.890000	269.993538
6.717764	26.891000	270.003579
6.716930	26.892000	270.013620
6.716096	26.893000	270.023660
6.715262	26.894000	270.033701
6.714428	26.895000	270.043742
6.713593	26.896000	270.053782
6.712759	26.897000	270.063823
6.711925	26.898000	270.073864
6.711090	26.899000	270.083904
6.710255	26.900000	270.093945
6.709421	26.901000	270.103986
6.708586	26.902000	270.114026
6.707751	26.903000	270.124067
6.706916	26.904000	270.134108
6.706081	26.905000	270.144148
6.705246	26.906000	270.154189
6.704411	26.907000	270.164230
6.703576	26.908000	270.174270
6.702740	26.909000	270.184311
6.701905	26.910000	270.194352
6.701070	26.911000	270.204392
6.700234	26.912000	270.214433
6.699398	26.913000	270.224474
6.698563	26.914000	270.234514
6.697727	26.915000	270.244555
6.696891	26.916000	270.254596
6.696055	26.917000	270.264636
6.695219	26.918000	270.274677
6.694383	26.919000	270.284718
6.693547	26.920000	270.294758
6.692711	26.921000	270.304799
6.691874	26.922000	270.314840
6.691038	26.923000	270.324880
6.690202	26.924000	270.334921
6.689365	26.925000	270.344962
6.688529	26.926000	270.355002
6.687692	26.927000	270.365043
6.686855	26.928000	270.375084
6.686018	26.929000	270.385124
6.685181	26.930000	270.395165
6.684344	26.931000	270.405206
6.683507	26.932000	270.415246
6.682670	26.933000	270.425287
6.681833	26.934000	270.435328
6.680996	26.935000	270.445368
6.680158	26.936000	270.455409
6.679321	26.937000	270.465450
6.678483	26.938000	270.475490
6.677646	26.939000	270.485531
6.676808	26.940000	270.495572
6.675970	26.941000	270.505612
6.675132	26.942000	270.515653
6.674295	26.943000	270.525694
6.673457	26.944000	270.535734
6.672618	26.945000	270.545775
6.671780	26.946000	270.555816
6.670942	26.947000	270.565856
6.670104	26.948000	270.575897
6.669265	26.949000	270.585938
6.668427	26.950000	270.595978
6.667589	26.951000	270.606019
6.666750	26.952000	270.616060
6.665911	26.953000	270.626100
6.665073	26.954000	270.636141
6.664234	26.955000	270.646182
6.663395	26.956000	270.656222
6.662556	26.957000	270.666263
6.661717	26.958000	270.676304
6.660878	26.959000	270.686344
6.660038	26.960000	270.696385
6.659199	26.961000	270.706426
6.658360	26.962000	270.716466
6.657520	26.963000	270.726507
6.656681	26.964000	270.736548
6.655841	26.965000	270.746588
6.655001	26.966000	270.756629
6.654162	26.967000	270.766670
6.653322	26.968000	270.776710
6.652482	26.969000	270.786751
6.651642	26.970000	270.796792
6.650802	26.971000	270.806832
6.649962	26.972000	270.816873
6.649122	26.973000	270.826914
6.648281	26.974000	270.836954
6.647441	26.975000	270.846995
6.646600	26.976000	270.857036
6.645760	26.977000	270.867076
6.644919	26.978000	270.877117
6.644079	26.979000	270.887158
6.643238	26.980000	270.897198
6.642397	26.981000	270.907239
6.641556	26.982000	270.917280
6.640715	26.983000	270.927320
6.639874	26.984000	270.937361
6.639033	26.985000	270.947402
6.638192	26.986000	270.957442
6.637350	26.987000	270.967483
6.636509	26.988000	270.977524
6.635667	26.989000	270.987564
6.634826	26.990000	270.997605
6.633984	26.991000	271.007646
6.633143	26.992000	271.017686
6.632301	26.993000	271.027727
6.631459	26.994000	271.037768
6.630617	26.995000	271.047808
6.629775	26.996000	271.057849
6.628933	26.997000	271.067890
6.628091	26.998000	271.077930
6.627249	26.999000	271.087971
6.626406	27.000000	271.098012
6.625564	27.001000	271.108052
6.624721	27.002000	271.118093
6.623879	27.003000	271.128134
6.623036	27.004000	271.138174
6.622193	27.005000	271.148215
6.621351	27.006000	271.158256
6.620508	27.007000	271.168296
6.619665	27.008000	271.178337
6.618822	27.009000	271.188378
6.617979	27.010000	271.198418
6.617136	27.011000	271.208459
6.616292	27.012000	271.218500
6.615449	27.013000	271.228540
6.614606	27.014000	271.238581
6.613762	27.015000	271.248622
6.612918	27.016000	271.258662
6.612075	27.017000	271.268703
6.611231	27.018000	271.278744
6.610387	27.019000	271.288784
6.609543	27.020000	271.298825
6.608699	27.021000	271.308866
6.607855	27.022000	271.318906
6.607011	27.023000	271.328947
6.606167	27.024000	271.338988
6.605323	27.025000	271.349028
6.604478	27.026000	271.359069
6.603634	27.027000	271.369110
6.602789	27.028000	271.379150
6.601945	27.029000	271.389191
6.601100	27.030000	271.399232
6.600255	27.031000	271.409272
6.599411	27.032000	271.419313
6.598566	27.033000	271.429354
6.597721	27.034000	271.439394
6.596876	27.035000	271.449435
6.596030	27.036000	271.459476
6.595185	27.037000	271.469516
6.594340	27.038000	271.479557
6.593495	27.039000	271.489598
6.592649	27.040000	271.499638
6.591804	27.041000	271.509679
6.590958	27.042000	271.519720
6.590112	27.043000	271.529760
6.589266	27.044000	271.539801
6.588421	27.045000	271.549842
6.587575	27.046000	271.559882
6.586729	27.047000	271.569923
6.585883	27.048000	271.579964
6.585036	27.049000	271.590004
6.584190	27.050000	271.600045
6.583344	27.051000	271.610086
6.582497	27.052000	271.620126
6.581651	27.053000	271.630167
6.580804	27.054000	271.640208
6.579958	27.055000	271.650248
6.579111	27.056000	271.660289
6.578264	27.057000	271.670330
6.577417	27.058000	271.680370
6.576570	27.059000	271.690411
6.575723	27.060000	271.700452
6.574876	27.061000	271.710492
6.574029	27.062000	271.720533
6.573182	27.063000	271.730574
6.572334	27.064000	271.740614
6.571487	27.065000	271.750655
6.570639	27.066000	271.760696
6.569792	27.067000	271.770736
6.568944	27.068000	271.780777
6.568096	27.069000	271.790818
6.567248	27.070000	271.800858
6.566400	27.071000	271.810899
6.565552	27.072000	271.820940
6.564704	27.073000	271.830980
6.563856	27.074000	271.841021
6.563008	27.075000	271.851062
6.562160	27.076000	271.861102
6.561311	27.077000	271.871143
6.560463	27.078000	271.881184
6.559614	27.079000	271.891224
6.558766	27.080000	271.901265
6.557917	27.081000	271.911306
6.557068	27.082000	271.921346
6.556219	27.083000	271.931387
6.555370	27.084000	271.941428
6.554521	27.085000	271.951468
6.553672	27.086000	271.961509
6.552823	27.087000	271.971550
6.551973	27.088000	271.981590
6.551124	27.089000	271.991631
6.550275	27.090000	272.001672
6.549425	27.091000	272.011712
6.548576	27.092000	272.021753
6.547726	27.093000	272.031794
6.546876	27.094000	272.041834
6.546026	27.095000	272.051875
6.545176	27.096000	272.061916
6.544326	27.097000	272.071956
6.543476	27.098000	272.081997
6.542626	27.099000	272.092038
6.541776	27.100000	272.102078
6.540925	27.101000	272.112119
6.540075	27.102000	272.122160
6.539225	27.103000	272.132200
6.538374	27.104000	272.142241
6.537523	27.105000	272.152282
6.536673	27.106000	272.162322
6.535822	27.107000	272.172363
6.534971	27.108000	272.182404
6.534120	27.109000	272.192444
6.533269	27.110000	272.202485
6.532418	27.111000	272.212526
6.531567	27.112000	272.222566
6.530715	27.113000	272.232607
6.529864	27.114000	272.242648
6.529012	27.115000	272.252688
6.528161	27.116000	272.262729
6.527309	27.117000	272.272770
6.526458	27.118000	272.282810
6.525606	27.119000	272.292851
6.524754	27.120000	272.302892
6.523902	27.121000	272.312932
6.523050	27.122000	272.322973
6.522198	27.123000	272.333014
6.521346	27.124000	272.343054
6.520493	27.125000	272.353095
6.519641	27.126000	272.363136
6.518789	27.127000	272.373176
6.517936	27.128000	272.383217
6.517083	27.129000	272.393258
6.516231	27.130000	272.403298
6.515378	27.131000	272.413339
6.514525	27.132000	272.423380
6.513672	27.133000	272.433420
6.512819	27.134000	272.443461
6.511966	27.135000	272.453502
6.511113	27.136000	272.463542
6.510260	27.137000	272.473583
6.509406	27.138000	272.483624
6.508553	27.139000	272.493664
6.507700	27.140000	272.503705
6.506846	27.141000	272.513746
6.505992	27.142000	272.523786
6.505139	27.143000	272.533827
6.504285	27.144000	272.543868
6.503431	27.145000	272.553908
6.502577	27.146000	272.563949
6.501723	27.147000	272.573990
6.500869	27.148000	272.584030
6.500015	27.149000	272.594071
6.499160	27.150000	272.604112
6.498306	27.151000	272.614152
6.497451	27.152000	272.624193
6.496597	27.153000	272.634234
6.495742	27.154000	272.644274
6.494888	27.155000	272.654315
6.494033	27.156000	272.664356
6.493178	27.157000	272.674396
6.492323	27.158000	272.684437
6.491468	27.159000	272.694478
6.490613	27.160000	272.704518
6.489758	27.161000	272.714559
6.488902	27.162000	272.724600
6.488047	27.163000	272.734640
6.487191	27.164000	272.744681
6.486336	27.165000	272.754722
6.485480	27.166000	272.764762
6.484625	27.167000	272.774803
6.483769	27.168000	272.784844
6.482913	27.169000	272.794884
6.482057	27.170000	272.804925
6.481201	27.171000	272.814966
6.480345	27.172000	272.825006
6.479489	27.173000	272.835047
6.478632	27.174000	272.845088
6.477776	27.175000	272.855128
6.476920	27.176000	272.865169
6.476063	27.177000	272.875210
6.475207	27.178000	272.885250
6.474350	27.179000	272.895291
6.473493	27.180000	272.905332
6.472636	27.181000	272.915372
6.471779	27.182000	272.925413
6.470922	27.183000	272.935454
6.470065	27.184000	272.945494
6.469208	27.185000	272.955535
6.468351	27.186000	272.965576
6.467493	27.187000	272.975616
6.466636	27.188000	272.985657
6.465778	27.189000	272.995698
6.464921	27.190000	273.005738
6.464063	27.191000	273.015779
6.463205	27.192000	273.025820
6.462348	27.193000	273.035860
6.461490	27.194000	273.045901
6.460632	27.195000	273.055942
6.459774	27.196000	273.065982
6.458915	27.197000	273.076023
6.458057	27.198000	273.086064
6.457199	27.199000	273.096104
6.456340	27.200000	273.106145
6.455482	27.201000	273.116186
6.454623	27.202000	273.126226
6.453765	27.203000	273.136267
6.452906	27.204000	273.146308
6.452047	27.205000	273.156348
6.451188	27.206000	273.166389
6.450329	27.207000	273.176430
6.449470	27.208000	273.186470
6.448611	27.209000	273.196511
6.447752	27.210000	273.206552
6.446892	27.211000	273.216592
6.446033	27.212000	273.226633
6.445173	27.213000	273.236674
6.444314	27.214000	273.246714
6.443454	27.215000	273.256755
6.442594	27.216000	273.266796
6.441735	27.217000	273.276836
6.440875	27.218000	273.286877
6.440015	27.219000	273.296918
6.439155	27.220000	273.306958
6.438294	27.221000	273.316999
6.437434	27.222000	273.327040
6.436574	27.223000	273.337080
6.435713	27.224000	273.347121
6.434853	27.225000	273.357162
6.433992	27.226000	273.367202
6.433132	27.227000	273.377243
6.432271	27.228000	273.387284
6.431410	27.229000	273.397324
6.430549	27.230000	273.407365
6.429688	27.231000	273.417406
6.428827	27.232000	273.427446
6.427966	27.233000	273.437487
6.427105	27.234000	273.447528
6.426243	27.235000	273.457568
6.425382	27.236000	273.467609
6.424520	27.237000	273.477650
6.423659	27.238000	273.487690
6.422797	27.239000	273.497731
6.421935	27.240000	273.507772
6.421073	27.241000	273.517812
6.420212	27.242000	273.527853
6.419350	27.243000	273.537894
6.418487	27.244000	273.547934
6.417625	27.245000	273.557975
6.416763	27.246000	273.568016
6.415901	27.247000	273.578056
6.415038	27.248000	273.588097
6.414176	27.249000	273.598138
6.413313	27.250000	273.608178
6.412450	27.251000	273.618219
6.411588	27.252000	273.628260
6.410725	27.253000	273.638300
6.409862	27.254000	273.648341
6.408999	27.255000	273.658382
6.408136	27.256000	273.668422
6.407273	27.257000	273.678463
6.406409	27.258000	273.688504
6.405546	27.259000	273.698544
6.404682	27.260000	273.708585
6.403819	27.261000	273.718626
6.402955	27.262000	273.728666
6.402092	27.263000	273.738707
6.401228	27.264000	273.748748
6.400364	27.265000	273.758788
6.399500	27.266000	273.768829
6.398636	27.267000	273.778870
6.397772	27.268000	273.788910
6.396908	27.269000	273.798951
6.396043	27.270000	273.808992
6.395179	27.271000	273.819032
6.394315	27.272000	273.829073
6.393450	27.273000	273.839114
6.392585	27.274000	273.849154
6.391721	27.275000	273.859195
6.390856	27.276000	273.869236
6.389991	27.277000	273.879276
6.389126	27.278000	273.889317
6.388261	27.279000	273.899358
6.387396	27.280000	273.909398
6.386531	27.281000	273.919439
6.385665	27.282000	273.929480
6.384800	27.283000	273.939520
6.383934	27.284000	273.949561
6.383069	27.285000	273.959602
6.382203	27.286000	273.969642
6.381337	27.287000	273.979683
6.380472	27.288000	273.989724
6.379606	27.289000	273.999764
6.378740	27.290000	274.009805
6.377874	27.291000	274.019846
6.377008	27.292000	274.029886
6.376141	27.293000	274.039927
6.375275	27.294000	274.049968
6.374409	27.295000	274.060008
6.373542	27.296000	274.070049
6.372675	27.297000	274.080090
6.371809	27.298000	274.090130
6.370942	27.299000	274.100171
6.370075	27.300000	274.110212
6.369208	27.301000	274.120252
6.368341	27.302000	274.130293
6.367474	27.303000	274.140334
6.366607	27.304000	274.150374
6.365740	27.305000	274.160415
6.364872	27.306000	274.170456
6.364005	27.307000	274.180496
6.363137	27.308000	274.190537
6.362270	27.309000	274.200578
6.361402	27.310000	274.210618
6.360534	27.311000	274.220659
6.359666	27.312000	274.230700
6.358798	27.313000	274.240740
6.357930	27.314000	274.250781
6.357062	27.315000	274.260822
6.356194	27.316000	274.270862
6.355326	27.317000	274.280903
6.354457	27.318000	274.290944
6.353589	27.319000	274.300984
6.352720	27.320000	274.311025
6.351852	27.321000	274.321066
6.350983	27.322000	274.331106
6.350114	27.323000	274.341147
6.349245	27.324000	274.351188
6.348376	27.325000	274.361228
6.347507	27.326000	274.371269
6.346638	27.327000	274.381310
6.345769	27.328000	274.391350
6.344899	27.329000	274.401391
6.344030	27.330000	274.411432
6.343160	27.331000	274.421472
6.342291	27.332000	274.431513
6.341421	27.333000	274.441554
6.340551	27.334000	274.451594
6.339681	27.335000	274.461635
6.338811	27.336000	274.471676
6.337941	27.337000	274.481716
6.337071	27.338000	274.491757
6.336201	27.339000	274.501798
6.335331	27.340000	274.511838
6.334460	27.341000	274.521879
6.333590	27.342000	274.531920
6.332719	27.343000	274.541960
6.331849	27.344000	274.552001
6.330978	27.345000	274.562042
6.330107	27.346000	274.572082
6.329236	27.347000	274.582123
6.328365	27.348000	274.592164
6.327494	27.349000	274.602204
6.326623	27.350000	274.612245
6.325752	27.351000	274.622286
6.324881	27.352000	274.632326
6.324009	27.353000	274.642367
6.323138	27.354000	274.652408
6.322266	27.355000	274.662448
6.321394	27.356000	274.672489
6.320523	27.357000	274.682530
6.319651	27.358000	274.692570
6.318779	27.359000	274.702611
6.317907	27.360000	274.712652
6.317035	27.361000	274.722692
6.316162	27.362000	274.732733
6.315290	27.363000	274.742774
6.314418	27.364000	274.752814
6.313545	27.365000	274.762855
6.312673	27.366000	274.772896
6.311800	27.367000	274.782936
6.310927	27.368000	274.792977
6.310054	27.369000	274.803018
6.309182	27.370000	274.813058
6.308309	27.371000	274.823099
6.307436	27.372000	274.833140
6.306562	27.373000	274.843180
6.305689	27.374000	274.853221
6.304816	27.375000	274.863262
6.303942	27.376000	274.873302
6.303069	27.377000	274.883343
6.302195	27.378000	274.893384
6.301322	27.379000	274.903424
6.300448	27.380000	274.913465
6.299574	27.381000	274.923506
6.298700	27.382000	274.933546
6.297826	27.383000	274.943587
6.296952	27.384000	274.953628
6.296077	27.385000	274.963668
6.295203	27.386000	274.973709
6.294329	27.387000	274.983750
6.293454	27.388000	274.993790
6.292580	27.389000	275.003831
6.291705	27.390000	275.013872
6.290830	27.391000	275.023912
6.289955	27.392000	275.033953
6.289081	27.393000	275.043994
6.288206	27.394000	275.054034
6.287330	27.395000	275.064075
6.286455	27.396000	275.074116
6.285580	27.397000	275.084156
6.284705	27.398000	275.094197
6.283829	27.399000	275.104238
6.282954	27.400000	275.114278
6.282078	27.401000	275.124319
6.281202	27.402000	275.134360
6.280326	27.403000	275.144400
6.279451	27.404000	275.154441
6.278575	27.405000	275.164482
6.277698	27.406000	275.174522
6.276822	27.407000	275.184563
6.275946	27.408000	275.194604
6.275070	27.409000	275.204644
6.274193	27.410000	275.214685
6.273317	27.411000	275.224726
6.272440	27.412000	275.234766
6.271563	27.413000	275.244807
6.270687	27.414000	275.254848
6.269810	27.415000	275.264888
6.268933	27.416000	275.274929
6.268056	27.417000	275.284970
6.267179	27.418000	275.295010
6.266301	27.419000	275.305051
6.265424	27.420000	275.315092
6.264547	27.421000	275.325132
6.263669	27.422000	275.335173
6.262792	27.423000	275.345214
6.261914	27.424000	275.355254
6.261036	27.425000	275.365295
6.260158	27.426000	275.375336
6.259280	27.427000	275.385376
6.258402	27.428000	275.395417
6.257524	27.429000	275.405458
6.256646	27.430000	275.415498
6.255768	27.431000	275.425539
6.254889	27.432000	275.435580
6.254011	27.433000	275.445620
6.253132	27.434000	275.455661
6.252254	27.435000	275.465702
6.251375	27.436000	275.475742
6.250496	27.437000	275.485783
6.249617	27.438000	275.495824
6.248738	27.439000	275.505864
6.247859	27.440000	275.515905
6.246980	27.441000	275.525946
6.246101	27.442000	275.535986
6.245221	27.443000	275.546027
6.244342	27.444000	275.556068
6.243462	27.445000	275.566108
6.242583	27.446000	275.576149
6.241703	27.447000	275.586190
6.240823	27.448000	275.596230
6.239943	27.449000	275.606271
6.239063	27.450000	275.616312
6.238183	27.451000	275.626352
6.237303	27.452000	275.636393
6.236423	27.453000	275.646434
6.235542	27.454000	275.656474
6.234662	27.455000	275.666515
6.233781	27.456000	275.676556
6.232901	27.457000	275.686596
6.232020	27.458000	275.696637
6.231139	27.459000	275.706678
6.230258	27.460000	275.716718
6.229377	27.461000	275.726759
6.228496	27.462000	275.736800
6.227615	27.463000	275.746840
6.226734	27.464000	275.756881
6.225852	27.465000	275.766922
6.224971	27.466000	275.776962
6.224089	27.467000	275.787003
6.223208	27.468000	275.797044
6.222326	27.469000	275.807084
6.221444	27.470000	275.817125
6.220562	27.471000	275.827166
6.219680	27.472000	275.837206
6.218798	27.473000	275.847247
6.217916	27.474000	275.857288
6.217034	27.475000	275.867328
6.216152	27.476000	275.877369
6.215269	27.477000	275.887410
6.214387	27.478000	275.897450
6.213504	27.479000	275.907491
6.212621	27.480000	275.917532
6.211738	27.481000	275.927572
6.210856	27.482000	275.937613
6.209973	27.483000	275.947654
6.209090	27.484000	275.957694
6.208206	27.485000	275.967735
6.207323	27.486000	275.977776
6.206440	27.487000	275.987816
6.205556	27.488000	275.997857
6.204673	27.489000	276.007898
6.203789	27.490000	276.017938
6.202906	27.491000	276.027979
6.202022	27.492000	276.038020
6.201138	27.493000	276.048060
6.200254	27.494000	276.058101
6.199370	27.495000	276.068142
6.198486	27.496000	276.078182
6.197601	27.497000	276.088223
6.196717	27.498000	276.098264
6.195833	27.499000	276.108304
6.194948	27.500000	276.118345
6.194063	27.501000	276.128386
6.193179	27.502000	276.138426
6.192294	27.503000	276.148467
6.191409	27.504000	276.158508
6.190524	27.505000	276.168548
6.189639	27.506000	276.178589
6.188754	27.507000	276.188630
6.187869	27.508000	276.198670
6.186983	27.509000	276.208711
6.186098	27.510000	276.218752
6.185212	27.511000	276.228792
6.184327	27.512000	276.238833
6.183441	27.513000	276.248874
6.182555	27.514000	276.258914
6.181669	27.515000	276.268955
6.180783	27.516000	276.278996
6.179897	27.517000	276.289036
6.179011	27.518000	276.299077
6.178125	27.519000	276.309118
6.177238	27.520000	276.319158
6.176352	27.521000	276.329199
6.175465	27.522000	276.339240
6.174579	27.523000	276.349280
6.173692	27.524000	276.359321
6.172805	27.525000	276.369362
6.171918	27.526000	276.379402
6.171031	27.527000	276.389443
6.170144	27.528000	276.399484
6.169257	27.529000	276.409524
6.168370	27.530000	276.419565
6.167482	27.531000	276.429606
6.166595	27.532000	276.439646
6.165707	27.533000	276.449687
6.164820	27.534000	276.459728
6.163932	27.535000	276.469768
6.163044	27.536000	276.479809
6.162156	27.537000	276.489850
6.161268	27.538000	276.499890
6.160380	27.539000	276.509931
6.159492	27.540000	276.519972
6.158603	27.541000	276.530012
6.157715	27.542000	276.540053
6.156827	27.543000	276.550094
6.155938	27.544000	276.560134
6.155049	27.545000	276.570175
6.154161	27.546000	276.580216
6.153272	27.547000	276.590256
6.152383	27.548000	276.600297
6.151494	27.549000	276.610338
6.150605	27.550000	276.620378
6.149715	27.551000	276.630419
6.148826	27.552000	276.640460
6.147937	27.553000	276.650500
6.147047	27.554000	276.660541
6.146158	27.555000	276.670582
6.145268	27.556000	276.680622
6.144378	27.557000	276.690663
6.143488	27.558000	276.700704
6.142598	27.559000	276.710744
6.141708	27.560000	276.720785
6.140818	27.561000	276.730826
6.139928	27.562000	276.740866
6.139037	27.563000	276.750907
6.138147	27.564000	276.760948
6.137257	27.565000	276.770988
6.136366	27.566000	276.781029
6.135475	27.567000	276.791070
6.134584	27.568000	276.801110
6.133693	27.569000	276.811151
6.132802	27.570000	276.821192
6.131911	27.571000	276.831232
6.131020	27.572000	276.841273
6.130129	27.573000	276.851314
6.129238	27.574000	276.861354
6.128346	27.575000	276.871395
6.127455	27.576000	276.881436
6.126563	27.577000	276.891476
6.125671	27.578000	276.901517
6.124779	27.579000	276.911558
6.123887	27.580000	276.921598
6.122995	27.581000	276.931639
6.122103	27.582000	276.941680
6.121211	27.583000	276.951720
6.120319	27.584000	276.961761
6.119426	27.585000	276.971802
6.118534	27.586000	276.981842
6.117641	27.587000	276.991883
6.116749	27.588000	277.001924
6.115856	27.589000	277.011964
6.114963	27.590000	277.022005
6.114070	27.591000	277.032046
6.113177	27.592000	277.042086
6.112284	27.593000	277.052127
6.111391	27.594000	277.062168
6.110497	27.595000	277.072208
6.109604	27.596000	277.082249
6.108710	27.597000	277.092290
6.107817	27.598000	277.102330
6.106923	27.599000	277.112371
6.106029	27.600000	277.122412
6.105135	27.601000	277.132452
6.104241	27.602000	277.142493
6.103347	27.603000	277.152534
6.102453	27.604000	277.162574
6.101559	27.605000	277.172615
6.100664	27.606000	277.182656
6.099770	27.607000	277.192696
6.098875	27.608000	277.202737
6.097980	27.609000	277.212778
6.097086	27.610000	277.222818
6.096191	27.611000	277.232859
6.095296	27.612000	277.242900
6.094401	27.613000	277.252940
6.093506	27.614000	277.262981
6.092611	27.615000	277.273022
6.091715	27.616000	277.283062
6.090820	27.617000	277.293103
6.089924	27.618000	277.303144
6.089029	27.619000	277.313184
6.088133	27.620000	277.323225
6.087237	27.621000	277.333266
6.086341	27.622000	277.343306
6.085445	27.623000	277.353347
6.084549	27.624000	277.363388
6.083653	27.625000	277.373428
6.082757	27.626000	277.383469
6.081860	27.627000	277.393510
6.080964	27.628000	277.403550
6.080067	27.629000	277.413591
6.079171	27.630000	277.423632
6.078274	27.631000	277.433672
6.077377	27.632000	277.443713
6.076480	27.633000	277.453754
6.075583	27.634000	277.463794
6.074686	27.635000	277.473835
6.073789	27.636000	277.483876
6.072891	27.637000	277.493916
6.071994	27.638000	277.503957
6.071096	27.639000	277.513998
6.070199	27.640000	277.524038
6.069301	27.641000	277.534079
6.068403	27.642000	277.544120
6.067505	27.643000	277.554160
6.066607	27.644000	277.564201
6.065709	27.645000	277.574242
6.064811	27.646000	277.584282
6.063913	27.647000	277.594323
6.063014	27.648000	277.604364
6.062116	27.649000	277.614404
6.061217	27.650000	277.624445
6.060319	27.651000	277.634486
6.059420	27.652000	277.644526
6.058521	27.653000	277.654567
6.057622	27.654000	277.664608
6.056723	27.655000	277.674648
6.055824	27.656000	277.684689
6.054925	27.657000	277.694730
6.054025	27.658000	277.704770
6.053126	27.659000	277.714811
6.052226	27.660000	277.724852
6.051327	27.661000	277.734892
6.050427	27.662000	277.744933
6.049527	27.663000	277.754974
6.048627	27.664000	277.765014
6.047727	27.665000	277.775055
6.046827	27.666000	277.785096
6.045927	27.667000	277.795136
6.045027	27.668000	277.805177
6.044126	27.669000	277.815218
6.043226	27.670000	277.825259
6.042325	27.671000	277.835299
6.041424	27.672000	277.845340
6.040524	27.673000	277.855381
6.039623	27.674000	277.865421
6.038722	27.675000	277.875462
6.037821	27.676000	277.885503
6.036919	27.677000	277.895543
6.036018	27.678000	277.905584
6.035117	27.679000	277.915625
6.034215	27.680000	277.925665
6.033314	27.681000	277.935706
6.032412	27.682000	277.945747
6.031510	27.683000	277.955787
6.030608	27.684000	277.965828
6.029707	27.685000	277.975869
6.028804	27.686000	277.985909
6.027902	27.687000	277.995950
6.027000	27.688000	278.005991
6.026098	27.689000	278.016031
6.025195	27.690000	278.026072
6.024293	27.691000	278.036113
6.023390	27.692000	278.046153
6.022487	27.693000	278.056194
6.021585	27.694000	278.066235
6.020682	27.695000	278.076275
6.019779	27.696000	278.086316
6.018875	27.697000	278.096357
6.017972	27.698000	278.106397
6.017069	27.699000	278.116438
6.016165	27.700000	278.126479
6.015262	27.701000	278.136519
6.014358	27.702000	278.146560
6.013455	27.703000	278.156601
6.012551	27.704000	278.166641
6.011647	27.705000	278.176682
6.010743	27.706000	278.186723
6.009839	27.707000	278.196763
6.008935	27.708000	278.206804
6.008030	27.709000	278.216845
6.007126	27.710000	278.226885
6.006221	27.711000	278.236926
6.005317	27.712000	278.246967
6.004412	27.713000	278.257007
6.003507	27.714000	278.267048
6.002602	27.715000	278.277089
6.001697	27.716000	278.287129
6.000792	27.717000	278.297170
5.999887	27.718000	278.307211
5.998982	27.719000	278.317251
5.998077	27.720000	278.327292
5.997171	27.721000	278.337333
5.996266	27.722000	278.347373
5.995360	27.723000	278.357414
5.994454	27.724000	278.367455
5.993548	27.725000	278.377495
5.992642	27.726000	278.387536
5.991736	27.727000	278.397577
5.990830	27.728000	278.407617
5.989924	27.729000	278.417658
5.989017	27.730000	278.427699
5.988111	27.731000	278.437739
5.987204	27.732000	278.447780
5.986298	27.733000	278.457821
5.985391	27.734000	278.467861
5.984484	27.735000	278.477902
5.983577	27.736000	278.487943
5.982670	27.737000	278.497983
5.981763	27.738000	278.508024
5.980856	27.739000	278.518065
5.979948	27.740000	278.528105
5.979041	27.741000	278.538146
5.978133	27.742000	278.548187
5.977226	27.743000	278.558227
5.976318	27.744000	278.568268
5.975410	27.745000	278.578309
5.974502	27.746000	278.588349
5.973594	27.747000	278.598390
5.972686	27.748000	278.608431
5.971778	27.749000	278.618471
5.970869	27.750000	278.628512
5.969961	27.751000	278.638553
5.969052	27.752000	278.648593
5.968144	27.753000	278.658634
5.967235	27.754000	278.668675
5.966326	27.755000	278.678715
5.965417	27.756000	278.688756
5.964508	27.757000	278.698797
5.963599	27.758000	278.708837
5.962690	27.759000	278.718878
5.961780	27.760000	278.728919
5.960871	27.761000	278.738959
5.959961	27.762000	278.749000
5.959052	27.763000	278.759041
5.958142	27.764000	278.769081
5.957232	27.765000	278.779122
5.956322	27.766000	278.789163
5.955412	27.767000	278.799203
5.954502	27.768000	278.809244
5.953592	27.769000	278.819285
5.952681	27.770000	278.829325
5.951771	27.771000	278.839366
5.950860	27.772000	278.849407
5.949950	27.773000	278.859447
5.949039	27.774000	278.869488
5.948128	27.775000	278.879529
5.947217	27.776000	278.889569
5.946306	27.777000	278.899610
5.945395	27.778000	278.909651
5.944484	27.779000	278.919691
5.943572	27.780000	278.929732
5.942661	27.781000	278.939773
5.941749	27.782000	278.949813
5.940838	27.783000	278.959854
5.939926	27.784000	278.969895
5.939014	27.785000	278.979935
5.938102	27.786000	278.989976
5.937190	27.787000	279.000017
5.936278	27.788000	279.010057
5.935366	27.789000	279.020098
5.934453	27.790000	279.030139
5.933541	27.791000	279.040179
5.932628	27.792000	279.050220
5.931716	27.793000	279.060261
5.930803	27.794000	279.070301
5.929890	27.795000	279.080342
5.928977	27.796000	279.090383
5.928064	27.797000	279.100423
5.927151	27.798000	279.110464
5.926238	27.799000	279.120505
5.925324	27.800000	279.130545
5.924411	27.801000	279.140586
5.923497	27.802000	279.150627
5.922584	27.803000	279.160667
5.921670	27.804000	279.170708
5.920756	27.805000	279.180749
5.919842	27.806000	279.190789
5.918928	27.807000	279.200830
5.918014	27.808000	279.210871
5.917100	27.809000	279.220911
5.916185	27.810000	279.230952
5.915271	27.811000	279.240993
5.914356	27.812000	279.251033
5.913441	27.813000	279.261074
5.912527	27.814000	279.271115
5.911612	27.815000	279.281155
5.910697	27.816000	279.291196
5.909782	27.817000	279.301237
5.908866	27.818000	279.311277
5.907951	27.819000	279.321318
5.907036	27.820000	279.331359
5.906120	27.821000	279.341399
5.905205	27.822000	279.351440
5.904289	27.823000	279.361481
5.903373	27.824000	279.371521
5.902457	27.825000	279.381562
5.901541	27.826000	279.391603
5.900625	27.827000	279.401643
5.899709	27.828000	279.411684
5.898793	27.829000	279.421725
5.897876	27.830000	279.431765
5.896960	27.831000	279.441806
5.896043	27.832000	279.451847
5.895126	27.833000	279.461887
5.894210	27.834000	279.471928
5.893293	27.835000	279.481969
5.892376	27.836000	279.492009
5.891458	27.837000	279.502050
5.890541	27.838000	279.512091
5.889624	27.839000	279.522131
5.888706	27.840000	279.532172
5.887789	27.841000	279.542213
5.886871	27.842000	279.552253
5.885953	27.843000	279.562294
5.885036	27.844000	279.572335
5.884118	27.845000	279.582375
5.883200	27.846000	279.592416
5.882281	27.847000	279.602457
5.881363	27.848000	279.612497
5.880445	27.849000	279.622538
5.879526	27.850000	279.632579
5.878608	27.851000	279.642619
5.877689	27.852000	279.652660
5.876770	27.853000	279.662701
5.875851	27.854000	279.672741
5.874932	27.855000	279.682782
5.874013	27.856000	279.692823
5.873094	27.857000	279.702863
5.872175	27.858000	279.712904
5.871255	27.859000	279.722945
5.870336	27.860000	279.732985
5.869416	27.861000	279.743026
5.868497	27.862000	279.753067
5.867577	27.863000	279.763107
5.866657	27.864000	279.773148
5.865737	27.865000	279.783189
5.864817	27.866000	279.793229
5.863897	27.867000	279.803270
5.862976	27.868000	279.813311
5.862056	27.869000	279.823351
5.861135	27.870000	279.833392
5.860215	27.871000	279.843433
5.859294	27.872000	279.853473
5.858373	27.873000	279.863514
5.857452	27.874000	279.873555
5.856531	27.875000	279.883595
5.855610	27.876000	279.893636
5.854689	27.877000	279.903677
5.853767	27.878000	279.913717
5.852846	27.879000	279.923758
5.851924	27.880000	279.933799
5.851002	27.881000	279.943839
5.850081	27.882000	279.953880
5.849159	27.883000	279.963921
5.848237	27.884000	279.973961
5.847315	27.885000	279.984002
5.846392	27.886000	279.994043
5.845470	27.887000	280.004083
5.844548	27.888000	280.014124
5.843625	27.889000	280.024165
5.842703	27.890000	280.034205
5.841780	27.891000	280.044246
5.840857	27.892000	280.054287
5.839934	27.893000	280.064327
5.839011	27.894000	280.074368
5.838088	27.895000	280.084409
5.837165	27.896000	280.094449
5.836241	27.897000	280.104490
5.835318	27.898000	280.114531
5.834394	27.899000	280.124571
5.833471	27.900000	280.134612
5.832547	27.901000	280.144653
5.831623	27.902000	280.154693
5.830699	27.903000	280.164734
5.829775	27.904000	280.174775
5.828851	27.905000	280.184815
5.827926	27.906000	280.194856
5.827002	27.907000	280.204897
5.826077	27.908000	280.214937
5.825153	27.909000	280.224978
5.824228	27.910000	280.235019
5.823303	27.911000	280.245059
5.822378	27.912000	280.255100
5.821453	27.913000	280.265141
5.820528	27.914000	280.275181
5.819603	27.915000	280.285222
5.818678	27.916000	280.295263
5.817752	27.917000	280.305303
5.816827	27.918000	280.315344
5.815901	27.919000	280.325385
5.814975	27.920000	280.335425
5.814049	27.921000	280.345466
5.813123	27.922000	280.355507
5.812197	27.923000	280.365547
5.811271	27.924000	280.375588
5.810345	27.925000	280.385629
5.809418	27.926000	280.395669
5.808492	27.927000	280.405710
5.807565	27.928000	280.415751
5.806638	27.929000	280.425791
5.805712	27.930000	280.435832
5.804785	27.931000	280.445873
5.803858	27.932000	280.455913
5.802930	27.933000	280.465954
5.802003	27.934000	280.475995
5.801076	27.935000	280.486035
5.800148	27.936000	280.496076
5.799221	27.937000	280.506117
5.798293	27.938000	280.516157
5.797365	27.939000	280.526198
5.796437	27.940000	280.536239
5.795509	27.941000	280.546279
5.794581	27.942000	280.556320
5.793653	27.943000	280.566361
5.792725	27.944000	280.576401
5.791796	27.945000	280.586442
5.790868	27.946000	280.596483
5.789939	27.947000	280.606523
5.789010	27.948000	280.616564
5.788081	27.949000	280.626605
5.787152	27.950000	280.636645
5.786223	27.951000	280.646686
5.785294	27.952000	280.656727
5.784365	27.953000	280.666767
5.783436	27.954000	280.676808
5.782506	27.955000	280.686849
5.781576	27.956000	280.696889
5.780647	27.957000	280.706930
5.779717	27.958000	280.716971
5.778787	27.959000	280.727011
5.777857	27.960000	280.737052
5.776927	27.961000	280.747093
5.775997	27.962000	280.757133
5.775066	27.963000	280.767174
5.774136	27.964000	280.777215
5.773205	27.965000	280.787255
5.772274	27.966000	280.797296
5.771344	27.967000	280.807337
5.770413	27.968000	280.817377
5.769482	27.969000	280.827418
5.768551	27.970000	280.837459
5.767619	27.971000	280.847499
5.766688	27.972000	280.857540
5.765757	27.973000	280.867581
5.764825	27.974000	280.877621
5.763893	27.975000	280.887662
5.762962	27.976000	280.897703
5.762030	27.977000	280.907743
5.761098	27.978000	280.917784
5.760166	27.979000	280.927825
5.759234	27.980000	280.937865
5.758301	27.981000	280.947906
5.757369	27.982000	280.957947
5.756436	27.983000	280.967987
5.755504	27.984000	280.978028
5.754571	27.985000	280.988069
5.753638	27.986000	280.998109
5.752705	27.987000	281.008150
5.751772	27.988000	281.018191
5.750839	27.989000	281.028231
5.749906	27.990000	281.038272
5.748972	27.991000	281.048313
5.748039	27.992000	281.058353
5.747105	27.993000	281.068394
5.746172	27.994000	281.078435
5.745238	27.995000	281.088475
5.744304	27.996000	281.098516
5.743370	27.997000	281.108557
5.742436	27.998000	281.118597
5.741501	27.999000	281.128638
5.740567	28.000000	281.138679
5.739633	28.001000	281.148719
5.738698	28.002000	281.158760
5.737763	28.003000	281.168801
5.736828	28.004000	281.178841
5.735894	28.005000	281.188882
5.734959	28.006000	281.198923
5.734023	28.007000	281.208963
5.733088	28.008000	281.219004
5.732153	28.009000	281.229045
5.731217	28.010000	281.239085
5.730282	28.011000	281.249126
5.729346	28.012000	281.259167
5.728410	28.013000	281.269207
5.727474	28.014000	281.279248
5.726538	28.015000	281.289289
5.725602	28.016000	281.299329
5.724666	28.017000	281.309370
5.723730	28.018000	281.319411
5.722793	28.019000	281.329451
5.721857	28.020000	281.339492
5.720920	28.021000	281.349533
5.719983	28.022000	281.359573
5.719047	28.023000	281.369614
5.718110	28.024000	281.379655
5.717172	28.025000	281.389695
5.716235	28.026000	281.399736
5.715298	28.027000	281.409777
5.714360	28.028000	281.419817
5.713423	28.029000	281.429858
5.712485	28.030000	281.439899
5.711548	28.031000	281.449939
5.710610	28.032000	281.459980
5.709672	28.033000	281.470021
5.708734	28.034000	281.480061
5.707795	28.035000	281.490102
5.706857	28.036000	281.500143
5.705919	28.037000	281.510183
5.704980	28.038000	281.520224
5.704041	28.039000	281.530265
5.703103	28.040000	281.540305
5.702164	28.041000	281.550346
5.701225	28.042000	281.560387
5.700286	28.043000	281.570427
5.699347	28.044000	281.580468
5.698407	28.045000	281.590509
5.697468	28.046000	281.600549
5.696528	28.047000	281.610590
5.695589	28.048000	281.620631
5.694649	28.049000	281.630671
5.693709	28.050000	281.640712
5.692769	28.051000	281.650753
5.691829	28.052000	281.660793
5.690889	28.053000	281.670834
5.689949	28.054000	281.680875
5.689008	28.055000	281.690915
5.688068	28.056000	281.700956
5.687127	28.057000	281.710997
5.686186	28.058000	281.721037
5.685245	28.059000	281.731078
5.684304	28.060000	281.741119
5.683363	28.061000	281.751159
5.682422	28.062000	281.761200
5.681481	28.063000	281.771241
5.680539	28.064000	281.781281
5.679598	28.065000	281.791322
5.678656	28.066000	281.801363
5.677714	28.067000	281.811403
5.676773	28.068000	281.821444
5.675831	28.069000	281.831485
5.674889	28.070000	281.841525
5.673946	28.071000	281.851566
5.673004	28.072000	281.861607
5.672062	28.073000	281.871647
5.671119	28.074000	281.881688
5.670176	28.075000	281.891729
5.669234	28.076000	281.901769
5.668291	28.077000	281.911810
5.667348	28.078000	281.921851
5.666405	28.079000	281.931891
5.665462	28.080000	281.941932
5.664518	28.081000	281.951973
5.663575	28.082000	281.962013
5.662631	28.083000	281.972054
5.661688	28.084000	281.982095
5.660744	28.085000	281.992135
5.659800	28.086000	282.002176
5.658856	28.087000	282.012217
5.657912	28.088000	282.022257
5.656968	28.089000	282.032298
5.656023	28.090000	282.042339
5.655079	28.091000	282.052379
5.654134	28.092000	282.062420
5.653190	28.093000	282.072461
5.652245	28.094000	282.082501
5.651300	28.095000	282.092542
5.650355	28.096000	282.102583
5.649410	28.097000	282.112623
5.648465	28.098000	282.122664
5.647519	28.099000	282.132705
5.646574	28.100000	282.142745
5.645628	28.101000	282.152786
5.644682	28.102000	282.162827
5.643737	28.103000	282.172867
5.642791	28.104000	282.182908
5.641845	28.105000	282.192949
5.640899	28.106000	282.202989
5.639952	28.107000	282.213030
5.639006	28.108000	282.223071
5.638059	28.109000	282.233111
5.637113	28.110000	282.243152
5.636166	28.111000	282.253193
5.635219	28.112000	282.263233
5.634272	28.113000	282.273274
5.633325	28.114000	282.283315
5.632378	28.115000	282.293355
5.631431	28.116000	282.303396
5.630483	28.117000	282.313437
5.629536	28.118000	282.323477
5.628588	28.119000	282.333518
5.627641	28.120000	282.343559
5.626693	28.121000	282.353599
5.625745	28.122000	282.363640
5.624797	28.123000	282.373681
5.623849	28.124000	282.383721
5.622900	28.125000	282.393762
5.621952	28.126000	282.403803
5.621003	28.127000	282.413843
5.620055	28.128000	282.423884
5.619106	28.129000	282.433925
5.618157	28.130000	282.443965
5.617208	28.131000	282.454006
5.616259	28.132000	282.464047
5.615310	28.133000	282.474087
5.614360	28.134000	282.484128
5.613411	28.135000	282.494169
5.612461	28.136000	282.504209
5.611512	28.137000	282.514250
5.610562	28.138000	282.524291
5.609612	28.139000	282.534331
5.608662	28.140000	282.544372
5.607712	28.141000	282.554413
5.606762	28.142000	282.564453
5.605811	28.143000	282.574494
5.604861	28.144000	282.584535
5.603910	28.145000	282.594575
5.602959	28.146000	282.604616
5.602009	28.147000	282.614657
5.601058	28.148000	282.624697
5.600107	28.149000	282.634738
5.599155	28.150000	282.644779
5.598204	28.151000	282.654819
5.597253	28.152000	282.664860
5.596301	28.153000	282.674901
5.595349	28.154000	282.684941
5.594398	28.155000	282.694982
5.593446	28.156000	282.705023
5.592494	28.157000	282.715063
5.591542	28.158000	282.725104
5.590590	28.159000	282.735145
5.589637	28.160000	282.745185
5.588685	28.161000	282.755226
5.587732	28.162000	282.765267
5.586780	28.163000	282.775307
5.585827	28.164000	282.785348
5.584874	28.165000	282.795389
5.583921	28.166000	282.805429
5.582968	28.167000	282.815470
5.582014	28.168000	282.825511
5.581061	28.169000	282.835551
5.580108	28.170000	282.845592
5.579154	28.171000	282.855633
5.578200	28.172000	282.865673
5.577246	28.173000	282.875714
5.576292	28.174000	282.885755
5.575338	28.175000	282.895795
5.574384	28.176000	282.905836
5.573430	28.177000	282.915877
5.572475	28.178000	282.925917
5.571521	28.179000	282.935958
5.570566	28.180000	282.945999
5.569611	28.181000	282.956039
5.568657	28.182000	282.966080
5.567702	28.183000	282.976121
5.566746	28.184000	282.986161
5.565791	28.185000	282.996202
5.564836	28.186000	283.006243
5.563880	28.187000	283.016283
5.562925	28.188000	283.026324
5.561969	28.189000	283.036365
5.561013	28.190000	283.046405
5.560057	28.191000	283.056446
5.559101	28.192000	283.066487
5.558145	28.193000	283.076527
5.557189	28.194000	283.086568
5.556232	28.195000	283.096609
5.555276	28.196000	283.106649
5.554319	28.197000	283.116690
5.553362	28.198000	283.126731
5.552405	28.199000	283.136771
5.551448	28.200000	283.146812
5.550491	28.201000	283.156853
5.549534	28.202000	283.166893
5.548577	28.203000	283.176934
5.547619	28.204000	283.186975
5.546662	28.205000	283.197015
5.545704	28.206000	283.207056
5.544746	28.207000	283.217097
5.543788	28.208000	283.227137
5.542830	28.209000	283.237178
5.541872	28.210000	283.247219
5.540914	28.211000	283.257259
5.539955	28.212000	283.267300
5.538997	28.213000	283.277341
5.538038	28.214000	283.287381
5.537079	28.215000	283.297422
5.536120	28.216000	283.307463
5.535161	28.217000	283.317503
5.534202	28.218000	283.327544
5.533243	28.219000	283.337585
5.532284	28.220000	283.347625
5.531324	28.221000	283.357666
5.530365	28.222000	283.367707
5.529405	28.223000	283.377747
5.528445	28.224000	283.387788
5.527485	28.225000	283.397829
5.526525	28.226000	283.407869
5.525565	28.227000	283.417910
5.524604	28.228000	283.427951
5.523644	28.229000	283.437991
5.522683	28.230000	283.448032
5.521723	28.231000	283.458073
5.520762	28.232000	283.468113
5.519801	28.233000	283.478154
5.518840	28.234000	283.488195
5.517879	28.235000	283.498235
5.516918	28.236000	283.508276
5.515956	28.237000	283.518317
5.514995	28.238000	283.528357
5.514033	28.239000	283.538398
5.513071	28.240000	283.548439
5.512109	28.241000	283.558479
5.511147	28.242000	283.568520
5.510185	28.243000	283.578561
5.509223	28.244000	283.588601
5.508261	28.245000	283.598642
5.507298	28.246000	283.608683
5.506336	28.247000	283.618723
5.505373	28.248000	283.628764
5.504410	28.249000	283.638805
5.503447	28.250000	283.648845
5.502484	28.251000	283.658886
5.501521	28.252000	283.668927
5.500558	28.253000	283.678967
5.499594	28.254000	283.689008
5.498631	28.255000	283.699049
5.497667	28.256000	283.709089
5.496703	28.257000	283.719130
5.495739	28.258000	283.729171
5.494775	28.259000	283.739211
5.493811	28.260000	283.749252
5.492847	28.261000	283.759293
5.491883	28.262000	283.769333
5.490918	28.263000	283.779374
5.489953	28.264000	283.789415
5.488989	28.265000	283.799455
5.488024	28.266000	283.809496
5.487059	28.267000	283.819537
5.486094	28.268000	283.829577
5.485128	28.269000	283.839618
5.484163	28.270000	283.849659
5.483198	28.271000	283.859699
5.482232	28.272000	283.869740
5.481266	28.273000	283.879781
5.480300	28.274000	283.889821
5.479334	28.275000	283.899862
5.478368	28.276000	283.909903
5.477402	28.277000	283.919943
5.476436	28.278000	283.929984
5.475469	28.279000	283.940025
5.474503	28.280000	283.950065
5.473536	28.281000	283.960106
5.472569	28.282000	283.970147
5.471602	28.283000	283.980187
5.470635	28.284000	283.990228
5.469668	28.285000	284.000269
5.468701	28.286000	284.010309
5.467733	28.287000	284.020350
5.466766	28.288000	284.030391
5.465798	28.289000	284.040431
5.464830	28.290000	284.050472
5.463862	28.291000	284.060513
5.462894	28.292000	284.070553
5.461926	28.293000	284.080594
5.460958	28.294000	284.090635
5.459990	28.295000	284.100675
5.459021	28.296000	284.110716
5.458052	28.297000	284.120757
5.457084	28.298000	284.130797
5.456115	28.299000	284.140838
5.455146	28.300000	284.150879
5.454177	28.301000	284.160919
5.453207	28.302000	284.170960
5.452238	28.303000	284.181001
5.451269	28.304000	284.191041
5.450299	28.305000	284.201082
5.449329	28.306000	284.211123
5.448359	28.307000	284.221163
5.447389	28.308000	284.231204
5.446419	28.309000	284.241245
5.445449	28.310000	284.251285
5.444479	28.311000	284.261326
5.443508	28.312000	284.271367
5.442537	28.313000	284.281407
5.441567	28.314000	284.291448
5.440596	28.315000	284.301489
5.439625	28.316000	284.311529
5.438654	28.317000	284.321570
5.437683	28.318000	284.331611
5.436711	28.319000	284.341651
5.435740	28.320000	284.351692
5.434768	28.321000	284.361733
5.433796	28.322000	284.371773
5.432825	28.323000	284.381814
5.431853	28.324000	284.391855
5.430881	28.325000	284.401895
5.429908	28.326000	284.411936
5.428936	28.327000	284.421977
5.427964	28.328000	284.432017
5.426991	28.329000	284.442058
5.426018	28.330000	284.452099
5.425045	28.331000	284.462139
5.424072	28.332000	284.472180
5.423099	28.333000	284.482221
5.422126	28.334000	284.492261
5.421153	28.335000	284.502302
5.420179	28.336000	284.512343
5.419206	28.337000	284.522383
5.418232	28.338000	284.532424
5.417258	28.339000	284.542465
5.416284	28.340000	284.552505
5.415310	28.341000	284.562546
5.414336	28.342000	284.572587
5.413362	28.343000	284.582627
5.412387	28.344000	284.592668
5.411413	28.345000	284.602709
5.410438	28.346000	284.612749
5.409463	28.347000	284.622790
5.408488	28.348000	284.632831
5.407513	28.349000	284.642871
5.406538	28.350000	284.652912
5.405563	28.351000	284.662953
5.404587	28.352000	284.672993
5.403612	28.353000	284.683034
5.402636	28.354000	284.693075
5.401660	28.355000	284.703115
5.400684	28.356000	284.713156
5.399708	28.357000	284.723197
5.398732	28.358000	284.733237
5.397755	28.359000	284.743278
5.396779	28.360000	284.753319
5.395802	28.361000	284.763359
5.394826	28.362000	284.773400
5.393849	28.363000	284.783441
5.392872	28.364000	284.793481
5.391895	28.365000	284.803522
5.390918	28.366000	284.813563
5.389940	28.367000	284.823603
5.388963	28.368000	284.833644
5.387985	28.369000	284.843685
5.387008	28.370000	284.853725
5.386030	28.371000	284.863766
5.385052	28.372000	284.873807
5.384074	28.373000	284.883847
5.383095	28.374000	284.893888
5.382117	28.375000	284.903929
5.381139	28.376000	284.913969
5.380160	28.377000	284.924010
5.379181	28.378000	284.934051
5.378202	28.379000	284.944091
5.377223	28.380000	284.954132
5.376244	28.381000	284.964173
5.375265	28.382000	284.974213
5.374286	28.383000	284.984254
5.373306	28.384000	284.994295
5.372327	28.385000	285.004335
5.371347	28.386000	285.014376
5.370367	28.387000	285.024417
5.369387	28.388000	285.034457
5.368407	28.389000	285.044498
5.367427	28.390000	285.054539
5.366446	28.391000	285.064579
5.365466	28.392000	285.074620
5.364485	28.393000	285.084661
5.363504	28.394000	285.094701
5.362524	28.395000	285.104742
5.361543	28.396000	285.114783
5.360561	28.397000	285.124823
5.359580	28.398000	285.134864
5.358599	28.399000	285.144905
5.357617	28.400000	285.154945
5.356636	28.401000	285.164986
5.355654	28.402000	285.175027
5.354672	28.403000	285.185067
5.353690	28.404000	285.195108
5.352708	28.405000	285.205149
5.351725	28.406000	285.215189
5.350743	28.407000	285.225230
5.349760	28.408000	285.235271
5.348778	28.409000	285.245311
5.347795	28.410000	285.255352
5.346812	28.411000	285.265393
5.345829	28.412000	285.275433
5.344846	28.413000	285.285474
5.343863	28.414000	285.295515
5.342879	28.415000	285.305555
5.341896	28.416000	285.315596
5.340912	28.417000	285.325637
5.339928	28.418000	285.335677
5.338944	28.419000	285.345718
5.337960	28.420000	285.355759
5.336976	28.421000	285.365799
5.335991	28.422000	285.375840
5.335007	28.423000	285.385881
5.334022	28.424000	285.395921
5.333038	28.425000	285.405962
5.332053	28.426000	285.416003
5.331068	28.427000	285.426043
5.330083	28.428000	285.436084
5.329097	28.429000	285.446125
5.328112	28.430000	285.456165
5.327126	28.431000	285.466206
5.326141	28.432000	285.476247
5.325155	28.433000	285.486287
5.324169	28.434000	285.496328
5.323183	28.435000	285.506369
5.322197	28.436000	285.516409
5.321211	28.437000	285.526450
5.320224	28.438000	285.536491
5.319238	28.439000	285.546531
5.318251	28.440000	285.556572
5.317264	28.441000	285.566613
5.316277	28.442000	285.576653
5.315290	28.443000	285.586694
5.314303	28.444000	285.596735
5.313316	28.445000	285.606775
5.312328	28.446000	285.616816
5.311341	28.447000	285.626857
5.310353	28.448000	285.636898
5.309365	28.449000	285.646938
5.308377	28.450000	285.656979
5.307389	28.451000	285.667020
5.306401	28.452000	285.677060
5.305412	28.453000	285.687101
5.304424	28.454000	285.697142
5.303435	28.455000	285.707182
5.302447	28.456000	285.717223
5.301458	28.457000	285.727264
5.300469	28.458000	285.737304
5.299479	28.459000	285.747345
5.298490	28.460000	285.757386
5.297501	28.461000	285.767426
5.296511	28.462000	285.777467
5.295522	28.463000	285.787508
5.294532	28.464000	285.797548
5.293542	28.465000	285.807589
5.292552	28.466000	285.817630
5.291562	28.467000	285.827670
5.290571	28.468000	285.837711
5.289581	28.469000	285.847752
5.288590	28.470000	285.857792
5.287599	28.471000	285.867833
5.286609	28.472000	285.877874
5.285618	28.473000	285.887914
5.284626	28.474000	285.897955
5.283635	28.475000	285.907996
5.282644	28.476000	285.918036
5.281652	28.477000	285.928077
5.280661	28.478000	285.938118
5.279669	28.479000	285.948158
5.278677	28.480000	285.958199
5.277685	28.481000	285.968240
5.276693	28.482000	285.978280
5.275700	28.483000	285.988321
5.274708	28.484000	285.998362
5.273715	28.485000	286.008402
5.272723	28.486000	286.018443
5.271730	28.487000	286.028484
5.270737	28.488000	286.038524
5.269744	28.489000	286.048565
5.268750	28.490000	286.058606
5.267757	28.491000	286.068646
5.266764	28.492000	286.078687
5.265770	28.493000	286.088728
5.264776	28.494000	286.098768
5.263782	28.495000	286.108809
5.262788	28.496000	286.118850
5.261794	28.497000	286.128890
5.260800	28.498000	286.138931
5.259805	28.499000	286.148972
5.258811	28.500000	286.159012
5.257816	28.501000	286.169053
5.256821	28.502000	286.179094
5.255826	28.503000	286.189134
5.254831	28.504000	286.199175
5.253836	28.505000	286.209216
5.252840	28.506000	286.219256
5.251845	28.507000	286.229297
5.250849	28.508000	286.239338
5.249853	28.509000	286.249378
5.248858	28.510000	286.259419
5.247862	28.511000	286.269460
5.246865	28.512000	286.279500
5.245869	28.513000	286.289541
5.244873	28.514000	286.299582
5.243876	28.515000	286.309622
5.242879	28.516000	286.319663
5.241882	28.517000	286.329704
5.240885	28.518000	286.339744
5.239888	28.519000	286.349785
5.238891	28.520000	286.359826
5.237894	28.521000	286.369866
5.236896	28.522000	286.379907
5.235899	28.523000	286.389948
5.234901	28.524000	286.399988
5.233903	28.525000	286.410029
5.232905	28.526000	286.420070
5.231907	28.527000	286.430110
5.230908	28.528000	286.440151
5.229910	28.529000	286.450192
5.228911	28.530000	286.460232
5.227912	28.531000	286.470273
5.226914	28.532000	286.480314
5.225915	28.533000	286.490354
5.224915	28.534000	286.500395
5.223916	28.535000	286.510436
5.222917	28.536000	286.520476
5.221917	28.537000	286.530517
5.220918	28.538000	286.540558
5.219918	28.539000	286.550598
5.218918	28.540000	286.560639
5.217918	28.541000	286.570680
5.216917	28.542000	286.580720
5.215917	28.543000	286.590761
5.214917	28.544000	286.600802
5.213916	28.545000	286.610842
5.212915	28.546000	286.620883
5.211914	28.547000	286.630924
5.210913	28.548000	286.640964
5.209912	28.549000	286.651005
5.208911	28.550000	286.661046
5.207909	28.551000	286.671086
5.206908	28.552000	286.681127
5.205906	28.553000	286.691168
5.204904	28.554000	286.701208
5.203902	28.555000	286.711249
5.202900	28.556000	286.721290
5.201898	28.557000	286.731330
5.200895	28.558000	286.741371
5.199893	28.559000	286.751412
5.198890	28.560000	286.761452
5.197887	28.561000	286.771493
5.196884	28.562000	286.781534
5.195881	28.563000	286.791574
5.194878	28.564000	286.801615
5.193875	28.565000	286.811656
5.192871	28.566000	286.821696
5.191867	28.567000	286.831737
5.190864	28.568000	286.841778
5.189860	28.569000	286.851818
5.188856	28.570000	286.861859
5.187852	28.571000	286.871900
5.186847	28.572000	286.881940
5.185843	28.573000	286.891981
5.184838	28.574000	286.902022
5.183833	28.575000	286.912062
5.182829	28.576000	286.922103
5.181824	28.577000	286.932144
5.180818	28.578000	286.942184
5.179813	28.579000	286.952225
5.178808	28.580000	286.962266
5.177802	28.581000	286.972306
5.176796	28.582000	286.982347
5.175790	28.583000	286.992388
5.174785	28.584000	287.002428
5.173778	28.585000	287.012469
5.172772	28.586000	287.022510
5.171766	28.587000	287.032550
5.170759	28.588000	287.042591
5.169753	28.589000	287.052632
5.168746	28.590000	287.062672
5.167739	28.591000	287.072713
5.166732	28.592000	287.082754
5.165724	28.593000	287.092794
5.164717	28.594000	287.102835
5.163710	28.595000	287.112876
5.162702	28.596000	287.122916
5.161694	28.597000	287.132957
5.160686	28.598000	287.142998
5.159678	28.599000	287.153038
5.158670	28.600000	287.163079
5.157662	28.601000	287.173120
5.156653	28.602000	287.183160
5.155644	28.603000	287.193201
5.154636	28.604000	287.203242
5.153627	28.605000	287.213282
5.152618	28.606000	287.223323
5.151609	28.607000	287.233364
5.150599	28.608000	287.243404
5.149590	28.609000	287.253445
5.148580	28.610000	287.263486
5.147570	28.611000	287.273526
5.146561	28.612000	287.283567
5.145551	28.613000	287.293608
5.144540	28.614000	287.303648
5.143530	28.615000	287.313689
5.142520	28.616000	287.323730
5.141509	28.617000	287.333770
5.140498	28.618000	287.343811
5.139487	28.619000	287.353852
5.138476	28.620000	287.363892
5.137465	28.621000	287.373933
5.136454	28.622000	287.383974
5.135443	28.623000	287.394014
5.134431	28.624000	287.404055
5.133419	28.625000	287.414096
5.132407	28.626000	287.424136
5.131395	28.627000	287.434177
5.130383	28.628000	287.444218
5.129371	28.629000	287.454258
5.128359	28.630000	287.464299
5.127346	28.631000	287.474340
5.126333	28.632000	287.484380
5.125320	28.633000	287.494421
5.124307	28.634000	287.504462
5.123294	28.635000	287.514502
5.122281	28.636000	287.524543
5.121268	28.637000	287.534584
5.120254	28.638000	287.544624
5.119240	28.639000	287.554665
5.118227	28.640000	287.564706
5.117213	28.641000	287.574746
5.116199	28.642000	287.584787
5.115184	28.643000	287.594828
5.114170	28.644000	287.604868
5.113155	28.645000	287.614909
5.112141	28.646000	287.624950
5.111126	28.647000	287.634990
5.110111	28.648000	287.645031
5.109096	28.649000	287.655072
5.108080	28.650000	287.665112
5.107065	28.651000	287.675153
5.106050	28.652000	287.685194
5.105034	28.653000	287.695234
5.104018	28.654000	287.705275
5.103002	28.655000	287.715316
5.101986	28.656000	287.725356
5.100970	28.657000	287.735397
5.099953	28.658000	287.745438
5.098937	28.659000	287.755478
5.097920	28.660000	287.765519
5.096903	28.661000	287.775560
5.095886	28.662000	287.785600
5.094869	28.663000	287.795641
5.093852	28.664000	287.805682
5.092834	28.665000	287.815722
5.091817	28.666000	287.825763
5.090799	28.667000	287.835804
5.089781	28.668000	287.845844
5.088763	28.669000	287.855885
5.087745	28.670000	287.865926
5.086727	28.671000	287.875966
5.085709	28.672000	287.886007
5.084690	28.673000	287.896048
5.083671	28.674000	287.906088
5.082653	28.675000	287.916129
5.081634	28.676000	287.926170
5.080614	28.677000	287.936210
5.079595	28.678000	287.946251
5.078576	28.679000	287.956292
5.077556	28.680000	287.966332
5.076536	28.681000	287.976373
5.075517	28.682000	287.986414
5.074497	28.683000	287.996454
5.073476	28.684000	288.006495
5.072456	28.685000	288.016536
5.071436	28.686000	288.026576
5.070415	28.687000	288.036617
5.069394	28.688000	288.046658
5.068374	28.689000	288.056698
5.067353	28.690000	288.066739
5.066331	28.691000	288.076780
5.065310	28.692000	288.086820
5.064289	28.693000	288.096861
5.063267	28.694000	288.106902
5.062245	28.695000	288.116942
5.061223	28.696000	288.126983
5.060201	28.697000	288.137024
5.059179	28.698000	288.147064
5.058157	28.699000	288.157105
5.057134	28.700000	288.167146
5.056112	28.701000	288.177186
5.055089	28.702000	288.187227
5.054066	28.703000	288.197268
5.053043	28.704000	288.207308
5.052020	28.705000	288.217349
5.050997	28.706000	288.227390
5.049973	28.707000	288.237430
5.048949	28.708000	288.247471
5.047926	28.709000	288.257512
5.046902	28.710000	288.267552
5.045878	28.711000	288.277593
5.044853	28.712000	288.287634
5.043829	28.713000	288.297674
5.042805	28.714000	288.307715
5.041780	28.715000	288.317756
5.040755	28.716000	288.327796
5.039730	28.717000	288.337837
5.038705	28.718000	288.347878
5.037680	28.719000	288.357918
5.036654	28.720000	288.367959
5.035629	28.721000	288.378000
5.034603	28.722000	288.388040
5.033577	28.723000	288.398081
5.032551	28.724000	288.408122
5.031525	28.725000	288.418162
5.030499	28.726000	288.428203
5.029472	28.727000	288.438244
5.028446	28.728000	288.448284
5.027419	28.729000	288.458325
5.026392	28.730000	288.468366
5.025365	28.731000	288.478406
5.024338	28.732000	288.488447
5.023311	28.733000	288.498488
5.022283	28.734000	288.508528
5.021256	28.735000	288.518569
5.020228	28.736000	288.528610
5.019200	28.737000	288.538650
5.018172	28.738000	288.548691
5.017144	28.739000	288.558732
5.016115	28.740000	288.568772
5.015087	28.741000	288.578813
5.014058	28.742000	288.588854
5.013029	28.743000	288.598894
5.012000	28.744000	288.608935
5.010971	28.745000	288.618976
5.009942	28.746000	288.629016
5.008913	28.747000	288.639057
5.007883	28.748000	288.649098
5.006853	28.749000	288.659138
5.005823	28.750000	288.669179
5.004793	28.751000	288.679220
5.003763	28.752000	288.689260
5.002733	28.753000	288.699301
5.001703	28.754000	288.709342
5.000672	28.755000	288.719382
4.999641	28.756000	288.729423
4.998610	28.757000	288.739464
4.997579	28.758000	288.749504
4.996548	28.759000	288.759545
4.995517	28.760000	288.769586
4.994485	28.761000	288.779626
4.993454	28.762000	288.789667
4.992422	28.763000	288.799708
4.991390	28.764000	288.809748
4.990358	28.765000	288.819789
4.989325	28.766000	288.829830
4.988293	28.767000	288.839870
4.987261	28.768000	288.849911
4.986228	28.769000	288.859952
4.985195	28.770000	288.869992
4.984162	28.771000	288.880033
4.983129	28.772000	288.890074
4.982096	28.773000	288.900114
4.981062	28.774000	288.910155
4.980028	28.775000	288.920196
4.978995	28.776000	288.930236
4.977961	28.777000	288.940277
4.976927	28.778000	288.950318
4.975892	28.779000	288.960358
4.974858	28.780000	288.970399
4.973824	28.781000	288.980440
4.972789	28.782000	288.990480
4.971754	28.783000	289.000521
4.970719	28.784000	289.010562
4.969684	28.785000	289.020602
4.968649	28.786000	289.030643
4.967613	28.787000	289.040684
4.966578	28.788000	289.050724
4.965542	28.789000	289.060765
4.964506	28.790000	289.070806
4.963470	28.791000	289.080846
4.962434	28.792000	289.090887
4.961398	28.793000	289.100928
4.960361	28.794000	289.110968
4.959324	28.795000	289.121009
4.958288	28.796000	289.131050
4.957251	28.797000	289.141090
4.956214	28.798000	289.151131
4.955176	28.799000	289.161172
4.954139	28.800000	289.171212
4.953101	28.801000	289.181253
4.952064	28.802000	289.191294
4.951026	28.803000	289.201334
4.949988	28.804000	289.211375
4.948950	28.805000	289.221416
4.947911	28.806000	289.231456
4.946873	28.807000	289.241497
4.945834	28.808000	289.251538
4.944795	28.809000	289.261578
4.943756	28.810000	289.271619
4.942717	28.811000	289.281660
4.941678	28.812000	289.291700
4.940639	28.813000	289.301741
4.939599	28.814000	289.311782
4.938559	28.815000	289.321822
4.937519	28.816000	289.331863
4.936479	28.817000	289.341904
4.935439	28.818000	289.351944
4.934399	28.819000	289.361985
4.933358	28.820000	289.372026
4.932318	28.821000	289.382066
4.931277	28.822000	289.392107
4.930236	28.823000	289.402148
4.929195	28.824000	289.412188
4.928154	28.825000	289.422229
4.927112	28.826000	289.432270
4.926071	28.827000	289.442310
4.925029	28.828000	289.452351
4.923987	28.829000	289.462392
4.922945	28.830000	289.472432
4.921903	28.831000	289.482473
4.920861	28.832000	289.492514
4.919818	28.833000	289.502554
4.918775	28.834000	289.512595
4.917733	28.835000	289.522636
4.916690	28.836000	289.532676
4.915646	28.837000	289.542717
4.914603	28.838000	289.552758
4.913560	28.839000	289.562798
4.912516	28.840000	289.572839
4.911472	28.841000	289.582880
4.910428	28.842000	289.592920
4.909384	28.843000	289.602961
4.908340	28.844000	289.613002
4.907296	28.845000	289.623042
4.906251	28.846000	289.633083
4.905207	28.847000	289.643124
4.904162	28.848000	289.653164
4.903117	28.849000	289.663205
4.902072	28.850000	289.673246
4.901026	28.851000	289.683286
4.899981	28.852000	289.693327
4.898935	28.853000	289.703368
4.897889	28.854000	289.713408
4.896843	28.855000	289.723449
4.895797	28.856000	289.733490
4.894751	28.857000	289.743530
4.893705	28.858000	289.753571
4.892658	28.859000	289.763612
4.891611	28.860000	289.773652
4.890565	28.861000	289.783693
4.889518	28.862000	289.793734
4.888470	28.863000	289.803774
4.887423	28.864000	289.813815
4.886375	28.865000	289.823856
4.885328	28.866000	289.833896
4.884280	28.867000	289.843937
4.883232	28.868000	289.853978
4.882184	28.869000	289.864018
4.881135	28.870000	289.874059
4.880087	28.871000	289.884100
4.879038	28.872000	289.894140
4.877990	28.873000	289.904181
4.876941	28.874000	289.914222
4.875892	28.875000	289.924262
4.874842	28.876000	289.934303
4.873793	28.877000	289.944344
4.872743	28.878000	289.954384
4.871694	28.879000	289.964425
4.870644	28.880000	289.974466
4.869594	28.881000	289.984506
4.868543	28.882000	289.994547
4.867493	28.883000	290.004588
4.866443	28.884000	290.014628
4.865392	28.885000	290.024669
4.864341	28.886000	290.034710
4.863290	28.887000	290.044750
4.862239	28.888000	290.054791
4.861187	28.889000	290.064832
4.860136	28.890000	290.074872
4.859084	28.891000	290.084913
4.858033	28.892000	290.094954
4.856981	28.893000	290.104994
4.855928	28.894000	290.115035
4.854876	28.895000	290.125076
4.853824	28.896000	290.135116
4.852771	28.897000	290.145157
4.851718	28.898000	290.155198
4.850665	28.899000	290.165238
4.849612	28.900000	290.175279
4.848559	28.901000	290.185320
4.847506	28.902000	290.195360
4.846452	28.903000	290.205401
4.845398	28.904000	290.215442
4.844344	28.905000	290.225482
4.843290	28.906000	290.235523
4.842236	28.907000	290.245564
4.841182	28.908000	290.255604
4.840127	28.909000	290.265645
4.839072	28.910000	290.275686
4.838018	28.911000	290.285726
4.836963	28.912000	290.295767
4.835907	28.913000	290.305808
4.834852	28.914000	290.315848
4.833797	28.915000	290.325889
4.832741	28.916000	290.335930
4.831685	28.917000	290.345970
4.830629	28.918000	290.356011
4.829573	28.919000	290.366052
4.828517	28.920000	290.376092
4.827460	28.921000	290.386133
4.826403	28.922000	290.396174
4.825347	28.923000	290.406214
4.824290	28.924000	290.416255
4.823233	28.925000	290.426296
4.822175	28.926000	290.436336
4.821118	28.927000	290.446377
4.820060	28.928000	290.456418
4.819002	28.929000	290.466458
4.817944	28.930000	290.476499
4.816886	28.931000	290.486540
4.815828	28.932000	290.496580
4.814770	28.933000	290.506621
4.813711	28.934000	290.516662
4.812652	28.935000	290.526702
4.811593	28.936000	290.536743
4.810534	28.937000	290.546784
4.809475	28.938000	290.556824
4.808415	28.939000	290.566865
4.807356	28.940000	290.576906
4.806296	28.941000	290.586946
4.805236	28.942000	290.596987
4.804176	28.943000	290.607028
4.803116	28.944000	290.617068
4.802055	28.945000	290.627109
4.800995	28.946000	290.637150
4.799934	28.947000	290.647190
4.798873	28.948000	290.657231
4.797812	28.949000	290.667272
4.796751	28.950000	290.677312
4.795690	28.951000	290.687353
4.794628	28.952000	290.697394
4.793566	28.953000	290.707434
4.792504	28.954000	290.717475
4.791442	28.955000	290.727516
4.790380	28.956000	290.737556
4.789318	28.957000	290.747597
4.788255	28.958000	290.757638
4.787192	28.959000	290.767678
4.786130	28.960000	290.777719
4.785067	28.961000	290.787760
4.784003	28.962000	290.797800
4.782940	28.963000	290.807841
4.781876	28.964000	290.817882
4.780813	28.965000	290.827922
4.779749	28.966000	290.837963
4.778685	28.967000	290.848004
4.777621	28.968000	290.858044
4.776556	28.969000	290.868085
4.775492	28.970000	290.878126
4.774427	28.971000	290.888166
4.773362	28.972000	290.898207
4.772297	28.973000	290.908248
4.771232	28.974000	290.918288
4.770166	28.975000	290.928329
4.769101	28.976000	290.938370
4.768035	28.977000	290.948410
4.766969	28.978000	290.958451
4.765903	28.979000	290.968492
4.764837	28.980000	290.978532
4.763771	28.981000	290.988573
4.762704	28.982000	290.998614
4.761637	28.983000	291.008654
4.760571	28.984000	291.018695
4.759503	28.985000	291.028736
4.758436	28.986000	291.038776
4.757369	28.987000	291.048817
4.756301	28.988000	291.058858
4.755234	28.989000	291.068898
4.754166	28.990000	291.078939
4.753098	28.991000	291.088980
4.752029	28.992000	291.099020
4.750961	28.993000	291.109061
4.749892	28.994000	291.119102
4.748824	28.995000	291.129142
4.747755	28.996000	291.139183
4.746686	28.997000	291.149224
4.745616	28.998000	291.159264
4.744547	28.999000	291.169305
4.743477	29.000000	291.179346
4.742408	29.001000	291.189386
4.741338	29.002000	291.199427
4.740268	29.003000	291.209468
4.739197	29.004000	291.219508
4.738127	29.005000	291.229549
4.737056	29.006000	291.239590
4.735986	29.007000	291.249630
4.734915	29.008000	291.259671
4.733844	29.009000	291.269712
4.732772	29.010000	291.279752
4.731701	29.011000	291.289793
4.730629	29.012000	291.299834
4.729558	29.013000	291.309874
4.728486	29.014000	291.319915
4.727413	29.015000	291.329956
4.726341	29.016000	291.339996
4.725269	29.017000	291.350037
4.724196	29.018000	291.360078
4.723123	29.019000	291.370118
4.722050	29.020000	291.380159
4.720977	29.021000	291.390200
4.719904	29.022000	291.400240
4.718830	29.023000	291.410281
4.717757	29.024000	291.420322
4.716683	29.025000	291.430362
4.715609	29.026000	291.440403
4.714535	29.027000	291.450444
4.713460	29.028000	291.460484
4.712386	29.029000	291.470525
4.711311	29.030000	291.480566
4.710236	29.031000	291.490606
4.709161	29.032000	291.500647
4.708086	29.033000	291.510688
4.707011	29.034000	291.520728
4.705935	29.035000	291.530769
4.704859	29.036000	291.540810
4.703783	29.037000	291.550850
4.702707	29.038000	291.560891
4.701631	29.039000	291.570932
4.700555	29.040000	291.580972
4.699478	29.041000	291.591013
4.698401	29.042000	291.601054
4.697324	29.043000	291.611094
4.696247	29.044000	291.621135
4.695170	29.045000	291.631176
4.694093	29.046000	291.641216
4.693015	29.047000	291.651257
4.691937	29.048000	291.661298
4.690859	29.049000	291.671338
4.689781	29.050000	291.681379
4.688703	29.051000	291.691420
4.687624	29.052000	291.701460
4.686546	29.053000	291.711501
4.685467	29.054000	291.721542
4.684388	29.055000	291.731582
4.683309	29.056000	291.741623
4.682229	29.057000	291.751664
4.681150	29.058000	291.761704
4.680070	29.059000	291.771745
4.678990	29.060000	291.781786
4.677910	29.061000	291.791826
4.676830	29.062000	291.801867
4.675749	29.063000	291.811908
4.674669	29.064000	291.821948
4.673588	29.065000	291.831989
4.672507	29.066000	291.842030
4.671426	29.067000	291.852070
4.670345	29.068000	291.862111
4.669263	29.069000	291.872152
4.668182	29.070000	291.882192
4.667100	29.071000	291.892233
4.666018	29.072000	291.902274
4.664936	29.073000	291.912314
4.663853	29.074000	291.922355
4.662771	29.075000	291.932396
4.661688	29.076000	291.942436
4.660605	29.077000	291.952477
4.659522	29.078000	291.962518
4.658439	29.079000	291.972558
4.657356	29.080000	291.982599
4.656272	29.081000	291.992640
4.655188	29.082000	292.002680
4.654104	29.083000	292.012721
4.653020	29.084000	292.022762
4.651936	29.085000	292.032802
4.650851	29.086000	292.042843
4.649767	29.087000	292.052884
4.648682	29.088000	292.062924
4.647597	29.089000	292.072965
4.646512	29.090000	292.083006
4.645427	29.091000	292.093046
4.644341	29.092000	292.103087
4.643255	29.093000	292.113128
4.642169	29.094000	292.123168
4.641083	29.095000	292.133209
4.639997	29.096000	292.143250
4.638911	29.097000	292.153290
4.637824	29.098000	292.163331
4.636737	29.099000	292.173372
4.635650	29.100000	292.183412
4.634563	29.101000	292.193453
4.633476	29.102000	292.203494
4.632389	29.103000	292.213534
4.631301	29.104000	292.223575
4.630213	29.105000	292.233616
4.629125	29.106000	292.243656
4.628037	29.107000	292.253697
4.626949	29.108000	292.263738
4.625860	29.109000	292.273778
4.624771	29.110000	292.283819
4.623682	29.111000	292.293860
4.622593	29.112000	292.303900
4.621504	29.113000	292.313941
4.620415	29.114000	292.323982
4.619325	29.115000	292.334022
4.618235	29.116000	292.344063
4.617145	29.117000	292.354104
4.616055	29.118000	292.364144
4.614965	29.119000	292.374185
4.613874	29.120000	292.384226
4.612783	29.121000	292.394266
4.611692	29.122000	292.404307
4.610601	29.123000	292.414348
4.609510	29.124000	292.424388
4.608419	29.125000	292.434429
4.607327	29.126000	292.444470
4.606235	29.127000	292.454510
4.605143	29.128000	292.464551
4.604051	29.129000	292.474592
4.602959	29.130000	292.484632
4.601866	29.131000	292.494673
4.600774	29.132000	292.504714
4.599681	29.133000	292.514754
4.598588	29.134000	292.524795
4.597494	29.135000	292.534836
4.596401	29.136000	292.544876
4.595307	29.137000	292.554917
4.594214	29.138000	292.564958
4.593120	29.139000	292.574998
4.592026	29.140000	292.585039
4.590931	29.141000	292.595080
4.589837	29.142000	292.605120
4.588742	29.143000	292.615161
4.587647	29.144000	292.625202
4.586552	29.145000	292.635242
4.585457	29.146000	292.645283
4.584361	29.147000	292.655324
4.583266	29.148000	292.665364
4.582170	29.149000	292.675405
4.581074	29.150000	292.685446
4.579978	29.151000	292.695486
4.578881	29.152000	292.705527
4.577785	29.153000	292.715568
4.576688	29.154000	292.725608
4.575591	29.155000	292.735649
4.574494	29.156000	292.745690
4.573397	29.157000	292.755730
4.572300	29.158000	292.765771
4.571202	29.159000	292.775812
4.570104	29.160000	292.785852
4.569006	29.161000	292.795893
4.567908	29.162000	292.805934
4.566810	29.163000	292.815974
4.565711	29.164000	292.826015
4.564612	29.165000	292.836056
4.563513	29.166000	292.846096
4.562414	29.167000	292.856137
4.561315	29.168000	292.866178
4.560215	29.169000	292.876218
4.559116	29.170000	292.886259
4.558016	29.171000	292.896300
4.556916	29.172000	292.906340
4.555816	29.173000	292.916381
4.554715	29.174000	292.926422
4.553615	29.175000	292.936462
4.552514	29.176000	292.946503
4.551413	29.177000	292.956544
4.550312	29.178000	292.966584
4.549210	29.179000	292.976625
4.548109	29.180000	292.986666
4.547007	29.181000	292.996706
4.545905	29.182000	293.006747
4.544803	29.183000	293.016788
4.543701	29.184000	293.026828
4.542599	29.185000	293.036869
4.541496	29.186000	293.046910
4.540393	29.187000	293.056950
4.539290	29.188000	293.066991
4.538187	29.189000	293.077032
4.537083	29.190000	293.087072
4.535980	29.191000	293.097113
4.534876	29.192000	293.107154
4.533772	29.193000	293.117194
4.532668	29.194000	293.127235
4.531564	29.195000	293.137276
4.530459	29.196000	293.147316
4.529354	29.197000	293.157357
4.528250	29.198000	293.167398
4.527144	29.199000	293.177438
4.526039	29.200000	293.187479
4.524934	29.201000	293.197520
4.523828	29.202000	293.207560
4.522722	29.203000	293.217601
4.521616	29.204000	293.227642
4.520510	29.205000	293.237682
4.519404	29.206000	293.247723
4.518297	29.207000	293.257764
4.517190	29.208000	293.267804
4.516083	29.209000	293.277845
4.514976	29.210000	293.287886
4.513869	29.211000	293.297926
4.512761	29.212000	293.307967
4.511654	29.213000	293.318008
4.510546	29.214000	293.328048
4.509438	29.215000	293.338089
4.508329	29.216000	293.348130
4.507221	29.217000	293.358170
4.506112	29.218000	293.368211
4.505003	29.219000	293.378252
4.503894	29.220000	293.388292
4.502785	29.221000	293.398333
4.501675	29.222000	293.408374
4.500566	29.223000	293.418414
4.499456	29.224000	293.428455
4.498346	29.225000	293.438496
4.497236	29.226000	293.448536
4.496125	29.227000	293.458577
4.495015	29.228000	293.468618
4.493904	29.229000	293.478659
4.492793	29.230000	293.488699
4.491682	29.231000	293.498740
4.490571	29.232000	293.508781
4.489459	29.233000	293.518821
4.488347	29.234000	293.528862
4.487235	29.235000	293.538903
4.486123	29.236000	293.548943
4.485011	29.237000	293.558984
4.483898	29.238000	293.569025
4.482786	29.239000	293.579065
4.481673	29.240000	293.589106
4.480560	29.241000	293.599147
4.479446	29.242000	293.609187
4.478333	29.243000	293.619228
4.477219	29.244000	293.629269
4.476105	29.245000	293.639309
4.474991	29.246000	293.649350
4.473877	29.247000	293.659391
4.472763	29.248000	293.669431
4.471648	29.249000	293.679472
4.470533	29.250000	293.689513
4.469418	29.251000	293.699553
4.468303	29.252000	293.709594
4.467188	29.253000	293.719635
4.466072	29.254000	293.729675
4.464956	29.255000	293.739716
4.463840	29.256000	293.749757
4.462724	29.257000	293.759797
4.461608	29.258000	293.769838
4.460491	29.259000	293.779879
4.459374	29.260000	293.789919
4.458257	29.261000	293.799960
4.457140	29.262000	293.810001
4.456023	29.263000	293.820041
4.454905	29.264000	293.830082
4.453788	29.265000	293.840123
4.452670	29.266000	293.850163
4.451552	29.267000	293.860204
4.450433	29.268000	293.870245
4.449315	29.269000	293.880285
4.448196	29.270000	293.890326
4.447077	29.271000	293.900367
4.445958	29.272000	293.910407
4.444839	29.273000	293.920448
4.443719	29.274000	293.930489
4.442599	29.275000	293.940529
4.441480	29.276000	293.950570
4.440359	29.277000	293.960611
4.439239	29.278000	293.970651
4.438119	29.279000	293.980692
4.436998	29.280000	293.990733
4.435877	29.281000	294.000773
4.434756	29.282000	294.010814
4.433635	29.283000	294.020855
4.432513	29.284000	294.030895
4.431392	29.285000	294.040936
4.430270	29.286000	294.050977
4.429148	29.287000	294.061017
4.428025	29.288000	294.071058
4.426903	29.289000	294.081099
4.425780	29.290000	294.091139
4.424657	29.291000	294.101180
4.423534	29.292000	294.111221
4.422411	29.293000	294.121261
4.421288	29.294000	294.131302
4.420164	29.295000	294.141343
4.419040	29.296000	294.151383
4.417916	29.297000	294.161424
4.416792	29.298000	294.171465
4.415667	29.299000	294.181505
4.414543	29.300000	294.191546
4.413418	29.301000	294.201587
4.412293	29.302000	294.211627
4.411168	29.303000	294.221668
4.410042	29.304000	294.231709
4.408916	29.305000	294.241749
4.407791	29.306000	294.251790
4.406665	29.307000	294.261831
4.405538	29.308000	294.271871
4.404412	29.309000	294.281912
4.403285	29.310000	294.291953
4.402158	29.311000	294.301993
4.401031	29.312000	294.312034
4.399904	29.313000	294.322075
4.398777	29.314000	294.332115
4.397649	29.315000	294.342156
4.396521	29.316000	294.352197
4.395393	29.317000	294.362237
4.394265	29.318000	294.372278
4.393136	29.319000	294.382319
4.392008	29.320000	294.392359
4.390879	29.321000	294.402400
4.389750	29.322000	294.412441
4.388620	29.323000	294.422481
4.387491	29.324000	294.432522
4.386361	29.325000	294.442563
4.385231	29.326000	294.452603
4.384101	29.327000	294.462644
4.382971	29.328000	294.472685
4.381841	29.329000	294.482725
4.380710	29.330000	294.492766
4.379579	29.331000	294.502807
4.378448	29.332000	294.512847
4.377317	29.333000	294.522888
4.376185	29.334000	294.532929
4.375053	29.335000	294.542969
4.373921	29.336000	294.553010
4.372789	29.337000	294.563051
4.371657	29.338000	294.573091
4.370524	29.339000	294.583132
4.369392	29.340000	294.593173
4.368259	29.341000	294.603213
4.367126	29.342000	294.613254
4.365992	29.343000	294.623295
4.364859	29.344000	294.633335
4.363725	29.345000	294.643376
4.362591	29.346000	294.653417
4.361457	29.347000	294.663457
4.360323	29.348000	294.673498
4.359188	29.349000	294.683539
4.358053	29.350000	294.693579
4.356918	29.351000	294.703620
4.355783	29.352000	294.713661
4.354648	29.353000	294.723701
4.353512	29.354000	294.733742
4.352376	29.355000	294.743783
4.351240	29.356000	294.753823
4.350104	29.357000	294.763864
4.348968	29.358000	294.773905
4.347831	29.359000	294.783945
4.346694	29.360000	294.793986
4.345557	29.361000	294.804027
4.344420	29.362000	294.814067
4.343282	29.363000	294.824108
4.342145	29.364000	294.834149
4.341007	29.365000	294.844189
4.339869	29.366000	294.854230
4.338730	29.367000	294.864271
4.337592	29.368000	294.874311
4.336453	29.369000	294.884352
4.335314	29.370000	294.894393
4.334175	29.371000	294.904433
4.333036	29.372000	294.914474
4.331896	29.373000	294.924515
4.330757	29.374000	294.934555
4.329617	29.375000	294.944596
4.328477	29.376000	294.954637
4.327336	29.377000	294.964677
4.326196	29.378000	294.974718
4.325055	29.379000	294.984759
4.323914	29.380000	294.994799
4.322773	29.381000	295.004840
4.321631	29.382000	295.014881
4.320490	29.383000	295.024921
4.319348	29.384000	295.034962
4.318206	29.385000	295.045003
4.317063	29.386000	295.055043
4.315921	29.387000	295.065084
4.314778	29.388000	295.075125
4.313635	29.389000	295.085165
4.312492	29.390000	295.095206
4.311349	29.391000	295.105247
4.310205	29.392000	295.115287
4.309062	29.393000	295.125328
4.307918	29.394000	295.135369
4.306774	29.395000	295.145409
4.305629	29.396000	295.155450
4.304485	29.397000	295.165491
4.303340	29.398000	295.175531
4.302195	29.399000	295.185572
4.301050	29.400000	295.195613
4.299904	29.401000	295.205653
4.298759	29.402000	295.215694
4.297613	29.403000	295.225735
4.296467	29.404000	295.235775
4.295321	29.405000	295.245816
4.294174	29.406000	295.255857
4.293027	29.407000	295.265897
4.291880	29.408000	295.275938
4.290733	29.409000	295.285979
4.289586	29.410000	295.296019
4.288438	29.411000	295.306060
4.287291	29.412000	295.316101
4.286143	29.413000	295.326141
4.284995	29.414000	295.336182
4.283846	29.415000	295.346223
4.282698	29.416000	295.356263
4.281549	29.417000	295.366304
4.280400	29.418000	295.376345
4.279250	29.419000	295.386385
4.278101	29.420000	295.396426
4.276951	29.421000	295.406467
4.275801	29.422000	295.416507
4.274651	29.423000	295.426548
4.273501	29.424000	295.436589
4.272350	29.425000	295.446629
4.271200	29.426000	295.456670
4.270049	29.427000	295.466711
4.268898	29.428000	295.476751
4.267746	29.429000	295.486792
4.266594	29.430000	295.496833
4.265443	29.431000	295.506873
4.264291	29.432000	295.516914
4.263138	29.433000	295.526955
4.261986	29.434000	295.536995
4.260833	29.435000	295.547036
4.259680	29.436000	295.557077
4.258527	29.437000	295.567117
4.257374	29.438000	295.577158
4.256220	29.439000	295.587199
4.255066	29.440000	295.597239
4.253912	29.441000	295.607280
4.252758	29.442000	295.617321
4.251604	29.443000	295.627361
4.250449	29.444000	295.637402
4.249294	29.445000	295.647443
4.248139	29.446000	295.657483
4.246984	29.447000	295.667524
4.245828	29.448000	295.677565
4.244673	29.449000	295.687605
4.243517	29.450000	295.697646
4.242360	29.451000	295.707687
4.241204	29.452000	295.717727
4.240047	29.453000	295.727768
4.238891	29.454000	295.737809
4.237734	29.455000	295.747849
4.236576	29.456000	295.757890
4.235419	29.457000	295.767931
4.234261	29.458000	295.777971
4.233103	29.459000	295.788012
4.231945	29.460000	295.798053
4.230787	29.461000	295.808093
4.229628	29.462000	295.818134
4.228469	29.463000	295.828175
4.227310	29.464000	295.838215
4.226151	29.465000	295.848256
4.224991	29.466000	295.858297
4.223832	29.467000	295.868337
4.222672	29.468000	295.878378
4.221512	29.469000	295.888419
4.220351	29.470000	295.898459
4.219191	29.471000	295.908500
4.218030	29.472000	295.918541
4.216869	29.473000	295.928581
4.215708	29.474000	295.938622
4.214546	29.475000	295.948663
4.213385	29.476000	295.958703
4.212223	29.477000	295.968744
4.211061	29.478000	295.978785
4.209898	29.479000	295.988825
4.208736	29.480000	295.998866
4.207573	29.481000	296.008907
4.206410	29.482000	296.018947
4.205247	29.483000	296.028988
4.204083	29.484000	296.039029
4.202919	29.485000	296.049069
4.201756	29.486000	296.059110
4.200591	29.487000	296.069151
4.199427	29.488000	296.079191
4.198262	29.489000	296.089232
4.197098	29.490000	296.099273
4.195933	29.491000	296.109313
4.194767	29.492000	296.119354
4.193602	29.493000	296.129395
4.192436	29.494000	296.139435
4.191270	29.495000	296.149476
4.190104	29.496000	296.159517
4.188938	29.497000	296.169557
4.187771	29.498000	296.179598
4.186604	29.499000	296.189639
4.185437	29.500000	296.199679
4.184270	29.501000	296.209720
4.183102	29.502000	296.219761
4.181935	29.503000	296.229801
4.180767	29.504000	296.239842
4.179599	29.505000	296.249883
4.178430	29.506000	296.259923
4.177262	29.507000	296.269964
4.176093	29.508000	296.280005
4.174924	29.509000	296.290045
4.173754	29.510000	296.300086
4.172585	29.511000	296.310127
4.171415	29.512000	296.320167
4.170245	29.513000	296.330208
4.169075	29.514000	296.340249
4.167904	29.515000	296.350289
4.166734	29.516000	296.360330
4.165563	29.517000	296.370371
4.164392	29.518000	296.380411
4.163220	29.519000	296.390452
4.162049	29.520000	296.400493
4.160877	29.521000	296.410533
4.159705	29.522000	296.420574
4.158532	29.523000	296.430615
4.157360	29.524000	296.440655
4.156187	29.525000	296.450696
4.155014	29.526000	296.460737
4.153841	29.527000	296.470777
4.152668	29.528000	296.480818
4.151494	29.529000	296.490859
4.150320	29.530000	296.500899
4.149146	29.531000	296.510940
4.147972	29.532000	296.520981
4.146797	29.533000	296.531021
4.145622	29.534000	296.541062
4.144447	29.535000	296.551103
4.143272	29.536000	296.561143
4.142096	29.537000	296.571184
4.140921	29.538000	296.581225
4.139745	29.539000	296.591265
4.138569	29.540000	296.601306
4.137392	29.541000	296.611347
4.136216	29.542000	296.621387
4.135039	29.543000	296.631428
4.133862	29.544000	296.641469
4.132684	29.545000	296.651509
4.131507	29.546000	296.661550
4.130329	29.547000	296.671591
4.129151	29.548000	296.681631
4.127972	29.549000	296.691672
4.126794	29.550000	296.701713
4.125615	29.551000	296.711753
4.124436	29.552000	296.721794
4.123257	29.553000	296.731835
4.122078	29.554000	296.741875
4.120898	29.555000	296.751916
4.119718	29.556000	296.761957
4.118538	29.557000	296.771997
4.117358	29.558000	296.782038
4.116177	29.559000	296.792079
4.114996	29.560000	296.802119
4.113815	29.561000	296.812160
4.112634	29.562000	296.822201
4.111452	29.563000	296.832241
4.110270	29.564000	296.842282
4.109088	29.565000	296.852323
4.107906	29.566000	296.862363
4.106724	29.567000	296.872404
4.105541	29.568000	296.882445
4.104358	29.569000	296.892485
4.103175	29.570000	296.902526
4.101991	29.571000	296.912567
4.100808	29.572000	296.922607
4.099624	29.573000	296.932648
4.098440	29.574000	296.942689
4.097255	29.575000	296.952729
4.096071	29.576000	296.962770
4.094886	29.577000	296.972811
4.093701	29.578000	296.982851
4.092515	29.579000	296.992892
4.091330	29.580000	297.002933
4.090144	29.581000	297.012973
4.088958	29.582000	297.023014
4.087772	29.583000	297.033055
4.086585	29.584000	297.043095
4.085398	29.585000	297.053136
4.084211	29.586000	297.063177
4.083024	29.587000	297.073217
4.081837	29.588000	297.083258
4.080649	29.589000	297.093299
4.079461	29.590000	297.103339
4.078273	29.591000	297.113380
4.077084	29.592000	297.123421
4.075896	29.593000	297.133461
4.074707	29.594000	297.143502
4.073518	29.595000	297.153543
4.072328	29.596000	297.163583
4.071139	29.597000	297.173624
4.069949	29.598000	297.183665
4.068759	29.599000	297.193705
4.067568	29.600000	297.203746
4.066378	29.601000	297.213787
4.065187	29.602000	297.223827
4.063996	29.603000	297.233868
4.062805	29.604000	297.243909
4.061613	29.605000	297.253949
4.060421	29.606000	297.263990
4.059229	29.607000	297.274031
4.058037	29.608000	297.284071
4.056844	29.609000	297.294112
4.055652	29.610000	297.304153
4.054459	29.611000	297.314193
4.053265	29.612000	297.324234
4.052072	29.613000	297.334275
4.050878	29.614000	297.344315
4.049684	29.615000	297.354356
4.048490	29.616000	297.364397
4.047296	29.617000	297.374437
4.046101	29.618000	297.384478
4.044906	29.619000	297.394519
4.043711	29.620000	297.404559
4.042515	29.621000	297.414600
4.041320	29.622000	297.424641
4.040124	29.623000	297.434681
4.038928	29.624000	297.444722
4.037731	29.625000	297.454763
4.036534	29.626000	297.464803
4.035338	29.627000	297.474844
4.034140	29.628000	297.484885
4.032943	29.629000	297.494925
4.031745	29.630000	297.504966
4.030547	29.631000	297.515007
4.029349	29.632000	297.525047
4.028151	29.633000	297.535088
4.026952	29.634000	297.545129
4.025754	29.635000	297.555169
4.024554	29.636000	297.565210
4.023355	29.637000	297.575251
4.022155	29.638000	297.585291
4.020956	29.639000	297.595332
4.019755	29.640000	297.605373
4.018555	29.641000	297.615413
4.017355	29.642000	297.625454
4.016154	29.643000	297.635495
4.014953	29.644000	297.645535
4.013751	29.645000	297.655576
4.012550	29.646000	297.665617
4.011348	29.647000	297.675657
4.010146	29.648000	297.685698
4.008943	29.649000	297.695739
4.007741	29.650000	297.705779
4.006538	29.651000	297.715820
4.005335	29.652000	297.725861
4.004132	29.653000	297.735901
4.002928	29.654000	297.745942
4.001724	29.655000	297.755983
4.000520	29.656000	297.766023
3.999316	29.657000	297.776064
3.998111	29.658000	297.786105
3.996906	29.659000	297.796145
3.995701	29.660000	297.806186
3.994496	29.661000	297.816227
3.993290	29.662000	297.826267
3.992085	29.663000	297.836308
3.990878	29.664000	297.846349
3.989672	29.665000	297.856389
3.988466	29.666000	297.866430
3.987259	29.667000	297.876471
3.986052	29.668000	297.886511
3.984844	29.669000	297.896552
3.983637	29.670000	297.906593
3.982429	29.671000	297.916633
3.981221	29.672000	297.926674
3.980012	29.673000	297.936715
3.978804	29.674000	297.946755
3.977595	29.675000	297.956796
3.976386	29.676000	297.966837
3.975176	29.677000	297.976877
3.973967	29.678000	297.986918
3.972757	29.679000	297.996959
3.971547	29.680000	298.006999
3.970336	29.681000	298.017040
3.969126	29.682000	298.027081
3.967915	29.683000	298.037121
3.966704	29.684000	298.047162
3.965492	29.685000	298.057203
3.964281	29.686000	298.067243
3.963069	29.687000	298.077284
3.961857	29.688000	298.087325
3.960644	29.689000	298.097365
3.959431	29.690000	298.107406
3.958219	29.691000	298.117447
3.957005	29.692000	298.127487
3.955792	29.693000	298.137528
3.954578	29.694000	298.147569
3.953364	29.695000	298.157609
3.952150	29.696000	298.167650
3.950936	29.697000	298.177691
3.949721	29.698000	298.187731
3.948506	29.699000	298.197772
3.947291	29.700000	298.207813
3.946075	29.701000	298.217853
3.944859	29.702000	298.227894
3.943643	29.703000	298.237935
3.942427	29.704000	298.247975
3.941210	29.705000	298.258016
3.939994	29.706000	298.268057
3.938777	29.707000	298.278097
3.937559	29.708000	298.288138
3.936342	29.709000	298.298179
3.935124	29.710000	298.308219
3.933906	29.711000	298.318260
3.932687	29.712000	298.328301
3.931469	29.713000	298.338341
3.930250	29.714000	298.348382
3.929031	29.715000	298.358423
3.927811	29.716000	298.368463
3.926592	29.717000	298.378504
3.925372	29.718000	298.388545
3.924152	29.719000	298.398585
3.922931	29.720000	298.408626
3.921711	29.721000	298.418667
3.920490	29.722000	298.428707
3.919268	29.723000	298.438748
3.918047	29.724000	298.448789
3.916825	29.725000	298.458829
3.915603	29.726000	298.468870
3.914381	29.727000	298.478911
3.913158	29.728000	298.488951
3.911936	29.729000	298.498992
3.910712	29.730000	298.509033
3.909489	29.731000	298.519073
3.908266	29.732000	298.529114
3.907042	29.733000	298.539155
3.905818	29.734000	298.549195
3.904593	29.735000	298.559236
3.903369	29.736000	298.569277
3.902144	29.737000	298.579317
3.900918	29.738000	298.589358
3.899693	29.739000	298.599399
3.898467	29.740000	298.609439
3.897241	29.741000	298.619480
3.896015	29.742000	298.629521
3.894789	29.743000	298.639561
3.893562	29.744000	298.649602
3.892335	29.745000	298.659643
3.891108	29.746000	298.669683
3.889880	29.747000	298.679724
3.888652	29.748000	298.689765
3.887424	29.749000	298.699805
3.886196	29.750000	298.709846
3.884967	29.751000	298.719887
3.883738	29.752000	298.729927
3.882509	29.753000	298.739968
3.881280	29.754000	298.750009
3.880050	29.755000	298.760049
3.878820	29.756000	298.770090
3.877590	29.757000	298.780131
3.876359	29.758000	298.790171
3.875128	29.759000	298.800212
3.873897	29.760000	298.810253
3.872666	29.761000	298.820293
3.871434	29.762000	298.830334
3.870203	29.763000	298.840375
3.868970	29.764000	298.850415
3.867738	29.765000	298.860456
3.866505	29.766000	298.870497
3.865272	29.767000	298.880537
3.864039	29.768000	298.890578
3.862806	29.769000	298.900619
3.861572	29.770000	298.910659
3.860338	29.771000	298.920700
3.859104	29.772000	298.930741
3.857869	29.773000	298.940781
3.856634	29.774000	298.950822
3.855399	29.775000	298.960863
3.854164	29.776000	298.970903
3.852928	29.777000	298.980944
3.851692	29.778000	298.990985
3.850456	29.779000	299.001025
3.849220	29.780000	299.011066
3.847983	29.781000	299.021107
3.846746	29.782000	299.031147
3.845509	29.783000	299.041188
3.844271	29.784000	299.051229
3.843033	29.785000	299.061269
3.841795	29.786000	299.071310
3.840557	29.787000	299.081351
3.839318	29.788000	299.091391
3.838079	29.789000	299.101432
3.836840	29.790000	299.111473
3.835600	29.791000	299.121513
3.834361	29.792000	299.131554
3.833121	29.793000	299.141595
3.831880	29.794000	299.151635
3.830640	29.795000	299.161676
3.829399	29.796000	299.171717
3.828158	29.797000	299.181757
3.826916	29.798000	299.191798
3.825675	29.799000	299.201839
3.824433	29.800000	299.211879
3.823190	29.801000	299.221920
3.821948	29.802000	299.231961
3.820705	29.803000	299.242001
3.819462	29.804000	299.252042
3.818219	29.805000	299.262083
3.816975	29.806000	299.272123
3.815731	29.807000	299.282164
3.814487	29.808000	299.292205
3.813242	29.809000	299.302245
3.811998	29.810000	299.312286
3.810753	29.811000	299.322327
3.809507	29.812000	299.332367
3.808262	29.813000	299.342408
3.807016	29.814000	299.352449
3.805770	29.815000	299.362489
3.804523	29.816000	299.372530
3.803277	29.817000	299.382571
3.802030	29.818000	299.392611
3.800782	29.819000	299.402652
3.799535	29.820000	299.412693
3.798287	29.821000	299.422733
3.797039	29.822000	299.432774
3.795791	29.823000	299.442815
3.794542	29.824000	299.452855
3.793293	29.825000	299.462896
3.792044	29.826000	299.472937
3.790794	29.827000	299.482977
3.789544	29.828000	299.493018
3.788294	29.829000	299.503059
3.787044	29.830000	299.513099
3.785793	29.831000	299.523140
3.784542	29.832000	299.533181
3.783291	29.833000	299.543221
3.782040	29.834000	299.553262
3.780788	29.835000	299.563303
3.779536	29.836000	299.573343
3.778283	29.837000	299.583384
3.777031	29.838000	299.593425
3.775778	29.839000	299.603465
3.774525	29.840000	299.613506
3.773271	29.841000	299.623547
3.772017	29.842000	299.633587
3.770763	29.843000	299.643628
3.769509	29.844000	299.653669
3.768254	29.845000	299.663709
3.766999	29.846000	299.673750
3.765744	29.847000	299.683791
3.764489	29.848000	299.693831
3.763233	29.849000	299.703872
3.761977	29.850000	299.713913
3.760720	29.851000	299.723953
3.759464	29.852000	299.733994
3.758207	29.853000	299.744035
3.756950	29.854000	299.754075
3.755692	29.855000	299.764116
3.754434	29.856000	299.774157
3.753176	29.857000	299.784197
3.751918	29.858000	299.794238
3.750659	29.859000	299.804279
3.749400	29.860000	299.814319
3.748141	29.861000	299.824360
3.746881	29.862000	299.834401
3.745622	29.863000	299.844441
3.744361	29.864000	299.854482
3.743101	29.865000	299.864523
3.741840	29.866000	299.874563
3.740579	29.867000	299.884604
3.739318	29.868000	299.894645
3.738056	29.869000	299.904685
3.736795	29.870000	299.914726
3.735532	29.871000	299.924767
3.734270	29.872000	299.934807
3.733007	29.873000	299.944848
3.731744	29.874000	299.954889
3.730481	29.875000	299.964929
3.729217	29.876000	299.974970
3.727953	29.877000	299.985011
3.726689	29.878000	299.995051
3.725425	29.879000	300.005092
3.724160	29.880000	300.015133
3.722895	29.881000	300.025173
3.721629	29.882000	300.035214
3.720364	29.883000	300.045255
3.719098	29.884000	300.055295
3.717831	29.885000	300.065336
3.716565	29.886000	300.075377
3.715298	29.887000	300.085417
3.714031	29.888000	300.095458
3.712763	29.889000	300.105499
3.711495	29.890000	300.115539
3.710227	29.891000	300.125580
3.708959	29.892000	300.135621
3.707690	29.893000	300.145661
3.706421	29.894000	300.155702
3.705152	29.895000	300.165743
3.703883	29.896000	300.175783
3.702613	29.897000	300.185824
3.701343	29.898000	300.195865
3.700072	29.899000	300.205905
3.698802	29.900000	300.215946
3.697530	29.901000	300.225987
3.696259	29.902000	300.236027
3.694988	29.903000	300.246068
3.693716	29.904000	300.256109
3.692443	29.905000	300.266149
3.691171	29.906000	300.276190
3.689898	29.907000	300.286231
3.688625	29.908000	300.296271
3.687351	29.909000	300.306312
3.686078	29.910000	300.316353
3.684804	29.911000	300.326393
3.683529	29.912000	300.336434
3.682255	29.913000	300.346475
3.680980	29.914000	300.356515
3.679704	29.915000	300.366556
3.678429	29.916000	300.376597
3.677153	29.917000	300.386637
3.675877	29.918000	300.396678
3.674600	29.919000	300.406719
3.673324	29.920000	300.416759
3.672047	29.921000	300.426800
3.670769	29.922000	300.436841
3.669492	29.923000	300.446881
3.668214	29.924000	300.456922
3.666935	29.925000	300.466963
3.665657	29.926000	300.477003
3.664378	29.927000	300.487044
3.663099	29.928000	300.497085
3.661819	29.929000	300.507125
3.660539	29.930000	300.517166
3.659259	29.931000	300.527207
3.657979	29.932000	300.537247
3.656698	29.933000	300.547288
3.655417	29.934000	300.557329
3.654136	29.935000	300.567369
3.652854	29.936000	300.577410
3.651572	29.937000	300.587451
3.650290	29.938000	300.597491
3.649007	29.939000	300.607532
3.647724	29.940000	300.617573
3.646441	29.941000	300.627613
3.645158	29.942000	300.637654
3.643874	29.943000	300.647695
3.642590	29.944000	300.657735
3.641305	29.945000	300.667776
3.640021	29.946000	300.677817
3.638736	29.947000	300.687857
3.637450	29.948000	300.697898
3.636165	29.949000	300.707939
3.634879	29.950000	300.717979
3.633592	29.951000	300.728020
3.632306	29.952000	300.738061
3.631019	29.953000	300.748101
3.629732	29.954000	300.758142
3.628444	29.955000	300.768183
3.627156	29.956000	300.778223
3.625868	29.957000	300.788264
3.624580	29.958000	300.798305
3.623291	29.959000	300.808345
3.622002	29.960000	300.818386
3.620712	29.961000	300.828427
3.619423	29.962000	300.838467
3.618133	29.963000	300.848508
3.616842	29.964000	300.858549
3.615552	29.965000	300.868589
3.614261	29.966000	300.878630
3.612969	29.967000	300.888671
3.611678	29.968000	300.898711
3.610386	29.969000	300.908752
3.609094	29.970000	300.918793
3.607801	29.971000	300.928833
3.606508	29.972000	300.938874
3.605215	29.973000	300.948915
3.603921	29.974000	300.958955
3.602628	29.975000	300.968996
3.601333	29.976000	300.979037
3.600039	29.977000	300.989077
3.598744	29.978000	300.999118
3.597449	29.979000	301.009159
3.596154	29.980000	301.019199
3.594858	29.981000	301.029240
3.593562	29.982000	301.039281
3.592265	29.983000	301.049321
3.590969	29.984000	301.059362
3.589672	29.985000	301.069403
3.588374	29.986000	301.079443
3.587077	29.987000	301.089484
3.585779	29.988000	301.099525
3.584481	29.989000	301.109565
3.583182	29.990000	301.119606
3.581883	29.991000	301.129647
3.580584	29.992000	301.139687
3.579284	29.993000	301.149728
3.577984	29.994000	301.159769
3.576684	29.995000	301.169809
3.575383	29.996000	301.179850
3.574083	29.997000	301.189891
3.572781	29.998000	301.199931
3.571480	29.999000	301.209972
3.570178	30.000000	301.220013
3.568876	30.001000	301.230053
3.567573	30.002000	301.240094
3.566271	30.003000	301.250135
3.564967	30.004000	301.260175
3.563664	30.005000	301.270216
3.562360	30.006000	301.280257
3.561056	30.007000	301.290298
3.559752	30.008000	301.300338
3.558447	30.009000	301.310379
3.557142	30.010000	301.320420
3.555836	30.011000	301.330460
3.554531	30.012000	301.340501
3.553225	30.013000	301.350542
3.551918	30.014000	301.360582
3.550611	30.015000	301.370623
3.549304	30.016000	301.380664
3.547997	30.017000	301.390704
3.546689	30.018000	301.400745
3.545381	30.019000	301.410786
3.544073	30.020000	301.420826
3.542764	30.021000	301.430867
3.541455	30.022000	301.440908
3.540146	30.023000	301.450948
3.538836	30.024000	301.460989
3.537526	30.025000	301.471030
3.536216	30.026000	301.481070
3.534905	30.027000	301.491111
3.533594	30.028000	301.501152
3.532283	30.029000	301.511192
3.530971	30.030000	301.521233
3.529659	30.031000	301.531274
3.528347	30.032000	301.541314
3.527034	30.033000	301.551355
3.525721	30.034000	301.561396
3.524408	30.035000	301.571436
3.523094	30.036000	301.581477
3.521780	30.037000	301.591518
3.520466	30.038000	301.601558
3.519151	30.039000	301.611599
3.517836	30.040000	301.621640
3.516521	30.041000	301.631680
3.515205	30.042000	301.641721
3.513889	30.043000	301.651762
3.512573	30.044000	301.661802
3.511256	30.045000	301.671843
3.509939	30.046000	301.681884
3.508622	30.047000	301.691924
3.507304	30.048000	301.701965
3.505986	30.049000	301.712006
3.504667	30.050000	301.722046
3.503349	30.051000	301.732087
3.502030	30.052000	301.742128
3.500710	30.053000	301.752168
3.499391	30.054000	301.762209
3.498071	30.055000	301.772250
3.496750	30.056000	301.782290
3.495429	30.057000	301.792331
3.494108	30.058000	301.802372
3.492787	30.059000	301.812412
3.491465	30.060000	301.822453
3.490143	30.061000	301.832494
3.488821	30.062000	301.842534
3.487498	30.063000	301.852575
3.486175	30.064000	301.862616
3.484851	30.065000	301.872656
3.483527	30.066000	301.882697
3.482203	30.067000	301.892738
3.480879	30.068000	301.902778
3.479554	30.069000	301.912819
3.478229	30.070000	301.922860
3.476903	30.071000	301.932900
3.475577	30.072000	301.942941
3.474251	30.073000	301.952982
3.472925	30.074000	301.963022
3.471598	30.075000	301.973063
3.470270	30.076000	301.983104
3.468943	30.077000	301.993144
3.467615	30.078000	302.003185
3.466287	30.079000	302.013226
3.464958	30.080000	302.023266
3.463629	30.081000	302.033307
3.462300	30.082000	302.043348
3.460970	30.083000	302.053388
3.459640	30.084000	302.063429
3.458310	30.085000	302.073470
3.456979	30.086000	302.083510
3.455648	30.087000	302.093551
3.454316	30.088000	302.103592
3.452985	30.089000	302.113632
3.451653	30.090000	302.123673
3.450320	30.091000	302.133714
3.448987	30.092000	302.143754
3.447654	30.093000	302.153795
3.446321	30.094000	302.163836
3.444987	30.095000	302.173876
3.443653	30.096000	302.183917
3.442318	30.097000	302.193958
3.440983	30.098000	302.203998
3.439648	30.099000	302.214039
3.438312	30.100000	302.224080
3.436976	30.101000	302.234120
3.435640	30.102000	302.244161
3.434303	30.103000	302.254202
3.432966	30.104000	302.264242
3.431629	30.105000	302.274283
3.430291	30.106000	302.284324
3.428953	30.107000	302.294364
3.427615	30.108000	302.304405
3.426276	30.109000	302.314446
3.424937	30.110000	302.324486
3.423597	30.111000	302.334527
3.422257	30.112000	302.344568
3.420917	30.113000	302.354608
3.419576	30.114000	302.364649
3.418235	30.115000	302.374690
3.416894	30.116000	302.384730
3.415553	30.117000	302.394771
3.414211	30.118000	302.404812
3.412868	30.119000	302.414852
3.411525	30.120000	302.424893
3.410182	30.121000	302.434934
3.408839	30.122000	302.444974
3.407495	30.123000	302.455015
3.406151	30.124000	302.465056
3.404806	30.125000	302.475096
3.403461	30.126000	302.485137
3.402116	30.127000	302.495178
3.400771	30.128000	302.505218
3.399425	30.129000	302.515259
3.398078	30.130000	302.525300
3.396732	30.131000	302.535340
3.395385	30.132000	302.545381
3.394037	30.133000	302.555422
3.392689	30.134000	302.565462
3.391341	30.135000	302.575503
3.389993	30.136000	302.585544
3.388644	30.137000	302.595584
3.387295	30.138000	302.605625
3.385945	30.139000	302.615666
3.384595	30.140000	302.625706
3.383245	30.141000	302.635747
3.381894	30.142000	302.645788
3.380543	30.143000	302.655828
3.379192	30.144000	302.665869
3.377840	30.145000	302.675910
3.376488	30.146000	302.685950
3.375135	30.147000	302.695991
3.373782	30.148000	302.706032
3.372429	30.149000	302.716072
3.371075	30.150000	302.726113
3.369721	30.151000	302.736154
3.368367	30.152000	302.746194
3.367012	30.153000	302.756235
3.365657	30.154000	302.766276
3.364302	30.155000	302.776316
3.362946	30.156000	302.786357
3.361589	30.157000	302.796398
3.360233	30.158000	302.806438
3.358876	30.159000	302.816479
3.357519	30.160000	302.826520
3.356161	30.161000	302.836560
3.354803	30.162000	302.846601
3.353444	30.163000	302.856642
3.352085	30.164000	302.866682
3.350726	30.165000	302.876723
3.349367	30.166000	302.886764
3.348007	30.167000	302.896804
3.346646	30.168000	302.906845
3.345286	30.169000	302.916886
3.343925	30.170000	302.926926
3.342563	30.171000	302.936967
3.341201	30.172000	302.947008
3.339839	30.173000	302.957048
3.338477	30.174000	302.967089
3.337114	30.175000	302.977130
3.335750	30.176000	302.987170
3.334387	30.177000	302.997211
3.333023	30.178000	303.007252
3.331658	30.179000	303.017292
3.330293	30.180000	303.027333
3.328928	30.181000	303.037374
3.327562	30.182000	303.047414
3.326196	30.183000	303.057455
3.324830	30.184000	303.067496
3.323463	30.185000	303.077536
3.322096	30.186000	303.087577
3.320729	30.187000	303.097618
3.319361	30.188000	303.107658
3.317993	30.189000	303.117699
3.316624	30.190000	303.127740
3.315255	30.191000	303.137780
3.313886	30.192000	303.147821
3.312516	30.193000	303.157862
3.311146	30.194000	303.167902
3.309775	30.195000	303.177943
3.308404	30.196000	303.187984
3.307033	30.197000	303.198024
3.305661	30.198000	303.208065
3.304289	30.199000	303.218106
3.302916	30.200000	303.228146
3.301544	30.201000	303.238187
3.300170	30.202000	303.248228
3.298797	30.203000	303.258268
3.297423	30.204000	303.268309
3.296048	30.205000	303.278350
3.294673	30.206000	303.288390
3.293298	30.207000	303.298431
3.291923	30.208000	303.308472
3.290547	30.209000	303.318512
3.289170	30.210000	303.328553
3.287794	30.211000	303.338594
3.286416	30.212000	303.348634
3.285039	30.213000	303.358675
3.283661	30.214000	303.368716
3.282283	30.215000	303.378756
3.280904	30.216000	303.388797
3.279525	30.217000	303.398838
3.278145	30.218000	303.408878
3.276766	30.219000	303.418919
3.275385	30.220000	303.428960
3.274005	30.221000	303.439000
3.272624	30.222000	303.449041
3.271242	30.223000	303.459082
3.269860	30.224000	303.469122
3.268478	30.225000	303.479163
3.267095	30.226000	303.489204
3.265712	30.227000	303.499244
3.264329	30.228000	303.509285
3.262945	30.229000	303.519326
3.261561	30.230000	303.529366
3.260176	30.231000	303.539407
3.258791	30.232000	303.549448
3.257406	30.233000	303.559488
3.256020	30.234000	303.569529
3.254634	30.235000	303.579570
3.253247	30.236000	303.589610
3.251860	30.237000	303.599651
3.250473	30.238000	303.609692
3.249085	30.239000	303.619732
3.247697	30.240000	303.629773
3.246308	30.241000	303.639814
3.244919	30.242000	303.649854
3.243530	30.243000	303.659895
3.242140	30.244000	303.669936
3.240750	30.245000	303.679976
3.239359	30.246000	303.690017
3.237968	30.247000	303.700058
3.236577	30.248000	303.710098
3.235185	30.249000	303.720139
3.233793	30.250000	303.730180
3.232400	30.251000	303.740220
3.231007	30.252000	303.750261
3.229614	30.253000	303.760302
3.228220	30.254000	303.770342
3.226826	30.255000	303.780383
3.225431	30.256000	303.790424
3.224036	30.257000	303.800464
3.222640	30.258000	303.810505
3.221245	30.259000	303.820546
3.219848	30.260000	303.830586
3.218452	30.261000	303.840627
3.217054	30.262000	303.850668
3.215657	30.263000	303.860708
3.214259	30.264000	303.870749
3.212861	30.265000	303.880790
3.211462	30.266000	303.890830
3.210063	30.267000	303.900871
3.208663	30.268000	303.910912
3.207263	30.269000	303.920952
3.205863	30.270000	303.930993
3.204462	30.271000	303.941034
3.203061	30.272000	303.951074
3.201659	30.273000	303.961115
3.200257	30.274000	303.971156
3.198855	30.275000	303.981196
3.197452	30.276000	303.991237
3.196049	30.277000	304.001278
3.194645	30.278000	304.011318
3.193241	30.279000	304.021359
3.191836	30.280000	304.031400
3.190431	30.281000	304.041440
3.189026	30.282000	304.051481
3.187620	30.283000	304.061522
3.186214	30.284000	304.071562
3.184807	30.285000	304.081603
3.183400	30.286000	304.091644
3.181993	30.287000	304.101684
3.180585	30.288000	304.111725
3.179177	30.289000	304.121766
3.177768	30.290000	304.131806
3.176359	30.291000	304.141847
3.174949	30.292000	304.151888
3.173539	30.293000	304.161928
3.172129	30.294000	304.171969
3.170718	30.295000	304.182010
3.169307	30.296000	304.192050
3.167895	30.297000	304.202091
3.166483	30.298000	304.212132
3.165071	30.299000	304.222172
3.163658	30.300000	304.232213
3.162244	30.301000	304.242254
3.160831	30.302000	304.252294
3.159416	30.303000	304.262335
3.158002	30.304000	304.272376
3.156587	30.305000	304.282416
3.155171	30.306000	304.292457
3.153755	30.307000	304.302498
3.152339	30.308000	304.312538
3.150922	30.309000	304.322579
3.149505	30.310000	304.332620
3.148087	30.311000	304.342660
3.146669	30.312000	304.352701
3.145251	30.313000	304.362742
3.143832	30.314000	304.372782
3.142412	30.315000	304.382823
3.140993	30.316000	304.392864
3.139572	30.317000	304.402904
3.138152	30.318000	304.412945
3.136731	30.319000	304.422986
3.135309	30.320000	304.433026
3.133887	30.321000	304.443067
3.132465	30.322000	304.453108
3.131042	30.323000	304.463148
3.129619	30.324000	304.473189
3.128195	30.325000	304.483230
3.126771	30.326000	304.493270
3.125347	30.327000	304.503311
3.123922	30.328000	304.513352
3.122496	30.329000	304.523392
3.121070	30.330000	304.533433
3.119644	30.331000	304.543474
3.118217	30.332000	304.553514
3.116790	30.333000	304.563555
3.115362	30.334000	304.573596
3.113934	30.335000	304.583636
3.112506	30.336000	304.593677
3.111077	30.337000	304.603718
3.109648	30.338000	304.613758
3.108218	30.339000	304.623799
3.106788	30.340000	304.633840
3.105357	30.341000	304.643880
3.103926	30.342000	304.653921
3.102494	30.343000	304.663962
3.101062	30.344000	304.674002
3.099630	30.345000	304.684043
3.098197	30.346000	304.694084
3.096763	30.347000	304.704124
3.095330	30.348000	304.714165
3.093895	30.349000	304.724206
3.092461	30.350000	304.734246
3.091025	30.351000	304.744287
3.089590	30.352000	304.754328
3.088154	30.353000	304.764368
3.086717	30.354000	304.774409
3.085280	30.355000	304.784450
3.083843	30.356000	304.794490
3.082405	30.357000	304.804531
3.080967	30.358000	304.814572
3.079528	30.359000	304.824612
3.078089	30.360000	304.834653
3.076649	30.361000	304.844694
3.075209	30.362000	304.854734
3.073769	30.363000	304.864775
3.072328	30.364000	304.874816
3.070886	30.365000	304.884856
3.069444	30.366000	304.894897
3.068002	30.367000	304.904938
3.066559	30.368000	304.914978
3.065116	30.369000	304.925019
3.063672	30.370000	304.935060
3.062228	30.371000	304.945100
3.060784	30.372000	304.955141
3.059338	30.373000	304.965182
3.057893	30.374000	304.975222
3.056447	30.375000	304.985263
3.055000	30.376000	304.995304
3.053554	30.377000	305.005344
3.052106	30.378000	305.015385
3.050658	30.379000	305.025426
3.049210	30.380000	305.035466
3.047761	30.381000	305.045507
3.046312	30.382000	305.055548
3.044862	30.383000	305.065588
3.043412	30.384000	305.075629
3.041962	30.385000	305.085670
3.040511	30.386000	305.095710
3.039059	30.387000	305.105751
3.037607	30.388000	305.115792
3.036155	30.389000	305.125832
3.034702	30.390000	305.135873
3.033248	30.391000	305.145914
3.031795	30.392000	305.155954
3.030340	30.393000	305.165995
3.028885	30.394000	305.176036
3.027430	30.395000	305.186076
3.025974	30.396000	305.196117
3.024518	30.397000	305.206158
3.023062	30.398000	305.216198
3.021604	30.399000	305.226239
3.020147	30.400000	305.236280
3.018689	30.401000	305.246320
3.017230	30.402000	305.256361
3.015771	30.403000	305.266402
3.014312	30.404000	305.276442
3.012852	30.405000	305.286483
3.011391	30.406000	305.296524
3.009931	30.407000	305.306564
3.008469	30.408000	305.316605
3.007007	30.409000	305.326646
3.005545	30.410000	305.336686
3.004082	30.411000	305.346727
3.002619	30.412000	305.356768
3.001155	30.413000	305.366808
2.999691	30.414000	305.376849
2.998226	30.415000	305.386890
2.996761	30.416000	305.396930
2.995295	30.417000	305.406971
2.993829	30.418000	305.417012
2.992363	30.419000	305.427052
2.990896	30.420000	305.437093
2.989428	30.421000	305.447134
2.987960	30.422000	305.457174
2.986491	30.423000	305.467215
2.985022	30.424000	305.477256
2.983553	30.425000	305.487296
2.982083	30.426000	305.497337
2.980612	30.427000	305.507378
2.979141	30.428000	305.517418
2.977670	30.429000	305.527459
2.976198	30.430000	305.537500
2.974726	30.431000	305.547540
2.973253	30.432000	305.557581
2.971779	30.433000	305.567622
2.970306	30.434000	305.577662
2.968831	30.435000	305.587703
2.967356	30.436000	305.597744
2.965881	30.437000	305.607784
2.964405	30.438000	305.617825
2.962929	30.439000	305.627866
2.961452	30.440000	305.637906
2.959975	30.441000	305.647947
2.958497	30.442000	305.657988
2.957019	30.443000	305.668028
2.955540	30.444000	305.678069
2.954061	30.445000	305.688110
2.952581	30.446000	305.698150
2.951101	30.447000	305.708191
2.949620	30.448000	305.718232
2.948139	30.449000	305.728272
2.946657	30.450000	305.738313
2.945175	30.451000	305.748354
2.943692	30.452000	305.758394
2.942209	30.453000	305.768435
2.940725	30.454000	305.778476
2.939241	30.455000	305.788516
2.937756	30.456000	305.798557
2.936271	30.457000	305.808598
2.934785	30.458000	305.818638
2.933299	30.459000	305.828679
2.931812	30.460000	305.838720
2.930325	30.461000	305.848760
2.928837	30.462000	305.858801
2.927349	30.463000	305.868842
2.925860	30.464000	305.878882
2.924371	30.465000	305.888923
2.922881	30.466000	305.898964
2.921391	30.467000	305.909004
2.919900	30.468000	305.919045
2.918409	30.469000	305.929086
2.916917	30.470000	305.939126
2.915425	30.471000	305.949167
2.913932	30.472000	305.959208
2.912439	30.473000	305.969248
2.910945	30.474000	305.979289
2.909451	30.475000	305.989330
2.907956	30.476000	305.999370
2.906461	30.477000	306.009411
2.904965	30.478000	306.019452
2.903469	30.479000	306.029492
2.901972	30.480000	306.039533
2.900474	30.481000	306.049574
2.898976	30.482000	306.059614
2.897478	30.483000	306.069655
2.895979	30.484000	306.079696
2.894480	30.485000	306.089736
2.892980	30.486000	306.099777
2.891479	30.487000	306.109818
2.889978	30.488000	306.119858
2.888477	30.489000	306.129899
2.886975	30.490000	306.139940
2.885472	30.491000	306.149980
2.883969	30.492000	306.160021
2.882466	30.493000	306.170062
2.880961	30.494000	306.180102
2.879457	30.495000	306.190143
2.877952	30.496000	306.200184
2.876446	30.497000	306.210224
2.874940	30.498000	306.220265
2.873433	30.499000	306.230306
2.871926	30.500000	306.240346
2.870418	30.501000	306.250387
2.868910	30.502000	306.260428
2.867401	30.503000	306.270468
2.865892	30.504000	306.280509
2.864382	30.505000	306.290550
2.862871	30.506000	306.300590
2.861361	30.507000	306.310631
2.859849	30.508000	306.320672
2.858337	30.509000	306.330712
2.856825	30.510000	306.340753
2.855312	30.511000	306.350794
2.853798	30.512000	306.360834
2.852284	30.513000	306.370875
2.850769	30.514000	306.380916
2.849254	30.515000	306.390956
2.847738	30.516000	306.400997
2.846222	30.517000	306.411038
2.844705	30.518000	306.421078
2.843188	30.519000	306.431119
2.841670	30.520000	306.441160
2.840152	30.521000	306.451200
2.838633	30.522000	306.461241
2.837114	30.523000	306.471282
2.835594	30.524000	306.481322
2.834073	30.525000	306.491363
2.832552	30.526000	306.501404
2.831030	30.527000	306.511444
2.829508	30.528000	306.521485
2.827986	30.529000	306.531526
2.826462	30.530000	306.541566
2.824939	30.531000	306.551607
2.823414	30.532000	306.561648
2.821889	30.533000	306.571688
2.820364	30.534000	306.581729
2.818838	30.535000	306.591770
2.817312	30.536000	306.601810
2.815784	30.537000	306.611851
2.814257	30.538000	306.621892
2.812729	30.539000	306.631932
2.811200	30.540000	306.641973
2.809671	30.541000	306.652014
2.808141	30.542000	306.662054
2.806611	30.543000	306.672095
2.805080	30.544000	306.682136
2.803548	30.545000	306.692176
2.802016	30.546000	306.702217
2.800484	30.547000	306.712258
2.798951	30.548000	306.722298
2.797417	30.549000	306.732339
2.795883	30.550000	306.742380
2.794348	30.551000	306.752420
2.792813	30.552000	306.762461
2.791277	30.553000	306.772502
2.789740	30.554000	306.782542
2.788203	30.555000	306.792583
2.786666	30.556000	306.802624
2.785128	30.557000	306.812664
2.783589	30.558000	306.822705
2.782050	30.559000	306.832746
2.780510	30.560000	306.842786
2.778970	30.561000	306.852827
2.777429	30.562000	306.862868
2.775887	30.563000	306.872908
2.774345	30.564000	306.882949
2.772803	30.565000	306.892990
2.771259	30.566000	306.903030
2.769716	30.567000	306.913071
2.768171	30.568000	306.923112
2.766626	30.569000	306.933152
2.765081	30.570000	306.943193
2.763535	30.571000	306.953234
2.761988	30.572000	306.963274
2.760441	30.573000	306.973315
2.758894	30.574000	306.983356
2.757345	30.575000	306.993396
2.755796	30.576000	307.003437
2.754247	30.577000	307.013478
2.752697	30.578000	307.023518
2.751146	30.579000	307.033559
2.749595	30.580000	307.043600
2.748043	30.581000	307.053640
2.746491	30.582000	307.063681
2.744938	30.583000	307.073722
2.743385	30.584000	307.083762
2.741831	30.585000	307.093803
2.740276	30.586000	307.103844
2.738721	30.587000	307.113884
2.737165	30.588000	307.123925
2.735609	30.589000	307.133966
2.734052	30.590000	307.144006
2.732494	30.591000	307.154047
2.730936	30.592000	307.164088
2.729377	30.593000	307.174128
2.727818	30.594000	307.184169
2.726258	30.595000	307.194210
2.724698	30.596000	307.204250
2.723137	30.597000	307.214291
2.721575	30.598000	307.224332
2.720013	30.599000	307.234372
2.718450	30.600000	307.244413
2.716887	30.601000	307.254454
2.715323	30.602000	307.264494
2.713758	30.603000	307.274535
2.712193	30.604000	307.284576
2.710627	30.605000	307.294616
2.709061	30.606000	307.304657
2.707494	30.607000	307.314698
2.705926	30.608000	307.324738
2.704358	30.609000	307.334779
2.702789	30.610000	307.344820
2.701220	30.611000	307.354860
2.699650	30.612000	307.364901
2.698079	30.613000	307.374942
2.696508	30.614000	307.384982
2.694936	30.615000	307.395023
2.693364	30.616000	307.405064
2.691791	30.617000	307.415104
2.690218	30.618000	307.425145
2.688644	30.619000	307.435186
2.687069	30.620000	307.445226
2.685493	30.621000	307.455267
2.683917	30.622000	307.465308
2.682341	30.623000	307.475348
2.680764	30.624000	307.485389
2.679186	30.625000	307.495430
2.677608	30.626000	307.505470
2.676029	30.627000	307.515511
2.674449	30.628000	307.525552
2.672869	30.629000	307.535592
2.671288	30.630000	307.545633
2.669706	30.631000	307.555674
2.668124	30.632000	307.565714
2.666542	30.633000	307.575755
2.664958	30.634000	307.585796
2.663375	30.635000	307.595836
2.661790	30.636000	307.605877
2.660205	30.637000	307.615918
2.658619	30.638000	307.625958
2.657033	30.639000	307.635999
2.655446	30.640000	307.646040
2.653858	30.641000	307.656080
2.652270	30.642000	307.666121
2.650681	30.643000	307.676162
2.649092	30.644000	307.686202
2.647502	30.645000	307.696243
2.645911	30.646000	307.706284
2.644320	30.647000	307.716324
2.642728	30.648000	307.726365
2.641135	30.649000	307.736406
2.639542	30.650000	307.746446
2.637948	30.651000	307.756487
2.636354	30.652000	307.766528
2.634758	30.653000	307.776568
2.633163	30.654000	307.786609
2.631566	30.655000	307.796650
2.629969	30.656000	307.806690
2.628372	30.657000	307.816731
2.626774	30.658000	307.826772
2.625175	30.659000	307.836812
2.623575	30.660000	307.846853
2.621975	30.661000	307.856894
2.620374	30.662000	307.866934
2.618773	30.663000	307.876975
2.617171	30.664000	307.887016
2.615568	30.665000	307.897056
2.613965	30.666000	307.907097
2.612361	30.667000	307.917138
2.610756	30.668000	307.927178
2.609151	30.669000	307.937219
2.607545	30.670000	307.947260
2.605938	30.671000	307.957300
2.604331	30.672000	307.967341
2.602723	30.673000	307.977382
2.601115	30.674000	307.987422
2.599506	30.675000	307.997463
2.597896	30.676000	308.007504
2.596285	30.677000	308.017544
2.594674	30.678000	308.027585
2.593063	30.679000	308.037626
2.591450	30.680000	308.047666
2.589837	30.681000	308.057707
2.588224	30.682000	308.067748
2.586609	30.683000	308.077788
2.584994	30.684000	308.087829
2.583379	30.685000	308.097870
2.581762	30.686000	308.107910
2.580145	30.687000	308.117951
2.578528	30.688000	308.127992
2.576909	30.689000	308.138032
2.575290	30.690000	308.148073
2.573671	30.691000	308.158114
2.572051	30.692000	308.168154
2.570430	30.693000	308.178195
2.568808	30.694000	308.188236
2.567186	30.695000	308.198276
2.565563	30.696000	308.208317
2.563939	30.697000	308.218358
2.562315	30.698000	308.228398
2.560690	30.699000	308.238439
2.559065	30.700000	308.248480
2.557438	30.701000	308.258520
2.555811	30.702000	308.268561
2.554184	30.703000	308.278602
2.552556	30.704000	308.288642
2.550927	30.705000	308.298683
2.549297	30.706000	308.308724
2.547667	30.707000	308.318764
2.546036	30.708000	308.328805
2.544404	30.709000	308.338846
2.542772	30.710000	308.348886
2.541139	30.711000	308.358927
2.539505	30.712000	308.368968
2.537871	30.713000	308.379008
2.536236	30.714000	308.389049
2.534600	30.715000	308.399090
2.532964	30.716000	308.409130
2.531327	30.717000	308.419171
2.529689	30.718000	308.429212
2.528051	30.719000	308.439252
2.526412	30.720000	308.449293
2.524772	30.721000	308.459334
2.523131	30.722000	308.469374
2.521490	30.723000	308.479415
2.519848	30.724000	308.489456
2.518206	30.725000	308.499496
2.516562	30.726000	308.509537
2.514918	30.727000	308.519578
2.513274	30.728000	308.529618
2.511628	30.729000	308.539659
2.509982	30.730000	308.549700
2.508336	30.731000	308.559740
2.506688	30.732000	308.569781
2.505040	30.733000	308.579822
2.503391	30.734000	308.589862
2.501742	30.735000	308.599903
2.500092	30.736000	308.609944
2.498441	30.737000	308.619984
2.496789	30.738000	308.630025
2.495137	30.739000	308.640066
2.493484	30.740000	308.650106
2.491830	30.741000	308.660147
2.490176	30.742000	308.670188
2.488520	30.743000	308.680228
2.486865	30.744000	308.690269
2.485208	30.745000	308.700310
2.483551	30.746000	308.710350
2.481893	30.747000	308.720391
2.480234	30.748000	308.730432
2.478575	30.749000	308.740472
2.476915	30.750000	308.750513
2.475254	30.751000	308.760554
2.473592	30.752000	308.770594
2.471930	30.753000	308.780635
2.470267	30.754000	308.790676
2.468603	30.755000	308.800716
2.466939	30.756000	308.810757
2.465274	30.757000	308.820798
2.463608	30.758000	308.830838
2.461941	30.759000	308.840879
2.460274	30.760000	308.850920
2.458606	30.761000	308.860960
2.456937	30.762000	308.871001
2.455268	30.763000	308.881042
2.453597	30.764000	308.891082
2.451926	30.765000	308.901123
2.450255	30.766000	308.911164
2.448582	30.767000	308.921204
2.446909	30.768000	308.931245
2.445235	30.769000	308.941286
2.443561	30.770000	308.951326
2.441885	30.771000	308.961367
2.440209	30.772000	308.971408
2.438533	30.773000	308.981448
2.436855	30.774000	308.991489
2.435177	30.775000	309.001530
2.433498	30.776000	309.011570
2.431818	30.777000	309.021611
2.430138	30.778000	309.031652
2.428456	30.779000	309.041692
2.426774	30.780000	309.051733
2.425092	30.781000	309.061774
2.423408	30.782000	309.071814
2.421724	30.783000	309.081855
2.420039	30.784000	309.091896
2.418353	30.785000	309.101937
2.416667	30.786000	309.111977
2.414979	30.787000	309.122018
2.413292	30.788000	309.132059
2.411603	30.789000	309.142099
2.409913	30.790000	309.152140
2.408223	30.791000	309.162181
2.406532	30.792000	309.172221
2.404840	30.793000	309.182262
2.403148	30.794000	309.192303
2.401455	30.795000	309.202343
2.399761	30.796000	309.212384
2.398066	30.797000	309.222425
2.396370	30.798000	309.232465
2.394674	30.799000	309.242506
2.392977	30.800000	309.252547
2.391279	30.801000	309.262587
2.389580	30.802000	309.272628
2.387881	30.803000	309.282669
2.386181	30.804000	309.292709
2.384480	30.805000	309.302750
2.382778	30.806000	309.312791
2.381076	30.807000	309.322831
2.379373	30.808000	309.332872
2.377669	30.809000	309.342913
2.375964	30.810000	309.352953
2.374258	30.811000	309.362994
2.372552	30.812000	309.373035
2.370845	30.813000	309.383075
2.369137	30.814000	309.393116
2.367428	30.815000	309.403157
2.365719	30.816000	309.413197
2.364009	30.817000	309.423238
2.362298	30.818000	309.433279
2.360586	30.819000	309.443319
2.358873	30.820000	309.453360
2.357160	30.821000	309.463401
2.355446	30.822000	309.473441
2.353731	30.823000	309.483482
2.352015	30.824000	309.493523
2.350298	30.825000	309.503563
2.348581	30.826000	309.513604
2.346863	30.827000	309.523645
2.345144	30.828000	309.533685
2.343424	30.829000	309.543726
2.341704	30.830000	309.553767
2.339983	30.831000	309.563807
2.338260	30.832000	309.573848
2.336538	30.833000	309.583889
2.334814	30.834000	309.593929
2.333089	30.835000	309.603970
2.331364	30.836000	309.614011
2.329638	30.837000	309.624051
2.327911	30.838000	309.634092
2.326183	30.839000	309.644133
2.324455	30.840000	309.654173
2.322725	30.841000	309.664214
2.320995	30.842000	309.674255
2.319264	30.843000	309.684295
2.317532	30.844000	309.694336
2.315800	30.845000	309.704377
2.314066	30.846000	309.714417
2.312332	30.847000	309.724458
2.310597	30.848000	309.734499
2.308861	30.849000	309.744539
2.307124	30.850000	309.754580
2.305387	30.851000	309.764621
2.303649	30.852000	309.774661
2.301909	30.853000	309.784702
2.300169	30.854000	309.794743
2.298429	30.855000	309.804783
2.296687	30.856000	309.814824
2.294944	30.857000	309.824865
2.293201	30.858000	309.834905
2.291457	30.859000	309.844946
2.289712	30.860000	309.854987
2.287966	30.861000	309.865027
2.286220	30.862000	309.875068
2.284472	30.863000	309.885109
2.282724	30.864000	309.895149
2.280975	30.865000	309.905190
2.279225	30.866000	309.915231
2.277474	30.867000	309.925271
2.275722	30.868000	309.935312
2.273970	30.869000	309.945353
2.272216	30.870000	309.955393
2.270462	30.871000	309.965434
2.268707	30.872000	309.975475
2.266951	30.873000	309.985515
2.265194	30.874000	309.995556
2.263437	30.875000	310.005597
2.261678	30.876000	310.015637
2.259919	30.877000	310.025678
2.258159	30.878000	310.035719
2.256398	30.879000	310.045759
2.254636	30.880000	310.055800
2.252873	30.881000	310.065841
2.251110	30.882000	310.075881
2.249345	30.883000	310.085922
2.247580	30.884000	310.095963
2.245814	30.885000	310.106003
2.244046	30.886000	310.116044
2.242279	30.887000	310.126085
2.240510	30.888000	310.136125
2.238740	30.889000	310.146166
2.236970	30.890000	310.156207
2.235198	30.891000	310.166247
2.233426	30.892000	310.176288
2.231653	30.893000	310.186329
2.229879	30.894000	310.196369
2.228104	30.895000	310.206410
2.226328	30.896000	310.216451
2.224551	30.897000	310.226491
2.222774	30.898000	310.236532
2.220996	30.899000	310.246573
2.219216	30.900000	310.256613
2.217436	30.901000	310.266654
2.215655	30.902000	310.276695
2.213873	30.903000	310.286735
2.212090	30.904000	310.296776
2.210306	30.905000	310.306817
2.208522	30.906000	310.316857
2.206736	30.907000	310.326898
2.204950	30.908000	310.336939
2.203163	30.909000	310.346979
2.201374	30.910000	310.357020
2.199585	30.911000	310.367061
2.197795	30.912000	310.377101
2.196004	30.913000	310.387142
2.194213	30.914000	310.397183
2.192420	30.915000	310.407223
2.190626	30.916000	310.417264
2.188832	30.917000	310.427305
2.187036	30.918000	310.437345
2.185240	30.919000	310.447386
2.183443	30.920000	310.457427
2.181645	30.921000	310.467467
2.179846	30.922000	310.477508
2.178046	30.923000	310.487549
2.176245	30.924000	310.497589
2.174443	30.925000	310.507630
2.172640	30.926000	310.517671
2.170836	30.927000	310.527711
2.169032	30.928000	310.537752
2.167226	30.929000	310.547793
2.165420	30.930000	310.557833
2.163613	30.931000	310.567874
2.161804	30.932000	310.577915
2.159995	30.933000	310.587955
2.158185	30.934000	310.597996
2.156374	30.935000	310.608037
2.154562	30.936000	310.618077
2.152749	30.937000	310.628118
2.150935	30.938000	310.638159
2.149120	30.939000	310.648199
2.147305	30.940000	310.658240
2.145488	30.941000	310.668281
2.143670	30.942000	310.678321
2.141852	30.943000	310.688362
2.140032	30.944000	310.698403
2.138212	30.945000	310.708443
2.136390	30.946000	310.718484
2.134568	30.947000	310.728525
2.132745	30.948000	310.738565
2.130921	30.949000	310.748606
2.129095	30.950000	310.758647
2.127269	30.951000	310.768687
2.125442	30.952000	310.778728
2.123614	30.953000	310.788769
2.121785	30.954000	310.798809
2.119955	30.955000	310.808850
2.118124	30.956000	310.818891
2.116292	30.957000	310.828931
2.114459	30.958000	310.838972
2.112626	30.959000	310.849013
2.110791	30.960000	310.859053
2.108955	30.961000	310.869094
2.107118	30.962000	310.879135
2.105281	30.963000	310.889175
2.103442	30.964000	310.899216
2.101602	30.965000	310.909257
2.099762	30.966000	310.919297
2.097920	30.967000	310.929338
2.096077	30.968000	310.939379
2.094234	30.969000	310.949419
2.092389	30.970000	310.959460
2.090544	30.971000	310.969501
2.088697	30.972000	310.979541
2.086850	30.973000	310.989582
2.085001	30.974000	310.999623
2.083152	30.975000	311.009663
2.081301	30.976000	311.019704
2.079450	30.977000	311.029745
2.077597	30.978000	311.039785
2.075744	30.979000	311.049826
2.073889	30.980000	311.059867
2.072034	30.981000	311.069907
2.070177	30.982000	311.079948
2.068320	30.983000	311.089989
2.066461	30.984000	311.100029
2.064602	30.985000	311.110070
2.062742	30.986000	311.120111
2.060880	30.987000	311.130151
2.059018	30.988000	311.140192
2.057154	30.989000	311.150233
2.055289	30.990000	311.160273
2.053424	30.991000	311.170314
2.051557	30.992000	311.180355
2.049690	30.993000	311.190395
2.047821	30.994000	311.200436
2.045952	30.995000	311.210477
2.044081	30.996000	311.220517
2.042209	30.997000	311.230558
2.040337	30.998000	311.240599
2.038463	30.999000	311.250639
2.036588	31.000000	311.260680
2.034712	31.001000	311.270721
2.032836	31.002000	311.280761
2.030958	31.003000	311.290802
2.029079	31.004000	311.300843
2.027199	31.005000	311.310883
2.025318	31.006000	311.320924
2.023436	31.007000	311.330965
2.021553	31.008000	311.341005
2.019669	31.009000	311.351046
2.017784	31.010000	311.361087
2.015897	31.011000	311.371127
2.014010	31.012000	311.381168
2.012122	31.013000	311.391209
2.010233	31.014000	311.401249
2.008342	31.015000	311.411290
2.006451	31.016000	311.421331
2.004558	31.017000	311.431371
2.002665	31.018000	311.441412
2.000770	31.019000	311.451453
1.998874	31.020000	311.461493
1.996978	31.021000	311.471534
1.995080	31.022000	311.481575
1.993181	31.023000	311.491615
1.991281	31.024000	311.501656
1.989380	31.025000	311.511697
1.987478	31.026000	311.521737
1.985575	31.027000	311.531778
1.983671	31.028000	311.541819
1.981765	31.029000	311.551859
1.979859	31.030000	311.561900
1.977951	31.031000	311.571941
1.976043	31.032000	311.581981
1.974133	31.033000	311.592022
1.972222	31.034000	311.602063
1.970311	31.035000	311.612103
1.968398	31.036000	311.622144
1.966484	31.037000	311.632185
1.964569	31.038000	311.642225
1.962652	31.039000	311.652266
1.960735	31.040000	311.662307
1.958817	31.041000	311.672347
1.956897	31.042000	311.682388
1.954977	31.043000	311.692429
1.953055	31.044000	311.702469
1.951132	31.045000	311.712510
1.949208	31.046000	311.722551
1.947283	31.047000	311.732591
1.945357	31.048000	311.742632
1.943430	31.049000	311.752673
1.941502	31.050000	311.762713
1.939572	31.051000	311.772754
1.937641	31.052000	311.782795
1.935710	31.053000	311.792835
1.933777	31.054000	311.802876
1.931843	31.055000	311.812917
1.929908	31.056000	311.822957
1.927972	31.057000	311.832998
1.926034	31.058000	311.843039
1.924096	31.059000	311.853079
1.922156	31.060000	311.863120
1.920216	31.061000	311.873161
1.918274	31.062000	311.883201
1.916331	31.063000	311.893242
1.914387	31.064000	311.903283
1.912441	31.065000	311.913323
1.910495	31.066000	311.923364
1.908547	31.067000	311.933405
1.906599	31.068000	311.943445
1.904649	31.069000	311.953486
1.902698	31.070000	311.963527
1.900746	31.071000	311.973567
1.898792	31.072000	311.983608
1.896838	31.073000	311.993649
1.894882	31.074000	312.003689
1.892925	31.075000	312.013730
1.890967	31.076000	312.023771
1.889008	31.077000	312.033811
1.887048	31.078000	312.043852
1.885087	31.079000	312.053893
1.883124	31.080000	312.063933
1.881160	31.081000	312.073974
1.879195	31.082000	312.084015
1.877229	31.083000	312.094055
1.875262	31.084000	312.104096
1.873293	31.085000	312.114137
1.871324	31.086000	312.124177
1.869353	31.087000	312.134218
1.867381	31.088000	312.144259
1.865407	31.089000	312.154299
1.863433	31.090000	312.164340
1.861457	31.091000	312.174381
1.859481	31.092000	312.184421
1.857503	31.093000	312.194462
1.855523	31.094000	312.204503
1.853543	31.095000	312.214543
1.851561	31.096000	312.224584
1.849579	31.097000	312.234625
1.847595	31.098000	312.244665
1.845609	31.099000	312.254706
1.843623	31.100000	312.264747
1.841635	31.101000	312.274787
1.839647	31.102000	312.284828
1.837657	31.103000	312.294869
1.835665	31.104000	312.304909
1.833673	31.105000	312.314950
1.831679	31.106000	312.324991
1.829684	31.107000	312.335031
1.827688	31.108000	312.345072
1.825691	31.109000	312.355113
1.823692	31.110000	312.365153
1.821692	31.111000	312.375194
1.819691	31.112000	312.385235
1.817689	31.113000	312.395275
1.815686	31.114000	312.405316
1.813681	31.115000	312.415357
1.811675	31.116000	312.425397
1.809668	31.117000	312.435438
1.807659	31.118000	312.445479
1.805650	31.119000	312.455519
1.803639	31.120000	312.465560
1.801626	31.121000	312.475601
1.799613	31.122000	312.485641
1.797598	31.123000	312.495682
1.795582	31.124000	312.505723
1.793565	31.125000	312.515763
1.791547	31.126000	312.525804
1.789527	31.127000	312.535845
1.787506	31.128000	312.545885
1.785484	31.129000	312.555926
1.783460	31.130000	312.565967
1.781435	31.131000	312.576007
1.779409	31.132000	312.586048
1.777382	31.133000	312.596089
1.775353	31.134000	312.606129
1.773323	31.135000	312.616170
1.771292	31.136000	312.626211
1.769260	31.137000	312.636251
1.767226	31.138000	312.646292
1.765191	31.139000	312.656333
1.763155	31.140000	312.666373
1.761117	31.141000	312.676414
1.759078	31.142000	312.686455
1.757038	31.143000	312.696495
1.754997	31.144000	312.706536
1.752954	31.145000	312.716577
1.750910	31.146000	312.726617
1.748865	31.147000	312.736658
1.746818	31.148000	312.746699
1.744770	31.149000	312.756739
1.742721	31.150000	312.766780
1.740670	31.151000	312.776821
1.738618	31.152000	312.786861
1.736565	31.153000	312.796902
1.734510	31.154000	312.806943
1.732455	31.155000	312.816983
1.730397	31.156000	312.827024
1.728339	31.157000	312.837065
1.726279	31.158000	312.847105
1.724218	31.159000	312.857146
1.722156	31.160000	312.867187
1.720092	31.161000	312.877227
1.718027	31.162000	312.887268
1.715960	31.163000	312.897309
1.713892	31.164000	312.907349
1.711823	31.165000	312.917390
1.709753	31.166000	312.927431
1.707681	31.167000	312.937471
1.705608	31.168000	312.947512
1.703533	31.169000	312.957553
1.701458	31.170000	312.967593
1.699380	31.171000	312.977634
1.697302	31.172000	312.987675
1.695222	31.173000	312.997715
1.693141	31.174000	313.007756
1.691058	31.175000	313.017797
1.688974	31.176000	313.027837
1.686889	31.177000	313.037878
1.684802	31.178000	313.047919
1.682714	31.179000	313.057959
1.680625	31.180000	313.068000
1.678534	31.181000	313.078041
1.676442	31.182000	313.088081
1.674348	31.183000	313.098122
1.672253	31.184000	313.108163
1.670157	31.185000	313.118203
1.668059	31.186000	313.128244
1.665960	31.187000	313.138285
1.663859	31.188000	313.148325
1.661758	31.189000	313.158366
1.659654	31.190000	313.168407
1.657550	31.191000	313.178447
1.655444	31.192000	313.188488
1.653336	31.193000	313.198529
1.651227	31.194000	313.208569
1.649117	31.195000	313.218610
1.647006	31.196000	313.228651
1.644892	31.197000	313.238691
1.642778	31.198000	313.248732
1.640662	31.199000	313.258773
1.638545	31.200000	313.268813
1.636426	31.201000	313.278854
1.634306	31.202000	313.288895
1.632185	31.203000	313.298935
1.630062	31.204000	313.308976
1.627937	31.205000	313.319017
1.625812	31.206000	313.329057
1.623684	31.207000	313.339098
1.621556	31.208000	313.349139
1.619426	31.209000	313.359179
1.617294	31.210000	313.369220
1.615161	31.211000	313.379261
1.613027	31.212000	313.389301
1.610891	31.213000	313.399342
1.608754	31.214000	313.409383
1.606615	31.215000	313.419423
1.604475	31.216000	313.429464
1.602333	31.217000	313.439505
1.600190	31.218000	313.449545
1.598046	31.219000	313.459586
1.595900	31.220000	313.469627
1.593753	31.221000	313.479667
1.591604	31.222000	313.489708
1.589453	31.223000	313.499749
1.587302	31.224000	313.509789
1.585148	31.225000	313.519830
1.582994	31.226000	313.529871
1.580838	31.227000	313.539911
1.578680	31.228000	313.549952
1.576521	31.229000	313.559993
1.574360	31.230000	313.570033
1.572198	31.231000	313.580074
1.570035	31.232000	313.590115
1.567870	31.233000	313.600155
1.565703	31.234000	313.610196
1.563535	31.235000	313.620237
1.561366	31.236000	313.630277
1.559195	31.237000	313.640318
1.557022	31.238000	313.650359
1.554848	31.239000	313.660399
1.552673	31.240000	313.670440
1.550496	31.241000	313.680481
1.548318	31.242000	313.690521
1.546138	31.243000	313.700562
1.543956	31.244000	313.710603
1.541773	31.245000	313.720643
1.539589	31.246000	313.730684
1.537403	31.247000	313.740725
1.535216	31.248000	313.750765
1.533027	31.249000	313.760806
1.530836	31.250000	313.770847
1.528644	31.251000	313.780887
1.526451	31.252000	313.790928
1.524256	31.253000	313.800969
1.522059	31.254000	313.811009
1.519861	31.255000	313.821050
1.517661	31.256000	313.831091
1.515460	31.257000	313.841131
1.513257	31.258000	313.851172
1.511053	31.259000	313.861213
1.508848	31.260000	313.871253
1.506640	31.261000	313.881294
1.504431	31.262000	313.891335
1.502221	31.263000	313.901375
1.500009	31.264000	313.911416
1.497796	31.265000	313.921457
1.495581	31.266000	313.931497
1.493364	31.267000	313.941538
1.491146	31.268000	313.951579
1.488927	31.269000	313.961619
1.486705	31.270000	313.971660
1.484483	31.271000	313.981701
1.482258	31.272000	313.991741
1.480033	31.273000	314.001782
1.477805	31.274000	314.011823
1.475576	31.275000	314.021863
1.473346	31.276000	314.031904
1.471113	31.277000	314.041945
1.468880	31.278000	314.051985
1.466645	31.279000	314.062026
1.464408	31.280000	314.072067
1.462169	31.281000	314.082107
1.459929	31.282000	314.092148
1.457688	31.283000	314.102189
1.455445	31.284000	314.112229
1.453200	31.285000	314.122270
1.450954	31.286000	314.132311
1.448706	31.287000	314.142351
1.446456	31.288000	314.152392
1.444205	31.289000	314.162433
1.441953	31.290000	314.172473
1.439699	31.291000	314.182514
1.437443	31.292000	314.192555
1.435185	31.293000	314.202595
1.432926	31.294000	314.212636
1.430666	31.295000	314.222677
1.428403	31.296000	314.232717
1.426140	31.297000	314.242758
1.423874	31.298000	314.252799
1.421607	31.299000	314.262839
1.419339	31.300000	314.272880
1.417068	31.301000	314.282921
1.414797	31.302000	314.292961
1.412523	31.303000	314.303002
1.410248	31.304000	314.313043
1.407971	31.305000	314.323083
1.405693	31.306000	314.333124
1.403413	31.307000	314.343165
1.401132	31.308000	314.353205
1.398849	31.309000	314.363246
1.396564	31.310000	314.373287
1.394277	31.311000	314.383327
1.391989	31.312000	314.393368
1.389700	31.313000	314.403409
1.387409	31.314000	314.413449
1.385116	31.315000	314.423490
1.382821	31.316000	314.433531
1.380525	31.317000	314.443571
1.378227	31.318000	314.453612
1.375928	31.319000	314.463653
1.373627	31.320000	314.473693
1.371324	31.321000	314.483734
1.369020	31.322000	314.493775
1.366714	31.323000	314.503815
1.364406	31.324000	314.513856
1.362097	31.325000	314.523897
1.359786	31.326000	314.533937
1.357474	31.327000	314.543978
1.355160	31.328000	314.554019
1.352844	31.329000	314.564059
1.350526	31.330000	314.574100
1.348207	31.331000	314.584141
1.345886	31.332000	314.594181
1.343564	31.333000	314.604222
1.341240	31.334000	314.614263
1.338914	31.335000	314.624303
1.336587	31.336000	314.634344
1.334258	31.337000	314.644385
1.331927	31.338000	314.654425
1.329595	31.339000	314.664466
1.327261	31.340000	314.674507
1.324925	31.341000	314.684547
1.322588	31.342000	314.694588
1.320249	31.343000	314.704629
1.317908	31.344000	314.714669
1.315566	31.345000	314.724710
1.313222	31.346000	314.734751
1.310877	31.347000	314.744791
1.308529	31.348000	314.754832
1.306180	31.349000	314.764873
1.303830	31.350000	314.774913
1.301478	31.351000	314.784954
1.299124	31.352000	314.794995
1.296768	31.353000	314.805035
1.294411	31.354000	314.815076
1.292052	31.355000	314.825117
1.289691	31.356000	314.835157
1.287329	31.357000	314.845198
1.284965	31.358000	314.855239
1.282600	31.359000	314.865279
1.280232	31.360000	314.875320
1.277863	31.361000	314.885361
1.275493	31.362000	314.895401
1.273121	31.363000	314.905442
1.270747	31.364000	314.915483
1.268371	31.365000	314.925523
1.265994	31.366000	314.935564
1.263615	31.367000	314.945605
1.261234	31.368000	314.955645
1.258852	31.369000	314.965686
1.256468	31.370000	314.975727
1.254082	31.371000	314.985767
1.251695	31.372000	314.995808
1.249306	31.373000	315.005849
1.246915	31.374000	315.015889
1.244523	31.375000	315.025930
1.242129	31.376000	315.035971
1.239733	31.377000	315.046011
1.237336	31.378000	315.056052
1.234937	31.379000	315.066093
1.232536	31.380000	315.076133
1.230134	31.381000	315.086174
1.227730	31.382000	315.096215
1.225324	31.383000	315.106255
1.222917	31.384000	315.116296
1.220508	31.385000	315.126337
1.218097	31.386000	315.136377
1.215685	31.387000	315.146418
1.213271	31.388000	315.156459
1.210855	31.389000	315.166499
1.208438	31.390000	315.176540
1.206019	31.391000	315.186581
1.203598	31.392000	315.196621
1.201176	31.393000	315.206662
1.198752	31.394000	315.216703
1.196326	31.395000	315.226743
1.193899	31.396000	315.236784
1.191470	31.397000	315.246825
1.189039	31.398000	315.256865
1.186607	31.399000	315.266906
1.184173	31.400000	315.276947
1.181737	31.401000	315.286987
1.179300	31.402000	315.297028
1.176861	31.403000	315.307069
1.174420	31.404000	315.317109
1.171978	31.405000	315.327150
1.169534	31.406000	315.337191
1.167089	31.407000	315.347231
1.164642	31.408000	315.357272
1.162193	31.409000	315.367313
1.159743	31.410000	315.377353
1.157291	31.411000	315.387394
1.154837	31.412000	315.397435
1.152382	31.413000	315.407475
1.149925	31.414000	315.417516
1.147466	31.415000	315.427557
1.145006	31.416000	315.437597
1.142544	31.417000	315.447638
1.140080	31.418000	315.457679
1.137615	31.419000	315.467719
1.135149	31.420000	315.477760
1.132680	31.421000	315.487801
1.130210	31.422000	315.497841
1.127739	31.423000	315.507882
1.125266	31.424000	315.517923
1.122791	31.425000	315.527963
1.120315	31.426000	315.538004
1.117837	31.427000	315.548045
1.115357	31.428000	315.558085
1.112876	31.429000	315.568126
1.110393	31.430000	315.578167
1.107909	31.431000	315.588207
1.105423	31.432000	315.598248
1.102935	31.433000	315.608289
1.100446	31.434000	315.618329
1.097955	31.435000	315.628370
1.095463	31.436000	315.638411
1.092969	31.437000	315.648451
1.090474	31.438000	315.658492
1.087977	31.439000	315.668533
1.085479	31.440000	315.678573
1.082979	31.441000	315.688614
1.080477	31.442000	315.698655
1.077974	31.443000	315.708695
1.075469	31.444000	315.718736
1.072963	31.445000	315.728777
1.070455	31.446000	315.738817
1.067946	31.447000	315.748858
1.065435	31.448000	315.758899
1.062923	31.449000	315.768939
1.060409	31.450000	315.778980
1.057893	31.451000	315.789021
1.055376	31.452000	315.799061
1.052858	31.453000	315.809102
1.050338	31.454000	315.819143
1.047817	31.455000	315.829183
1.045294	31.456000	315.839224
1.042770	31.457000	315.849265
1.040244	31.458000	315.859305
1.037717	31.459000	315.869346
1.035188	31.460000	315.879387
1.032658	31.461000	315.889427
1.030126	31.462000	315.899468
1.027593	31.463000	315.909509
1.025058	31.464000	315.919549
1.022522	31.465000	315.929590
1.019985	31.466000	315.939631
1.017446	31.467000	315.949671
1.014906	31.468000	315.959712
1.012364	31.469000	315.969753
1.009821	31.470000	315.979793
1.007276	31.471000	315.989834
1.004730	31.472000	315.999875
1.002183	31.473000	316.009915
0.999635	31.474000	316.019956
0.997085	31.475000	316.029997
0.994533	31.476000	316.040037
0.991980	31.477000	316.050078
0.989426	31.478000	316.060119
0.986871	31.479000	316.070159
0.984314	31.480000	316.080200
0.981756	31.481000	316.090241
0.979197	31.482000	316.100281
0.976636	31.483000	316.110322
0.974074	31.484000	316.120363
0.971510	31.485000	316.130403
0.968946	31.486000	316.140444
0.966380	31.487000	316.150485
0.963813	31.488000	316.160525
0.961244	31.489000	316.170566
0.958675	31.490000	316.180607
0.956104	31.491000	316.190647
0.953532	31.492000	316.200688
0.950958	31.493000	316.210729
0.948384	31.494000	316.220769
0.945808	31.495000	316.230810
0.943231	31.496000	316.240851
0.940653	31.497000	316.250891
0.938073	31.498000	316.260932
0.935493	31.499000	316.270973
0.932911	31.500000	316.281013
0.930328	31.501000	316.291054
0.927744	31.502000	316.301095
0.925159	31.503000	316.311135
0.922573	31.504000	316.321176
0.919985	31.505000	316.331217
0.917397	31.506000	316.341257
0.914807	31.507000	316.351298
0.912217	31.508000	316.361339
0.909625	31.509000	316.371379
0.907033	31.510000	316.381420
0.904439	31.511000	316.391461
0.901844	31.512000	316.401501
0.899248	31.513000	316.411542
0.896651	31.514000	316.421583
0.894054	31.515000	316.431623
0.891455	31.516000	316.441664
0.888855	31.517000	316.451705
0.886255	31.518000	316.461745
0.883653	31.519000	316.471786
0.881050	31.520000	316.481827
0.878447	31.521000	316.491867
0.875843	31.522000	316.501908
0.873237	31.523000	316.511949
0.870631	31.524000	316.521989
0.868024	31.525000	316.532030
0.865417	31.526000	316.542071
0.862808	31.527000	316.552111
0.860199	31.528000	316.562152
0.857588	31.529000	316.572193
0.854977	31.530000	316.582233
0.852365	31.531000	316.592274
0.849753	31.532000	316.602315
0.847140	31.533000	316.612355
0.844525	31.534000	316.622396
0.841911	31.535000	316.632437
0.839295	31.536000	316.642477
0.836679	31.537000	316.652518
0.834062	31.538000	316.662559
0.831445	31.539000	316.672599
0.828827	31.540000	316.682640
0.826208	31.541000	316.692681
0.823589	31.542000	316.702721
0.820969	31.543000	316.712762
0.818349	31.544000	316.722803
0.815728	31.545000	316.732843
0.813106	31.546000	316.742884
0.810484	31.547000	316.752925
0.807861	31.548000	316.762965
0.805238	31.549000	316.773006
0.802615	31.550000	316.783047
0.799991	31.551000	316.793087
0.797367	31.552000	316.803128
0.794742	31.553000	316.813169
0.792117	31.554000	316.823209
0.789491	31.555000	316.833250
0.786866	31.556000	316.843291
0.784239	31.557000	316.853331
0.781613	31.558000	316.863372
0.778986	31.559000	316.873413
0.776359	31.560000	316.883453
0.773732	31.561000	316.893494
0.771104	31.562000	316.903535
0.768477	31.563000	316.913575
0.765849	31.564000	316.923616
0.763221	31.565000	316.933657
0.760593	31.566000	316.943698
0.757964	31.567000	316.953738
0.755336	31.568000	316.963779
0.752707	31.569000	316.973820
0.750079	31.570000	316.983860
0.747450	31.571000	316.993901
0.744822	31.572000	317.003942
0.742193	31.573000	317.013982
0.739564	31.574000	317.024023
0.736936	31.575000	317.034064
0.734307	31.576000	317.044104
0.731679	31.577000	317.054145
0.729051	31.578000	317.064186
0.726423	31.579000	317.074226
0.723795	31.580000	317.084267
0.721167	31.581000	317.094308
0.718540	31.582000	317.104348
0.715912	31.583000	317.114389
0.713286	31.584000	317.124430
0.710659	31.585000	317.134470
0.708032	31.586000	317.144511
0.705406	31.587000	317.154552
0.702781	31.588000	317.164592
0.700156	31.589000	317.174633
0.697531	31.590000	317.184674
0.694906	31.591000	317.194714
0.692282	31.592000	317.204755
0.689659	31.593000	317.214796
0.687036	31.594000	317.224836
0.684414	31.595000	317.234877
0.681792	31.596000	317.244918
0.679171	31.597000	317.254958
0.676550	31.598000	317.264999
0.673930	31.599000	317.275040
0.671311	31.600000	317.285080
0.668693	31.601000	317.295121
0.666075	31.602000	317.305162
0.663458	31.603000	317.315202
0.660842	31.604000	317.325243
0.658226	31.605000	317.335284
0.655612	31.606000	317.345324
0.652998	31.607000	317.355365
0.650386	31.608000	317.365406
0.647774	31.609000	317.375446
0.645163	31.610000	317.385487
0.642553	31.611000	317.395528
0.639944	31.612000	317.405568
0.637337	31.613000	317.415609
0.634730	31.614000	317.425650
0.632125	31.615000	317.435690
0.629520	31.616000	317.445731
0.626917	31.617000	317.455772
0.624315	31.618000	317.465812
0.621715	31.619000	317.475853
0.619115	31.620000	317.485894
0.616517	31.621000	317.495934
0.613920	31.622000	317.505975
0.611325	31.623000	317.516016
0.608731	31.624000	317.526056
0.606138	31.625000	317.536097
0.603547	31.626000	317.546138
0.600958	31.627000	317.556178
0.598370	31.628000	317.566219
0.595783	31.629000	317.576260
0.593198	31.630000	317.586300
0.590615	31.631000	317.596341
0.588033	31.632000	317.606382
0.585453	31.633000	317.616422
0.582875	31.634000	317.626463
0.580299	31.635000	317.636504
0.577724	31.636000	317.646544
0.575151	31.637000	317.656585
0.572580	31.638000	317.666626
0.570011	31.639000	317.676666
0.567444	31.640000	317.686707
0.564879	31.641000	317.696748
0.562315	31.642000	317.706788
0.559754	31.643000	317.716829
0.557195	31.644000	317.726870
0.554638	31.645000	317.736910
0.552083	31.646000	317.746951
0.549530	31.647000	317.756992
0.546980	31.648000	317.767032
0.544432	31.649000	317.777073
0.541886	31.650000	317.787114
0.539342	31.651000	317.797154
0.536801	31.652000	317.807195
0.534262	31.653000	317.817236
0.531725	31.654000	317.827276
0.529191	31.655000	317.837317
0.526659	31.656000	317.847358
0.524130	31.657000	317.857398
0.521603	31.658000	317.867439
0.519079	31.659000	317.877480
0.516558	31.660000	317.887520
0.514039	31.661000	317.897561
0.511523	31.662000	317.907602
0.509010	31.663000	317.917642
0.506500	31.664000	317.927683
0.503992	31.665000	317.937724
0.501487	31.666000	317.947764
0.498985	31.667000	317.957805
0.496486	31.668000	317.967846
0.493990	31.669000	317.977886
0.491496	31.670000	317.987927
0.489006	31.671000	317.997968
0.486519	31.672000	318.008008
0.484035	31.673000	318.018049
0.481554	31.674000	318.028090
0.479077	31.675000	318.038130
0.476602	31.676000	318.048171
0.474131	31.677000	318.058212
0.471663	31.678000	318.068252
0.469198	31.679000	318.078293
0.466737	31.680000	318.088334
0.464279	31.681000	318.098374
0.461824	31.682000	318.108415
0.459373	31.683000	318.118456
0.456925	31.684000	318.128496
0.454481	31.685000	318.138537
0.452041	31.686000	318.148578
0.449604	31.687000	318.158618
0.447170	31.688000	318.168659
0.444741	31.689000	318.178700
0.442315	31.690000	318.188740
0.439892	31.691000	318.198781
0.437474	31.692000	318.208822
0.435059	31.693000	318.218862
0.432649	31.694000	318.228903
0.430242	31.695000	318.238944
0.427839	31.696000	318.248984
0.425440	31.697000	318.259025
0.423045	31.698000	318.269066
0.420653	31.699000	318.279106
0.418266	31.700000	318.289147
0.415884	31.701000	318.299188
0.413505	31.702000	318.309228
0.411130	31.703000	318.319269
0.408760	31.704000	318.329310
0.406394	31.705000	318.339350
0.404032	31.706000	318.349391
0.401674	31.707000	318.359432
0.399321	31.708000	318.369472
0.396972	31.709000	318.379513
0.394627	31.710000	318.389554
0.392287	31.711000	318.399594
0.389951	31.712000	318.409635
0.387620	31.713000	318.419676
0.385294	31.714000	318.429716
0.382972	31.715000	318.439757
0.380654	31.716000	318.449798
0.378341	31.717000	318.459838
0.376033	31.718000	318.469879
0.373730	31.719000	318.479920
0.371431	31.720000	318.489960
0.369137	31.721000	318.500001
0.366848	31.722000	318.510042
0.364564	31.723000	318.520082
0.362284	31.724000	318.530123
0.360010	31.725000	318.540164
0.357740	31.726000	318.550204
0.355475	31.727000	318.560245
0.353216	31.728000	318.570286
0.350961	31.729000	318.580326
0.348711	31.730000	318.590367
0.346467	31.731000	318.600408
0.344227	31.732000	318.610448
0.341993	31.733000	318.620489
0.339764	31.734000	318.630530
0.337540	31.735000	318.640570
0.335321	31.736000	318.650611
0.333108	31.737000	318.660652
0.330900	31.738000	318.670692
0.328697	31.739000	318.680733
0.326499	31.740000	318.690774
0.324307	31.741000	318.700814
0.322121	31.742000	318.710855
0.319939	31.743000	318.720896
0.317764	31.744000	318.730936
0.315593	31.745000	318.740977
0.313428	31.746000	318.751018
0.311269	31.747000	318.761058
0.309116	31.748000	318.771099
0.306967	31.749000	318.781140
0.304825	31.750000	318.791180
0.302688	31.751000	318.801221
0.300557	31.752000	318.811262
0.298432	31.753000	318.821302
0.296312	31.754000	318.831343
0.294198	31.755000	318.841384
0.292090	31.756000	318.851424
0.289988	31.757000	318.861465
0.287891	31.758000	318.871506
0.285801	31.759000	318.881546
0.283716	31.760000	318.891587
0.281637	31.761000	318.901628
0.279564	31.762000	318.911668
0.277497	31.763000	318.921709
0.275436	31.764000	318.931750
0.273381	31.765000	318.941790
0.271332	31.766000	318.951831
0.269290	31.767000	318.961872
0.267253	31.768000	318.971912
0.265222	31.769000	318.981953
0.263198	31.770000	318.991994
0.261179	31.771000	319.002034
0.259167	31.772000	319.012075
0.257161	31.773000	319.022116
0.255161	31.774000	319.032156
0.253167	31.775000	319.042197
0.251180	31.776000	319.052238
0.249199	31.777000	319.062278
0.247224	31.778000	319.072319
0.245256	31.779000	319.082360
0.243294	31.780000	319.092400
0.241338	31.781000	319.102441
0.239389	31.782000	319.112482
0.237446	31.783000	319.122522
0.235509	31.784000	319.132563
0.233579	31.785000	319.142604
0.231656	31.786000	319.152644
0.229739	31.787000	319.162685
0.227828	31.788000	319.172726
0.225924	31.789000	319.182766
0.224027	31.790000	319.192807
0.222136	31.791000	319.202848
0.220251	31.792000	319.212888
0.218374	31.793000	319.222929
0.216502	31.794000	319.232970
0.214638	31.795000	319.243010
0.212780	31.796000	319.253051
0.210929	31.797000	319.263092
0.209084	31.798000	319.273132
0.207247	31.799000	319.283173
0.205416	31.800000	319.293214
0.203591	31.801000	319.303254
0.201774	31.802000	319.313295
0.199963	31.803000	319.323336
0.198159	31.804000	319.333376
0.196362	31.805000	319.343417
0.194572	31.806000	319.353458
0.192789	31.807000	319.363498
0.191012	31.808000	319.373539
0.189242	31.809000	319.383580
0.187480	31.810000	319.393620
0.185724	31.811000	319.403661
0.183975	31.812000	319.413702
0.182233	31.813000	319.423742
0.180498	31.814000	319.433783
0.178770	31.815000	319.443824
0.177049	31.816000	319.453864
0.175336	31.817000	319.463905
0.173629	31.818000	319.473946
0.171929	31.819000	319.483986
0.170236	31.820000	319.494027
0.168551	31.821000	319.504068
0.166872	31.822000	319.514108
0.165201	31.823000	319.524149
0.163536	31.824000	319.534190
0.161879	31.825000	319.544230
0.160229	31.826000	319.554271
0.158587	31.827000	319.564312
0.156951	31.828000	319.574352
0.155323	31.829000	319.584393
0.153702	31.830000	319.594434
0.152088	31.831000	319.604474
0.150482	31.832000	319.614515
0.148882	31.833000	319.624556
0.147290	31.834000	319.634596
0.145706	31.835000	319.644637
0.144129	31.836000	319.654678
0.142559	31.837000	319.664718
0.140996	31.838000	319.674759
0.139441	31.839000	319.684800
0.137893	31.840000	319.694840
0.136353	31.841000	319.704881
0.134820	31.842000	319.714922
0.133295	31.843000	319.724962
0.131777	31.844000	319.735003
0.130267	31.845000	319.745044
0.128764	31.846000	319.755084
0.127268	31.847000	319.765125
0.125781	31.848000	319.775166
0.124300	31.849000	319.785206
0.122828	31.850000	319.795247
0.121363	31.851000	319.805288
0.119905	31.852000	319.815328
0.118455	31.853000	319.825369
0.117013	31.854000	319.835410
0.115579	31.855000	319.845450
0.114152	31.856000	319.855491
0.112733	31.857000	319.865532
0.111322	31.858000	319.875572
0.109918	31.859000	319.885613
0.108522	31.860000	319.895654
0.107134	31.861000	319.905694
0.105754	31.862000	319.915735
0.104382	31.863000	319.925776
0.103018	31.864000	319.935816
0.101661	31.865000	319.945857
0.100312	31.866000	319.955898
0.098971	31.867000	319.965938
0.097638	31.868000	319.975979
0.096310	31.869000	319.986020
0.094990	31.870000	319.996060
0.093676	31.871000	320.006101
0.092368	31.872000	320.016142
0.091068	31.873000	320.026182
0.089774	31.874000	320.036223
0.088487	31.875000	320.046264
0.087207	31.876000	320.056304
0.085933	31.877000	320.066345
0.084667	31.878000	320.076386
0.083407	31.879000	320.086426
0.082154	31.880000	320.096467
0.080909	31.881000	320.106508
0.079670	31.882000	320.116548
0.078438	31.883000	320.126589
0.077213	31.884000	320.136630
0.075995	31.885000	320.146670
0.074784	31.886000	320.156711
0.073581	31.887000	320.166752
0.072385	31.888000	320.176792
0.071195	31.889000	320.186833
0.070013	31.890000	320.196874
0.068839	31.891000	320.206914
0.067671	31.892000	320.216955
0.066511	31.893000	320.226996
0.065359	31.894000	320.237036
0.064214	31.895000	320.247077
0.063076	31.896000	320.257118
0.061946	31.897000	320.267158
0.060823	31.898000	320.277199
0.059708	31.899000	320.287240
0.058601	31.900000	320.297280
0.057501	31.901000	320.307321
0.056410	31.902000	320.317362
0.055326	31.903000	320.327402
0.054249	31.904000	320.337443
0.053181	31.905000	320.347484
0.052121	31.906000	320.357524
0.051069	31.907000	320.367565
0.050025	31.908000	320.377606
0.048989	31.909000	320.387646
0.047961	31.910000	320.397687
0.046942	31.911000	320.407728
0.045930	31.912000	320.417768
0.044928	31.913000	320.427809
0.043933	31.914000	320.437850
0.042947	31.915000	320.447890
0.041970	31.916000	320.457931
0.041002	31.917000	320.467972
0.040042	31.918000	320.478012
0.039091	31.919000	320.488053
0.038148	31.920000	320.498094
0.037215	31.921000	320.508134
0.036291	31.922000	320.518175
0.035376	31.923000	320.528216
0.034469	31.924000	320.538256
0.033573	31.925000	320.548297
0.032685	31.926000	320.558338
0.031807	31.927000	320.568378
0.030938	31.928000	320.578419
0.030079	31.929000	320.588460
0.029229	31.930000	320.598500
0.028389	31.931000	320.608541
0.027559	31.932000	320.618582
0.026738	31.933000	320.628622
0.025928	31.934000	320.638663
0.025127	31.935000	320.648704
0.024337	31.936000	320.658744
0.023556	31.937000	320.668785
0.022786	31.938000	320.678826
0.022026	31.939000	320.688866
0.021277	31.940000	320.698907
0.020537	31.941000	320.708948
0.019809	31.942000	320.718988
0.019091	31.943000	320.729029
0.018383	31.944000	320.739070
0.017686	31.945000	320.749110
0.017000	31.946000	320.759151
0.016325	31.947000	320.769192
0.015660	31.948000	320.779232
0.015006	31.949000	320.789273
0.014362	31.950000	320.799314
0.013730	31.951000	320.809354
0.013109	31.952000	320.819395
0.012499	31.953000	320.829436
0.011899	31.954000	320.839476
0.011311	31.955000	320.849517
0.010734	31.956000	320.859558
0.010167	31.957000	320.869598
0.009612	31.958000	320.879639
0.009067	31.959000	320.889680
0.008533	31.960000	320.899720
0.008010	31.961000	320.909761
0.007498	31.962000	320.919802
0.006996	31.963000	320.929842
0.006504	31.964000	320.939883
0.006022	31.965000	320.949924
0.005550	31.966000	320.959964
0.005088	31.967000	320.970005
0.004636	31.968000	320.980046
0.004192	31.969000	320.990086
0.003758	31.970000	321.000127
0.003326	31.971000	321.010168
0.002891	31.972000	321.020208
0.002451	31.973000	321.030249
0.002006	31.974000	321.040290
0.001552	31.975000	321.050330
0.001086	31.976000	321.060371
0.000603	31.977000	321.070412
0.000097	31.978000	321.080452
