# Energy(MeV) 	mg/cm2 	cm
# Starting Energy: 30 MeV
30.000000	0.000000	0.000000
29.999235	0.022000	0.205127
29.998470	0.044000	0.410255
29.997706	0.066000	0.615382
29.996941	0.088000	0.820510
29.996176	0.110000	1.025637
29.995411	0.132000	1.230764
29.994646	0.154000	1.435892
29.993881	0.176000	1.641019
29.993117	0.198000	1.846147
29.992352	0.220000	2.051274
29.991587	0.242000	2.256402
29.990822	0.264000	2.461529
29.990057	0.286000	2.666656
29.989292	0.308000	2.871784
29.988527	0.330000	3.076911
29.987762	0.352000	3.282039
29.986997	0.374000	3.487166
29.986232	0.396000	3.692293
29.985467	0.418000	3.897421
29.984702	0.440000	4.102548
29.983936	0.462000	4.307676
29.983171	0.484000	4.512803
29.982406	0.506000	4.717930
29.981641	0.528000	4.923058
29.980876	0.550000	5.128185
29.980111	0.572000	5.333313
29.979346	0.594000	5.538440
29.978580	0.616000	5.743568
29.977815	0.638000	5.948695
29.977050	0.660000	6.153822
29.976285	0.682000	6.358950
29.975519	0.704000	6.564077
29.974754	0.726000	6.769205
29.973989	0.748000	6.974332
29.973223	0.770000	7.179459
29.972458	0.792000	7.384587
29.971693	0.814000	7.589714
29.970927	0.836000	7.794842
29.970162	0.858000	7.999969
29.969396	0.880000	8.205097
29.968631	0.902000	8.410224
29.967866	0.924000	8.615351
29.967100	0.946000	8.820479
29.966335	0.968000	9.025606
29.965569	0.990000	9.230734
29.964804	1.012000	9.435861
29.964038	1.034000	9.640988
29.963272	1.056000	9.846116
29.962507	1.078000	10.051243
29.961741	1.100000	10.256371
29.960976	1.122000	10.461498
29.960210	1.144000	10.666625
29.959444	1.166000	10.871753
29.958679	1.188000	11.076880
29.957913	1.210000	11.282008
29.957147	1.232000	11.487135
29.956382	1.254000	11.692263
29.955616	1.276000	11.897390
29.954850	1.298000	12.102517
29.954084	1.320000	12.307645
29.953319	1.342000	12.512772
29.952553	1.364000	12.717900
29.951787	1.386000	12.923027
29.951021	1.408000	13.128154
29.950255	1.430000	13.333282
29.949490	1.452000	13.538409
29.948724	1.474000	13.743537
29.947958	1.496000	13.948664
29.947192	1.518000	14.153791
29.946426	1.540000	14.358919
29.945660	1.562000	14.564046
29.944894	1.584000	14.769174
29.944128	1.606000	14.974301
29.943362	1.628000	15.179429
29.942596	1.650000	15.384556
29.941830	1.672000	15.589683
29.941064	1.694000	15.794811
29.940298	1.716000	15.999938
29.939532	1.738000	16.205066
29.938766	1.760000	16.410193
29.938000	1.782000	16.615320
29.937234	1.804000	16.820448
29.936467	1.826000	17.025575
29.935701	1.848000	17.230703
29.934935	1.870000	17.435830
29.934169	1.892000	17.640958
29.933403	1.914000	17.846085
29.932636	1.936000	18.051212
29.931870	1.958000	18.256340
29.931104	1.980000	18.461467
29.930338	2.002000	18.666595
29.929571	2.024000	18.871722
29.928805	2.046000	19.076849
29.928039	2.068000	19.281977
29.927272	2.090000	19.487104
29.926506	2.112000	19.692232
29.925740	2.134000	19.897359
29.924973	2.156000	20.102486
29.924207	2.178000	20.307614
29.923440	2.200000	20.512741
29.922674	2.222000	20.717869
29.921907	2.244000	20.922996
29.921141	2.266000	21.128124
29.920374	2.288000	21.333251
29.919608	2.310000	21.538378
29.918841	2.332000	21.743506
29.918075	2.354000	21.948633
29.917308	2.376000	22.153761
29.916542	2.398000	22.358888
29.915775	2.420000	22.564015
29.915008	2.442000	22.769143
29.914242	2.464000	22.974270
29.913475	2.486000	23.179398
29.912708	2.508000	23.384525
29.911942	2.530000	23.589652
29.911175	2.552000	23.794780
29.910408	2.574000	23.999907
29.909642	2.596000	24.205035
29.908875	2.618000	24.410162
29.908108	2.640000	24.615290
29.907341	2.662000	24.820417
29.906574	2.684000	25.025544
29.905808	2.706000	25.230672
29.905041	2.728000	25.435799
29.904274	2.750000	25.640927
29.903507	2.772000	25.846054
29.902740	2.794000	26.051181
29.901973	2.816000	26.256309
29.901206	2.838000	26.461436
29.900439	2.860000	26.666564
29.899672	2.882000	26.871691
29.898905	2.904000	27.076819
29.898138	2.926000	27.281946
29.897371	2.948000	27.487073
29.896604	2.970000	27.692201
29.895837	2.992000	27.897328
29.895070	3.014000	28.102456
29.894303	3.036000	28.307583
29.893536	3.058000	28.512710
29.892769	3.080000	28.717838
29.892002	3.102000	28.922965
29.891235	3.124000	29.128093
29.890467	3.146000	29.333220
29.889700	3.168000	29.538347
29.888933	3.190000	29.743475
29.888166	3.212000	29.948602
29.887399	3.234000	30.153730
29.886631	3.256000	30.358857
29.885864	3.278000	30.563985
29.885097	3.300000	30.769112
29.884330	3.322000	30.974239
29.883562	3.344000	31.179367
29.882795	3.366000	31.384494
29.882028	3.388000	31.589622
29.881260	3.410000	31.794749
29.880493	3.432000	31.999876
29.879725	3.454000	32.205004
29.878958	3.476000	32.410131
29.878190	3.498000	32.615259
29.877423	3.520000	32.820386
29.876656	3.542000	33.025513
29.875888	3.564000	33.230641
29.875121	3.586000	33.435768
29.874353	3.608000	33.640896
29.873585	3.630000	33.846023
29.872818	3.652000	34.051151
29.872050	3.674000	34.256278
29.871283	3.696000	34.461405
29.870515	3.718000	34.666533
29.869748	3.740000	34.871660
29.868980	3.762000	35.076788
29.868212	3.784000	35.281915
29.867445	3.806000	35.487042
29.866677	3.828000	35.692170
29.865909	3.850000	35.897297
29.865141	3.872000	36.102425
29.864374	3.894000	36.307552
29.863606	3.916000	36.512679
29.862838	3.938000	36.717807
29.862070	3.960000	36.922934
29.861302	3.982000	37.128062
29.860535	4.004000	37.333189
29.859767	4.026000	37.538317
29.858999	4.048000	37.743444
29.858231	4.070000	37.948571
29.857463	4.092000	38.153699
29.856695	4.114000	38.358826
29.855927	4.136000	38.563954
29.855159	4.158000	38.769081
29.854391	4.180000	38.974208
29.853623	4.202000	39.179336
29.852855	4.224000	39.384463
29.852087	4.246000	39.589591
29.851319	4.268000	39.794718
29.850551	4.290000	39.999846
29.849783	4.312000	40.204973
29.849015	4.334000	40.410100
29.848247	4.356000	40.615228
29.847479	4.378000	40.820355
29.846711	4.400000	41.025483
29.845943	4.422000	41.230610
29.845174	4.444000	41.435737
29.844406	4.466000	41.640865
29.843638	4.488000	41.845992
29.842870	4.510000	42.051120
29.842102	4.532000	42.256247
29.841333	4.554000	42.461374
29.840565	4.576000	42.666502
29.839797	4.598000	42.871629
29.839028	4.620000	43.076757
29.838260	4.642000	43.281884
29.837492	4.664000	43.487012
29.836723	4.686000	43.692139
29.835955	4.708000	43.897266
29.835187	4.730000	44.102394
29.834418	4.752000	44.307521
29.833650	4.774000	44.512649
29.832881	4.796000	44.717776
29.832113	4.818000	44.922903
29.831344	4.840000	45.128031
29.830576	4.862000	45.333158
29.829807	4.884000	45.538286
29.829039	4.906000	45.743413
29.828270	4.928000	45.948540
29.827502	4.950000	46.153668
29.826733	4.972000	46.358795
29.825964	4.994000	46.563923
29.825196	5.016000	46.769050
29.824427	5.038000	46.974178
29.823659	5.060000	47.179305
29.822890	5.082000	47.384432
29.822121	5.104000	47.589560
29.821353	5.126000	47.794687
29.820584	5.148000	47.999815
29.819815	5.170000	48.204942
29.819046	5.192000	48.410069
29.818278	5.214000	48.615197
29.817509	5.236000	48.820324
29.816740	5.258000	49.025452
29.815971	5.280000	49.230579
29.815202	5.302000	49.435707
29.814433	5.324000	49.640834
29.813665	5.346000	49.845961
29.812896	5.368000	50.051089
29.812127	5.390000	50.256216
29.811358	5.412000	50.461344
29.810589	5.434000	50.666471
29.809820	5.456000	50.871598
29.809051	5.478000	51.076726
29.808282	5.500000	51.281853
29.807513	5.522000	51.486981
29.806744	5.544000	51.692108
29.805975	5.566000	51.897235
29.805206	5.588000	52.102363
29.804437	5.610000	52.307490
29.803668	5.632000	52.512618
29.802898	5.654000	52.717745
29.802129	5.676000	52.922873
29.801360	5.698000	53.128000
29.800591	5.720000	53.333127
29.799822	5.742000	53.538255
29.799053	5.764000	53.743382
29.798283	5.786000	53.948510
29.797514	5.808000	54.153637
29.796745	5.830000	54.358764
29.795976	5.852000	54.563892
29.795206	5.874000	54.769019
29.794437	5.896000	54.974147
29.793668	5.918000	55.179274
29.792898	5.940000	55.384401
29.792129	5.962000	55.589529
29.791360	5.984000	55.794656
29.790590	6.006000	55.999784
29.789821	6.028000	56.204911
29.789051	6.050000	56.410039
29.788282	6.072000	56.615166
29.787512	6.094000	56.820293
29.786743	6.116000	57.025421
29.785973	6.138000	57.230548
29.785204	6.160000	57.435676
29.784434	6.182000	57.640803
29.783665	6.204000	57.845930
29.782895	6.226000	58.051058
29.782126	6.248000	58.256185
29.781356	6.270000	58.461313
29.780587	6.292000	58.666440
29.779817	6.314000	58.871567
29.779047	6.336000	59.076695
29.778278	6.358000	59.281822
29.777508	6.380000	59.486950
29.776738	6.402000	59.692077
29.775968	6.424000	59.897205
29.775199	6.446000	60.102332
29.774429	6.468000	60.307459
29.773659	6.490000	60.512587
29.772889	6.512000	60.717714
29.772120	6.534000	60.922842
29.771350	6.556000	61.127969
29.770580	6.578000	61.333096
29.769810	6.600000	61.538224
29.769040	6.622000	61.743351
29.768270	6.644000	61.948479
29.767500	6.666000	62.153606
29.766731	6.688000	62.358734
29.765961	6.710000	62.563861
29.765191	6.732000	62.768988
29.764421	6.754000	62.974116
29.763651	6.776000	63.179243
29.762881	6.798000	63.384371
29.762111	6.820000	63.589498
29.761341	6.842000	63.794625
29.760570	6.864000	63.999753
29.759800	6.886000	64.204880
29.759030	6.908000	64.410008
29.758260	6.930000	64.615135
29.757490	6.952000	64.820262
29.756720	6.974000	65.025390
29.755950	6.996000	65.230517
29.755180	7.018000	65.435645
29.754409	7.040000	65.640772
29.753639	7.062000	65.845900
29.752869	7.084000	66.051027
29.752099	7.106000	66.256154
29.751328	7.128000	66.461282
29.750558	7.150000	66.666409
29.749788	7.172000	66.871537
29.749017	7.194000	67.076664
29.748247	7.216000	67.281791
29.747477	7.238000	67.486919
29.746706	7.260000	67.692046
29.745936	7.282000	67.897174
29.745166	7.304000	68.102301
29.744395	7.326000	68.307428
29.743625	7.348000	68.512556
29.742854	7.370000	68.717683
29.742084	7.392000	68.922811
29.741313	7.414000	69.127938
29.740543	7.436000	69.333066
29.739772	7.458000	69.538193
29.739002	7.480000	69.743320
29.738231	7.502000	69.948448
29.737461	7.524000	70.153575
29.736690	7.546000	70.358703
29.735919	7.568000	70.563830
29.735149	7.590000	70.768957
29.734378	7.612000	70.974085
29.733607	7.634000	71.179212
29.732837	7.656000	71.384340
29.732066	7.678000	71.589467
29.731295	7.700000	71.794595
29.730525	7.722000	71.999722
29.729754	7.744000	72.204849
29.728983	7.766000	72.409977
29.728212	7.788000	72.615104
29.727441	7.810000	72.820232
29.726671	7.832000	73.025359
29.725900	7.854000	73.230486
29.725129	7.876000	73.435614
29.724358	7.898000	73.640741
29.723587	7.920000	73.845869
29.722816	7.942000	74.050996
29.722045	7.964000	74.256123
29.721274	7.986000	74.461251
29.720503	8.008000	74.666378
29.719732	8.030000	74.871506
29.718961	8.052000	75.076633
29.718190	8.074000	75.281761
29.717419	8.096000	75.486888
29.716648	8.118000	75.692015
29.715877	8.140000	75.897143
29.715106	8.162000	76.102270
29.714335	8.184000	76.307398
29.713564	8.206000	76.512525
29.712793	8.228000	76.717652
29.712022	8.250000	76.922780
29.711250	8.272000	77.127907
29.710479	8.294000	77.333035
29.709708	8.316000	77.538162
29.708937	8.338000	77.743289
29.708166	8.360000	77.948417
29.707394	8.382000	78.153544
29.706623	8.404000	78.358672
29.705852	8.426000	78.563799
29.705080	8.448000	78.768927
29.704309	8.470000	78.974054
29.703538	8.492000	79.179181
29.702766	8.514000	79.384309
29.701995	8.536000	79.589436
29.701224	8.558000	79.794564
29.700452	8.580000	79.999691
29.699681	8.602000	80.204818
29.698909	8.624000	80.409946
29.698138	8.646000	80.615073
29.697366	8.668000	80.820201
29.696595	8.690000	81.025328
29.695823	8.712000	81.230456
29.695052	8.734000	81.435583
29.694280	8.756000	81.640710
29.693509	8.778000	81.845838
29.692737	8.800000	82.050965
29.691966	8.822000	82.256093
29.691194	8.844000	82.461220
29.690422	8.866000	82.666347
29.689651	8.888000	82.871475
29.688879	8.910000	83.076602
29.688107	8.932000	83.281730
29.687336	8.954000	83.486857
29.686564	8.976000	83.691984
29.685792	8.998000	83.897112
29.685020	9.020000	84.102239
29.684249	9.042000	84.307367
29.683477	9.064000	84.512494
29.682705	9.086000	84.717622
29.681933	9.108000	84.922749
29.681161	9.130000	85.127876
29.680389	9.152000	85.333004
29.679618	9.174000	85.538131
29.678846	9.196000	85.743259
29.678074	9.218000	85.948386
29.677302	9.240000	86.153513
29.676530	9.262000	86.358641
29.675758	9.284000	86.563768
29.674986	9.306000	86.768896
29.674214	9.328000	86.974023
29.673442	9.350000	87.179150
29.672670	9.372000	87.384278
29.671898	9.394000	87.589405
29.671126	9.416000	87.794533
29.670354	9.438000	87.999660
29.669582	9.460000	88.204788
29.668809	9.482000	88.409915
29.668037	9.504000	88.615042
29.667265	9.526000	88.820170
29.666493	9.548000	89.025297
29.665721	9.570000	89.230425
29.664949	9.592000	89.435552
29.664176	9.614000	89.640679
29.663404	9.636000	89.845807
29.662632	9.658000	90.050934
29.661859	9.680000	90.256062
29.661087	9.702000	90.461189
29.660315	9.724000	90.666316
29.659543	9.746000	90.871444
29.658770	9.768000	91.076571
29.657998	9.790000	91.281699
29.657225	9.812000	91.486826
29.656453	9.834000	91.691954
29.655681	9.856000	91.897081
29.654908	9.878000	92.102208
29.654136	9.900000	92.307336
29.653363	9.922000	92.512463
29.652591	9.944000	92.717591
29.651818	9.966000	92.922718
29.651046	9.988000	93.127845
29.650273	10.010000	93.332973
29.649501	10.032000	93.538100
29.648728	10.054000	93.743228
29.647955	10.076000	93.948355
29.647183	10.098000	94.153483
29.646410	10.120000	94.358610
29.645638	10.142000	94.563737
29.644865	10.164000	94.768865
29.644092	10.186000	94.973992
29.643320	10.208000	95.179120
29.642547	10.230000	95.384247
29.641774	10.252000	95.589374
29.641001	10.274000	95.794502
29.640229	10.296000	95.999629
29.639456	10.318000	96.204757
29.638683	10.340000	96.409884
29.637910	10.362000	96.615011
29.637137	10.384000	96.820139
29.636364	10.406000	97.025266
29.635592	10.428000	97.230394
29.634819	10.450000	97.435521
29.634046	10.472000	97.640649
29.633273	10.494000	97.845776
29.632500	10.516000	98.050903
29.631727	10.538000	98.256031
29.630954	10.560000	98.461158
29.630181	10.582000	98.666286
29.629408	10.604000	98.871413
29.628635	10.626000	99.076540
29.627862	10.648000	99.281668
29.627089	10.670000	99.486795
29.626316	10.692000	99.691923
29.625543	10.714000	99.897050
29.624769	10.736000	100.102177
29.623996	10.758000	100.307305
29.623223	10.780000	100.512432
29.622450	10.802000	100.717560
29.621677	10.824000	100.922687
29.620904	10.846000	101.127815
29.620130	10.868000	101.332942
29.619357	10.890000	101.538069
29.618584	10.912000	101.743197
29.617811	10.934000	101.948324
29.617037	10.956000	102.153452
29.616264	10.978000	102.358579
29.615491	11.000000	102.563706
29.614717	11.022000	102.768834
29.613944	11.044000	102.973961
29.613171	11.066000	103.179089
29.612397	11.088000	103.384216
29.611624	11.110000	103.589344
29.610850	11.132000	103.794471
29.610077	11.154000	103.999598
29.609303	11.176000	104.204726
29.608530	11.198000	104.409853
29.607756	11.220000	104.614981
29.606983	11.242000	104.820108
29.606209	11.264000	105.025235
29.605436	11.286000	105.230363
29.604662	11.308000	105.435490
29.603889	11.330000	105.640618
29.603115	11.352000	105.845745
29.602341	11.374000	106.050872
29.601568	11.396000	106.256000
29.600794	11.418000	106.461127
29.600020	11.440000	106.666255
29.599247	11.462000	106.871382
29.598473	11.484000	107.076510
29.597699	11.506000	107.281637
29.596926	11.528000	107.486764
29.596152	11.550000	107.691892
29.595378	11.572000	107.897019
29.594604	11.594000	108.102147
29.593830	11.616000	108.307274
29.593057	11.638000	108.512401
29.592283	11.660000	108.717529
29.591509	11.682000	108.922656
29.590735	11.704000	109.127784
29.589961	11.726000	109.332911
29.589187	11.748000	109.538038
29.588413	11.770000	109.743166
29.587639	11.792000	109.948293
29.586865	11.814000	110.153421
29.586091	11.836000	110.358548
29.585317	11.858000	110.563676
29.584543	11.880000	110.768803
29.583769	11.902000	110.973930
29.582995	11.924000	111.179058
29.582221	11.946000	111.384185
29.581447	11.968000	111.589313
29.580673	11.990000	111.794440
29.579899	12.012000	111.999567
29.579125	12.034000	112.204695
29.578350	12.056000	112.409822
29.577576	12.078000	112.614950
29.576802	12.100000	112.820077
29.576028	12.122000	113.025204
29.575254	12.144000	113.230332
29.574479	12.166000	113.435459
29.573705	12.188000	113.640587
29.572931	12.210000	113.845714
29.572156	12.232000	114.050842
29.571382	12.254000	114.255969
29.570608	12.276000	114.461096
29.569833	12.298000	114.666224
29.569059	12.320000	114.871351
29.568285	12.342000	115.076479
29.567510	12.364000	115.281606
29.566736	12.386000	115.486733
29.565961	12.408000	115.691861
29.565187	12.430000	115.896988
29.564412	12.452000	116.102116
29.563638	12.474000	116.307243
29.562863	12.496000	116.512371
29.562089	12.518000	116.717498
29.561314	12.540000	116.922625
29.560540	12.562000	117.127753
29.559765	12.584000	117.332880
29.558990	12.606000	117.538008
29.558216	12.628000	117.743135
29.557441	12.650000	117.948262
29.556667	12.672000	118.153390
29.555892	12.694000	118.358517
29.555117	12.716000	118.563645
29.554342	12.738000	118.768772
29.553568	12.760000	118.973899
29.552793	12.782000	119.179027
29.552018	12.804000	119.384154
29.551243	12.826000	119.589282
29.550469	12.848000	119.794409
29.549694	12.870000	119.999537
29.548919	12.892000	120.204664
29.548144	12.914000	120.409791
29.547369	12.936000	120.614919
29.546594	12.958000	120.820046
29.545819	12.980000	121.025174
29.545045	13.002000	121.230301
29.544270	13.024000	121.435428
29.543495	13.046000	121.640556
29.542720	13.068000	121.845683
29.541945	13.090000	122.050811
29.541170	13.112000	122.255938
29.540395	13.134000	122.461065
29.539620	13.156000	122.666193
29.538845	13.178000	122.871320
29.538069	13.200000	123.076448
29.537294	13.222000	123.281575
29.536519	13.244000	123.486703
29.535744	13.266000	123.691830
29.534969	13.288000	123.896957
29.534194	13.310000	124.102085
29.533419	13.332000	124.307212
29.532643	13.354000	124.512340
29.531868	13.376000	124.717467
29.531093	13.398000	124.922594
29.530318	13.420000	125.127722
29.529542	13.442000	125.332849
29.528767	13.464000	125.537977
29.527992	13.486000	125.743104
29.527216	13.508000	125.948232
29.526441	13.530000	126.153359
29.525666	13.552000	126.358486
29.524890	13.574000	126.563614
29.524115	13.596000	126.768741
29.523340	13.618000	126.973869
29.522564	13.640000	127.178996
29.521789	13.662000	127.384123
29.521013	13.684000	127.589251
29.520238	13.706000	127.794378
29.519462	13.728000	127.999506
29.518687	13.750000	128.204633
29.517911	13.772000	128.409760
29.517136	13.794000	128.614888
29.516360	13.816000	128.820015
29.515584	13.838000	129.025143
29.514809	13.860000	129.230270
29.514033	13.882000	129.435398
29.513257	13.904000	129.640525
29.512482	13.926000	129.845652
29.511706	13.948000	130.050780
29.510930	13.970000	130.255907
29.510155	13.992000	130.461035
29.509379	14.014000	130.666162
29.508603	14.036000	130.871289
29.507827	14.058000	131.076417
29.507052	14.080000	131.281544
29.506276	14.102000	131.486672
29.505500	14.124000	131.691799
29.504724	14.146000	131.896926
29.503948	14.168000	132.102054
29.503172	14.190000	132.307181
29.502397	14.212000	132.512309
29.501621	14.234000	132.717436
29.500845	14.256000	132.922564
29.500069	14.278000	133.127691
29.499293	14.300000	133.332818
29.498517	14.322000	133.537946
29.497741	14.344000	133.743073
29.496965	14.366000	133.948201
29.496189	14.388000	134.153328
29.495413	14.410000	134.358455
29.494637	14.432000	134.563583
29.493861	14.454000	134.768710
29.493084	14.476000	134.973838
29.492308	14.498000	135.178965
29.491532	14.520000	135.384093
29.490756	14.542000	135.589220
29.489980	14.564000	135.794347
29.489204	14.586000	135.999475
29.488427	14.608000	136.204602
29.487651	14.630000	136.409730
29.486875	14.652000	136.614857
29.486099	14.674000	136.819984
29.485322	14.696000	137.025112
29.484546	14.718000	137.230239
29.483770	14.740000	137.435367
29.482993	14.762000	137.640494
29.482217	14.784000	137.845621
29.481441	14.806000	138.050749
29.480664	14.828000	138.255876
29.479888	14.850000	138.461004
29.479112	14.872000	138.666131
29.478335	14.894000	138.871259
29.477559	14.916000	139.076386
29.476782	14.938000	139.281513
29.476006	14.960000	139.486641
29.475229	14.982000	139.691768
29.474453	15.004000	139.896896
29.473676	15.026000	140.102023
29.472900	15.048000	140.307150
29.472123	15.070000	140.512278
29.471346	15.092000	140.717405
29.470570	15.114000	140.922533
29.469793	15.136000	141.127660
29.469016	15.158000	141.332787
29.468240	15.180000	141.537915
29.467463	15.202000	141.743042
29.466686	15.224000	141.948170
29.465910	15.246000	142.153297
29.465133	15.268000	142.358425
29.464356	15.290000	142.563552
29.463579	15.312000	142.768679
29.462803	15.334000	142.973807
29.462026	15.356000	143.178934
29.461249	15.378000	143.384062
29.460472	15.400000	143.589189
29.459695	15.422000	143.794316
29.458918	15.444000	143.999444
29.458141	15.466000	144.204571
29.457364	15.488000	144.409699
29.456588	15.510000	144.614826
29.455811	15.532000	144.819953
29.455034	15.554000	145.025081
29.454257	15.576000	145.230208
29.453480	15.598000	145.435336
29.452703	15.620000	145.640463
29.451926	15.642000	145.845591
29.451148	15.664000	146.050718
29.450371	15.686000	146.255845
29.449594	15.708000	146.460973
29.448817	15.730000	146.666100
29.448040	15.752000	146.871228
29.447263	15.774000	147.076355
29.446486	15.796000	147.281482
29.445709	15.818000	147.486610
29.444931	15.840000	147.691737
29.444154	15.862000	147.896865
29.443377	15.884000	148.101992
29.442600	15.906000	148.307120
29.441822	15.928000	148.512247
29.441045	15.950000	148.717374
29.440268	15.972000	148.922502
29.439490	15.994000	149.127629
29.438713	16.016000	149.332757
29.437936	16.038000	149.537884
29.437158	16.060000	149.743011
29.436381	16.082000	149.948139
29.435603	16.104000	150.153266
29.434826	16.126000	150.358394
29.434049	16.148000	150.563521
29.433271	16.170000	150.768648
29.432494	16.192000	150.973776
29.431716	16.214000	151.178903
29.430939	16.236000	151.384031
29.430161	16.258000	151.589158
29.429384	16.280000	151.794286
29.428606	16.302000	151.999413
29.427828	16.324000	152.204540
29.427051	16.346000	152.409668
29.426273	16.368000	152.614795
29.425495	16.390000	152.819923
29.424718	16.412000	153.025050
29.423940	16.434000	153.230177
29.423162	16.456000	153.435305
29.422385	16.478000	153.640432
29.421607	16.500000	153.845560
29.420829	16.522000	154.050687
29.420051	16.544000	154.255814
29.419274	16.566000	154.460942
29.418496	16.588000	154.666069
29.417718	16.610000	154.871197
29.416940	16.632000	155.076324
29.416162	16.654000	155.281452
29.415384	16.676000	155.486579
29.414606	16.698000	155.691706
29.413829	16.720000	155.896834
29.413051	16.742000	156.101961
29.412273	16.764000	156.307089
29.411495	16.786000	156.512216
29.410717	16.808000	156.717343
29.409939	16.830000	156.922471
29.409161	16.852000	157.127598
29.408383	16.874000	157.332726
29.407605	16.896000	157.537853
29.406827	16.918000	157.742981
29.406048	16.940000	157.948108
29.405270	16.962000	158.153235
29.404492	16.984000	158.358363
29.403714	17.006000	158.563490
29.402936	17.028000	158.768618
29.402158	17.050000	158.973745
29.401379	17.072000	159.178872
29.400601	17.094000	159.384000
29.399823	17.116000	159.589127
29.399045	17.138000	159.794255
29.398267	17.160000	159.999382
29.397488	17.182000	160.204509
29.396710	17.204000	160.409637
29.395932	17.226000	160.614764
29.395153	17.248000	160.819892
29.394375	17.270000	161.025019
29.393596	17.292000	161.230147
29.392818	17.314000	161.435274
29.392040	17.336000	161.640401
29.391261	17.358000	161.845529
29.390483	17.380000	162.050656
29.389704	17.402000	162.255784
29.388926	17.424000	162.460911
29.388147	17.446000	162.666038
29.387369	17.468000	162.871166
29.386590	17.490000	163.076293
29.385812	17.512000	163.281421
29.385033	17.534000	163.486548
29.384255	17.556000	163.691675
29.383476	17.578000	163.896803
29.382697	17.600000	164.101930
29.381919	17.622000	164.307058
29.381140	17.644000	164.512185
29.380361	17.666000	164.717313
29.379583	17.688000	164.922440
29.378804	17.710000	165.127567
29.378025	17.732000	165.332695
29.377246	17.754000	165.537822
29.376468	17.776000	165.742950
29.375689	17.798000	165.948077
29.374910	17.820000	166.153204
29.374131	17.842000	166.358332
29.373352	17.864000	166.563459
29.372573	17.886000	166.768587
29.371795	17.908000	166.973714
29.371016	17.930000	167.178842
29.370237	17.952000	167.383969
29.369458	17.974000	167.589096
29.368679	17.996000	167.794224
29.367900	18.018000	167.999351
29.367121	18.040000	168.204479
29.366342	18.062000	168.409606
29.365563	18.084000	168.614733
29.364784	18.106000	168.819861
29.364005	18.128000	169.024988
29.363226	18.150000	169.230116
29.362447	18.172000	169.435243
29.361668	18.194000	169.640370
29.360888	18.216000	169.845498
29.360109	18.238000	170.050625
29.359330	18.260000	170.255753
29.358551	18.282000	170.460880
29.357772	18.304000	170.666008
29.356992	18.326000	170.871135
29.356213	18.348000	171.076262
29.355434	18.370000	171.281390
29.354655	18.392000	171.486517
29.353875	18.414000	171.691645
29.353096	18.436000	171.896772
29.352317	18.458000	172.101899
29.351537	18.480000	172.307027
29.350758	18.502000	172.512154
29.349979	18.524000	172.717282
29.349199	18.546000	172.922409
29.348420	18.568000	173.127536
29.347640	18.590000	173.332664
29.346861	18.612000	173.537791
29.346082	18.634000	173.742919
29.345302	18.656000	173.948046
29.344523	18.678000	174.153174
29.343743	18.700000	174.358301
29.342963	18.722000	174.563428
29.342184	18.744000	174.768556
29.341404	18.766000	174.973683
29.340625	18.788000	175.178811
29.339845	18.810000	175.383938
29.339065	18.832000	175.589065
29.338286	18.854000	175.794193
29.337506	18.876000	175.999320
29.336726	18.898000	176.204448
29.335947	18.920000	176.409575
29.335167	18.942000	176.614702
29.334387	18.964000	176.819830
29.333608	18.986000	177.024957
29.332828	19.008000	177.230085
29.332048	19.030000	177.435212
29.331268	19.052000	177.640340
29.330488	19.074000	177.845467
29.329708	19.096000	178.050594
29.328929	19.118000	178.255722
29.328149	19.140000	178.460849
29.327369	19.162000	178.665977
29.326589	19.184000	178.871104
29.325809	19.206000	179.076231
29.325029	19.228000	179.281359
29.324249	19.250000	179.486486
29.323469	19.272000	179.691614
29.322689	19.294000	179.896741
29.321909	19.316000	180.101869
29.321129	19.338000	180.306996
29.320349	19.360000	180.512123
29.319569	19.382000	180.717251
29.318789	19.404000	180.922378
29.318009	19.426000	181.127506
29.317228	19.448000	181.332633
29.316448	19.470000	181.537760
29.315668	19.492000	181.742888
29.314888	19.514000	181.948015
29.314108	19.536000	182.153143
29.313328	19.558000	182.358270
29.312547	19.580000	182.563397
29.311767	19.602000	182.768525
29.310987	19.624000	182.973652
29.310206	19.646000	183.178780
29.309426	19.668000	183.383907
29.308646	19.690000	183.589035
29.307865	19.712000	183.794162
29.307085	19.734000	183.999289
29.306305	19.756000	184.204417
29.305524	19.778000	184.409544
29.304744	19.800000	184.614672
29.303963	19.822000	184.819799
29.303183	19.844000	185.024926
29.302402	19.866000	185.230054
29.301622	19.888000	185.435181
29.300841	19.910000	185.640309
29.300061	19.932000	185.845436
29.299280	19.954000	186.050563
29.298500	19.976000	186.255691
29.297719	19.998000	186.460818
29.296939	20.020000	186.665946
29.296158	20.042000	186.871073
29.295377	20.064000	187.076201
29.294597	20.086000	187.281328
29.293816	20.108000	187.486455
29.293035	20.130000	187.691583
29.292255	20.152000	187.896710
29.291474	20.174000	188.101838
29.290693	20.196000	188.306965
29.289912	20.218000	188.512092
29.289132	20.240000	188.717220
29.288351	20.262000	188.922347
29.287570	20.284000	189.127475
29.286789	20.306000	189.332602
29.286008	20.328000	189.537730
29.285227	20.350000	189.742857
29.284447	20.372000	189.947984
29.283666	20.394000	190.153112
29.282885	20.416000	190.358239
29.282104	20.438000	190.563367
29.281323	20.460000	190.768494
29.280542	20.482000	190.973621
29.279761	20.504000	191.178749
29.278980	20.526000	191.383876
29.278199	20.548000	191.589004
29.277418	20.570000	191.794131
29.276637	20.592000	191.999258
29.275856	20.614000	192.204386
29.275074	20.636000	192.409513
29.274293	20.658000	192.614641
29.273512	20.680000	192.819768
29.272731	20.702000	193.024896
29.271950	20.724000	193.230023
29.271169	20.746000	193.435150
29.270387	20.768000	193.640278
29.269606	20.790000	193.845405
29.268825	20.812000	194.050533
29.268044	20.834000	194.255660
29.267262	20.856000	194.460787
29.266481	20.878000	194.665915
29.265700	20.900000	194.871042
29.264918	20.922000	195.076170
29.264137	20.944000	195.281297
29.263356	20.966000	195.486424
29.262574	20.988000	195.691552
29.261793	21.010000	195.896679
29.261011	21.032000	196.101807
29.260230	21.054000	196.306934
29.259448	21.076000	196.512062
29.258667	21.098000	196.717189
29.257885	21.120000	196.922316
29.257104	21.142000	197.127444
29.256322	21.164000	197.332571
29.255541	21.186000	197.537699
29.254759	21.208000	197.742826
29.253978	21.230000	197.947953
29.253196	21.252000	198.153081
29.252414	21.274000	198.358208
29.251633	21.296000	198.563336
29.250851	21.318000	198.768463
29.250069	21.340000	198.973590
29.249288	21.362000	199.178718
29.248506	21.384000	199.383845
29.247724	21.406000	199.588973
29.246943	21.428000	199.794100
29.246161	21.450000	199.999228
29.245379	21.472000	200.204355
29.244597	21.494000	200.409482
29.243815	21.516000	200.614610
29.243033	21.538000	200.819737
29.242252	21.560000	201.024865
29.241470	21.582000	201.229992
29.240688	21.604000	201.435119
29.239906	21.626000	201.640247
29.239124	21.648000	201.845374
29.238342	21.670000	202.050502
29.237560	21.692000	202.255629
29.236778	21.714000	202.460757
29.235996	21.736000	202.665884
29.235214	21.758000	202.871011
29.234432	21.780000	203.076139
29.233650	21.802000	203.281266
29.232868	21.824000	203.486394
29.232086	21.846000	203.691521
29.231304	21.868000	203.896648
29.230521	21.890000	204.101776
29.229739	21.912000	204.306903
29.228957	21.934000	204.512031
29.228175	21.956000	204.717158
29.227393	21.978000	204.922285
29.226610	22.000000	205.127413
29.225828	22.022000	205.332540
29.225046	22.044000	205.537668
29.224264	22.066000	205.742795
29.223481	22.088000	205.947923
29.222699	22.110000	206.153050
29.221917	22.132000	206.358177
29.221134	22.154000	206.563305
29.220352	22.176000	206.768432
29.219570	22.198000	206.973560
29.218787	22.220000	207.178687
29.218005	22.242000	207.383814
29.217222	22.264000	207.588942
29.216440	22.286000	207.794069
29.215657	22.308000	207.999197
29.214875	22.330000	208.204324
29.214092	22.352000	208.409451
29.213310	22.374000	208.614579
29.212527	22.396000	208.819706
29.211745	22.418000	209.024834
29.210962	22.440000	209.229961
29.210179	22.462000	209.435089
29.209397	22.484000	209.640216
29.208614	22.506000	209.845343
29.207831	22.528000	210.050471
29.207049	22.550000	210.255598
29.206266	22.572000	210.460726
29.205483	22.594000	210.665853
29.204701	22.616000	210.870980
29.203918	22.638000	211.076108
29.203135	22.660000	211.281235
29.202352	22.682000	211.486363
29.201569	22.704000	211.691490
29.200787	22.726000	211.896618
29.200004	22.748000	212.101745
29.199221	22.770000	212.306872
29.198438	22.792000	212.512000
29.197655	22.814000	212.717127
29.196872	22.836000	212.922255
29.196089	22.858000	213.127382
29.195306	22.880000	213.332509
29.194523	22.902000	213.537637
29.193740	22.924000	213.742764
29.192957	22.946000	213.947892
29.192174	22.968000	214.153019
29.191391	22.990000	214.358146
29.190608	23.012000	214.563274
29.189825	23.034000	214.768401
29.189042	23.056000	214.973529
29.188259	23.078000	215.178656
29.187476	23.100000	215.383784
29.186693	23.122000	215.588911
29.185909	23.144000	215.794038
29.185126	23.166000	215.999166
29.184343	23.188000	216.204293
29.183560	23.210000	216.409421
29.182777	23.232000	216.614548
29.181993	23.254000	216.819675
29.181210	23.276000	217.024803
29.180427	23.298000	217.229930
29.179643	23.320000	217.435058
29.178860	23.342000	217.640185
29.178077	23.364000	217.845312
29.177293	23.386000	218.050440
29.176510	23.408000	218.255567
29.175727	23.430000	218.460695
29.174943	23.452000	218.665822
29.174160	23.474000	218.870950
29.173376	23.496000	219.076077
29.172593	23.518000	219.281204
29.171809	23.540000	219.486332
29.171026	23.562000	219.691459
29.170242	23.584000	219.896587
29.169459	23.606000	220.101714
29.168675	23.628000	220.306841
29.167891	23.650000	220.511969
29.167108	23.672000	220.717096
29.166324	23.694000	220.922224
29.165541	23.716000	221.127351
29.164757	23.738000	221.332479
29.163973	23.760000	221.537606
29.163189	23.782000	221.742733
29.162406	23.804000	221.947861
29.161622	23.826000	222.152988
29.160838	23.848000	222.358116
29.160054	23.870000	222.563243
29.159271	23.892000	222.768370
29.158487	23.914000	222.973498
29.157703	23.936000	223.178625
29.156919	23.958000	223.383753
29.156135	23.980000	223.588880
29.155351	24.002000	223.794007
29.154568	24.024000	223.999135
29.153784	24.046000	224.204262
29.153000	24.068000	224.409390
29.152216	24.090000	224.614517
29.151432	24.112000	224.819645
29.150648	24.134000	225.024772
29.149864	24.156000	225.229899
29.149080	24.178000	225.435027
29.148296	24.200000	225.640154
29.147512	24.222000	225.845282
29.146727	24.244000	226.050409
29.145943	24.266000	226.255536
29.145159	24.288000	226.460664
29.144375	24.310000	226.665791
29.143591	24.332000	226.870919
29.142807	24.354000	227.076046
29.142023	24.376000	227.281173
29.141238	24.398000	227.486301
29.140454	24.420000	227.691428
29.139670	24.442000	227.896556
29.138886	24.464000	228.101683
29.138101	24.486000	228.306811
29.137317	24.508000	228.511938
29.136533	24.530000	228.717065
29.135748	24.552000	228.922193
29.134964	24.574000	229.127320
29.134180	24.596000	229.332448
29.133395	24.618000	229.537575
29.132611	24.640000	229.742702
29.131826	24.662000	229.947830
29.131042	24.684000	230.152957
29.130257	24.706000	230.358085
29.129473	24.728000	230.563212
29.128688	24.750000	230.768339
29.127904	24.772000	230.973467
29.127119	24.794000	231.178594
29.126335	24.816000	231.383722
29.125550	24.838000	231.588849
29.124766	24.860000	231.793977
29.123981	24.882000	231.999104
29.123196	24.904000	232.204231
29.122412	24.926000	232.409359
29.121627	24.948000	232.614486
29.120842	24.970000	232.819614
29.120058	24.992000	233.024741
29.119273	25.014000	233.229868
29.118488	25.036000	233.434996
29.117703	25.058000	233.640123
29.116919	25.080000	233.845251
29.116134	25.102000	234.050378
29.115349	25.124000	234.255506
29.114564	25.146000	234.460633
29.113779	25.168000	234.665760
29.112994	25.190000	234.870888
29.112210	25.212000	235.076015
29.111425	25.234000	235.281143
29.110640	25.256000	235.486270
29.109855	25.278000	235.691397
29.109070	25.300000	235.896525
29.108285	25.322000	236.101652
29.107500	25.344000	236.306780
29.106715	25.366000	236.511907
29.105930	25.388000	236.717034
29.105145	25.410000	236.922162
29.104360	25.432000	237.127289
29.103575	25.454000	237.332417
29.102789	25.476000	237.537544
29.102004	25.498000	237.742672
29.101219	25.520000	237.947799
29.100434	25.542000	238.152926
29.099649	25.564000	238.358054
29.098864	25.586000	238.563181
29.098078	25.608000	238.768309
29.097293	25.630000	238.973436
29.096508	25.652000	239.178563
29.095723	25.674000	239.383691
29.094937	25.696000	239.588818
29.094152	25.718000	239.793946
29.093367	25.740000	239.999073
29.092581	25.762000	240.204200
29.091796	25.784000	240.409328
29.091011	25.806000	240.614455
29.090225	25.828000	240.819583
29.089440	25.850000	241.024710
29.088654	25.872000	241.229838
29.087869	25.894000	241.434965
29.087083	25.916000	241.640092
29.086298	25.938000	241.845220
29.085512	25.960000	242.050347
29.084727	25.982000	242.255475
29.083941	26.004000	242.460602
29.083156	26.026000	242.665729
29.082370	26.048000	242.870857
29.081584	26.070000	243.075984
29.080799	26.092000	243.281112
29.080013	26.114000	243.486239
29.079228	26.136000	243.691367
29.078442	26.158000	243.896494
29.077656	26.180000	244.101621
29.076870	26.202000	244.306749
29.076085	26.224000	244.511876
29.075299	26.246000	244.717004
29.074513	26.268000	244.922131
29.073727	26.290000	245.127258
29.072942	26.312000	245.332386
29.072156	26.334000	245.537513
29.071370	26.356000	245.742641
29.070584	26.378000	245.947768
29.069798	26.400000	246.152895
29.069012	26.422000	246.358023
29.068226	26.444000	246.563150
29.067440	26.466000	246.768278
29.066654	26.488000	246.973405
29.065868	26.510000	247.178533
29.065082	26.532000	247.383660
29.064296	26.554000	247.588787
29.063510	26.576000	247.793915
29.062724	26.598000	247.999042
29.061938	26.620000	248.204170
29.061152	26.642000	248.409297
29.060366	26.664000	248.614424
29.059580	26.686000	248.819552
29.058794	26.708000	249.024679
29.058008	26.730000	249.229807
29.057221	26.752000	249.434934
29.056435	26.774000	249.640061
29.055649	26.796000	249.845189
29.054863	26.818000	250.050316
29.054077	26.840000	250.255444
29.053290	26.862000	250.460571
29.052504	26.884000	250.665699
29.051718	26.906000	250.870826
29.050931	26.928000	251.075953
29.050145	26.950000	251.281081
29.049359	26.972000	251.486208
29.048572	26.994000	251.691336
29.047786	27.016000	251.896463
29.046999	27.038000	252.101590
29.046213	27.060000	252.306718
29.045427	27.082000	252.511845
29.044640	27.104000	252.716973
29.043854	27.126000	252.922100
29.043067	27.148000	253.127228
29.042281	27.170000	253.332355
29.041494	27.192000	253.537482
29.040707	27.214000	253.742610
29.039921	27.236000	253.947737
29.039134	27.258000	254.152865
29.038348	27.280000	254.357992
29.037561	27.302000	254.563119
29.036774	27.324000	254.768247
29.035988	27.346000	254.973374
29.035201	27.368000	255.178502
29.034414	27.390000	255.383629
29.033628	27.412000	255.588756
29.032841	27.434000	255.793884
29.032054	27.456000	255.999011
29.031267	27.478000	256.204139
29.030480	27.500000	256.409266
29.029694	27.522000	256.614394
29.028907	27.544000	256.819521
29.028120	27.566000	257.024648
29.027333	27.588000	257.229776
29.026546	27.610000	257.434903
29.025759	27.632000	257.640031
29.024972	27.654000	257.845158
29.024185	27.676000	258.050285
29.023398	27.698000	258.255413
29.022611	27.720000	258.460540
29.021824	27.742000	258.665668
29.021037	27.764000	258.870795
29.020250	27.786000	259.075922
29.019463	27.808000	259.281050
29.018676	27.830000	259.486177
29.017889	27.852000	259.691305
29.017102	27.874000	259.896432
29.016315	27.896000	260.101560
29.015528	27.918000	260.306687
29.014740	27.940000	260.511814
29.013953	27.962000	260.716942
29.013166	27.984000	260.922069
29.012379	28.006000	261.127197
29.011592	28.028000	261.332324
29.010804	28.050000	261.537451
29.010017	28.072000	261.742579
29.009230	28.094000	261.947706
29.008442	28.116000	262.152834
29.007655	28.138000	262.357961
29.006868	28.160000	262.563088
29.006080	28.182000	262.768216
29.005293	28.204000	262.973343
29.004505	28.226000	263.178471
29.003718	28.248000	263.383598
29.002931	28.270000	263.588726
29.002143	28.292000	263.793853
29.001356	28.314000	263.998980
29.000568	28.336000	264.204108
28.999781	28.358000	264.409235
28.998993	28.380000	264.614363
28.998205	28.402000	264.819490
28.997418	28.424000	265.024617
28.996630	28.446000	265.229745
28.995843	28.468000	265.434872
28.995055	28.490000	265.640000
28.994267	28.512000	265.845127
28.993480	28.534000	266.050255
28.992692	28.556000	266.255382
28.991904	28.578000	266.460509
28.991117	28.600000	266.665637
28.990329	28.622000	266.870764
28.989541	28.644000	267.075892
28.988753	28.666000	267.281019
28.987965	28.688000	267.486146
28.987178	28.710000	267.691274
28.986390	28.732000	267.896401
28.985602	28.754000	268.101529
28.984814	28.776000	268.306656
28.984026	28.798000	268.511783
28.983238	28.820000	268.716911
28.982450	28.842000	268.922038
28.981662	28.864000	269.127166
28.980874	28.886000	269.332293
28.980086	28.908000	269.537421
28.979298	28.930000	269.742548
28.978510	28.952000	269.947675
28.977722	28.974000	270.152803
28.976934	28.996000	270.357930
28.976146	29.018000	270.563058
28.975358	29.040000	270.768185
28.974570	29.062000	270.973312
28.973782	29.084000	271.178440
28.972994	29.106000	271.383567
28.972205	29.128000	271.588695
28.971417	29.150000	271.793822
28.970629	29.172000	271.998949
28.969841	29.194000	272.204077
28.969053	29.216000	272.409204
28.968264	29.238000	272.614332
28.967476	29.260000	272.819459
28.966688	29.282000	273.024587
28.965899	29.304000	273.229714
28.965111	29.326000	273.434841
28.964323	29.348000	273.639969
28.963534	29.370000	273.845096
28.962746	29.392000	274.050224
28.961957	29.414000	274.255351
28.961169	29.436000	274.460478
28.960381	29.458000	274.665606
28.959592	29.480000	274.870733
28.958804	29.502000	275.075861
28.958015	29.524000	275.280988
28.957227	29.546000	275.486116
28.956438	29.568000	275.691243
28.955649	29.590000	275.896370
28.954861	29.612000	276.101498
28.954072	29.634000	276.306625
28.953284	29.656000	276.511753
28.952495	29.678000	276.716880
28.951706	29.700000	276.922007
28.950918	29.722000	277.127135
28.950129	29.744000	277.332262
28.949340	29.766000	277.537390
28.948551	29.788000	277.742517
28.947763	29.810000	277.947644
28.946974	29.832000	278.152772
28.946185	29.854000	278.357899
28.945396	29.876000	278.563027
28.944608	29.898000	278.768154
28.943819	29.920000	278.973282
28.943030	29.942000	279.178409
28.942241	29.964000	279.383536
28.941452	29.986000	279.588664
28.940663	30.008000	279.793791
28.939874	30.030000	279.998919
28.939085	30.052000	280.204046
28.938296	30.074000	280.409173
28.937507	30.096000	280.614301
28.936718	30.118000	280.819428
28.935929	30.140000	281.024556
28.935140	30.162000	281.229683
28.934351	30.184000	281.434810
28.933562	30.206000	281.639938
28.932773	30.228000	281.845065
28.931984	30.250000	282.050193
28.931195	30.272000	282.255320
28.930405	30.294000	282.460448
28.929616	30.316000	282.665575
28.928827	30.338000	282.870702
28.928038	30.360000	283.075830
28.927249	30.382000	283.280957
28.926459	30.404000	283.486085
28.925670	30.426000	283.691212
28.924881	30.448000	283.896339
28.924091	30.470000	284.101467
28.923302	30.492000	284.306594
28.922513	30.514000	284.511722
28.921723	30.536000	284.716849
28.920934	30.558000	284.921976
28.920145	30.580000	285.127104
28.919355	30.602000	285.332231
28.918566	30.624000	285.537359
28.917776	30.646000	285.742486
28.916987	30.668000	285.947614
28.916197	30.690000	286.152741
28.915408	30.712000	286.357868
28.914618	30.734000	286.562996
28.913829	30.756000	286.768123
28.913039	30.778000	286.973251
28.912249	30.800000	287.178378
28.911460	30.822000	287.383505
28.910670	30.844000	287.588633
28.909881	30.866000	287.793760
28.909091	30.888000	287.998888
28.908301	30.910000	288.204015
28.907512	30.932000	288.409143
28.906722	30.954000	288.614270
28.905932	30.976000	288.819397
28.905142	30.998000	289.024525
28.904353	31.020000	289.229652
28.903563	31.042000	289.434780
28.902773	31.064000	289.639907
28.901983	31.086000	289.845034
28.901193	31.108000	290.050162
28.900403	31.130000	290.255289
28.899613	31.152000	290.460417
28.898824	31.174000	290.665544
28.898034	31.196000	290.870671
28.897244	31.218000	291.075799
28.896454	31.240000	291.280926
28.895664	31.262000	291.486054
28.894874	31.284000	291.691181
28.894084	31.306000	291.896309
28.893294	31.328000	292.101436
28.892504	31.350000	292.306563
28.891714	31.372000	292.511691
28.890923	31.394000	292.716818
28.890133	31.416000	292.921946
28.889343	31.438000	293.127073
28.888553	31.460000	293.332200
28.887763	31.482000	293.537328
28.886973	31.504000	293.742455
28.886182	31.526000	293.947583
28.885392	31.548000	294.152710
28.884602	31.570000	294.357837
28.883812	31.592000	294.562965
28.883021	31.614000	294.768092
28.882231	31.636000	294.973220
28.881441	31.658000	295.178347
28.880650	31.680000	295.383475
28.879860	31.702000	295.588602
28.879070	31.724000	295.793729
28.878279	31.746000	295.998857
28.877489	31.768000	296.203984
28.876698	31.790000	296.409112
28.875908	31.812000	296.614239
28.875118	31.834000	296.819366
28.874327	31.856000	297.024494
28.873537	31.878000	297.229621
28.872746	31.900000	297.434749
28.871955	31.922000	297.639876
28.871165	31.944000	297.845004
28.870374	31.966000	298.050131
28.869584	31.988000	298.255258
28.868793	32.010000	298.460386
28.868002	32.032000	298.665513
28.867212	32.054000	298.870641
28.866421	32.076000	299.075768
28.865630	32.098000	299.280895
28.864840	32.120000	299.486023
28.864049	32.142000	299.691150
28.863258	32.164000	299.896278
28.862467	32.186000	300.101405
28.861677	32.208000	300.306532
28.860886	32.230000	300.511660
28.860095	32.252000	300.716787
28.859304	32.274000	300.921915
28.858513	32.296000	301.127042
28.857722	32.318000	301.332170
28.856931	32.340000	301.537297
28.856141	32.362000	301.742424
28.855350	32.384000	301.947552
28.854559	32.406000	302.152679
28.853768	32.428000	302.357807
28.852977	32.450000	302.562934
28.852186	32.472000	302.768061
28.851395	32.494000	302.973189
28.850604	32.516000	303.178316
28.849812	32.538000	303.383444
28.849021	32.560000	303.588571
28.848230	32.582000	303.793698
28.847439	32.604000	303.998826
28.846648	32.626000	304.203953
28.845857	32.648000	304.409081
28.845066	32.670000	304.614208
28.844274	32.692000	304.819336
28.843483	32.714000	305.024463
28.842692	32.736000	305.229590
28.841901	32.758000	305.434718
28.841109	32.780000	305.639845
28.840318	32.802000	305.844973
28.839527	32.824000	306.050100
28.838735	32.846000	306.255227
28.837944	32.868000	306.460355
28.837153	32.890000	306.665482
28.836361	32.912000	306.870610
28.835570	32.934000	307.075737
28.834778	32.956000	307.280865
28.833987	32.978000	307.485992
28.833196	33.000000	307.691119
28.832404	33.022000	307.896247
28.831613	33.044000	308.101374
28.830821	33.066000	308.306502
28.830030	33.088000	308.511629
28.829238	33.110000	308.716756
28.828446	33.132000	308.921884
28.827655	33.154000	309.127011
28.826863	33.176000	309.332139
28.826072	33.198000	309.537266
28.825280	33.220000	309.742393
28.824488	33.242000	309.947521
28.823696	33.264000	310.152648
28.822905	33.286000	310.357776
28.822113	33.308000	310.562903
28.821321	33.330000	310.768031
28.820530	33.352000	310.973158
28.819738	33.374000	311.178285
28.818946	33.396000	311.383413
28.818154	33.418000	311.588540
28.817362	33.440000	311.793668
28.816570	33.462000	311.998795
28.815778	33.484000	312.203922
28.814987	33.506000	312.409050
28.814195	33.528000	312.614177
28.813403	33.550000	312.819305
28.812611	33.572000	313.024432
28.811819	33.594000	313.229559
28.811027	33.616000	313.434687
28.810235	33.638000	313.639814
28.809443	33.660000	313.844942
28.808651	33.682000	314.050069
28.807859	33.704000	314.255197
28.807067	33.726000	314.460324
28.806274	33.748000	314.665451
28.805482	33.770000	314.870579
28.804690	33.792000	315.075706
28.803898	33.814000	315.280834
28.803106	33.836000	315.485961
28.802314	33.858000	315.691088
28.801521	33.880000	315.896216
28.800729	33.902000	316.101343
28.799937	33.924000	316.306471
28.799145	33.946000	316.511598
28.798352	33.968000	316.716725
28.797560	33.990000	316.921853
28.796768	34.012000	317.126980
28.795975	34.034000	317.332108
28.795183	34.056000	317.537235
28.794390	34.078000	317.742363
28.793598	34.100000	317.947490
28.792806	34.122000	318.152617
28.792013	34.144000	318.357745
28.791221	34.166000	318.562872
28.790428	34.188000	318.768000
28.789636	34.210000	318.973127
28.788843	34.232000	319.178254
28.788051	34.254000	319.383382
28.787258	34.276000	319.588509
28.786466	34.298000	319.793637
28.785673	34.320000	319.998764
28.784880	34.342000	320.203892
28.784088	34.364000	320.409019
28.783295	34.386000	320.614146
28.782502	34.408000	320.819274
28.781710	34.430000	321.024401
28.780917	34.452000	321.229529
28.780124	34.474000	321.434656
28.779331	34.496000	321.639783
28.778539	34.518000	321.844911
28.777746	34.540000	322.050038
28.776953	34.562000	322.255166
28.776160	34.584000	322.460293
28.775367	34.606000	322.665420
28.774575	34.628000	322.870548
28.773782	34.650000	323.075675
28.772989	34.672000	323.280803
28.772196	34.694000	323.485930
28.771403	34.716000	323.691058
28.770610	34.738000	323.896185
28.769817	34.760000	324.101312
28.769024	34.782000	324.306440
28.768231	34.804000	324.511567
28.767438	34.826000	324.716695
28.766645	34.848000	324.921822
28.765852	34.870000	325.126949
28.765059	34.892000	325.332077
28.764266	34.914000	325.537204
28.763472	34.936000	325.742332
28.762679	34.958000	325.947459
28.761886	34.980000	326.152586
28.761093	35.002000	326.357714
28.760300	35.024000	326.562841
28.759506	35.046000	326.767969
28.758713	35.068000	326.973096
28.757920	35.090000	327.178224
28.757127	35.112000	327.383351
28.756333	35.134000	327.588478
28.755540	35.156000	327.793606
28.754747	35.178000	327.998733
28.753953	35.200000	328.203861
28.753160	35.222000	328.408988
28.752367	35.244000	328.614115
28.751573	35.266000	328.819243
28.750780	35.288000	329.024370
28.749986	35.310000	329.229498
28.749193	35.332000	329.434625
28.748399	35.354000	329.639753
28.747606	35.376000	329.844880
28.746812	35.398000	330.050007
28.746019	35.420000	330.255135
28.745225	35.442000	330.460262
28.744432	35.464000	330.665390
28.743638	35.486000	330.870517
28.742844	35.508000	331.075644
28.742051	35.530000	331.280772
28.741257	35.552000	331.485899
28.740463	35.574000	331.691027
28.739670	35.596000	331.896154
28.738876	35.618000	332.101281
28.738082	35.640000	332.306409
28.737288	35.662000	332.511536
28.736495	35.684000	332.716664
28.735701	35.706000	332.921791
28.734907	35.728000	333.126919
28.734113	35.750000	333.332046
28.733319	35.772000	333.537173
28.732525	35.794000	333.742301
28.731732	35.816000	333.947428
28.730938	35.838000	334.152556
28.730144	35.860000	334.357683
28.729350	35.882000	334.562810
28.728556	35.904000	334.767938
28.727762	35.926000	334.973065
28.726968	35.948000	335.178193
28.726174	35.970000	335.383320
28.725380	35.992000	335.588447
28.724586	36.014000	335.793575
28.723792	36.036000	335.998702
28.722998	36.058000	336.203830
28.722203	36.080000	336.408957
28.721409	36.102000	336.614085
28.720615	36.124000	336.819212
28.719821	36.146000	337.024339
28.719027	36.168000	337.229467
28.718233	36.190000	337.434594
28.717438	36.212000	337.639722
28.716644	36.234000	337.844849
28.715850	36.256000	338.049976
28.715055	36.278000	338.255104
28.714261	36.300000	338.460231
28.713467	36.322000	338.665359
28.712672	36.344000	338.870486
28.711878	36.366000	339.075614
28.711084	36.388000	339.280741
28.710289	36.410000	339.485868
28.709495	36.432000	339.690996
28.708700	36.454000	339.896123
28.707906	36.476000	340.101251
28.707112	36.498000	340.306378
28.706317	36.520000	340.511505
28.705522	36.542000	340.716633
28.704728	36.564000	340.921760
28.703933	36.586000	341.126888
28.703139	36.608000	341.332015
28.702344	36.630000	341.537142
28.701550	36.652000	341.742270
28.700755	36.674000	341.947397
28.699960	36.696000	342.152525
28.699166	36.718000	342.357652
28.698371	36.740000	342.562780
28.697576	36.762000	342.767907
28.696782	36.784000	342.973034
28.695987	36.806000	343.178162
28.695192	36.828000	343.383289
28.694397	36.850000	343.588417
28.693602	36.872000	343.793544
28.692808	36.894000	343.998671
28.692013	36.916000	344.203799
28.691218	36.938000	344.408926
28.690423	36.960000	344.614054
28.689628	36.982000	344.819181
28.688833	37.004000	345.024308
28.688038	37.026000	345.229436
28.687243	37.048000	345.434563
28.686448	37.070000	345.639691
28.685653	37.092000	345.844818
28.684858	37.114000	346.049946
28.684063	37.136000	346.255073
28.683268	37.158000	346.460200
28.682473	37.180000	346.665328
28.681678	37.202000	346.870455
28.680883	37.224000	347.075583
28.680088	37.246000	347.280710
28.679293	37.268000	347.485837
28.678497	37.290000	347.690965
28.677702	37.312000	347.896092
28.676907	37.334000	348.101220
28.676112	37.356000	348.306347
28.675317	37.378000	348.511474
28.674521	37.400000	348.716602
28.673726	37.422000	348.921729
28.672931	37.444000	349.126857
28.672135	37.466000	349.331984
28.671340	37.488000	349.537112
28.670545	37.510000	349.742239
28.669749	37.532000	349.947366
28.668954	37.554000	350.152494
28.668159	37.576000	350.357621
28.667363	37.598000	350.562749
28.666568	37.620000	350.767876
28.665772	37.642000	350.973003
28.664977	37.664000	351.178131
28.664181	37.686000	351.383258
28.663386	37.708000	351.588386
28.662590	37.730000	351.793513
28.661795	37.752000	351.998641
28.660999	37.774000	352.203768
28.660203	37.796000	352.408895
28.659408	37.818000	352.614023
28.658612	37.840000	352.819150
28.657816	37.862000	353.024278
28.657021	37.884000	353.229405
28.656225	37.906000	353.434532
28.655429	37.928000	353.639660
28.654634	37.950000	353.844787
28.653838	37.972000	354.049915
28.653042	37.994000	354.255042
28.652246	38.016000	354.460169
28.651450	38.038000	354.665297
28.650655	38.060000	354.870424
28.649859	38.082000	355.075552
28.649063	38.104000	355.280679
28.648267	38.126000	355.485807
28.647471	38.148000	355.690934
28.646675	38.170000	355.896061
28.645879	38.192000	356.101189
28.645083	38.214000	356.306316
28.644287	38.236000	356.511444
28.643491	38.258000	356.716571
28.642695	38.280000	356.921698
28.641899	38.302000	357.126826
28.641103	38.324000	357.331953
28.640307	38.346000	357.537081
28.639511	38.368000	357.742208
28.638715	38.390000	357.947335
28.637919	38.412000	358.152463
28.637122	38.434000	358.357590
28.636326	38.456000	358.562718
28.635530	38.478000	358.767845
28.634734	38.500000	358.972973
28.633938	38.522000	359.178100
28.633141	38.544000	359.383227
28.632345	38.566000	359.588355
28.631549	38.588000	359.793482
28.630752	38.610000	359.998610
28.629956	38.632000	360.203737
28.629160	38.654000	360.408864
28.628363	38.676000	360.613992
28.627567	38.698000	360.819119
28.626770	38.720000	361.024247
28.625974	38.742000	361.229374
28.625178	38.764000	361.434502
28.624381	38.786000	361.639629
28.623585	38.808000	361.844756
28.622788	38.830000	362.049884
28.621992	38.852000	362.255011
28.621195	38.874000	362.460139
28.620398	38.896000	362.665266
28.619602	38.918000	362.870393
28.618805	38.940000	363.075521
28.618009	38.962000	363.280648
28.617212	38.984000	363.485776
28.616415	39.006000	363.690903
28.615619	39.028000	363.896030
28.614822	39.050000	364.101158
28.614025	39.072000	364.306285
28.613229	39.094000	364.511413
28.612432	39.116000	364.716540
28.611635	39.138000	364.921668
28.610838	39.160000	365.126795
28.610041	39.182000	365.331922
28.609245	39.204000	365.537050
28.608448	39.226000	365.742177
28.607651	39.248000	365.947305
28.606854	39.270000	366.152432
28.606057	39.292000	366.357559
28.605260	39.314000	366.562687
28.604463	39.336000	366.767814
28.603666	39.358000	366.972942
28.602869	39.380000	367.178069
28.602072	39.402000	367.383196
28.601275	39.424000	367.588324
28.600478	39.446000	367.793451
28.599681	39.468000	367.998579
28.598884	39.490000	368.203706
28.598087	39.512000	368.408834
28.597290	39.534000	368.613961
28.596493	39.556000	368.819088
28.595695	39.578000	369.024216
28.594898	39.600000	369.229343
28.594101	39.622000	369.434471
28.593304	39.644000	369.639598
28.592507	39.666000	369.844725
28.591709	39.688000	370.049853
28.590912	39.710000	370.254980
28.590115	39.732000	370.460108
28.589317	39.754000	370.665235
28.588520	39.776000	370.870362
28.587723	39.798000	371.075490
28.586925	39.820000	371.280617
28.586128	39.842000	371.485745
28.585330	39.864000	371.690872
28.584533	39.886000	371.896000
28.583736	39.908000	372.101127
28.582938	39.930000	372.306254
28.582141	39.952000	372.511382
28.581343	39.974000	372.716509
28.580546	39.996000	372.921637
28.579748	40.018000	373.126764
28.578950	40.040000	373.331891
28.578153	40.062000	373.537019
28.577355	40.084000	373.742146
28.576558	40.106000	373.947274
28.575760	40.128000	374.152401
28.574962	40.150000	374.357529
28.574165	40.172000	374.562656
28.573367	40.194000	374.767783
28.572569	40.216000	374.972911
28.571771	40.238000	375.178038
28.570974	40.260000	375.383166
28.570176	40.282000	375.588293
28.569378	40.304000	375.793420
28.568580	40.326000	375.998548
28.567782	40.348000	376.203675
28.566985	40.370000	376.408803
28.566187	40.392000	376.613930
28.565389	40.414000	376.819057
28.564591	40.436000	377.024185
28.563793	40.458000	377.229312
28.562995	40.480000	377.434440
28.562197	40.502000	377.639567
28.561399	40.524000	377.844695
28.560601	40.546000	378.049822
28.559803	40.568000	378.254949
28.559005	40.590000	378.460077
28.558207	40.612000	378.665204
28.557409	40.634000	378.870332
28.556611	40.656000	379.075459
28.555813	40.678000	379.280586
28.555014	40.700000	379.485714
28.554216	40.722000	379.690841
28.553418	40.744000	379.895969
28.552620	40.766000	380.101096
28.551822	40.788000	380.306223
28.551023	40.810000	380.511351
28.550225	40.832000	380.716478
28.549427	40.854000	380.921606
28.548629	40.876000	381.126733
28.547830	40.898000	381.331861
28.547032	40.920000	381.536988
28.546234	40.942000	381.742115
28.545435	40.964000	381.947243
28.544637	40.986000	382.152370
28.543838	41.008000	382.357498
28.543040	41.030000	382.562625
28.542241	41.052000	382.767752
28.541443	41.074000	382.972880
28.540644	41.096000	383.178007
28.539846	41.118000	383.383135
28.539047	41.140000	383.588262
28.538249	41.162000	383.793390
28.537450	41.184000	383.998517
28.536652	41.206000	384.203644
28.535853	41.228000	384.408772
28.535054	41.250000	384.613899
28.534256	41.272000	384.819027
28.533457	41.294000	385.024154
28.532658	41.316000	385.229281
28.531860	41.338000	385.434409
28.531061	41.360000	385.639536
28.530262	41.382000	385.844664
28.529463	41.404000	386.049791
28.528665	41.426000	386.254918
28.527866	41.448000	386.460046
28.527067	41.470000	386.665173
28.526268	41.492000	386.870301
28.525469	41.514000	387.075428
28.524670	41.536000	387.280556
28.523872	41.558000	387.485683
28.523073	41.580000	387.690810
28.522274	41.602000	387.895938
28.521475	41.624000	388.101065
28.520676	41.646000	388.306193
28.519877	41.668000	388.511320
28.519078	41.690000	388.716447
28.518279	41.712000	388.921575
28.517480	41.734000	389.126702
28.516681	41.756000	389.331830
28.515881	41.778000	389.536957
28.515082	41.800000	389.742084
28.514283	41.822000	389.947212
28.513484	41.844000	390.152339
28.512685	41.866000	390.357467
28.511886	41.888000	390.562594
28.511086	41.910000	390.767722
28.510287	41.932000	390.972849
28.509488	41.954000	391.177976
28.508689	41.976000	391.383104
28.507889	41.998000	391.588231
28.507090	42.020000	391.793359
28.506291	42.042000	391.998486
28.505491	42.064000	392.203613
28.504692	42.086000	392.408741
28.503893	42.108000	392.613868
28.503093	42.130000	392.818996
28.502294	42.152000	393.024123
28.501494	42.174000	393.229251
28.500695	42.196000	393.434378
28.499895	42.218000	393.639505
28.499096	42.240000	393.844633
28.498296	42.262000	394.049760
28.497497	42.284000	394.254888
28.496697	42.306000	394.460015
28.495898	42.328000	394.665142
28.495098	42.350000	394.870270
28.494298	42.372000	395.075397
28.493499	42.394000	395.280525
28.492699	42.416000	395.485652
28.491899	42.438000	395.690779
28.491100	42.460000	395.895907
28.490300	42.482000	396.101034
28.489500	42.504000	396.306162
28.488701	42.526000	396.511289
28.487901	42.548000	396.716417
28.487101	42.570000	396.921544
28.486301	42.592000	397.126671
28.485501	42.614000	397.331799
28.484701	42.636000	397.536926
28.483902	42.658000	397.742054
28.483102	42.680000	397.947181
28.482302	42.702000	398.152308
28.481502	42.724000	398.357436
28.480702	42.746000	398.562563
28.479902	42.768000	398.767691
28.479102	42.790000	398.972818
28.478302	42.812000	399.177945
28.477502	42.834000	399.383073
28.476702	42.856000	399.588200
28.475902	42.878000	399.793328
28.475102	42.900000	399.998455
28.474302	42.922000	400.203583
28.473501	42.944000	400.408710
28.472701	42.966000	400.613837
28.471901	42.988000	400.818965
28.471101	43.010000	401.024092
28.470301	43.032000	401.229220
28.469500	43.054000	401.434347
28.468700	43.076000	401.639474
28.467900	43.098000	401.844602
28.467100	43.120000	402.049729
28.466299	43.142000	402.254857
28.465499	43.164000	402.459984
28.464699	43.186000	402.665111
28.463898	43.208000	402.870239
28.463098	43.230000	403.075366
28.462298	43.252000	403.280494
28.461497	43.274000	403.485621
28.460697	43.296000	403.690749
28.459896	43.318000	403.895876
28.459096	43.340000	404.101003
28.458295	43.362000	404.306131
28.457495	43.384000	404.511258
28.456694	43.406000	404.716386
28.455894	43.428000	404.921513
28.455093	43.450000	405.126640
28.454292	43.472000	405.331768
28.453492	43.494000	405.536895
28.452691	43.516000	405.742023
28.451891	43.538000	405.947150
28.451090	43.560000	406.152278
28.450289	43.582000	406.357405
28.449488	43.604000	406.562532
28.448688	43.626000	406.767660
28.447887	43.648000	406.972787
28.447086	43.670000	407.177915
28.446285	43.692000	407.383042
28.445485	43.714000	407.588169
28.444684	43.736000	407.793297
28.443883	43.758000	407.998424
28.443082	43.780000	408.203552
28.442281	43.802000	408.408679
28.441480	43.824000	408.613806
28.440679	43.846000	408.818934
28.439878	43.868000	409.024061
28.439077	43.890000	409.229189
28.438276	43.912000	409.434316
28.437475	43.934000	409.639444
28.436674	43.956000	409.844571
28.435873	43.978000	410.049698
28.435072	44.000000	410.254826
28.434271	44.022000	410.459953
28.433470	44.044000	410.665081
28.432669	44.066000	410.870208
28.431868	44.088000	411.075335
28.431067	44.110000	411.280463
28.430265	44.132000	411.485590
28.429464	44.154000	411.690718
28.428663	44.176000	411.895845
28.427862	44.198000	412.100972
28.427060	44.220000	412.306100
28.426259	44.242000	412.511227
28.425458	44.264000	412.716355
28.424657	44.286000	412.921482
28.423855	44.308000	413.126610
28.423054	44.330000	413.331737
28.422252	44.352000	413.536864
28.421451	44.374000	413.741992
28.420650	44.396000	413.947119
28.419848	44.418000	414.152247
28.419047	44.440000	414.357374
28.418245	44.462000	414.562501
28.417444	44.484000	414.767629
28.416642	44.506000	414.972756
28.415841	44.528000	415.177884
28.415039	44.550000	415.383011
28.414238	44.572000	415.588139
28.413436	44.594000	415.793266
28.412634	44.616000	415.998393
28.411833	44.638000	416.203521
28.411031	44.660000	416.408648
28.410229	44.682000	416.613776
28.409428	44.704000	416.818903
28.408626	44.726000	417.024030
28.407824	44.748000	417.229158
28.407023	44.770000	417.434285
28.406221	44.792000	417.639413
28.405419	44.814000	417.844540
28.404617	44.836000	418.049667
28.403815	44.858000	418.254795
28.403013	44.880000	418.459922
28.402212	44.902000	418.665050
28.401410	44.924000	418.870177
28.400608	44.946000	419.075305
28.399806	44.968000	419.280432
28.399004	44.990000	419.485559
28.398202	45.012000	419.690687
28.397400	45.034000	419.895814
28.396598	45.056000	420.100942
28.395796	45.078000	420.306069
28.394994	45.100000	420.511196
28.394192	45.122000	420.716324
28.393390	45.144000	420.921451
28.392588	45.166000	421.126579
28.391786	45.188000	421.331706
28.390983	45.210000	421.536833
28.390181	45.232000	421.741961
28.389379	45.254000	421.947088
28.388577	45.276000	422.152216
28.387775	45.298000	422.357343
28.386972	45.320000	422.562471
28.386170	45.342000	422.767598
28.385368	45.364000	422.972725
28.384565	45.386000	423.177853
28.383763	45.408000	423.382980
28.382961	45.430000	423.588108
28.382158	45.452000	423.793235
28.381356	45.474000	423.998362
28.380554	45.496000	424.203490
28.379751	45.518000	424.408617
28.378949	45.540000	424.613745
28.378146	45.562000	424.818872
28.377344	45.584000	425.023999
28.376541	45.606000	425.229127
28.375739	45.628000	425.434254
28.374936	45.650000	425.639382
28.374134	45.672000	425.844509
28.373331	45.694000	426.049637
28.372529	45.716000	426.254764
28.371726	45.738000	426.459891
28.370923	45.760000	426.665019
28.370121	45.782000	426.870146
28.369318	45.804000	427.075274
28.368515	45.826000	427.280401
28.367713	45.848000	427.485528
28.366910	45.870000	427.690656
28.366107	45.892000	427.895783
28.365304	45.914000	428.100911
28.364502	45.936000	428.306038
28.363699	45.958000	428.511166
28.362896	45.980000	428.716293
28.362093	46.002000	428.921420
28.361290	46.024000	429.126548
28.360487	46.046000	429.331675
28.359684	46.068000	429.536803
28.358881	46.090000	429.741930
28.358078	46.112000	429.947057
28.357275	46.134000	430.152185
28.356472	46.156000	430.357312
28.355669	46.178000	430.562440
28.354866	46.200000	430.767567
28.354063	46.222000	430.972694
28.353260	46.244000	431.177822
28.352457	46.266000	431.382949
28.351654	46.288000	431.588077
28.350851	46.310000	431.793204
28.350048	46.332000	431.998332
28.349245	46.354000	432.203459
28.348441	46.376000	432.408586
28.347638	46.398000	432.613714
28.346835	46.420000	432.818841
28.346032	46.442000	433.023969
28.345229	46.464000	433.229096
28.344425	46.486000	433.434223
28.343622	46.508000	433.639351
28.342819	46.530000	433.844478
28.342015	46.552000	434.049606
28.341212	46.574000	434.254733
28.340408	46.596000	434.459860
28.339605	46.618000	434.664988
28.338802	46.640000	434.870115
28.337998	46.662000	435.075243
28.337195	46.684000	435.280370
28.336391	46.706000	435.485498
28.335588	46.728000	435.690625
28.334784	46.750000	435.895752
28.333981	46.772000	436.100880
28.333177	46.794000	436.306007
28.332374	46.816000	436.511135
28.331570	46.838000	436.716262
28.330766	46.860000	436.921389
28.329963	46.882000	437.126517
28.329159	46.904000	437.331644
28.328355	46.926000	437.536772
28.327552	46.948000	437.741899
28.326748	46.970000	437.947027
28.325944	46.992000	438.152154
28.325140	47.014000	438.357281
28.324337	47.036000	438.562409
28.323533	47.058000	438.767536
28.322729	47.080000	438.972664
28.321925	47.102000	439.177791
28.321121	47.124000	439.382918
28.320317	47.146000	439.588046
28.319513	47.168000	439.793173
28.318710	47.190000	439.998301
28.317906	47.212000	440.203428
28.317102	47.234000	440.408555
28.316298	47.256000	440.613683
28.315494	47.278000	440.818810
28.314690	47.300000	441.023938
28.313886	47.322000	441.229065
28.313082	47.344000	441.434193
28.312277	47.366000	441.639320
28.311473	47.388000	441.844447
28.310669	47.410000	442.049575
28.309865	47.432000	442.254702
28.309061	47.454000	442.459830
28.308257	47.476000	442.664957
28.307453	47.498000	442.870084
28.306648	47.520000	443.075212
28.305844	47.542000	443.280339
28.305040	47.564000	443.485467
28.304236	47.586000	443.690594
28.303431	47.608000	443.895721
28.302627	47.630000	444.100849
28.301823	47.652000	444.305976
28.301018	47.674000	444.511104
28.300214	47.696000	444.716231
28.299410	47.718000	444.921359
28.298605	47.740000	445.126486
28.297801	47.762000	445.331613
28.296996	47.784000	445.536741
28.296192	47.806000	445.741868
28.295387	47.828000	445.946996
28.294583	47.850000	446.152123
28.293778	47.872000	446.357250
28.292974	47.894000	446.562378
28.292169	47.916000	446.767505
28.291364	47.938000	446.972633
28.290560	47.960000	447.177760
28.289755	47.982000	447.382888
28.288951	48.004000	447.588015
28.288146	48.026000	447.793142
28.287341	48.048000	447.998270
28.286536	48.070000	448.203397
28.285732	48.092000	448.408525
28.284927	48.114000	448.613652
28.284122	48.136000	448.818779
28.283317	48.158000	449.023907
28.282513	48.180000	449.229034
28.281708	48.202000	449.434162
28.280903	48.224000	449.639289
28.280098	48.246000	449.844416
28.279293	48.268000	450.049544
28.278488	48.290000	450.254671
28.277683	48.312000	450.459799
28.276878	48.334000	450.664926
28.276073	48.356000	450.870054
28.275268	48.378000	451.075181
28.274463	48.400000	451.280308
28.273658	48.422000	451.485436
28.272853	48.444000	451.690563
28.272048	48.466000	451.895691
28.271243	48.488000	452.100818
28.270438	48.510000	452.305945
28.269633	48.532000	452.511073
28.268828	48.554000	452.716200
28.268023	48.576000	452.921328
28.267217	48.598000	453.126455
28.266412	48.620000	453.331582
28.265607	48.642000	453.536710
28.264802	48.664000	453.741837
28.263996	48.686000	453.946965
28.263191	48.708000	454.152092
28.262386	48.730000	454.357220
28.261581	48.752000	454.562347
28.260775	48.774000	454.767474
28.259970	48.796000	454.972602
28.259164	48.818000	455.177729
28.258359	48.840000	455.382857
28.257554	48.862000	455.587984
28.256748	48.884000	455.793111
28.255943	48.906000	455.998239
28.255137	48.928000	456.203366
28.254332	48.950000	456.408494
28.253526	48.972000	456.613621
28.252721	48.994000	456.818748
28.251915	49.016000	457.023876
28.251109	49.038000	457.229003
28.250304	49.060000	457.434131
28.249498	49.082000	457.639258
28.248693	49.104000	457.844386
28.247887	49.126000	458.049513
28.247081	49.148000	458.254640
28.246275	49.170000	458.459768
28.245470	49.192000	458.664895
28.244664	49.214000	458.870023
28.243858	49.236000	459.075150
28.243052	49.258000	459.280277
28.242247	49.280000	459.485405
28.241441	49.302000	459.690532
28.240635	49.324000	459.895660
28.239829	49.346000	460.100787
28.239023	49.368000	460.305915
28.238217	49.390000	460.511042
28.237411	49.412000	460.716169
28.236605	49.434000	460.921297
28.235799	49.456000	461.126424
28.234993	49.478000	461.331552
28.234187	49.500000	461.536679
28.233381	49.522000	461.741806
28.232575	49.544000	461.946934
28.231769	49.566000	462.152061
28.230963	49.588000	462.357189
28.230157	49.610000	462.562316
28.229351	49.632000	462.767443
28.228545	49.654000	462.972571
28.227739	49.676000	463.177698
28.226932	49.698000	463.382826
28.226126	49.720000	463.587953
28.225320	49.742000	463.793081
28.224514	49.764000	463.998208
28.223708	49.786000	464.203335
28.222901	49.808000	464.408463
28.222095	49.830000	464.613590
28.221289	49.852000	464.818718
28.220482	49.874000	465.023845
28.219676	49.896000	465.228972
28.218869	49.918000	465.434100
28.218063	49.940000	465.639227
28.217257	49.962000	465.844355
28.216450	49.984000	466.049482
28.215644	50.006000	466.254609
28.214837	50.028000	466.459737
28.214031	50.050000	466.664864
28.213224	50.072000	466.869992
28.212418	50.094000	467.075119
28.211611	50.116000	467.280247
28.210805	50.138000	467.485374
28.209998	50.160000	467.690501
28.209191	50.182000	467.895629
28.208385	50.204000	468.100756
28.207578	50.226000	468.305884
28.206771	50.248000	468.511011
28.205965	50.270000	468.716138
28.205158	50.292000	468.921266
28.204351	50.314000	469.126393
28.203544	50.336000	469.331521
28.202738	50.358000	469.536648
28.201931	50.380000	469.741776
28.201124	50.402000	469.946903
28.200317	50.424000	470.152030
28.199510	50.446000	470.357158
28.198703	50.468000	470.562285
28.197896	50.490000	470.767413
28.197089	50.512000	470.972540
28.196283	50.534000	471.177667
28.195476	50.556000	471.382795
28.194669	50.578000	471.587922
28.193862	50.600000	471.793050
28.193055	50.622000	471.998177
28.192247	50.644000	472.203304
28.191440	50.666000	472.408432
28.190633	50.688000	472.613559
28.189826	50.710000	472.818687
28.189019	50.732000	473.023814
28.188212	50.754000	473.228942
28.187405	50.776000	473.434069
28.186598	50.798000	473.639196
28.185790	50.820000	473.844324
28.184983	50.842000	474.049451
28.184176	50.864000	474.254579
28.183369	50.886000	474.459706
28.182561	50.908000	474.664833
28.181754	50.930000	474.869961
28.180947	50.952000	475.075088
28.180139	50.974000	475.280216
28.179332	50.996000	475.485343
28.178525	51.018000	475.690470
28.177717	51.040000	475.895598
28.176910	51.062000	476.100725
28.176102	51.084000	476.305853
28.175295	51.106000	476.510980
28.174487	51.128000	476.716108
28.173680	51.150000	476.921235
28.172872	51.172000	477.126362
28.172065	51.194000	477.331490
28.171257	51.216000	477.536617
28.170450	51.238000	477.741745
28.169642	51.260000	477.946872
28.168834	51.282000	478.151999
28.168027	51.304000	478.357127
28.167219	51.326000	478.562254
28.166411	51.348000	478.767382
28.165604	51.370000	478.972509
28.164796	51.392000	479.177637
28.163988	51.414000	479.382764
28.163180	51.436000	479.587891
28.162373	51.458000	479.793019
28.161565	51.480000	479.998146
28.160757	51.502000	480.203274
28.159949	51.524000	480.408401
28.159141	51.546000	480.613528
28.158333	51.568000	480.818656
28.157525	51.590000	481.023783
28.156718	51.612000	481.228911
28.155910	51.634000	481.434038
28.155102	51.656000	481.639165
28.154294	51.678000	481.844293
28.153486	51.700000	482.049420
28.152678	51.722000	482.254548
28.151870	51.744000	482.459675
28.151061	51.766000	482.664803
28.150253	51.788000	482.869930
28.149445	51.810000	483.075057
28.148637	51.832000	483.280185
28.147829	51.854000	483.485312
28.147021	51.876000	483.690440
28.146213	51.898000	483.895567
28.145404	51.920000	484.100694
28.144596	51.942000	484.305822
28.143788	51.964000	484.510949
28.142980	51.986000	484.716077
28.142171	52.008000	484.921204
28.141363	52.030000	485.126331
28.140555	52.052000	485.331459
28.139746	52.074000	485.536586
28.138938	52.096000	485.741714
28.138130	52.118000	485.946841
28.137321	52.140000	486.151969
28.136513	52.162000	486.357096
28.135704	52.184000	486.562223
28.134896	52.206000	486.767351
28.134087	52.228000	486.972478
28.133279	52.250000	487.177606
28.132470	52.272000	487.382733
28.131662	52.294000	487.587860
28.130853	52.316000	487.792988
28.130044	52.338000	487.998115
28.129236	52.360000	488.203243
28.128427	52.382000	488.408370
28.127619	52.404000	488.613497
28.126810	52.426000	488.818625
28.126001	52.448000	489.023752
28.125192	52.470000	489.228880
28.124384	52.492000	489.434007
28.123575	52.514000	489.639135
28.122766	52.536000	489.844262
28.121957	52.558000	490.049389
28.121149	52.580000	490.254517
28.120340	52.602000	490.459644
28.119531	52.624000	490.664772
28.118722	52.646000	490.869899
28.117913	52.668000	491.075026
28.117104	52.690000	491.280154
28.116295	52.712000	491.485281
28.115486	52.734000	491.690409
28.114677	52.756000	491.895536
28.113868	52.778000	492.100664
28.113059	52.800000	492.305791
28.112250	52.822000	492.510918
28.111441	52.844000	492.716046
28.110632	52.866000	492.921173
28.109823	52.888000	493.126301
28.109014	52.910000	493.331428
28.108205	52.932000	493.536555
28.107396	52.954000	493.741683
28.106586	52.976000	493.946810
28.105777	52.998000	494.151938
28.104968	53.020000	494.357065
28.104159	53.042000	494.562192
28.103350	53.064000	494.767320
28.102540	53.086000	494.972447
28.101731	53.108000	495.177575
28.100922	53.130000	495.382702
28.100112	53.152000	495.587830
28.099303	53.174000	495.792957
28.098494	53.196000	495.998084
28.097684	53.218000	496.203212
28.096875	53.240000	496.408339
28.096065	53.262000	496.613467
28.095256	53.284000	496.818594
28.094446	53.306000	497.023721
28.093637	53.328000	497.228849
28.092827	53.350000	497.433976
28.092018	53.372000	497.639104
28.091208	53.394000	497.844231
28.090399	53.416000	498.049358
28.089589	53.438000	498.254486
28.088779	53.460000	498.459613
28.087970	53.482000	498.664741
28.087160	53.504000	498.869868
28.086350	53.526000	499.074996
28.085541	53.548000	499.280123
28.084731	53.570000	499.485250
28.083921	53.592000	499.690378
28.083111	53.614000	499.895505
28.082302	53.636000	500.100633
28.081492	53.658000	500.305760
28.080682	53.680000	500.510887
28.079872	53.702000	500.716015
28.079062	53.724000	500.921142
28.078252	53.746000	501.126270
28.077442	53.768000	501.331397
28.076633	53.790000	501.536525
28.075823	53.812000	501.741652
28.075013	53.834000	501.946779
28.074203	53.856000	502.151907
28.073393	53.878000	502.357034
28.072583	53.900000	502.562162
28.071773	53.922000	502.767289
28.070962	53.944000	502.972416
28.070152	53.966000	503.177544
28.069342	53.988000	503.382671
28.068532	54.010000	503.587799
28.067722	54.032000	503.792926
28.066912	54.054000	503.998053
28.066102	54.076000	504.203181
28.065291	54.098000	504.408308
28.064481	54.120000	504.613436
28.063671	54.142000	504.818563
28.062861	54.164000	505.023691
28.062050	54.186000	505.228818
28.061240	54.208000	505.433945
28.060430	54.230000	505.639073
28.059619	54.252000	505.844200
28.058809	54.274000	506.049328
28.057999	54.296000	506.254455
28.057188	54.318000	506.459582
28.056378	54.340000	506.664710
28.055567	54.362000	506.869837
28.054757	54.384000	507.074965
28.053946	54.406000	507.280092
28.053136	54.428000	507.485219
28.052325	54.450000	507.690347
28.051515	54.472000	507.895474
28.050704	54.494000	508.100602
28.049893	54.516000	508.305729
28.049083	54.538000	508.510857
28.048272	54.560000	508.715984
28.047462	54.582000	508.921111
28.046651	54.604000	509.126239
28.045840	54.626000	509.331366
28.045029	54.648000	509.536494
28.044219	54.670000	509.741621
28.043408	54.692000	509.946748
28.042597	54.714000	510.151876
28.041786	54.736000	510.357003
28.040975	54.758000	510.562131
28.040165	54.780000	510.767258
28.039354	54.802000	510.972385
28.038543	54.824000	511.177513
28.037732	54.846000	511.382640
28.036921	54.868000	511.587768
28.036110	54.890000	511.792895
28.035299	54.912000	511.998023
28.034488	54.934000	512.203150
28.033677	54.956000	512.408277
28.032866	54.978000	512.613405
28.032055	55.000000	512.818532
28.031244	55.022000	513.023660
28.030433	55.044000	513.228787
28.029622	55.066000	513.433914
28.028811	55.088000	513.639042
28.028000	55.110000	513.844169
28.027188	55.132000	514.049297
28.026377	55.154000	514.254424
28.025566	55.176000	514.459552
28.024755	55.198000	514.664679
28.023943	55.220000	514.869806
28.023132	55.242000	515.074934
28.022321	55.264000	515.280061
28.021510	55.286000	515.485189
28.020698	55.308000	515.690316
28.019887	55.330000	515.895443
28.019076	55.352000	516.100571
28.018264	55.374000	516.305698
28.017453	55.396000	516.510826
28.016641	55.418000	516.715953
28.015830	55.440000	516.921080
28.015018	55.462000	517.126208
28.014207	55.484000	517.331335
28.013395	55.506000	517.536463
28.012584	55.528000	517.741590
28.011772	55.550000	517.946718
28.010961	55.572000	518.151845
28.010149	55.594000	518.356972
28.009337	55.616000	518.562100
28.008526	55.638000	518.767227
28.007714	55.660000	518.972355
28.006903	55.682000	519.177482
28.006091	55.704000	519.382609
28.005279	55.726000	519.587737
28.004467	55.748000	519.792864
28.003656	55.770000	519.997992
28.002844	55.792000	520.203119
28.002032	55.814000	520.408246
28.001220	55.836000	520.613374
28.000408	55.858000	520.818501
27.999596	55.880000	521.023629
27.998785	55.902000	521.228756
27.997973	55.924000	521.433884
27.997161	55.946000	521.639011
27.996349	55.968000	521.844138
27.995537	55.990000	522.049266
27.994725	56.012000	522.254393
27.993913	56.034000	522.459521
27.993101	56.056000	522.664648
27.992289	56.078000	522.869775
27.991477	56.100000	523.074903
27.990665	56.122000	523.280030
27.989853	56.144000	523.485158
27.989040	56.166000	523.690285
27.988228	56.188000	523.895413
27.987416	56.210000	524.100540
27.986604	56.232000	524.305667
27.985792	56.254000	524.510795
27.984979	56.276000	524.715922
27.984167	56.298000	524.921050
27.983355	56.320000	525.126177
27.982543	56.342000	525.331304
27.981730	56.364000	525.536432
27.980918	56.386000	525.741559
27.980106	56.408000	525.946687
27.979293	56.430000	526.151814
27.978481	56.452000	526.356941
27.977668	56.474000	526.562069
27.976856	56.496000	526.767196
27.976044	56.518000	526.972324
27.975231	56.540000	527.177451
27.974419	56.562000	527.382579
27.973606	56.584000	527.587706
27.972794	56.606000	527.792833
27.971981	56.628000	527.997961
27.971168	56.650000	528.203088
27.970356	56.672000	528.408216
27.969543	56.694000	528.613343
27.968731	56.716000	528.818470
27.967918	56.738000	529.023598
27.967105	56.760000	529.228725
27.966292	56.782000	529.433853
27.965480	56.804000	529.638980
27.964667	56.826000	529.844107
27.963854	56.848000	530.049235
27.963041	56.870000	530.254362
27.962229	56.892000	530.459490
27.961416	56.914000	530.664617
27.960603	56.936000	530.869745
27.959790	56.958000	531.074872
27.958977	56.980000	531.279999
27.958164	57.002000	531.485127
27.957351	57.024000	531.690254
27.956538	57.046000	531.895382
27.955725	57.068000	532.100509
27.954913	57.090000	532.305636
27.954099	57.112000	532.510764
27.953286	57.134000	532.715891
27.952473	57.156000	532.921019
27.951660	57.178000	533.126146
27.950847	57.200000	533.331274
27.950034	57.222000	533.536401
27.949221	57.244000	533.741528
27.948408	57.266000	533.946656
27.947595	57.288000	534.151783
27.946781	57.310000	534.356911
27.945968	57.332000	534.562038
27.945155	57.354000	534.767165
27.944342	57.376000	534.972293
27.943529	57.398000	535.177420
27.942715	57.420000	535.382548
27.941902	57.442000	535.587675
27.941089	57.464000	535.792802
27.940275	57.486000	535.997930
27.939462	57.508000	536.203057
27.938648	57.530000	536.408185
27.937835	57.552000	536.613312
27.937022	57.574000	536.818440
27.936208	57.596000	537.023567
27.935395	57.618000	537.228694
27.934581	57.640000	537.433822
27.933768	57.662000	537.638949
27.932954	57.684000	537.844077
27.932140	57.706000	538.049204
27.931327	57.728000	538.254331
27.930513	57.750000	538.459459
27.929700	57.772000	538.664586
27.928886	57.794000	538.869714
27.928072	57.816000	539.074841
27.927259	57.838000	539.279968
27.926445	57.860000	539.485096
27.925631	57.882000	539.690223
27.924817	57.904000	539.895351
27.924004	57.926000	540.100478
27.923190	57.948000	540.305606
27.922376	57.970000	540.510733
27.921562	57.992000	540.715860
27.920748	58.014000	540.920988
27.919935	58.036000	541.126115
27.919121	58.058000	541.331243
27.918307	58.080000	541.536370
27.917493	58.102000	541.741497
27.916679	58.124000	541.946625
27.915865	58.146000	542.151752
27.915051	58.168000	542.356880
27.914237	58.190000	542.562007
27.913423	58.212000	542.767134
27.912609	58.234000	542.972262
27.911795	58.256000	543.177389
27.910981	58.278000	543.382517
27.910166	58.300000	543.587644
27.909352	58.322000	543.792772
27.908538	58.344000	543.997899
27.907724	58.366000	544.203026
27.906910	58.388000	544.408154
27.906096	58.410000	544.613281
27.905281	58.432000	544.818409
27.904467	58.454000	545.023536
27.903653	58.476000	545.228663
27.902838	58.498000	545.433791
27.902024	58.520000	545.638918
27.901210	58.542000	545.844046
27.900395	58.564000	546.049173
27.899581	58.586000	546.254301
27.898767	58.608000	546.459428
27.897952	58.630000	546.664555
27.897138	58.652000	546.869683
27.896323	58.674000	547.074810
27.895509	58.696000	547.279938
27.894694	58.718000	547.485065
27.893880	58.740000	547.690192
27.893065	58.762000	547.895320
27.892251	58.784000	548.100447
27.891436	58.806000	548.305575
27.890621	58.828000	548.510702
27.889807	58.850000	548.715829
27.888992	58.872000	548.920957
27.888177	58.894000	549.126084
27.887363	58.916000	549.331212
27.886548	58.938000	549.536339
27.885733	58.960000	549.741467
27.884919	58.982000	549.946594
27.884104	59.004000	550.151721
27.883289	59.026000	550.356849
27.882474	59.048000	550.561976
27.881659	59.070000	550.767104
27.880844	59.092000	550.972231
27.880030	59.114000	551.177358
27.879215	59.136000	551.382486
27.878400	59.158000	551.587613
27.877585	59.180000	551.792741
27.876770	59.202000	551.997868
27.875955	59.224000	552.202995
27.875140	59.246000	552.408123
27.874325	59.268000	552.613250
27.873510	59.290000	552.818378
27.872695	59.312000	553.023505
27.871880	59.334000	553.228633
27.871064	59.356000	553.433760
27.870249	59.378000	553.638887
27.869434	59.400000	553.844015
27.868619	59.422000	554.049142
27.867804	59.444000	554.254270
27.866989	59.466000	554.459397
27.866173	59.488000	554.664524
27.865358	59.510000	554.869652
27.864543	59.532000	555.074779
27.863728	59.554000	555.279907
27.862912	59.576000	555.485034
27.862097	59.598000	555.690162
27.861281	59.620000	555.895289
27.860466	59.642000	556.100416
27.859651	59.664000	556.305544
27.858835	59.686000	556.510671
27.858020	59.708000	556.715799
27.857204	59.730000	556.920926
27.856389	59.752000	557.126053
27.855573	59.774000	557.331181
27.854758	59.796000	557.536308
27.853942	59.818000	557.741436
27.853127	59.840000	557.946563
27.852311	59.862000	558.151690
27.851496	59.884000	558.356818
27.850680	59.906000	558.561945
27.849864	59.928000	558.767073
27.849049	59.950000	558.972200
27.848233	59.972000	559.177328
27.847417	59.994000	559.382455
27.846601	60.016000	559.587582
27.845786	60.038000	559.792710
27.844970	60.060000	559.997837
27.844154	60.082000	560.202965
27.843338	60.104000	560.408092
27.842523	60.126000	560.613219
27.841707	60.148000	560.818347
27.840891	60.170000	561.023474
27.840075	60.192000	561.228602
27.839259	60.214000	561.433729
27.838443	60.236000	561.638856
27.837627	60.258000	561.843984
27.836811	60.280000	562.049111
27.835995	60.302000	562.254239
27.835179	60.324000	562.459366
27.834363	60.346000	562.664494
27.833547	60.368000	562.869621
27.832731	60.390000	563.074748
27.831915	60.412000	563.279876
27.831099	60.434000	563.485003
27.830282	60.456000	563.690131
27.829466	60.478000	563.895258
27.828650	60.500000	564.100385
27.827834	60.522000	564.305513
27.827018	60.544000	564.510640
27.826201	60.566000	564.715768
27.825385	60.588000	564.920895
27.824569	60.610000	565.126023
27.823753	60.632000	565.331150
27.822936	60.654000	565.536277
27.822120	60.676000	565.741405
27.821303	60.698000	565.946532
27.820487	60.720000	566.151660
27.819671	60.742000	566.356787
27.818854	60.764000	566.561914
27.818038	60.786000	566.767042
27.817221	60.808000	566.972169
27.816405	60.830000	567.177297
27.815588	60.852000	567.382424
27.814772	60.874000	567.587551
27.813955	60.896000	567.792679
27.813139	60.918000	567.997806
27.812322	60.940000	568.202934
27.811505	60.962000	568.408061
27.810689	60.984000	568.613189
27.809872	61.006000	568.818316
27.809055	61.028000	569.023443
27.808239	61.050000	569.228571
27.807422	61.072000	569.433698
27.806605	61.094000	569.638826
27.805788	61.116000	569.843953
27.804972	61.138000	570.049080
27.804155	61.160000	570.254208
27.803338	61.182000	570.459335
27.802521	61.204000	570.664463
27.801704	61.226000	570.869590
27.800887	61.248000	571.074717
27.800070	61.270000	571.279845
27.799253	61.292000	571.484972
27.798436	61.314000	571.690100
27.797620	61.336000	571.895227
27.796803	61.358000	572.100355
27.795985	61.380000	572.305482
27.795168	61.402000	572.510609
27.794351	61.424000	572.715737
27.793534	61.446000	572.920864
27.792717	61.468000	573.125992
27.791900	61.490000	573.331119
27.791083	61.512000	573.536246
27.790266	61.534000	573.741374
27.789449	61.556000	573.946501
27.788631	61.578000	574.151629
27.787814	61.600000	574.356756
27.786997	61.622000	574.561883
27.786180	61.644000	574.767011
27.785362	61.666000	574.972138
27.784545	61.688000	575.177266
27.783728	61.710000	575.382393
27.782910	61.732000	575.587521
27.782093	61.754000	575.792648
27.781276	61.776000	575.997775
27.780458	61.798000	576.202903
27.779641	61.820000	576.408030
27.778823	61.842000	576.613158
27.778006	61.864000	576.818285
27.777188	61.886000	577.023412
27.776371	61.908000	577.228540
27.775553	61.930000	577.433667
27.774736	61.952000	577.638795
27.773918	61.974000	577.843922
27.773100	61.996000	578.049050
27.772283	62.018000	578.254177
27.771465	62.040000	578.459304
27.770647	62.062000	578.664432
27.769830	62.084000	578.869559
27.769012	62.106000	579.074687
27.768194	62.128000	579.279814
27.767377	62.150000	579.484941
27.766559	62.172000	579.690069
27.765741	62.194000	579.895196
27.764923	62.216000	580.100324
27.764105	62.238000	580.305451
27.763288	62.260000	580.510578
27.762470	62.282000	580.715706
27.761652	62.304000	580.920833
27.760834	62.326000	581.125961
27.760016	62.348000	581.331088
27.759198	62.370000	581.536216
27.758380	62.392000	581.741343
27.757562	62.414000	581.946470
27.756744	62.436000	582.151598
27.755926	62.458000	582.356725
27.755108	62.480000	582.561853
27.754290	62.502000	582.766980
27.753472	62.524000	582.972107
27.752653	62.546000	583.177235
27.751835	62.568000	583.382362
27.751017	62.590000	583.587490
27.750199	62.612000	583.792617
27.749381	62.634000	583.997744
27.748563	62.656000	584.202872
27.747744	62.678000	584.407999
27.746926	62.700000	584.613127
27.746108	62.722000	584.818254
27.745289	62.744000	585.023382
27.744471	62.766000	585.228509
27.743653	62.788000	585.433636
27.742834	62.810000	585.638764
27.742016	62.832000	585.843891
27.741197	62.854000	586.049019
27.740379	62.876000	586.254146
27.739561	62.898000	586.459273
27.738742	62.920000	586.664401
27.737924	62.942000	586.869528
27.737105	62.964000	587.074656
27.736287	62.986000	587.279783
27.735468	63.008000	587.484911
27.734649	63.030000	587.690038
27.733831	63.052000	587.895165
27.733012	63.074000	588.100293
27.732193	63.096000	588.305420
27.731375	63.118000	588.510548
27.730556	63.140000	588.715675
27.729737	63.162000	588.920802
27.728919	63.184000	589.125930
27.728100	63.206000	589.331057
27.727281	63.228000	589.536185
27.726462	63.250000	589.741312
27.725643	63.272000	589.946439
27.724825	63.294000	590.151567
27.724006	63.316000	590.356694
27.723187	63.338000	590.561822
27.722368	63.360000	590.766949
27.721549	63.382000	590.972077
27.720730	63.404000	591.177204
27.719911	63.426000	591.382331
27.719092	63.448000	591.587459
27.718273	63.470000	591.792586
27.717454	63.492000	591.997714
27.716635	63.514000	592.202841
27.715816	63.536000	592.407968
27.714997	63.558000	592.613096
27.714178	63.580000	592.818223
27.713359	63.602000	593.023351
27.712540	63.624000	593.228478
27.711720	63.646000	593.433605
27.710901	63.668000	593.638733
27.710082	63.690000	593.843860
27.709263	63.712000	594.048988
27.708443	63.734000	594.254115
27.707624	63.756000	594.459243
27.706805	63.778000	594.664370
27.705985	63.800000	594.869497
27.705166	63.822000	595.074625
27.704347	63.844000	595.279752
27.703527	63.866000	595.484880
27.702708	63.888000	595.690007
27.701889	63.910000	595.895134
27.701069	63.932000	596.100262
27.700250	63.954000	596.305389
27.699430	63.976000	596.510517
27.698611	63.998000	596.715644
27.697791	64.020000	596.920771
27.696972	64.042000	597.125899
27.696152	64.064000	597.331026
27.695332	64.086000	597.536154
27.694513	64.108000	597.741281
27.693693	64.130000	597.946409
27.692873	64.152000	598.151536
27.692054	64.174000	598.356663
27.691234	64.196000	598.561791
27.690414	64.218000	598.766918
27.689595	64.240000	598.972046
27.688775	64.262000	599.177173
27.687955	64.284000	599.382300
27.687135	64.306000	599.587428
27.686315	64.328000	599.792555
27.685496	64.350000	599.997683
27.684676	64.372000	600.202810
27.683856	64.394000	600.407938
27.683036	64.416000	600.613065
27.682216	64.438000	600.818192
27.681396	64.460000	601.023320
27.680576	64.482000	601.228447
27.679756	64.504000	601.433575
27.678936	64.526000	601.638702
27.678116	64.548000	601.843829
27.677296	64.570000	602.048957
27.676476	64.592000	602.254084
27.675656	64.614000	602.459212
27.674836	64.636000	602.664339
27.674015	64.658000	602.869466
27.673195	64.680000	603.074594
27.672375	64.702000	603.279721
27.671555	64.724000	603.484849
27.670735	64.746000	603.689976
27.669914	64.768000	603.895104
27.669094	64.790000	604.100231
27.668274	64.812000	604.305358
27.667453	64.834000	604.510486
27.666633	64.856000	604.715613
27.665813	64.878000	604.920741
27.664992	64.900000	605.125868
27.664172	64.922000	605.330995
27.663352	64.944000	605.536123
27.662531	64.966000	605.741250
27.661711	64.988000	605.946378
27.660890	65.010000	606.151505
27.660070	65.032000	606.356632
27.659249	65.054000	606.561760
27.658429	65.076000	606.766887
27.657608	65.098000	606.972015
27.656787	65.120000	607.177142
27.655967	65.142000	607.382270
27.655146	65.164000	607.587397
27.654326	65.186000	607.792524
27.653505	65.208000	607.997652
27.652684	65.230000	608.202779
27.651863	65.252000	608.407907
27.651043	65.274000	608.613034
27.650222	65.296000	608.818161
27.649401	65.318000	609.023289
27.648580	65.340000	609.228416
27.647760	65.362000	609.433544
27.646939	65.384000	609.638671
27.646118	65.406000	609.843799
27.645297	65.428000	610.048926
27.644476	65.450000	610.254053
27.643655	65.472000	610.459181
27.642834	65.494000	610.664308
27.642013	65.516000	610.869436
27.641192	65.538000	611.074563
27.640371	65.560000	611.279690
27.639550	65.582000	611.484818
27.638729	65.604000	611.689945
27.637908	65.626000	611.895073
27.637087	65.648000	612.100200
27.636266	65.670000	612.305327
27.635445	65.692000	612.510455
27.634624	65.714000	612.715582
27.633802	65.736000	612.920710
27.632981	65.758000	613.125837
27.632160	65.780000	613.330965
27.631339	65.802000	613.536092
27.630517	65.824000	613.741219
27.629696	65.846000	613.946347
27.628875	65.868000	614.151474
27.628054	65.890000	614.356602
27.627232	65.912000	614.561729
27.626411	65.934000	614.766856
27.625589	65.956000	614.971984
27.624768	65.978000	615.177111
27.623947	66.000000	615.382239
27.623125	66.022000	615.587366
27.622304	66.044000	615.792493
27.621482	66.066000	615.997621
27.620661	66.088000	616.202748
27.619839	66.110000	616.407876
27.619017	66.132000	616.613003
27.618196	66.154000	616.818131
27.617374	66.176000	617.023258
27.616553	66.198000	617.228385
27.615731	66.220000	617.433513
27.614909	66.242000	617.638640
27.614088	66.264000	617.843768
27.613266	66.286000	618.048895
27.612444	66.308000	618.254022
27.611622	66.330000	618.459150
27.610801	66.352000	618.664277
27.609979	66.374000	618.869405
27.609157	66.396000	619.074532
27.608335	66.418000	619.279660
27.607513	66.440000	619.484787
27.606691	66.462000	619.689914
27.605870	66.484000	619.895042
27.605048	66.506000	620.100169
27.604226	66.528000	620.305297
27.603404	66.550000	620.510424
27.602582	66.572000	620.715551
27.601760	66.594000	620.920679
27.600938	66.616000	621.125806
27.600116	66.638000	621.330934
27.599294	66.660000	621.536061
27.598471	66.682000	621.741188
27.597649	66.704000	621.946316
27.596827	66.726000	622.151443
27.596005	66.748000	622.356571
27.595183	66.770000	622.561698
27.594361	66.792000	622.766826
27.593538	66.814000	622.971953
27.592716	66.836000	623.177080
27.591894	66.858000	623.382208
27.591072	66.880000	623.587335
27.590249	66.902000	623.792463
27.589427	66.924000	623.997590
27.588605	66.946000	624.202717
27.587782	66.968000	624.407845
27.586960	66.990000	624.612972
27.586138	67.012000	624.818100
27.585315	67.034000	625.023227
27.584493	67.056000	625.228354
27.583670	67.078000	625.433482
27.582848	67.100000	625.638609
27.582025	67.122000	625.843737
27.581203	67.144000	626.048864
27.580380	67.166000	626.253992
27.579557	67.188000	626.459119
27.578735	67.210000	626.664246
27.577912	67.232000	626.869374
27.577090	67.254000	627.074501
27.576267	67.276000	627.279629
27.575444	67.298000	627.484756
27.574621	67.320000	627.689883
27.573799	67.342000	627.895011
27.572976	67.364000	628.100138
27.572153	67.386000	628.305266
27.571330	67.408000	628.510393
27.570508	67.430000	628.715520
27.569685	67.452000	628.920648
27.568862	67.474000	629.125775
27.568039	67.496000	629.330903
27.567216	67.518000	629.536030
27.566393	67.540000	629.741158
27.565570	67.562000	629.946285
27.564747	67.584000	630.151412
27.563924	67.606000	630.356540
27.563101	67.628000	630.561667
27.562278	67.650000	630.766795
27.561455	67.672000	630.971922
27.560632	67.694000	631.177049
27.559809	67.716000	631.382177
27.558986	67.738000	631.587304
27.558163	67.760000	631.792432
27.557340	67.782000	631.997559
27.556516	67.804000	632.202687
27.555693	67.826000	632.407814
27.554870	67.848000	632.612941
27.554047	67.870000	632.818069
27.553224	67.892000	633.023196
27.552400	67.914000	633.228324
27.551577	67.936000	633.433451
27.550754	67.958000	633.638578
27.549930	67.980000	633.843706
27.549107	68.002000	634.048833
27.548283	68.024000	634.253961
27.547460	68.046000	634.459088
27.546637	68.068000	634.664215
27.545813	68.090000	634.869343
27.544990	68.112000	635.074470
27.544166	68.134000	635.279598
27.543343	68.156000	635.484725
27.542519	68.178000	635.689853
27.541696	68.200000	635.894980
27.540872	68.222000	636.100107
27.540048	68.244000	636.305235
27.539225	68.266000	636.510362
27.538401	68.288000	636.715490
27.537577	68.310000	636.920617
27.536754	68.332000	637.125744
27.535930	68.354000	637.330872
27.535106	68.376000	637.535999
27.534282	68.398000	637.741127
27.533459	68.420000	637.946254
27.532635	68.442000	638.151381
27.531811	68.464000	638.356509
27.530987	68.486000	638.561636
27.530163	68.508000	638.766764
27.529339	68.530000	638.971891
27.528516	68.552000	639.177019
27.527692	68.574000	639.382146
27.526868	68.596000	639.587273
27.526044	68.618000	639.792401
27.525220	68.640000	639.997528
27.524396	68.662000	640.202656
27.523572	68.684000	640.407783
27.522748	68.706000	640.612910
27.521924	68.728000	640.818038
27.521099	68.750000	641.023165
27.520275	68.772000	641.228293
27.519451	68.794000	641.433420
27.518627	68.816000	641.638548
27.517803	68.838000	641.843675
27.516979	68.860000	642.048802
27.516154	68.882000	642.253930
27.515330	68.904000	642.459057
27.514506	68.926000	642.664185
27.513682	68.948000	642.869312
27.512857	68.970000	643.074439
27.512033	68.992000	643.279567
27.511209	69.014000	643.484694
27.510384	69.036000	643.689822
27.509560	69.058000	643.894949
27.508735	69.080000	644.100076
27.507911	69.102000	644.305204
27.507086	69.124000	644.510331
27.506262	69.146000	644.715459
27.505437	69.168000	644.920586
27.504613	69.190000	645.125714
27.503788	69.212000	645.330841
27.502964	69.234000	645.535968
27.502139	69.256000	645.741096
27.501315	69.278000	645.946223
27.500490	69.300000	646.151351
27.499665	69.322000	646.356478
27.498841	69.344000	646.561605
27.498016	69.366000	646.766733
27.497191	69.388000	646.971860
27.496366	69.410000	647.176988
27.495542	69.432000	647.382115
27.494717	69.454000	647.587242
27.493892	69.476000	647.792370
27.493067	69.498000	647.997497
27.492242	69.520000	648.202625
27.491418	69.542000	648.407752
27.490593	69.564000	648.612880
27.489768	69.586000	648.818007
27.488943	69.608000	649.023134
27.488118	69.630000	649.228262
27.487293	69.652000	649.433389
27.486468	69.674000	649.638517
27.485643	69.696000	649.843644
27.484818	69.718000	650.048771
27.483993	69.740000	650.253899
27.483168	69.762000	650.459026
27.482343	69.784000	650.664154
27.481517	69.806000	650.869281
27.480692	69.828000	651.074408
27.479867	69.850000	651.279536
27.479042	69.872000	651.484663
27.478217	69.894000	651.689791
27.477391	69.916000	651.894918
27.476566	69.938000	652.100046
27.475741	69.960000	652.305173
27.474916	69.982000	652.510300
27.474090	70.004000	652.715428
27.473265	70.026000	652.920555
27.472440	70.048000	653.125683
27.471614	70.070000	653.330810
27.470789	70.092000	653.535937
27.469963	70.114000	653.741065
27.469138	70.136000	653.946192
27.468312	70.158000	654.151320
27.467487	70.180000	654.356447
27.466661	70.202000	654.561575
27.465836	70.224000	654.766702
27.465010	70.246000	654.971829
27.464185	70.268000	655.176957
27.463359	70.290000	655.382084
27.462533	70.312000	655.587212
27.461708	70.334000	655.792339
27.460882	70.356000	655.997466
27.460056	70.378000	656.202594
27.459231	70.400000	656.407721
27.458405	70.422000	656.612849
27.457579	70.444000	656.817976
27.456753	70.466000	657.023103
27.455928	70.488000	657.228231
27.455102	70.510000	657.433358
27.454276	70.532000	657.638486
27.453450	70.554000	657.843613
27.452624	70.576000	658.048741
27.451798	70.598000	658.253868
27.450972	70.620000	658.458995
27.450146	70.642000	658.664123
27.449320	70.664000	658.869250
27.448494	70.686000	659.074378
27.447668	70.708000	659.279505
27.446842	70.730000	659.484632
27.446016	70.752000	659.689760
27.445190	70.774000	659.894887
27.444364	70.796000	660.100015
27.443538	70.818000	660.305142
27.442712	70.840000	660.510269
27.441886	70.862000	660.715397
27.441060	70.884000	660.920524
27.440233	70.906000	661.125652
27.439407	70.928000	661.330779
27.438581	70.950000	661.535907
27.437755	70.972000	661.741034
27.436928	70.994000	661.946161
27.436102	71.016000	662.151289
27.435276	71.038000	662.356416
27.434449	71.060000	662.561544
27.433623	71.082000	662.766671
27.432797	71.104000	662.971798
27.431970	71.126000	663.176926
27.431144	71.148000	663.382053
27.430317	71.170000	663.587181
27.429491	71.192000	663.792308
27.428664	71.214000	663.997436
27.427838	71.236000	664.202563
27.427011	71.258000	664.407690
27.426185	71.280000	664.612818
27.425358	71.302000	664.817945
27.424531	71.324000	665.023073
27.423705	71.346000	665.228200
27.422878	71.368000	665.433327
27.422051	71.390000	665.638455
27.421225	71.412000	665.843582
27.420398	71.434000	666.048710
27.419571	71.456000	666.253837
27.418744	71.478000	666.458964
27.417918	71.500000	666.664092
27.417091	71.522000	666.869219
27.416264	71.544000	667.074347
27.415437	71.566000	667.279474
27.414610	71.588000	667.484602
27.413783	71.610000	667.689729
27.412956	71.632000	667.894856
27.412129	71.654000	668.099984
27.411302	71.676000	668.305111
27.410475	71.698000	668.510239
27.409648	71.720000	668.715366
27.408821	71.742000	668.920493
27.407994	71.764000	669.125621
27.407167	71.786000	669.330748
27.406340	71.808000	669.535876
27.405513	71.830000	669.741003
27.404686	71.852000	669.946130
27.403859	71.874000	670.151258
27.403032	71.896000	670.356385
27.402204	71.918000	670.561513
27.401377	71.940000	670.766640
27.400550	71.962000	670.971768
27.399723	71.984000	671.176895
27.398895	72.006000	671.382022
27.398068	72.028000	671.587150
27.397241	72.050000	671.792277
27.396413	72.072000	671.997405
27.395586	72.094000	672.202532
27.394759	72.116000	672.407659
27.393931	72.138000	672.612787
27.393104	72.160000	672.817914
27.392276	72.182000	673.023042
27.391449	72.204000	673.228169
27.390621	72.226000	673.433297
27.389794	72.248000	673.638424
27.388966	72.270000	673.843551
27.388139	72.292000	674.048679
27.387311	72.314000	674.253806
27.386483	72.336000	674.458934
27.385656	72.358000	674.664061
27.384828	72.380000	674.869188
27.384000	72.402000	675.074316
27.383173	72.424000	675.279443
27.382345	72.446000	675.484571
27.381517	72.468000	675.689698
27.380689	72.490000	675.894825
27.379862	72.512000	676.099953
27.379034	72.534000	676.305080
27.378206	72.556000	676.510208
27.377378	72.578000	676.715335
27.376550	72.600000	676.920463
27.375722	72.622000	677.125590
27.374894	72.644000	677.330717
27.374067	72.666000	677.535845
27.373239	72.688000	677.740972
27.372411	72.710000	677.946100
27.371583	72.732000	678.151227
27.370755	72.754000	678.356354
27.369926	72.776000	678.561482
27.369098	72.798000	678.766609
27.368270	72.820000	678.971737
27.367442	72.842000	679.176864
27.366614	72.864000	679.381991
27.365786	72.886000	679.587119
27.364958	72.908000	679.792246
27.364130	72.930000	679.997374
27.363301	72.952000	680.202501
27.362473	72.974000	680.407629
27.361645	72.996000	680.612756
27.360816	73.018000	680.817883
27.359988	73.040000	681.023011
27.359160	73.062000	681.228138
27.358331	73.084000	681.433266
27.357503	73.106000	681.638393
27.356675	73.128000	681.843520
27.355846	73.150000	682.048648
27.355018	73.172000	682.253775
27.354189	73.194000	682.458903
27.353361	73.216000	682.664030
27.352532	73.238000	682.869157
27.351704	73.260000	683.074285
27.350875	73.282000	683.279412
27.350047	73.304000	683.484540
27.349218	73.326000	683.689667
27.348389	73.348000	683.894795
27.347561	73.370000	684.099922
27.346732	73.392000	684.305049
27.345904	73.414000	684.510177
27.345075	73.436000	684.715304
27.344246	73.458000	684.920432
27.343417	73.480000	685.125559
27.342589	73.502000	685.330686
27.341760	73.524000	685.535814
27.340931	73.546000	685.740941
27.340102	73.568000	685.946069
27.339273	73.590000	686.151196
27.338444	73.612000	686.356324
27.337615	73.634000	686.561451
27.336787	73.656000	686.766578
27.335958	73.678000	686.971706
27.335129	73.700000	687.176833
27.334300	73.722000	687.381961
27.333471	73.744000	687.587088
27.332642	73.766000	687.792215
27.331813	73.788000	687.997343
27.330983	73.810000	688.202470
27.330154	73.832000	688.407598
27.329325	73.854000	688.612725
27.328496	73.876000	688.817852
27.327667	73.898000	689.022980
27.326838	73.920000	689.228107
27.326009	73.942000	689.433235
27.325179	73.964000	689.638362
27.324350	73.986000	689.843490
27.323521	74.008000	690.048617
27.322692	74.030000	690.253744
27.321862	74.052000	690.458872
27.321033	74.074000	690.663999
27.320204	74.096000	690.869127
27.319374	74.118000	691.074254
27.318545	74.140000	691.279381
27.317715	74.162000	691.484509
27.316886	74.184000	691.689636
27.316056	74.206000	691.894764
27.315227	74.228000	692.099891
27.314397	74.250000	692.305018
27.313568	74.272000	692.510146
27.312738	74.294000	692.715273
27.311909	74.316000	692.920401
27.311079	74.338000	693.125528
27.310249	74.360000	693.330656
27.309420	74.382000	693.535783
27.308590	74.404000	693.740910
27.307760	74.426000	693.946038
27.306931	74.448000	694.151165
27.306101	74.470000	694.356293
27.305271	74.492000	694.561420
27.304442	74.514000	694.766547
27.303612	74.536000	694.971675
27.302782	74.558000	695.176802
27.301952	74.580000	695.381930
27.301122	74.602000	695.587057
27.300292	74.624000	695.792185
27.299462	74.646000	695.997312
27.298632	74.668000	696.202439
27.297803	74.690000	696.407567
27.296973	74.712000	696.612694
27.296143	74.734000	696.817822
27.295313	74.756000	697.022949
27.294483	74.778000	697.228076
27.293652	74.800000	697.433204
27.292822	74.822000	697.638331
27.291992	74.844000	697.843459
27.291162	74.866000	698.048586
27.290332	74.888000	698.253713
27.289502	74.910000	698.458841
27.288672	74.932000	698.663968
27.287841	74.954000	698.869096
27.287011	74.976000	699.074223
27.286181	74.998000	699.279351
27.285351	75.020000	699.484478
27.284520	75.042000	699.689605
27.283690	75.064000	699.894733
27.282860	75.086000	700.099860
27.282029	75.108000	700.304988
27.281199	75.130000	700.510115
27.280368	75.152000	700.715242
27.279538	75.174000	700.920370
27.278708	75.196000	701.125497
27.277877	75.218000	701.330625
27.277047	75.240000	701.535752
27.276216	75.262000	701.740879
27.275386	75.284000	701.946007
27.274555	75.306000	702.151134
27.273724	75.328000	702.356262
27.272894	75.350000	702.561389
27.272063	75.372000	702.766517
27.271233	75.394000	702.971644
27.270402	75.416000	703.176771
27.269571	75.438000	703.381899
27.268740	75.460000	703.587026
27.267910	75.482000	703.792154
27.267079	75.504000	703.997281
27.266248	75.526000	704.202408
27.265417	75.548000	704.407536
27.264586	75.570000	704.612663
27.263756	75.592000	704.817791
27.262925	75.614000	705.022918
27.262094	75.636000	705.228046
27.261263	75.658000	705.433173
27.260432	75.680000	705.638300
27.259601	75.702000	705.843428
27.258770	75.724000	706.048555
27.257939	75.746000	706.253683
27.257108	75.768000	706.458810
27.256277	75.790000	706.663937
27.255446	75.812000	706.869065
27.254615	75.834000	707.074192
27.253784	75.856000	707.279320
27.252953	75.878000	707.484447
27.252121	75.900000	707.689574
27.251290	75.922000	707.894702
27.250459	75.944000	708.099829
27.249628	75.966000	708.304957
27.248797	75.988000	708.510084
27.247965	76.010000	708.715212
27.247134	76.032000	708.920339
27.246303	76.054000	709.125466
27.245471	76.076000	709.330594
27.244640	76.098000	709.535721
27.243809	76.120000	709.740849
27.242977	76.142000	709.945976
27.242146	76.164000	710.151103
27.241314	76.186000	710.356231
27.240483	76.208000	710.561358
27.239651	76.230000	710.766486
27.238820	76.252000	710.971613
27.237988	76.274000	711.176740
27.237157	76.296000	711.381868
27.236325	76.318000	711.586995
27.235494	76.340000	711.792123
27.234662	76.362000	711.997250
27.233830	76.384000	712.202378
27.232999	76.406000	712.407505
27.232167	76.428000	712.612632
27.231335	76.450000	712.817760
27.230504	76.472000	713.022887
27.229672	76.494000	713.228015
27.228840	76.516000	713.433142
27.228008	76.538000	713.638269
27.227176	76.560000	713.843397
27.226345	76.582000	714.048524
27.225513	76.604000	714.253652
27.224681	76.626000	714.458779
27.223849	76.648000	714.663906
27.223017	76.670000	714.869034
27.222185	76.692000	715.074161
27.221353	76.714000	715.279289
27.220521	76.736000	715.484416
27.219689	76.758000	715.689544
27.218857	76.780000	715.894671
27.218025	76.802000	716.099798
27.217193	76.824000	716.304926
27.216361	76.846000	716.510053
27.215529	76.868000	716.715181
27.214696	76.890000	716.920308
27.213864	76.912000	717.125435
27.213032	76.934000	717.330563
27.212200	76.956000	717.535690
27.211368	76.978000	717.740818
27.210535	77.000000	717.945945
27.209703	77.022000	718.151073
27.208871	77.044000	718.356200
27.208038	77.066000	718.561327
27.207206	77.088000	718.766455
27.206374	77.110000	718.971582
27.205541	77.132000	719.176710
27.204709	77.154000	719.381837
27.203876	77.176000	719.586964
27.203044	77.198000	719.792092
27.202212	77.220000	719.997219
27.201379	77.242000	720.202347
27.200547	77.264000	720.407474
27.199714	77.286000	720.612601
27.198881	77.308000	720.817729
27.198049	77.330000	721.022856
27.197216	77.352000	721.227984
27.196384	77.374000	721.433111
27.195551	77.396000	721.638239
27.194718	77.418000	721.843366
27.193885	77.440000	722.048493
27.193053	77.462000	722.253621
27.192220	77.484000	722.458748
27.191387	77.506000	722.663876
27.190554	77.528000	722.869003
27.189722	77.550000	723.074130
27.188889	77.572000	723.279258
27.188056	77.594000	723.484385
27.187223	77.616000	723.689513
27.186390	77.638000	723.894640
27.185557	77.660000	724.099767
27.184724	77.682000	724.304895
27.183891	77.704000	724.510022
27.183058	77.726000	724.715150
27.182225	77.748000	724.920277
27.181392	77.770000	725.125405
27.180559	77.792000	725.330532
27.179726	77.814000	725.535659
27.178893	77.836000	725.740787
27.178060	77.858000	725.945914
27.177227	77.880000	726.151042
27.176394	77.902000	726.356169
27.175560	77.924000	726.561296
27.174727	77.946000	726.766424
27.173894	77.968000	726.971551
27.173061	77.990000	727.176679
27.172227	78.012000	727.381806
27.171394	78.034000	727.586934
27.170561	78.056000	727.792061
27.169727	78.078000	727.997188
27.168894	78.100000	728.202316
27.168061	78.122000	728.407443
27.167227	78.144000	728.612571
27.166394	78.166000	728.817698
27.165560	78.188000	729.022825
27.164727	78.210000	729.227953
27.163893	78.232000	729.433080
27.163060	78.254000	729.638208
27.162226	78.276000	729.843335
27.161393	78.298000	730.048462
27.160559	78.320000	730.253590
27.159726	78.342000	730.458717
27.158892	78.364000	730.663845
27.158058	78.386000	730.868972
27.157225	78.408000	731.074100
27.156391	78.430000	731.279227
27.155557	78.452000	731.484354
27.154723	78.474000	731.689482
27.153890	78.496000	731.894609
27.153056	78.518000	732.099737
27.152222	78.540000	732.304864
27.151388	78.562000	732.509991
27.150554	78.584000	732.715119
27.149720	78.606000	732.920246
27.148887	78.628000	733.125374
27.148053	78.650000	733.330501
27.147219	78.672000	733.535628
27.146385	78.694000	733.740756
27.145551	78.716000	733.945883
27.144717	78.738000	734.151011
27.143883	78.760000	734.356138
27.143049	78.782000	734.561266
27.142214	78.804000	734.766393
27.141380	78.826000	734.971520
27.140546	78.848000	735.176648
27.139712	78.870000	735.381775
27.138878	78.892000	735.586903
27.138044	78.914000	735.792030
27.137210	78.936000	735.997157
27.136375	78.958000	736.202285
27.135541	78.980000	736.407412
27.134707	79.002000	736.612540
27.133872	79.024000	736.817667
27.133038	79.046000	737.022794
27.132204	79.068000	737.227922
27.131369	79.090000	737.433049
27.130535	79.112000	737.638177
27.129701	79.134000	737.843304
27.128866	79.156000	738.048432
27.128032	79.178000	738.253559
27.127197	79.200000	738.458686
27.126363	79.222000	738.663814
27.125528	79.244000	738.868941
27.124694	79.266000	739.074069
27.123859	79.288000	739.279196
27.123024	79.310000	739.484323
27.122190	79.332000	739.689451
27.121355	79.354000	739.894578
27.120521	79.376000	740.099706
27.119686	79.398000	740.304833
27.118851	79.420000	740.509961
27.118016	79.442000	740.715088
27.117182	79.464000	740.920215
27.116347	79.486000	741.125343
27.115512	79.508000	741.330470
27.114677	79.530000	741.535598
27.113842	79.552000	741.740725
27.113008	79.574000	741.945852
27.112173	79.596000	742.150980
27.111338	79.618000	742.356107
27.110503	79.640000	742.561235
27.109668	79.662000	742.766362
27.108833	79.684000	742.971489
27.107998	79.706000	743.176617
27.107163	79.728000	743.381744
27.106328	79.750000	743.586872
27.105493	79.772000	743.791999
27.104658	79.794000	743.997127
27.103823	79.816000	744.202254
27.102988	79.838000	744.407381
27.102152	79.860000	744.612509
27.101317	79.882000	744.817636
27.100482	79.904000	745.022764
27.099647	79.926000	745.227891
27.098812	79.948000	745.433018
27.097976	79.970000	745.638146
27.097141	79.992000	745.843273
27.096306	80.014000	746.048401
27.095470	80.036000	746.253528
27.094635	80.058000	746.458655
27.093800	80.080000	746.663783
27.092964	80.102000	746.868910
27.092129	80.124000	747.074038
27.091293	80.146000	747.279165
27.090458	80.168000	747.484293
27.089622	80.190000	747.689420
27.088787	80.212000	747.894547
27.087951	80.234000	748.099675
27.087116	80.256000	748.304802
27.086280	80.278000	748.509930
27.085445	80.300000	748.715057
27.084609	80.322000	748.920184
27.083773	80.344000	749.125312
27.082938	80.366000	749.330439
27.082102	80.388000	749.535567
27.081266	80.410000	749.740694
27.080431	80.432000	749.945822
27.079595	80.454000	750.150949
27.078759	80.476000	750.356076
27.077923	80.498000	750.561204
27.077087	80.520000	750.766331
27.076252	80.542000	750.971459
27.075416	80.564000	751.176586
27.074580	80.586000	751.381713
27.073744	80.608000	751.586841
27.072908	80.630000	751.791968
27.072072	80.652000	751.997096
27.071236	80.674000	752.202223
27.070400	80.696000	752.407350
27.069564	80.718000	752.612478
27.068728	80.740000	752.817605
27.067892	80.762000	753.022733
27.067056	80.784000	753.227860
27.066220	80.806000	753.432988
27.065384	80.828000	753.638115
27.064547	80.850000	753.843242
27.063711	80.872000	754.048370
27.062875	80.894000	754.253497
27.062039	80.916000	754.458625
27.061202	80.938000	754.663752
27.060366	80.960000	754.868879
27.059530	80.982000	755.074007
27.058694	81.004000	755.279134
27.057857	81.026000	755.484262
27.057021	81.048000	755.689389
27.056185	81.070000	755.894516
27.055348	81.092000	756.099644
27.054512	81.114000	756.304771
27.053675	81.136000	756.509899
27.052839	81.158000	756.715026
27.052002	81.180000	756.920154
27.051166	81.202000	757.125281
27.050329	81.224000	757.330408
27.049493	81.246000	757.535536
27.048656	81.268000	757.740663
27.047819	81.290000	757.945791
27.046983	81.312000	758.150918
27.046146	81.334000	758.356045
27.045309	81.356000	758.561173
27.044473	81.378000	758.766300
27.043636	81.400000	758.971428
27.042799	81.422000	759.176555
27.041963	81.444000	759.381683
27.041126	81.466000	759.586810
27.040289	81.488000	759.791937
27.039452	81.510000	759.997065
27.038615	81.532000	760.202192
27.037778	81.554000	760.407320
27.036941	81.576000	760.612447
27.036105	81.598000	760.817574
27.035268	81.620000	761.022702
27.034431	81.642000	761.227829
27.033594	81.664000	761.432957
27.032757	81.686000	761.638084
27.031920	81.708000	761.843211
27.031083	81.730000	762.048339
27.030245	81.752000	762.253466
27.029408	81.774000	762.458594
27.028571	81.796000	762.663721
27.027734	81.818000	762.868849
27.026897	81.840000	763.073976
27.026060	81.862000	763.279103
27.025222	81.884000	763.484231
27.024385	81.906000	763.689358
27.023548	81.928000	763.894486
27.022711	81.950000	764.099613
27.021873	81.972000	764.304740
27.021036	81.994000	764.509868
27.020199	82.016000	764.714995
27.019361	82.038000	764.920123
27.018524	82.060000	765.125250
27.017687	82.082000	765.330377
27.016849	82.104000	765.535505
27.016012	82.126000	765.740632
27.015174	82.148000	765.945760
27.014337	82.170000	766.150887
27.013499	82.192000	766.356015
27.012662	82.214000	766.561142
27.011824	82.236000	766.766269
27.010986	82.258000	766.971397
27.010149	82.280000	767.176524
27.009311	82.302000	767.381652
27.008473	82.324000	767.586779
27.007636	82.346000	767.791906
27.006798	82.368000	767.997034
27.005960	82.390000	768.202161
27.005123	82.412000	768.407289
27.004285	82.434000	768.612416
27.003447	82.456000	768.817543
27.002609	82.478000	769.022671
27.001771	82.500000	769.227798
27.000933	82.522000	769.432926
27.000096	82.544000	769.638053
26.999258	82.566000	769.843181
26.998420	82.588000	770.048308
26.997582	82.610000	770.253435
26.996744	82.632000	770.458563
26.995906	82.654000	770.663690
26.995068	82.676000	770.868818
26.994230	82.698000	771.073945
26.993392	82.720000	771.279072
26.992553	82.742000	771.484200
26.991715	82.764000	771.689327
26.990877	82.786000	771.894455
26.990039	82.808000	772.099582
26.989201	82.830000	772.304710
26.988363	82.852000	772.509837
26.987524	82.874000	772.714964
26.986686	82.896000	772.920092
26.985848	82.918000	773.125219
26.985010	82.940000	773.330347
26.984171	82.962000	773.535474
26.983333	82.984000	773.740601
26.982495	83.006000	773.945729
26.981656	83.028000	774.150856
26.980818	83.050000	774.355984
26.979979	83.072000	774.561111
26.979141	83.094000	774.766238
26.978302	83.116000	774.971366
26.977464	83.138000	775.176493
26.976625	83.160000	775.381621
26.975787	83.182000	775.586748
26.974948	83.204000	775.791876
26.974110	83.226000	775.997003
26.973271	83.248000	776.202130
26.972432	83.270000	776.407258
26.971594	83.292000	776.612385
26.970755	83.314000	776.817513
26.969916	83.336000	777.022640
26.969078	83.358000	777.227767
26.968239	83.380000	777.432895
26.967400	83.402000	777.638022
26.966561	83.424000	777.843150
26.965722	83.446000	778.048277
26.964884	83.468000	778.253404
26.964045	83.490000	778.458532
26.963206	83.512000	778.663659
26.962367	83.534000	778.868787
26.961528	83.556000	779.073914
26.960689	83.578000	779.279042
26.959850	83.600000	779.484169
26.959011	83.622000	779.689296
26.958172	83.644000	779.894424
26.957333	83.666000	780.099551
26.956494	83.688000	780.304679
26.955655	83.710000	780.509806
26.954816	83.732000	780.714933
26.953977	83.754000	780.920061
26.953137	83.776000	781.125188
26.952298	83.798000	781.330316
26.951459	83.820000	781.535443
26.950620	83.842000	781.740571
26.949780	83.864000	781.945698
26.948941	83.886000	782.150825
26.948102	83.908000	782.355953
26.947263	83.930000	782.561080
26.946423	83.952000	782.766208
26.945584	83.974000	782.971335
26.944744	83.996000	783.176462
26.943905	84.018000	783.381590
26.943066	84.040000	783.586717
26.942226	84.062000	783.791845
26.941387	84.084000	783.996972
26.940547	84.106000	784.202099
26.939708	84.128000	784.407227
26.938868	84.150000	784.612354
26.938029	84.172000	784.817482
26.937189	84.194000	785.022609
26.936349	84.216000	785.227737
26.935510	84.238000	785.432864
26.934670	84.260000	785.637991
26.933830	84.282000	785.843119
26.932991	84.304000	786.048246
26.932151	84.326000	786.253374
26.931311	84.348000	786.458501
26.930471	84.370000	786.663628
26.929632	84.392000	786.868756
26.928792	84.414000	787.073883
26.927952	84.436000	787.279011
26.927112	84.458000	787.484138
26.926272	84.480000	787.689265
26.925432	84.502000	787.894393
26.924592	84.524000	788.099520
26.923752	84.546000	788.304648
26.922912	84.568000	788.509775
26.922072	84.590000	788.714903
26.921232	84.612000	788.920030
26.920392	84.634000	789.125157
26.919552	84.656000	789.330285
26.918712	84.678000	789.535412
26.917872	84.700000	789.740540
26.917032	84.722000	789.945667
26.916192	84.744000	790.150794
26.915352	84.766000	790.355922
26.914511	84.788000	790.561049
26.913671	84.810000	790.766177
26.912831	84.832000	790.971304
26.911991	84.854000	791.176432
26.911150	84.876000	791.381559
26.910310	84.898000	791.586686
26.909470	84.920000	791.791814
26.908629	84.942000	791.996941
26.907789	84.964000	792.202069
26.906948	84.986000	792.407196
26.906108	85.008000	792.612323
26.905268	85.030000	792.817451
26.904427	85.052000	793.022578
26.903587	85.074000	793.227706
26.902746	85.096000	793.432833
26.901906	85.118000	793.637960
26.901065	85.140000	793.843088
26.900224	85.162000	794.048215
26.899384	85.184000	794.253343
26.898543	85.206000	794.458470
26.897702	85.228000	794.663598
26.896862	85.250000	794.868725
26.896021	85.272000	795.073852
26.895180	85.294000	795.278980
26.894340	85.316000	795.484107
26.893499	85.338000	795.689235
26.892658	85.360000	795.894362
26.891817	85.382000	796.099489
26.890976	85.404000	796.304617
26.890135	85.426000	796.509744
26.889295	85.448000	796.714872
26.888454	85.470000	796.919999
26.887613	85.492000	797.125126
26.886772	85.514000	797.330254
26.885931	85.536000	797.535381
26.885090	85.558000	797.740509
26.884249	85.580000	797.945636
26.883408	85.602000	798.150764
26.882567	85.624000	798.355891
26.881725	85.646000	798.561018
26.880884	85.668000	798.766146
26.880043	85.690000	798.971273
26.879202	85.712000	799.176401
26.878361	85.734000	799.381528
26.877520	85.756000	799.586655
26.876678	85.778000	799.791783
26.875837	85.800000	799.996910
26.874996	85.822000	800.202038
26.874155	85.844000	800.407165
26.873313	85.866000	800.612292
26.872472	85.888000	800.817420
26.871631	85.910000	801.022547
26.870789	85.932000	801.227675
26.869948	85.954000	801.432802
26.869106	85.976000	801.637930
26.868265	85.998000	801.843057
26.867423	86.020000	802.048184
26.866582	86.042000	802.253312
26.865740	86.064000	802.458439
26.864899	86.086000	802.663567
26.864057	86.108000	802.868694
26.863216	86.130000	803.073821
26.862374	86.152000	803.278949
26.861532	86.174000	803.484076
26.860691	86.196000	803.689204
26.859849	86.218000	803.894331
26.859007	86.240000	804.099459
26.858165	86.262000	804.304586
26.857324	86.284000	804.509713
26.856482	86.306000	804.714841
26.855640	86.328000	804.919968
26.854798	86.350000	805.125096
26.853956	86.372000	805.330223
26.853115	86.394000	805.535350
26.852273	86.416000	805.740478
26.851431	86.438000	805.945605
26.850589	86.460000	806.150733
26.849747	86.482000	806.355860
26.848905	86.504000	806.560987
26.848063	86.526000	806.766115
26.847221	86.548000	806.971242
26.846379	86.570000	807.176370
26.845537	86.592000	807.381497
26.844695	86.614000	807.586625
26.843852	86.636000	807.791752
26.843010	86.658000	807.996879
26.842168	86.680000	808.202007
26.841326	86.702000	808.407134
26.840484	86.724000	808.612262
26.839641	86.746000	808.817389
26.838799	86.768000	809.022516
26.837957	86.790000	809.227644
26.837115	86.812000	809.432771
26.836272	86.834000	809.637899
26.835430	86.856000	809.843026
26.834587	86.878000	810.048153
26.833745	86.900000	810.253281
26.832903	86.922000	810.458408
26.832060	86.944000	810.663536
26.831218	86.966000	810.868663
26.830375	86.988000	811.073791
26.829533	87.010000	811.278918
26.828690	87.032000	811.484045
26.827848	87.054000	811.689173
26.827005	87.076000	811.894300
26.826162	87.098000	812.099428
26.825320	87.120000	812.304555
26.824477	87.142000	812.509682
26.823634	87.164000	812.714810
26.822792	87.186000	812.919937
26.821949	87.208000	813.125065
26.821106	87.230000	813.330192
26.820263	87.252000	813.535320
26.819421	87.274000	813.740447
26.818578	87.296000	813.945574
26.817735	87.318000	814.150702
26.816892	87.340000	814.355829
26.816049	87.362000	814.560957
26.815206	87.384000	814.766084
26.814363	87.406000	814.971211
26.813520	87.428000	815.176339
26.812677	87.450000	815.381466
26.811834	87.472000	815.586594
26.810991	87.494000	815.791721
26.810148	87.516000	815.996848
26.809305	87.538000	816.201976
26.808462	87.560000	816.407103
26.807619	87.582000	816.612231
26.806776	87.604000	816.817358
26.805933	87.626000	817.022486
26.805090	87.648000	817.227613
26.804246	87.670000	817.432740
26.803403	87.692000	817.637868
26.802560	87.714000	817.842995
26.801717	87.736000	818.048123
26.800873	87.758000	818.253250
26.800030	87.780000	818.458377
26.799187	87.802000	818.663505
26.798343	87.824000	818.868632
26.797500	87.846000	819.073760
26.796656	87.868000	819.278887
26.795813	87.890000	819.484014
26.794970	87.912000	819.689142
26.794126	87.934000	819.894269
26.793283	87.956000	820.099397
26.792439	87.978000	820.304524
26.791595	88.000000	820.509652
26.790752	88.022000	820.714779
26.789908	88.044000	820.919906
26.789065	88.066000	821.125034
26.788221	88.088000	821.330161
26.787377	88.110000	821.535289
26.786534	88.132000	821.740416
26.785690	88.154000	821.945543
26.784846	88.176000	822.150671
26.784002	88.198000	822.355798
26.783159	88.220000	822.560926
26.782315	88.242000	822.766053
26.781471	88.264000	822.971180
26.780627	88.286000	823.176308
26.779783	88.308000	823.381435
26.778939	88.330000	823.586563
26.778095	88.352000	823.791690
26.777252	88.374000	823.996818
26.776408	88.396000	824.201945
26.775564	88.418000	824.407072
26.774720	88.440000	824.612200
26.773875	88.462000	824.817327
26.773031	88.484000	825.022455
26.772187	88.506000	825.227582
26.771343	88.528000	825.432709
26.770499	88.550000	825.637837
26.769655	88.572000	825.842964
26.768811	88.594000	826.048092
26.767967	88.616000	826.253219
26.767122	88.638000	826.458347
26.766278	88.660000	826.663474
26.765434	88.682000	826.868601
26.764590	88.704000	827.073729
26.763745	88.726000	827.278856
26.762901	88.748000	827.483984
26.762056	88.770000	827.689111
26.761212	88.792000	827.894238
26.760368	88.814000	828.099366
26.759523	88.836000	828.304493
26.758679	88.858000	828.509621
26.757834	88.880000	828.714748
26.756990	88.902000	828.919875
26.756145	88.924000	829.125003
26.755301	88.946000	829.330130
26.754456	88.968000	829.535258
26.753612	88.990000	829.740385
26.752767	89.012000	829.945513
26.751922	89.034000	830.150640
26.751078	89.056000	830.355767
26.750233	89.078000	830.560895
26.749388	89.100000	830.766022
26.748543	89.122000	830.971150
26.747699	89.144000	831.176277
26.746854	89.166000	831.381404
26.746009	89.188000	831.586532
26.745164	89.210000	831.791659
26.744319	89.232000	831.996787
26.743475	89.254000	832.201914
26.742630	89.276000	832.407041
26.741785	89.298000	832.612169
26.740940	89.320000	832.817296
26.740095	89.342000	833.022424
26.739250	89.364000	833.227551
26.738405	89.386000	833.432679
26.737560	89.408000	833.637806
26.736715	89.430000	833.842933
26.735870	89.452000	834.048061
26.735025	89.474000	834.253188
26.734179	89.496000	834.458316
26.733334	89.518000	834.663443
26.732489	89.540000	834.868570
26.731644	89.562000	835.073698
26.730799	89.584000	835.278825
26.729953	89.606000	835.483953
26.729108	89.628000	835.689080
26.728263	89.650000	835.894208
26.727418	89.672000	836.099335
26.726572	89.694000	836.304462
26.725727	89.716000	836.509590
26.724881	89.738000	836.714717
26.724036	89.760000	836.919845
26.723191	89.782000	837.124972
26.722345	89.804000	837.330099
26.721500	89.826000	837.535227
26.720654	89.848000	837.740354
26.719809	89.870000	837.945482
26.718963	89.892000	838.150609
26.718118	89.914000	838.355736
26.717272	89.936000	838.560864
26.716426	89.958000	838.765991
26.715581	89.980000	838.971119
26.714735	90.002000	839.176246
26.713889	90.024000	839.381374
26.713044	90.046000	839.586501
26.712198	90.068000	839.791628
26.711352	90.090000	839.996756
26.710506	90.112000	840.201883
26.709661	90.134000	840.407011
26.708815	90.156000	840.612138
26.707969	90.178000	840.817265
26.707123	90.200000	841.022393
26.706277	90.222000	841.227520
26.705431	90.244000	841.432648
26.704585	90.266000	841.637775
26.703739	90.288000	841.842902
26.702893	90.310000	842.048030
26.702047	90.332000	842.253157
26.701201	90.354000	842.458285
26.700355	90.376000	842.663412
26.699509	90.398000	842.868540
26.698663	90.420000	843.073667
26.697817	90.442000	843.278794
26.696971	90.464000	843.483922
26.696125	90.486000	843.689049
26.695278	90.508000	843.894177
26.694432	90.530000	844.099304
26.693586	90.552000	844.304431
26.692740	90.574000	844.509559
26.691893	90.596000	844.714686
26.691047	90.618000	844.919814
26.690201	90.640000	845.124941
26.689354	90.662000	845.330069
26.688508	90.684000	845.535196
26.687662	90.706000	845.740323
26.686815	90.728000	845.945451
26.685969	90.750000	846.150578
26.685122	90.772000	846.355706
26.684276	90.794000	846.560833
26.683429	90.816000	846.765960
26.682583	90.838000	846.971088
26.681736	90.860000	847.176215
26.680889	90.882000	847.381343
26.680043	90.904000	847.586470
26.679196	90.926000	847.791597
26.678349	90.948000	847.996725
26.677503	90.970000	848.201852
26.676656	90.992000	848.406980
26.675809	91.014000	848.612107
26.674963	91.036000	848.817235
26.674116	91.058000	849.022362
26.673269	91.080000	849.227489
26.672422	91.102000	849.432617
26.671575	91.124000	849.637744
26.670728	91.146000	849.842872
26.669882	91.168000	850.047999
26.669035	91.190000	850.253126
26.668188	91.212000	850.458254
26.667341	91.234000	850.663381
26.666494	91.256000	850.868509
26.665647	91.278000	851.073636
26.664800	91.300000	851.278763
26.663953	91.322000	851.483891
26.663105	91.344000	851.689018
26.662258	91.366000	851.894146
26.661411	91.388000	852.099273
26.660564	91.410000	852.304401
26.659717	91.432000	852.509528
26.658870	91.454000	852.714655
26.658022	91.476000	852.919783
26.657175	91.498000	853.124910
26.656328	91.520000	853.330038
26.655481	91.542000	853.535165
26.654633	91.564000	853.740292
26.653786	91.586000	853.945420
26.652939	91.608000	854.150547
26.652091	91.630000	854.355675
26.651244	91.652000	854.560802
26.650396	91.674000	854.765929
26.649549	91.696000	854.971057
26.648701	91.718000	855.176184
26.647854	91.740000	855.381312
26.647006	91.762000	855.586439
26.646159	91.784000	855.791567
26.645311	91.806000	855.996694
26.644464	91.828000	856.201821
26.643616	91.850000	856.406949
26.642768	91.872000	856.612076
26.641921	91.894000	856.817204
26.641073	91.916000	857.022331
26.640225	91.938000	857.227458
26.639378	91.960000	857.432586
26.638530	91.982000	857.637713
26.637682	92.004000	857.842841
26.636834	92.026000	858.047968
26.635986	92.048000	858.253096
26.635138	92.070000	858.458223
26.634291	92.092000	858.663350
26.633443	92.114000	858.868478
26.632595	92.136000	859.073605
26.631747	92.158000	859.278733
26.630899	92.180000	859.483860
26.630051	92.202000	859.688987
26.629203	92.224000	859.894115
26.628355	92.246000	860.099242
26.627507	92.268000	860.304370
26.626659	92.290000	860.509497
26.625810	92.312000	860.714624
26.624962	92.334000	860.919752
26.624114	92.356000	861.124879
26.623266	92.378000	861.330007
26.622418	92.400000	861.535134
26.621570	92.422000	861.740262
26.620721	92.444000	861.945389
26.619873	92.466000	862.150516
26.619025	92.488000	862.355644
26.618176	92.510000	862.560771
26.617328	92.532000	862.765899
26.616480	92.554000	862.971026
26.615631	92.576000	863.176153
26.614783	92.598000	863.381281
26.613934	92.620000	863.586408
26.613086	92.642000	863.791536
26.612237	92.664000	863.996663
26.611389	92.686000	864.201790
26.610540	92.708000	864.406918
26.609692	92.730000	864.612045
26.608843	92.752000	864.817173
26.607995	92.774000	865.022300
26.607146	92.796000	865.227428
26.606297	92.818000	865.432555
26.605449	92.840000	865.637682
26.604600	92.862000	865.842810
26.603751	92.884000	866.047937
26.602902	92.906000	866.253065
26.602054	92.928000	866.458192
26.601205	92.950000	866.663319
26.600356	92.972000	866.868447
26.599507	92.994000	867.073574
26.598658	93.016000	867.278702
26.597809	93.038000	867.483829
26.596960	93.060000	867.688957
26.596112	93.082000	867.894084
26.595263	93.104000	868.099211
26.594414	93.126000	868.304339
26.593565	93.148000	868.509466
26.592716	93.170000	868.714594
26.591866	93.192000	868.919721
26.591017	93.214000	869.124848
26.590168	93.236000	869.329976
26.589319	93.258000	869.535103
26.588470	93.280000	869.740231
26.587621	93.302000	869.945358
26.586772	93.324000	870.150485
26.585922	93.346000	870.355613
26.585073	93.368000	870.560740
26.584224	93.390000	870.765868
26.583375	93.412000	870.970995
26.582525	93.434000	871.176123
26.581676	93.456000	871.381250
26.580827	93.478000	871.586377
26.579977	93.500000	871.791505
26.579128	93.522000	871.996632
26.578278	93.544000	872.201760
26.577429	93.566000	872.406887
26.576579	93.588000	872.612014
26.575730	93.610000	872.817142
26.574880	93.632000	873.022269
26.574031	93.654000	873.227397
26.573181	93.676000	873.432524
26.572332	93.698000	873.637651
26.571482	93.720000	873.842779
26.570632	93.742000	874.047906
26.569783	93.764000	874.253034
26.568933	93.786000	874.458161
26.568083	93.808000	874.663289
26.567234	93.830000	874.868416
26.566384	93.852000	875.073543
26.565534	93.874000	875.278671
26.564684	93.896000	875.483798
26.563834	93.918000	875.688926
26.562984	93.940000	875.894053
26.562135	93.962000	876.099180
26.561285	93.984000	876.304308
26.560435	94.006000	876.509435
26.559585	94.028000	876.714563
26.558735	94.050000	876.919690
26.557885	94.072000	877.124817
26.557035	94.094000	877.329945
26.556185	94.116000	877.535072
26.555335	94.138000	877.740200
26.554485	94.160000	877.945327
26.553634	94.182000	878.150455
26.552784	94.204000	878.355582
26.551934	94.226000	878.560709
26.551084	94.248000	878.765837
26.550234	94.270000	878.970964
26.549383	94.292000	879.176092
26.548533	94.314000	879.381219
26.547683	94.336000	879.586346
26.546833	94.358000	879.791474
26.545982	94.380000	879.996601
26.545132	94.402000	880.201729
26.544282	94.424000	880.406856
26.543431	94.446000	880.611984
26.542581	94.468000	880.817111
26.541730	94.490000	881.022238
26.540880	94.512000	881.227366
26.540029	94.534000	881.432493
26.539179	94.556000	881.637621
26.538328	94.578000	881.842748
26.537478	94.600000	882.047875
26.536627	94.622000	882.253003
26.535776	94.644000	882.458130
26.534926	94.666000	882.663258
26.534075	94.688000	882.868385
26.533224	94.710000	883.073512
26.532374	94.732000	883.278640
26.531523	94.754000	883.483767
26.530672	94.776000	883.688895
26.529821	94.798000	883.894022
26.528971	94.820000	884.099150
26.528120	94.842000	884.304277
26.527269	94.864000	884.509404
26.526418	94.886000	884.714532
26.525567	94.908000	884.919659
26.524716	94.930000	885.124787
26.523865	94.952000	885.329914
26.523014	94.974000	885.535041
26.522163	94.996000	885.740169
26.521312	95.018000	885.945296
26.520461	95.040000	886.150424
26.519610	95.062000	886.355551
26.518759	95.084000	886.560678
26.517908	95.106000	886.765806
26.517057	95.128000	886.970933
26.516206	95.150000	887.176061
26.515354	95.172000	887.381188
26.514503	95.194000	887.586316
26.513652	95.216000	887.791443
26.512801	95.238000	887.996570
26.511949	95.260000	888.201698
26.511098	95.282000	888.406825
26.510247	95.304000	888.611953
26.509396	95.326000	888.817080
26.508544	95.348000	889.022207
26.507693	95.370000	889.227335
26.506841	95.392000	889.432462
26.505990	95.414000	889.637590
26.505138	95.436000	889.842717
26.504287	95.458000	890.047845
26.503435	95.480000	890.252972
26.502584	95.502000	890.458099
26.501732	95.524000	890.663227
26.500881	95.546000	890.868354
26.500029	95.568000	891.073482
26.499177	95.590000	891.278609
26.498326	95.612000	891.483736
26.497474	95.634000	891.688864
26.496622	95.656000	891.893991
26.495771	95.678000	892.099119
26.494919	95.700000	892.304246
26.494067	95.722000	892.509373
26.493215	95.744000	892.714501
26.492363	95.766000	892.919628
26.491512	95.788000	893.124756
26.490660	95.810000	893.329883
26.489808	95.832000	893.535011
26.488956	95.854000	893.740138
26.488104	95.876000	893.945265
26.487252	95.898000	894.150393
26.486400	95.920000	894.355520
26.485548	95.942000	894.560648
26.484696	95.964000	894.765775
26.483844	95.986000	894.970902
26.482992	96.008000	895.176030
26.482140	96.030000	895.381157
26.481287	96.052000	895.586285
26.480435	96.074000	895.791412
26.479583	96.096000	895.996539
26.478731	96.118000	896.201667
26.477879	96.140000	896.406794
26.477026	96.162000	896.611922
26.476174	96.184000	896.817049
26.475322	96.206000	897.022177
26.474470	96.228000	897.227304
26.473617	96.250000	897.432431
26.472765	96.272000	897.637559
26.471912	96.294000	897.842686
26.471060	96.316000	898.047814
26.470208	96.338000	898.252941
26.469355	96.360000	898.458068
26.468503	96.382000	898.663196
26.467650	96.404000	898.868323
26.466797	96.426000	899.073451
26.465945	96.448000	899.278578
26.465092	96.470000	899.483706
26.464240	96.492000	899.688833
26.463387	96.514000	899.893960
26.462534	96.536000	900.099088
26.461682	96.558000	900.304215
26.460829	96.580000	900.509343
26.459976	96.602000	900.714470
26.459124	96.624000	900.919597
26.458271	96.646000	901.124725
26.457418	96.668000	901.329852
26.456565	96.690000	901.534980
26.455712	96.712000	901.740107
26.454859	96.734000	901.945234
26.454006	96.756000	902.150362
26.453154	96.778000	902.355489
26.452301	96.800000	902.560617
26.451448	96.822000	902.765744
26.450595	96.844000	902.970872
26.449742	96.866000	903.175999
26.448889	96.888000	903.381126
26.448035	96.910000	903.586254
26.447182	96.932000	903.791381
26.446329	96.954000	903.996509
26.445476	96.976000	904.201636
26.444623	96.998000	904.406763
26.443770	97.020000	904.611891
26.442917	97.042000	904.817018
26.442063	97.064000	905.022146
26.441210	97.086000	905.227273
26.440357	97.108000	905.432400
26.439503	97.130000	905.637528
26.438650	97.152000	905.842655
26.437797	97.174000	906.047783
26.436943	97.196000	906.252910
26.436090	97.218000	906.458038
26.435237	97.240000	906.663165
26.434383	97.262000	906.868292
26.433530	97.284000	907.073420
26.432676	97.306000	907.278547
26.431823	97.328000	907.483675
26.430969	97.350000	907.688802
26.430115	97.372000	907.893929
26.429262	97.394000	908.099057
26.428408	97.416000	908.304184
26.427555	97.438000	908.509312
26.426701	97.460000	908.714439
26.425847	97.482000	908.919566
26.424994	97.504000	909.124694
26.424140	97.526000	909.329821
26.423286	97.548000	909.534949
26.422432	97.570000	909.740076
26.421578	97.592000	909.945204
26.420725	97.614000	910.150331
26.419871	97.636000	910.355458
26.419017	97.658000	910.560586
26.418163	97.680000	910.765713
26.417309	97.702000	910.970841
26.416455	97.724000	911.175968
26.415601	97.746000	911.381095
26.414747	97.768000	911.586223
26.413893	97.790000	911.791350
26.413039	97.812000	911.996478
26.412185	97.834000	912.201605
26.411331	97.856000	912.406733
26.410477	97.878000	912.611860
26.409623	97.900000	912.816987
26.408768	97.922000	913.022115
26.407914	97.944000	913.227242
26.407060	97.966000	913.432370
26.406206	97.988000	913.637497
26.405351	98.010000	913.842624
26.404497	98.032000	914.047752
26.403643	98.054000	914.252879
26.402788	98.076000	914.458007
26.401934	98.098000	914.663134
26.401080	98.120000	914.868261
26.400225	98.142000	915.073389
26.399371	98.164000	915.278516
26.398516	98.186000	915.483644
26.397662	98.208000	915.688771
26.396807	98.230000	915.893899
26.395953	98.252000	916.099026
26.395098	98.274000	916.304153
26.394244	98.296000	916.509281
26.393389	98.318000	916.714408
26.392535	98.340000	916.919536
26.391680	98.362000	917.124663
26.390825	98.384000	917.329790
26.389970	98.406000	917.534918
26.389116	98.428000	917.740045
26.388261	98.450000	917.945173
26.387406	98.472000	918.150300
26.386551	98.494000	918.355427
26.385697	98.516000	918.560555
26.384842	98.538000	918.765682
26.383987	98.560000	918.970810
26.383132	98.582000	919.175937
26.382277	98.604000	919.381065
26.381422	98.626000	919.586192
26.380567	98.648000	919.791319
26.379712	98.670000	919.996447
26.378857	98.692000	920.201574
26.378002	98.714000	920.406702
26.377147	98.736000	920.611829
26.376292	98.758000	920.816956
26.375437	98.780000	921.022084
26.374582	98.802000	921.227211
26.373727	98.824000	921.432339
26.372871	98.846000	921.637466
26.372016	98.868000	921.842594
26.371161	98.890000	922.047721
26.370306	98.912000	922.252848
26.369450	98.934000	922.457976
26.368595	98.956000	922.663103
26.367740	98.978000	922.868231
26.366884	99.000000	923.073358
26.366029	99.022000	923.278485
26.365174	99.044000	923.483613
26.364318	99.066000	923.688740
26.363463	99.088000	923.893868
26.362607	99.110000	924.098995
26.361752	99.132000	924.304122
26.360896	99.154000	924.509250
26.360041	99.176000	924.714377
26.359185	99.198000	924.919505
26.358330	99.220000	925.124632
26.357474	99.242000	925.329760
26.356618	99.264000	925.534887
26.355763	99.286000	925.740014
26.354907	99.308000	925.945142
26.354051	99.330000	926.150269
26.353196	99.352000	926.355397
26.352340	99.374000	926.560524
26.351484	99.396000	926.765651
26.350628	99.418000	926.970779
26.349772	99.440000	927.175906
26.348916	99.462000	927.381034
26.348061	99.484000	927.586161
26.347205	99.506000	927.791288
26.346349	99.528000	927.996416
26.345493	99.550000	928.201543
26.344637	99.572000	928.406671
26.343781	99.594000	928.611798
26.342925	99.616000	928.816926
26.342069	99.638000	929.022053
26.341213	99.660000	929.227180
26.340357	99.682000	929.432308
26.339500	99.704000	929.637435
26.338644	99.726000	929.842563
26.337788	99.748000	930.047690
26.336932	99.770000	930.252817
26.336076	99.792000	930.457945
26.335219	99.814000	930.663072
26.334363	99.836000	930.868200
26.333507	99.858000	931.073327
26.332651	99.880000	931.278455
26.331794	99.902000	931.483582
26.330938	99.924000	931.688709
26.330081	99.946000	931.893837
26.329225	99.968000	932.098964
26.328369	99.990000	932.304092
26.327512	100.012000	932.509219
26.326656	100.034000	932.714346
26.325799	100.056000	932.919474
26.324943	100.078000	933.124601
26.324086	100.100000	933.329729
26.323229	100.122000	933.534856
26.322373	100.144000	933.739983
26.321516	100.166000	933.945111
26.320660	100.188000	934.150238
26.319803	100.210000	934.355366
26.318946	100.232000	934.560493
26.318089	100.254000	934.765621
26.317233	100.276000	934.970748
26.316376	100.298000	935.175875
26.315519	100.320000	935.381003
26.314662	100.342000	935.586130
26.313805	100.364000	935.791258
26.312949	100.386000	935.996385
26.312092	100.408000	936.201512
26.311235	100.430000	936.406640
26.310378	100.452000	936.611767
26.309521	100.474000	936.816895
26.308664	100.496000	937.022022
26.307807	100.518000	937.227149
26.306950	100.540000	937.432277
26.306093	100.562000	937.637404
26.305236	100.584000	937.842532
26.304378	100.606000	938.047659
26.303521	100.628000	938.252787
26.302664	100.650000	938.457914
26.301807	100.672000	938.663041
26.300950	100.694000	938.868169
26.300093	100.716000	939.073296
26.299235	100.738000	939.278424
26.298378	100.760000	939.483551
26.297521	100.782000	939.688678
26.296663	100.804000	939.893806
26.295806	100.826000	940.098933
26.294949	100.848000	940.304061
26.294091	100.870000	940.509188
26.293234	100.892000	940.714315
26.292376	100.914000	940.919443
26.291519	100.936000	941.124570
26.290661	100.958000	941.329698
26.289804	100.980000	941.534825
26.288946	101.002000	941.739953
26.288089	101.024000	941.945080
26.287231	101.046000	942.150207
26.286373	101.068000	942.355335
26.285516	101.090000	942.560462
26.284658	101.112000	942.765590
26.283800	101.134000	942.970717
26.282943	101.156000	943.175844
26.282085	101.178000	943.380972
26.281227	101.200000	943.586099
26.280369	101.222000	943.791227
26.279511	101.244000	943.996354
26.278654	101.266000	944.201482
26.277796	101.288000	944.406609
26.276938	101.310000	944.611736
26.276080	101.332000	944.816864
26.275222	101.354000	945.021991
26.274364	101.376000	945.227119
26.273506	101.398000	945.432246
26.272648	101.420000	945.637373
26.271790	101.442000	945.842501
26.270932	101.464000	946.047628
26.270074	101.486000	946.252756
26.269216	101.508000	946.457883
26.268358	101.530000	946.663010
26.267499	101.552000	946.868138
26.266641	101.574000	947.073265
26.265783	101.596000	947.278393
26.264925	101.618000	947.483520
26.264066	101.640000	947.688648
26.263208	101.662000	947.893775
26.262350	101.684000	948.098902
26.261492	101.706000	948.304030
26.260633	101.728000	948.509157
26.259775	101.750000	948.714285
26.258916	101.772000	948.919412
26.258058	101.794000	949.124539
26.257200	101.816000	949.329667
26.256341	101.838000	949.534794
26.255483	101.860000	949.739922
26.254624	101.882000	949.945049
26.253765	101.904000	950.150176
26.252907	101.926000	950.355304
26.252048	101.948000	950.560431
26.251190	101.970000	950.765559
26.250331	101.992000	950.970686
26.249472	102.014000	951.175814
26.248614	102.036000	951.380941
26.247755	102.058000	951.586068
26.246896	102.080000	951.791196
26.246037	102.102000	951.996323
26.245179	102.124000	952.201451
26.244320	102.146000	952.406578
26.243461	102.168000	952.611705
26.242602	102.190000	952.816833
26.241743	102.212000	953.021960
26.240884	102.234000	953.227088
26.240025	102.256000	953.432215
26.239166	102.278000	953.637343
26.238307	102.300000	953.842470
26.237448	102.322000	954.047597
26.236589	102.344000	954.252725
26.235730	102.366000	954.457852
26.234871	102.388000	954.662980
26.234012	102.410000	954.868107
26.233153	102.432000	955.073234
26.232294	102.454000	955.278362
26.231434	102.476000	955.483489
26.230575	102.498000	955.688617
26.229716	102.520000	955.893744
26.228857	102.542000	956.098871
26.227997	102.564000	956.303999
26.227138	102.586000	956.509126
26.226279	102.608000	956.714254
26.225419	102.630000	956.919381
26.224560	102.652000	957.124509
26.223701	102.674000	957.329636
26.222841	102.696000	957.534763
26.221982	102.718000	957.739891
26.221122	102.740000	957.945018
26.220263	102.762000	958.150146
26.219403	102.784000	958.355273
26.218544	102.806000	958.560400
26.217684	102.828000	958.765528
26.216824	102.850000	958.970655
26.215965	102.872000	959.175783
26.215105	102.894000	959.380910
26.214246	102.916000	959.586037
26.213386	102.938000	959.791165
26.212526	102.960000	959.996292
26.211666	102.982000	960.201420
26.210807	103.004000	960.406547
26.209947	103.026000	960.611675
26.209087	103.048000	960.816802
26.208227	103.070000	961.021929
26.207367	103.092000	961.227057
26.206507	103.114000	961.432184
26.205647	103.136000	961.637312
26.204787	103.158000	961.842439
26.203927	103.180000	962.047566
26.203067	103.202000	962.252694
26.202207	103.224000	962.457821
26.201347	103.246000	962.662949
26.200487	103.268000	962.868076
26.199627	103.290000	963.073203
26.198767	103.312000	963.278331
26.197907	103.334000	963.483458
26.197047	103.356000	963.688586
26.196187	103.378000	963.893713
26.195326	103.400000	964.098841
26.194466	103.422000	964.303968
26.193606	103.444000	964.509095
26.192746	103.466000	964.714223
26.191885	103.488000	964.919350
26.191025	103.510000	965.124478
26.190165	103.532000	965.329605
26.189304	103.554000	965.534732
26.188444	103.576000	965.739860
26.187583	103.598000	965.944987
26.186723	103.620000	966.150115
26.185862	103.642000	966.355242
26.185002	103.664000	966.560370
26.184141	103.686000	966.765497
26.183281	103.708000	966.970624
26.182420	103.730000	967.175752
26.181560	103.752000	967.380879
26.180699	103.774000	967.586007
26.179838	103.796000	967.791134
26.178978	103.818000	967.996261
26.178117	103.840000	968.201389
26.177256	103.862000	968.406516
26.176395	103.884000	968.611644
26.175535	103.906000	968.816771
26.174674	103.928000	969.021898
26.173813	103.950000	969.227026
26.172952	103.972000	969.432153
26.172091	103.994000	969.637281
26.171230	104.016000	969.842408
26.170369	104.038000	970.047536
26.169508	104.060000	970.252663
26.168647	104.082000	970.457790
26.167786	104.104000	970.662918
26.166925	104.126000	970.868045
26.166064	104.148000	971.073173
26.165203	104.170000	971.278300
26.164342	104.192000	971.483427
26.163481	104.214000	971.688555
26.162620	104.236000	971.893682
26.161759	104.258000	972.098810
26.160897	104.280000	972.303937
26.160036	104.302000	972.509064
26.159175	104.324000	972.714192
26.158314	104.346000	972.919319
26.157452	104.368000	973.124447
26.156591	104.390000	973.329574
26.155730	104.412000	973.534702
26.154868	104.434000	973.739829
26.154007	104.456000	973.944956
26.153145	104.478000	974.150084
26.152284	104.500000	974.355211
26.151423	104.522000	974.560339
26.150561	104.544000	974.765466
26.149700	104.566000	974.970593
26.148838	104.588000	975.175721
26.147976	104.610000	975.380848
26.147115	104.632000	975.585976
26.146253	104.654000	975.791103
26.145392	104.676000	975.996231
26.144530	104.698000	976.201358
26.143668	104.720000	976.406485
26.142806	104.742000	976.611613
26.141945	104.764000	976.816740
26.141083	104.786000	977.021868
26.140221	104.808000	977.226995
26.139359	104.830000	977.432122
26.138497	104.852000	977.637250
26.137636	104.874000	977.842377
26.136774	104.896000	978.047505
26.135912	104.918000	978.252632
26.135050	104.940000	978.457759
26.134188	104.962000	978.662887
26.133326	104.984000	978.868014
26.132464	105.006000	979.073142
26.131602	105.028000	979.278269
26.130740	105.050000	979.483397
26.129878	105.072000	979.688524
26.129016	105.094000	979.893651
26.128153	105.116000	980.098779
26.127291	105.138000	980.303906
26.126429	105.160000	980.509034
26.125567	105.182000	980.714161
26.124705	105.204000	980.919288
26.123842	105.226000	981.124416
26.122980	105.248000	981.329543
26.122118	105.270000	981.534671
26.121255	105.292000	981.739798
26.120393	105.314000	981.944925
26.119531	105.336000	982.150053
26.118668	105.358000	982.355180
26.117806	105.380000	982.560308
26.116943	105.402000	982.765435
26.116081	105.424000	982.970563
26.115218	105.446000	983.175690
26.114356	105.468000	983.380817
26.113493	105.490000	983.585945
26.112631	105.512000	983.791072
26.111768	105.534000	983.996200
26.110905	105.556000	984.201327
26.110043	105.578000	984.406454
26.109180	105.600000	984.611582
26.108317	105.622000	984.816709
26.107455	105.644000	985.021837
26.106592	105.666000	985.226964
26.105729	105.688000	985.432092
26.104866	105.710000	985.637219
26.104003	105.732000	985.842346
26.103141	105.754000	986.047474
26.102278	105.776000	986.252601
26.101415	105.798000	986.457729
26.100552	105.820000	986.662856
26.099689	105.842000	986.867983
26.098826	105.864000	987.073111
26.097963	105.886000	987.278238
26.097100	105.908000	987.483366
26.096237	105.930000	987.688493
26.095374	105.952000	987.893620
26.094511	105.974000	988.098748
26.093647	105.996000	988.303875
26.092784	106.018000	988.509003
26.091921	106.040000	988.714130
26.091058	106.062000	988.919258
26.090195	106.084000	989.124385
26.089331	106.106000	989.329512
26.088468	106.128000	989.534640
26.087605	106.150000	989.739767
26.086741	106.172000	989.944895
26.085878	106.194000	990.150022
26.085015	106.216000	990.355149
26.084151	106.238000	990.560277
26.083288	106.260000	990.765404
26.082424	106.282000	990.970532
26.081561	106.304000	991.175659
26.080697	106.326000	991.380786
26.079834	106.348000	991.585914
26.078970	106.370000	991.791041
26.078107	106.392000	991.996169
26.077243	106.414000	992.201296
26.076380	106.436000	992.406424
26.075516	106.458000	992.611551
26.074652	106.480000	992.816678
26.073789	106.502000	993.021806
26.072925	106.524000	993.226933
26.072061	106.546000	993.432061
26.071197	106.568000	993.637188
26.070333	106.590000	993.842315
26.069470	106.612000	994.047443
26.068606	106.634000	994.252570
26.067742	106.656000	994.457698
26.066878	106.678000	994.662825
26.066014	106.700000	994.867952
26.065150	106.722000	995.073080
26.064286	106.744000	995.278207
26.063422	106.766000	995.483335
26.062558	106.788000	995.688462
26.061694	106.810000	995.893590
26.060830	106.832000	996.098717
26.059966	106.854000	996.303844
26.059102	106.876000	996.508972
26.058238	106.898000	996.714099
26.057373	106.920000	996.919227
26.056509	106.942000	997.124354
26.055645	106.964000	997.329481
26.054781	106.986000	997.534609
26.053916	107.008000	997.739736
26.053052	107.030000	997.944864
26.052188	107.052000	998.149991
26.051323	107.074000	998.355119
26.050459	107.096000	998.560246
26.049595	107.118000	998.765373
26.048730	107.140000	998.970501
26.047866	107.162000	999.175628
26.047001	107.184000	999.380756
26.046137	107.206000	999.585883
26.045272	107.228000	999.791010
26.044408	107.250000	999.996138
26.043543	107.272000	1000.201265
26.042679	107.294000	1000.406393
26.041814	107.316000	1000.611520
26.040949	107.338000	1000.816647
26.040085	107.360000	1001.021775
26.039220	107.382000	1001.226902
26.038355	107.404000	1001.432030
26.037490	107.426000	1001.637157
26.036626	107.448000	1001.842285
26.035761	107.470000	1002.047412
26.034896	107.492000	1002.252539
26.034031	107.514000	1002.457667
26.033166	107.536000	1002.662794
26.032301	107.558000	1002.867922
26.031437	107.580000	1003.073049
26.030572	107.602000	1003.278176
26.029707	107.624000	1003.483304
26.028842	107.646000	1003.688431
26.027977	107.668000	1003.893559
26.027112	107.690000	1004.098686
26.026246	107.712000	1004.303813
26.025381	107.734000	1004.508941
26.024516	107.756000	1004.714068
26.023651	107.778000	1004.919196
26.022786	107.800000	1005.124323
26.021921	107.822000	1005.329451
26.021055	107.844000	1005.534578
26.020190	107.866000	1005.739705
26.019325	107.888000	1005.944833
26.018460	107.910000	1006.149960
26.017594	107.932000	1006.355088
26.016729	107.954000	1006.560215
26.015864	107.976000	1006.765342
26.014998	107.998000	1006.970470
26.014133	108.020000	1007.175597
26.013267	108.042000	1007.380725
26.012402	108.064000	1007.585852
26.011536	108.086000	1007.790980
26.010671	108.108000	1007.996107
26.009805	108.130000	1008.201234
26.008940	108.152000	1008.406362
26.008074	108.174000	1008.611489
26.007208	108.196000	1008.816617
26.006343	108.218000	1009.021744
26.005477	108.240000	1009.226871
26.004611	108.262000	1009.431999
26.003746	108.284000	1009.637126
26.002880	108.306000	1009.842254
26.002014	108.328000	1010.047381
26.001148	108.350000	1010.252508
26.000283	108.372000	1010.457636
25.999417	108.394000	1010.662763
25.998551	108.416000	1010.867891
25.997685	108.438000	1011.073018
25.996819	108.460000	1011.278146
25.995953	108.482000	1011.483273
25.995087	108.504000	1011.688400
25.994221	108.526000	1011.893528
25.993355	108.548000	1012.098655
25.992489	108.570000	1012.303783
25.991623	108.592000	1012.508910
25.990757	108.614000	1012.714037
25.989891	108.636000	1012.919165
25.989024	108.658000	1013.124292
25.988158	108.680000	1013.329420
25.987292	108.702000	1013.534547
25.986426	108.724000	1013.739674
25.985560	108.746000	1013.944802
25.984693	108.768000	1014.149929
25.983827	108.790000	1014.355057
25.982961	108.812000	1014.560184
25.982094	108.834000	1014.765312
25.981228	108.856000	1014.970439
25.980362	108.878000	1015.175566
25.979495	108.900000	1015.380694
25.978629	108.922000	1015.585821
25.977762	108.944000	1015.790949
25.976896	108.966000	1015.996076
25.976029	108.988000	1016.201203
25.975163	109.010000	1016.406331
25.974296	109.032000	1016.611458
25.973429	109.054000	1016.816586
25.972563	109.076000	1017.021713
25.971696	109.098000	1017.226841
25.970829	109.120000	1017.431968
25.969963	109.142000	1017.637095
25.969096	109.164000	1017.842223
25.968229	109.186000	1018.047350
25.967363	109.208000	1018.252478
25.966496	109.230000	1018.457605
25.965629	109.252000	1018.662732
25.964762	109.274000	1018.867860
25.963895	109.296000	1019.072987
25.963028	109.318000	1019.278115
25.962161	109.340000	1019.483242
25.961294	109.362000	1019.688369
25.960427	109.384000	1019.893497
25.959560	109.406000	1020.098624
25.958693	109.428000	1020.303752
25.957826	109.450000	1020.508879
25.956959	109.472000	1020.714007
25.956092	109.494000	1020.919134
25.955225	109.516000	1021.124261
25.954358	109.538000	1021.329389
25.953491	109.560000	1021.534516
25.952623	109.582000	1021.739644
25.951756	109.604000	1021.944771
25.950889	109.626000	1022.149898
25.950022	109.648000	1022.355026
25.949154	109.670000	1022.560153
25.948287	109.692000	1022.765281
25.947420	109.714000	1022.970408
25.946552	109.736000	1023.175535
25.945685	109.758000	1023.380663
25.944817	109.780000	1023.585790
25.943950	109.802000	1023.790918
25.943082	109.824000	1023.996045
25.942215	109.846000	1024.201173
25.941347	109.868000	1024.406300
25.940480	109.890000	1024.611427
25.939612	109.912000	1024.816555
25.938745	109.934000	1025.021682
25.937877	109.956000	1025.226810
25.937009	109.978000	1025.431937
25.936142	110.000000	1025.637064
25.935274	110.022000	1025.842192
25.934406	110.044000	1026.047319
25.933538	110.066000	1026.252447
25.932671	110.088000	1026.457574
25.931803	110.110000	1026.662701
25.930935	110.132000	1026.867829
25.930067	110.154000	1027.072956
25.929199	110.176000	1027.278084
25.928331	110.198000	1027.483211
25.927463	110.220000	1027.688339
25.926595	110.242000	1027.893466
25.925727	110.264000	1028.098593
25.924859	110.286000	1028.303721
25.923991	110.308000	1028.508848
25.923123	110.330000	1028.713976
25.922255	110.352000	1028.919103
25.921387	110.374000	1029.124230
25.920519	110.396000	1029.329358
25.919651	110.418000	1029.534485
25.918783	110.440000	1029.739613
25.917914	110.462000	1029.944740
25.917046	110.484000	1030.149868
25.916178	110.506000	1030.354995
25.915310	110.528000	1030.560122
25.914441	110.550000	1030.765250
25.913573	110.572000	1030.970377
25.912704	110.594000	1031.175505
25.911836	110.616000	1031.380632
25.910968	110.638000	1031.585759
25.910099	110.660000	1031.790887
25.909231	110.682000	1031.996014
25.908362	110.704000	1032.201142
25.907494	110.726000	1032.406269
25.906625	110.748000	1032.611396
25.905757	110.770000	1032.816524
25.904888	110.792000	1033.021651
25.904019	110.814000	1033.226779
25.903151	110.836000	1033.431906
25.902282	110.858000	1033.637034
25.901413	110.880000	1033.842161
25.900545	110.902000	1034.047288
25.899676	110.924000	1034.252416
25.898807	110.946000	1034.457543
25.897938	110.968000	1034.662671
25.897069	110.990000	1034.867798
25.896201	111.012000	1035.072925
25.895332	111.034000	1035.278053
25.894463	111.056000	1035.483180
25.893594	111.078000	1035.688308
25.892725	111.100000	1035.893435
25.891856	111.122000	1036.098562
25.890987	111.144000	1036.303690
25.890118	111.166000	1036.508817
25.889249	111.188000	1036.713945
25.888380	111.210000	1036.919072
25.887511	111.232000	1037.124200
25.886642	111.254000	1037.329327
25.885772	111.276000	1037.534454
25.884903	111.298000	1037.739582
25.884034	111.320000	1037.944709
25.883165	111.342000	1038.149837
25.882296	111.364000	1038.354964
25.881426	111.386000	1038.560091
25.880557	111.408000	1038.765219
25.879688	111.430000	1038.970346
25.878818	111.452000	1039.175474
25.877949	111.474000	1039.380601
25.877079	111.496000	1039.585729
25.876210	111.518000	1039.790856
25.875341	111.540000	1039.995983
25.874471	111.562000	1040.201111
25.873602	111.584000	1040.406238
25.872732	111.606000	1040.611366
25.871862	111.628000	1040.816493
25.870993	111.650000	1041.021620
25.870123	111.672000	1041.226748
25.869254	111.694000	1041.431875
25.868384	111.716000	1041.637003
25.867514	111.738000	1041.842130
25.866645	111.760000	1042.047257
25.865775	111.782000	1042.252385
25.864905	111.804000	1042.457512
25.864035	111.826000	1042.662640
25.863165	111.848000	1042.867767
25.862296	111.870000	1043.072895
25.861426	111.892000	1043.278022
25.860556	111.914000	1043.483149
25.859686	111.936000	1043.688277
25.858816	111.958000	1043.893404
25.857946	111.980000	1044.098532
25.857076	112.002000	1044.303659
25.856206	112.024000	1044.508786
25.855336	112.046000	1044.713914
25.854466	112.068000	1044.919041
25.853596	112.090000	1045.124169
25.852726	112.112000	1045.329296
25.851855	112.134000	1045.534423
25.850985	112.156000	1045.739551
25.850115	112.178000	1045.944678
25.849245	112.200000	1046.149806
25.848375	112.222000	1046.354933
25.847504	112.244000	1046.560061
25.846634	112.266000	1046.765188
25.845764	112.288000	1046.970315
25.844893	112.310000	1047.175443
25.844023	112.332000	1047.380570
25.843153	112.354000	1047.585698
25.842282	112.376000	1047.790825
25.841412	112.398000	1047.995952
25.840541	112.420000	1048.201080
25.839671	112.442000	1048.406207
25.838800	112.464000	1048.611335
25.837930	112.486000	1048.816462
25.837059	112.508000	1049.021589
25.836188	112.530000	1049.226717
25.835318	112.552000	1049.431844
25.834447	112.574000	1049.636972
25.833577	112.596000	1049.842099
25.832706	112.618000	1050.047227
25.831835	112.640000	1050.252354
25.830964	112.662000	1050.457481
25.830094	112.684000	1050.662609
25.829223	112.706000	1050.867736
25.828352	112.728000	1051.072864
25.827481	112.750000	1051.277991
25.826610	112.772000	1051.483118
25.825739	112.794000	1051.688246
25.824868	112.816000	1051.893373
25.823997	112.838000	1052.098501
25.823126	112.860000	1052.303628
25.822255	112.882000	1052.508756
25.821384	112.904000	1052.713883
25.820513	112.926000	1052.919010
25.819642	112.948000	1053.124138
25.818771	112.970000	1053.329265
25.817900	112.992000	1053.534393
25.817029	113.014000	1053.739520
25.816157	113.036000	1053.944647
25.815286	113.058000	1054.149775
25.814415	113.080000	1054.354902
25.813544	113.102000	1054.560030
25.812672	113.124000	1054.765157
25.811801	113.146000	1054.970284
25.810930	113.168000	1055.175412
25.810058	113.190000	1055.380539
25.809187	113.212000	1055.585667
25.808316	113.234000	1055.790794
25.807444	113.256000	1055.995922
25.806573	113.278000	1056.201049
25.805701	113.300000	1056.406176
25.804830	113.322000	1056.611304
25.803958	113.344000	1056.816431
25.803086	113.366000	1057.021559
25.802215	113.388000	1057.226686
25.801343	113.410000	1057.431813
25.800472	113.432000	1057.636941
25.799600	113.454000	1057.842068
25.798728	113.476000	1058.047196
25.797856	113.498000	1058.252323
25.796985	113.520000	1058.457450
25.796113	113.542000	1058.662578
25.795241	113.564000	1058.867705
25.794369	113.586000	1059.072833
25.793497	113.608000	1059.277960
25.792626	113.630000	1059.483088
25.791754	113.652000	1059.688215
25.790882	113.674000	1059.893342
25.790010	113.696000	1060.098470
25.789138	113.718000	1060.303597
25.788266	113.740000	1060.508725
25.787394	113.762000	1060.713852
25.786522	113.784000	1060.918979
25.785650	113.806000	1061.124107
25.784777	113.828000	1061.329234
25.783905	113.850000	1061.534362
25.783033	113.872000	1061.739489
25.782161	113.894000	1061.944617
25.781289	113.916000	1062.149744
25.780416	113.938000	1062.354871
25.779544	113.960000	1062.559999
25.778672	113.982000	1062.765126
25.777800	114.004000	1062.970254
25.776927	114.026000	1063.175381
25.776055	114.048000	1063.380508
25.775182	114.070000	1063.585636
25.774310	114.092000	1063.790763
25.773438	114.114000	1063.995891
25.772565	114.136000	1064.201018
25.771693	114.158000	1064.406145
25.770820	114.180000	1064.611273
25.769948	114.202000	1064.816400
25.769075	114.224000	1065.021528
25.768202	114.246000	1065.226655
25.767330	114.268000	1065.431783
25.766457	114.290000	1065.636910
25.765584	114.312000	1065.842037
25.764712	114.334000	1066.047165
25.763839	114.356000	1066.252292
25.762966	114.378000	1066.457420
25.762093	114.400000	1066.662547
25.761221	114.422000	1066.867674
25.760348	114.444000	1067.072802
25.759475	114.466000	1067.277929
25.758602	114.488000	1067.483057
25.757729	114.510000	1067.688184
25.756856	114.532000	1067.893311
25.755983	114.554000	1068.098439
25.755110	114.576000	1068.303566
25.754237	114.598000	1068.508694
25.753364	114.620000	1068.713821
25.752491	114.642000	1068.918949
25.751618	114.664000	1069.124076
25.750745	114.686000	1069.329203
25.749872	114.708000	1069.534331
25.748999	114.730000	1069.739458
25.748125	114.752000	1069.944586
25.747252	114.774000	1070.149713
25.746379	114.796000	1070.354840
25.745506	114.818000	1070.559968
25.744632	114.840000	1070.765095
25.743759	114.862000	1070.970223
25.742886	114.884000	1071.175350
25.742012	114.906000	1071.380478
25.741139	114.928000	1071.585605
25.740265	114.950000	1071.790732
25.739392	114.972000	1071.995860
25.738519	114.994000	1072.200987
25.737645	115.016000	1072.406115
25.736771	115.038000	1072.611242
25.735898	115.060000	1072.816369
25.735024	115.082000	1073.021497
25.734151	115.104000	1073.226624
25.733277	115.126000	1073.431752
25.732403	115.148000	1073.636879
25.731530	115.170000	1073.842006
25.730656	115.192000	1074.047134
25.729782	115.214000	1074.252261
25.728909	115.236000	1074.457389
25.728035	115.258000	1074.662516
25.727161	115.280000	1074.867644
25.726287	115.302000	1075.072771
25.725413	115.324000	1075.277898
25.724539	115.346000	1075.483026
25.723665	115.368000	1075.688153
25.722791	115.390000	1075.893281
25.721918	115.412000	1076.098408
25.721044	115.434000	1076.303535
25.720170	115.456000	1076.508663
25.719295	115.478000	1076.713790
25.718421	115.500000	1076.918918
25.717547	115.522000	1077.124045
25.716673	115.544000	1077.329172
25.715799	115.566000	1077.534300
25.714925	115.588000	1077.739427
25.714051	115.610000	1077.944555
25.713176	115.632000	1078.149682
25.712302	115.654000	1078.354810
25.711428	115.676000	1078.559937
25.710554	115.698000	1078.765064
25.709679	115.720000	1078.970192
25.708805	115.742000	1079.175319
25.707931	115.764000	1079.380447
25.707056	115.786000	1079.585574
25.706182	115.808000	1079.790701
25.705307	115.830000	1079.995829
25.704433	115.852000	1080.200956
25.703558	115.874000	1080.406084
25.702684	115.896000	1080.611211
25.701809	115.918000	1080.816338
25.700935	115.940000	1081.021466
25.700060	115.962000	1081.226593
25.699185	115.984000	1081.431721
25.698311	116.006000	1081.636848
25.697436	116.028000	1081.841976
25.696561	116.050000	1082.047103
25.695686	116.072000	1082.252230
25.694812	116.094000	1082.457358
25.693937	116.116000	1082.662485
25.693062	116.138000	1082.867613
25.692187	116.160000	1083.072740
25.691312	116.182000	1083.277867
25.690437	116.204000	1083.482995
25.689562	116.226000	1083.688122
25.688688	116.248000	1083.893250
25.687813	116.270000	1084.098377
25.686938	116.292000	1084.303505
25.686063	116.314000	1084.508632
25.685187	116.336000	1084.713759
25.684312	116.358000	1084.918887
25.683437	116.380000	1085.124014
25.682562	116.402000	1085.329142
25.681687	116.424000	1085.534269
25.680812	116.446000	1085.739396
25.679937	116.468000	1085.944524
25.679061	116.490000	1086.149651
25.678186	116.512000	1086.354779
25.677311	116.534000	1086.559906
25.676435	116.556000	1086.765033
25.675560	116.578000	1086.970161
25.674685	116.600000	1087.175288
25.673809	116.622000	1087.380416
25.672934	116.644000	1087.585543
25.672059	116.666000	1087.790671
25.671183	116.688000	1087.995798
25.670308	116.710000	1088.200925
25.669432	116.732000	1088.406053
25.668556	116.754000	1088.611180
25.667681	116.776000	1088.816308
25.666805	116.798000	1089.021435
25.665930	116.820000	1089.226562
25.665054	116.842000	1089.431690
25.664178	116.864000	1089.636817
25.663303	116.886000	1089.841945
25.662427	116.908000	1090.047072
25.661551	116.930000	1090.252199
25.660675	116.952000	1090.457327
25.659800	116.974000	1090.662454
25.658924	116.996000	1090.867582
25.658048	117.018000	1091.072709
25.657172	117.040000	1091.277837
25.656296	117.062000	1091.482964
25.655420	117.084000	1091.688091
25.654544	117.106000	1091.893219
25.653668	117.128000	1092.098346
25.652792	117.150000	1092.303474
25.651916	117.172000	1092.508601
25.651040	117.194000	1092.713728
25.650164	117.216000	1092.918856
25.649288	117.238000	1093.123983
25.648412	117.260000	1093.329111
25.647536	117.282000	1093.534238
25.646659	117.304000	1093.739366
25.645783	117.326000	1093.944493
25.644907	117.348000	1094.149620
25.644031	117.370000	1094.354748
25.643154	117.392000	1094.559875
25.642278	117.414000	1094.765003
25.641402	117.436000	1094.970130
25.640525	117.458000	1095.175257
25.639649	117.480000	1095.380385
25.638772	117.502000	1095.585512
25.637896	117.524000	1095.790640
25.637019	117.546000	1095.995767
25.636143	117.568000	1096.200894
25.635266	117.590000	1096.406022
25.634390	117.612000	1096.611149
25.633513	117.634000	1096.816277
25.632637	117.656000	1097.021404
25.631760	117.678000	1097.226532
25.630883	117.700000	1097.431659
25.630007	117.722000	1097.636786
25.629130	117.744000	1097.841914
25.628253	117.766000	1098.047041
25.627376	117.788000	1098.252169
25.626500	117.810000	1098.457296
25.625623	117.832000	1098.662423
25.624746	117.854000	1098.867551
25.623869	117.876000	1099.072678
25.622992	117.898000	1099.277806
25.622115	117.920000	1099.482933
25.621238	117.942000	1099.688060
25.620361	117.964000	1099.893188
25.619484	117.986000	1100.098315
25.618607	118.008000	1100.303443
25.617730	118.030000	1100.508570
25.616853	118.052000	1100.713698
25.615976	118.074000	1100.918825
25.615099	118.096000	1101.123952
25.614222	118.118000	1101.329080
25.613344	118.140000	1101.534207
25.612467	118.162000	1101.739335
25.611590	118.184000	1101.944462
25.610713	118.206000	1102.149589
25.609835	118.228000	1102.354717
25.608958	118.250000	1102.559844
25.608081	118.272000	1102.764972
25.607203	118.294000	1102.970099
25.606326	118.316000	1103.175226
25.605449	118.338000	1103.380354
25.604571	118.360000	1103.585481
25.603694	118.382000	1103.790609
25.602816	118.404000	1103.995736
25.601939	118.426000	1104.200864
25.601061	118.448000	1104.405991
25.600183	118.470000	1104.611118
25.599306	118.492000	1104.816246
25.598428	118.514000	1105.021373
25.597551	118.536000	1105.226501
25.596673	118.558000	1105.431628
25.595795	118.580000	1105.636755
25.594917	118.602000	1105.841883
25.594040	118.624000	1106.047010
25.593162	118.646000	1106.252138
25.592284	118.668000	1106.457265
25.591406	118.690000	1106.662393
25.590528	118.712000	1106.867520
25.589650	118.734000	1107.072647
25.588772	118.756000	1107.277775
25.587895	118.778000	1107.482902
25.587017	118.800000	1107.688030
25.586139	118.822000	1107.893157
25.585261	118.844000	1108.098284
25.584382	118.866000	1108.303412
25.583504	118.888000	1108.508539
25.582626	118.910000	1108.713667
25.581748	118.932000	1108.918794
25.580870	118.954000	1109.123921
25.579992	118.976000	1109.329049
25.579114	118.998000	1109.534176
25.578235	119.020000	1109.739304
25.577357	119.042000	1109.944431
25.576479	119.064000	1110.149559
25.575600	119.086000	1110.354686
25.574722	119.108000	1110.559813
25.573844	119.130000	1110.764941
25.572965	119.152000	1110.970068
25.572087	119.174000	1111.175196
25.571209	119.196000	1111.380323
25.570330	119.218000	1111.585450
25.569452	119.240000	1111.790578
25.568573	119.262000	1111.995705
25.567694	119.284000	1112.200833
25.566816	119.306000	1112.405960
25.565937	119.328000	1112.611087
25.565059	119.350000	1112.816215
25.564180	119.372000	1113.021342
25.563301	119.394000	1113.226470
25.562423	119.416000	1113.431597
25.561544	119.438000	1113.636725
25.560665	119.460000	1113.841852
25.559786	119.482000	1114.046979
25.558908	119.504000	1114.252107
25.558029	119.526000	1114.457234
25.557150	119.548000	1114.662362
25.556271	119.570000	1114.867489
25.555392	119.592000	1115.072616
25.554513	119.614000	1115.277744
25.553634	119.636000	1115.482871
25.552755	119.658000	1115.687999
25.551876	119.680000	1115.893126
25.550997	119.702000	1116.098254
25.550118	119.724000	1116.303381
25.549239	119.746000	1116.508508
25.548360	119.768000	1116.713636
25.547481	119.790000	1116.918763
25.546601	119.812000	1117.123891
25.545722	119.834000	1117.329018
25.544843	119.856000	1117.534145
25.543964	119.878000	1117.739273
25.543084	119.900000	1117.944400
25.542205	119.922000	1118.149528
25.541326	119.944000	1118.354655
25.540446	119.966000	1118.559782
25.539567	119.988000	1118.764910
25.538687	120.010000	1118.970037
25.537808	120.032000	1119.175165
25.536929	120.054000	1119.380292
25.536049	120.076000	1119.585420
25.535170	120.098000	1119.790547
25.534290	120.120000	1119.995674
25.533410	120.142000	1120.200802
25.532531	120.164000	1120.405929
25.531651	120.186000	1120.611057
25.530772	120.208000	1120.816184
25.529892	120.230000	1121.021311
25.529012	120.252000	1121.226439
25.528132	120.274000	1121.431566
25.527253	120.296000	1121.636694
25.526373	120.318000	1121.841821
25.525493	120.340000	1122.046948
25.524613	120.362000	1122.252076
25.523733	120.384000	1122.457203
25.522853	120.406000	1122.662331
25.521974	120.428000	1122.867458
25.521094	120.450000	1123.072586
25.520214	120.472000	1123.277713
25.519334	120.494000	1123.482840
25.518454	120.516000	1123.687968
25.517574	120.538000	1123.893095
25.516693	120.560000	1124.098223
25.515813	120.582000	1124.303350
25.514933	120.604000	1124.508477
25.514053	120.626000	1124.713605
25.513173	120.648000	1124.918732
25.512293	120.670000	1125.123860
25.511412	120.692000	1125.328987
25.510532	120.714000	1125.534115
25.509652	120.736000	1125.739242
25.508772	120.758000	1125.944369
25.507891	120.780000	1126.149497
25.507011	120.802000	1126.354624
25.506130	120.824000	1126.559752
25.505250	120.846000	1126.764879
25.504370	120.868000	1126.970006
25.503489	120.890000	1127.175134
25.502609	120.912000	1127.380261
25.501728	120.934000	1127.585389
25.500847	120.956000	1127.790516
25.499967	120.978000	1127.995643
25.499086	121.000000	1128.200771
25.498206	121.022000	1128.405898
25.497325	121.044000	1128.611026
25.496444	121.066000	1128.816153
25.495564	121.088000	1129.021281
25.494683	121.110000	1129.226408
25.493802	121.132000	1129.431535
25.492921	121.154000	1129.636663
25.492040	121.176000	1129.841790
25.491160	121.198000	1130.046918
25.490279	121.220000	1130.252045
25.489398	121.242000	1130.457172
25.488517	121.264000	1130.662300
25.487636	121.286000	1130.867427
25.486755	121.308000	1131.072555
25.485874	121.330000	1131.277682
25.484993	121.352000	1131.482809
25.484112	121.374000	1131.687937
25.483231	121.396000	1131.893064
25.482350	121.418000	1132.098192
25.481469	121.440000	1132.303319
25.480587	121.462000	1132.508447
25.479706	121.484000	1132.713574
25.478825	121.506000	1132.918701
25.477944	121.528000	1133.123829
25.477062	121.550000	1133.328956
25.476181	121.572000	1133.534084
25.475300	121.594000	1133.739211
25.474419	121.616000	1133.944338
25.473537	121.638000	1134.149466
25.472656	121.660000	1134.354593
25.471774	121.682000	1134.559721
25.470893	121.704000	1134.764848
25.470011	121.726000	1134.969975
25.469130	121.748000	1135.175103
25.468248	121.770000	1135.380230
25.467367	121.792000	1135.585358
25.466485	121.814000	1135.790485
25.465604	121.836000	1135.995613
25.464722	121.858000	1136.200740
25.463840	121.880000	1136.405867
25.462959	121.902000	1136.610995
25.462077	121.924000	1136.816122
25.461195	121.946000	1137.021250
25.460313	121.968000	1137.226377
25.459432	121.990000	1137.431504
25.458550	122.012000	1137.636632
25.457668	122.034000	1137.841759
25.456786	122.056000	1138.046887
25.455904	122.078000	1138.252014
25.455022	122.100000	1138.457142
25.454140	122.122000	1138.662269
25.453258	122.144000	1138.867396
25.452376	122.166000	1139.072524
25.451494	122.188000	1139.277651
25.450612	122.210000	1139.482779
25.449730	122.232000	1139.687906
25.448848	122.254000	1139.893033
25.447966	122.276000	1140.098161
25.447084	122.298000	1140.303288
25.446201	122.320000	1140.508416
25.445319	122.342000	1140.713543
25.444437	122.364000	1140.918670
25.443555	122.386000	1141.123798
25.442672	122.408000	1141.328925
25.441790	122.430000	1141.534053
25.440908	122.452000	1141.739180
25.440025	122.474000	1141.944308
25.439143	122.496000	1142.149435
25.438260	122.518000	1142.354562
25.437378	122.540000	1142.559690
25.436495	122.562000	1142.764817
25.435613	122.584000	1142.969945
25.434730	122.606000	1143.175072
25.433848	122.628000	1143.380199
25.432965	122.650000	1143.585327
25.432082	122.672000	1143.790454
25.431200	122.694000	1143.995582
25.430317	122.716000	1144.200709
25.429434	122.738000	1144.405836
25.428552	122.760000	1144.610964
25.427669	122.782000	1144.816091
25.426786	122.804000	1145.021219
25.425903	122.826000	1145.226346
25.425021	122.848000	1145.431474
25.424138	122.870000	1145.636601
25.423255	122.892000	1145.841728
25.422372	122.914000	1146.046856
25.421489	122.936000	1146.251983
25.420606	122.958000	1146.457111
25.419723	122.980000	1146.662238
25.418840	123.002000	1146.867365
25.417957	123.024000	1147.072493
25.417074	123.046000	1147.277620
25.416191	123.068000	1147.482748
25.415308	123.090000	1147.687875
25.414424	123.112000	1147.893003
25.413541	123.134000	1148.098130
25.412658	123.156000	1148.303257
25.411775	123.178000	1148.508385
25.410891	123.200000	1148.713512
25.410008	123.222000	1148.918640
25.409125	123.244000	1149.123767
25.408242	123.266000	1149.328894
25.407358	123.288000	1149.534022
25.406475	123.310000	1149.739149
25.405591	123.332000	1149.944277
25.404708	123.354000	1150.149404
25.403824	123.376000	1150.354531
25.402941	123.398000	1150.559659
25.402057	123.420000	1150.764786
25.401174	123.442000	1150.969914
25.400290	123.464000	1151.175041
25.399407	123.486000	1151.380169
25.398523	123.508000	1151.585296
25.397639	123.530000	1151.790423
25.396756	123.552000	1151.995551
25.395872	123.574000	1152.200678
25.394988	123.596000	1152.405806
25.394104	123.618000	1152.610933
25.393221	123.640000	1152.816060
25.392337	123.662000	1153.021188
25.391453	123.684000	1153.226315
25.390569	123.706000	1153.431443
25.389685	123.728000	1153.636570
25.388801	123.750000	1153.841697
25.387917	123.772000	1154.046825
25.387033	123.794000	1154.251952
25.386149	123.816000	1154.457080
25.385265	123.838000	1154.662207
25.384381	123.860000	1154.867335
25.383497	123.882000	1155.072462
25.382613	123.904000	1155.277589
25.381729	123.926000	1155.482717
25.380845	123.948000	1155.687844
25.379960	123.970000	1155.892972
25.379076	123.992000	1156.098099
25.378192	124.014000	1156.303226
25.377308	124.036000	1156.508354
25.376423	124.058000	1156.713481
25.375539	124.080000	1156.918609
25.374655	124.102000	1157.123736
25.373770	124.124000	1157.328864
25.372886	124.146000	1157.533991
25.372001	124.168000	1157.739118
25.371117	124.190000	1157.944246
25.370232	124.212000	1158.149373
25.369348	124.234000	1158.354501
25.368463	124.256000	1158.559628
25.367579	124.278000	1158.764755
25.366694	124.300000	1158.969883
25.365809	124.322000	1159.175010
25.364925	124.344000	1159.380138
25.364040	124.366000	1159.585265
25.363155	124.388000	1159.790392
25.362271	124.410000	1159.995520
25.361386	124.432000	1160.200647
25.360501	124.454000	1160.405775
25.359616	124.476000	1160.610902
25.358731	124.498000	1160.816030
25.357847	124.520000	1161.021157
25.356962	124.542000	1161.226284
25.356077	124.564000	1161.431412
25.355192	124.586000	1161.636539
25.354307	124.608000	1161.841667
25.353422	124.630000	1162.046794
25.352537	124.652000	1162.251921
25.351652	124.674000	1162.457049
25.350767	124.696000	1162.662176
25.349881	124.718000	1162.867304
25.348996	124.740000	1163.072431
25.348111	124.762000	1163.277558
25.347226	124.784000	1163.482686
25.346341	124.806000	1163.687813
25.345456	124.828000	1163.892941
25.344570	124.850000	1164.098068
25.343685	124.872000	1164.303196
25.342800	124.894000	1164.508323
25.341914	124.916000	1164.713450
25.341029	124.938000	1164.918578
25.340143	124.960000	1165.123705
25.339258	124.982000	1165.328833
25.338373	125.004000	1165.533960
25.337487	125.026000	1165.739087
25.336602	125.048000	1165.944215
25.335716	125.070000	1166.149342
25.334830	125.092000	1166.354470
25.333945	125.114000	1166.559597
25.333059	125.136000	1166.764724
25.332174	125.158000	1166.969852
25.331288	125.180000	1167.174979
25.330402	125.202000	1167.380107
25.329516	125.224000	1167.585234
25.328631	125.246000	1167.790362
25.327745	125.268000	1167.995489
25.326859	125.290000	1168.200616
25.325973	125.312000	1168.405744
25.325087	125.334000	1168.610871
25.324201	125.356000	1168.815999
25.323316	125.378000	1169.021126
25.322430	125.400000	1169.226253
25.321544	125.422000	1169.431381
25.320658	125.444000	1169.636508
25.319772	125.466000	1169.841636
25.318886	125.488000	1170.046763
25.317999	125.510000	1170.251891
25.317113	125.532000	1170.457018
25.316227	125.554000	1170.662145
25.315341	125.576000	1170.867273
25.314455	125.598000	1171.072400
25.313569	125.620000	1171.277528
25.312682	125.642000	1171.482655
25.311796	125.664000	1171.687782
25.310910	125.686000	1171.892910
25.310023	125.708000	1172.098037
25.309137	125.730000	1172.303165
25.308251	125.752000	1172.508292
25.307364	125.774000	1172.713419
25.306478	125.796000	1172.918547
25.305591	125.818000	1173.123674
25.304705	125.840000	1173.328802
25.303818	125.862000	1173.533929
25.302932	125.884000	1173.739057
25.302045	125.906000	1173.944184
25.301159	125.928000	1174.149311
25.300272	125.950000	1174.354439
25.299385	125.972000	1174.559566
25.298499	125.994000	1174.764694
25.297612	126.016000	1174.969821
25.296725	126.038000	1175.174948
25.295839	126.060000	1175.380076
25.294952	126.082000	1175.585203
25.294065	126.104000	1175.790331
25.293178	126.126000	1175.995458
25.292291	126.148000	1176.200585
25.291404	126.170000	1176.405713
25.290517	126.192000	1176.610840
25.289630	126.214000	1176.815968
25.288744	126.236000	1177.021095
25.287857	126.258000	1177.226223
25.286969	126.280000	1177.431350
25.286082	126.302000	1177.636477
25.285195	126.324000	1177.841605
25.284308	126.346000	1178.046732
25.283421	126.368000	1178.251860
25.282534	126.390000	1178.456987
25.281647	126.412000	1178.662114
25.280760	126.434000	1178.867242
25.279872	126.456000	1179.072369
25.278985	126.478000	1179.277497
25.278098	126.500000	1179.482624
25.277210	126.522000	1179.687752
25.276323	126.544000	1179.892879
25.275436	126.566000	1180.098006
25.274548	126.588000	1180.303134
25.273661	126.610000	1180.508261
25.272773	126.632000	1180.713389
25.271886	126.654000	1180.918516
25.270998	126.676000	1181.123643
25.270111	126.698000	1181.328771
25.269223	126.720000	1181.533898
25.268336	126.742000	1181.739026
25.267448	126.764000	1181.944153
25.266560	126.786000	1182.149280
25.265673	126.808000	1182.354408
25.264785	126.830000	1182.559535
25.263897	126.852000	1182.764663
25.263009	126.874000	1182.969790
25.262122	126.896000	1183.174918
25.261234	126.918000	1183.380045
25.260346	126.940000	1183.585172
25.259458	126.962000	1183.790300
25.258570	126.984000	1183.995427
25.257682	127.006000	1184.200555
25.256794	127.028000	1184.405682
25.255906	127.050000	1184.610809
25.255018	127.072000	1184.815937
25.254130	127.094000	1185.021064
25.253242	127.116000	1185.226192
25.252354	127.138000	1185.431319
25.251466	127.160000	1185.636446
25.250578	127.182000	1185.841574
25.249690	127.204000	1186.046701
25.248802	127.226000	1186.251829
25.247913	127.248000	1186.456956
25.247025	127.270000	1186.662084
25.246137	127.292000	1186.867211
25.245248	127.314000	1187.072338
25.244360	127.336000	1187.277466
25.243472	127.358000	1187.482593
25.242583	127.380000	1187.687721
25.241695	127.402000	1187.892848
25.240807	127.424000	1188.097975
25.239918	127.446000	1188.303103
25.239030	127.468000	1188.508230
25.238141	127.490000	1188.713358
25.237253	127.512000	1188.918485
25.236364	127.534000	1189.123612
25.235475	127.556000	1189.328740
25.234587	127.578000	1189.533867
25.233698	127.600000	1189.738995
25.232809	127.622000	1189.944122
25.231921	127.644000	1190.149250
25.231032	127.666000	1190.354377
25.230143	127.688000	1190.559504
25.229254	127.710000	1190.764632
25.228366	127.732000	1190.969759
25.227477	127.754000	1191.174887
25.226588	127.776000	1191.380014
25.225699	127.798000	1191.585141
25.224810	127.820000	1191.790269
25.223921	127.842000	1191.995396
25.223032	127.864000	1192.200524
25.222143	127.886000	1192.405651
25.221254	127.908000	1192.610779
25.220365	127.930000	1192.815906
25.219476	127.952000	1193.021033
25.218587	127.974000	1193.226161
25.217698	127.996000	1193.431288
25.216808	128.018000	1193.636416
25.215919	128.040000	1193.841543
25.215030	128.062000	1194.046670
25.214141	128.084000	1194.251798
25.213251	128.106000	1194.456925
25.212362	128.128000	1194.662053
25.211473	128.150000	1194.867180
25.210583	128.172000	1195.072307
25.209694	128.194000	1195.277435
25.208805	128.216000	1195.482562
25.207915	128.238000	1195.687690
25.207026	128.260000	1195.892817
25.206136	128.282000	1196.097945
25.205247	128.304000	1196.303072
25.204357	128.326000	1196.508199
25.203467	128.348000	1196.713327
25.202578	128.370000	1196.918454
25.201688	128.392000	1197.123582
25.200799	128.414000	1197.328709
25.199909	128.436000	1197.533836
25.199019	128.458000	1197.738964
25.198129	128.480000	1197.944091
25.197240	128.502000	1198.149219
25.196350	128.524000	1198.354346
25.195460	128.546000	1198.559473
25.194570	128.568000	1198.764601
25.193680	128.590000	1198.969728
25.192790	128.612000	1199.174856
25.191900	128.634000	1199.379983
25.191010	128.656000	1199.585111
25.190120	128.678000	1199.790238
25.189230	128.700000	1199.995365
25.188340	128.722000	1200.200493
25.187450	128.744000	1200.405620
25.186560	128.766000	1200.610748
25.185670	128.788000	1200.815875
25.184780	128.810000	1201.021002
25.183890	128.832000	1201.226130
25.182999	128.854000	1201.431257
25.182109	128.876000	1201.636385
25.181219	128.898000	1201.841512
25.180329	128.920000	1202.046640
25.179438	128.942000	1202.251767
25.178548	128.964000	1202.456894
25.177658	128.986000	1202.662022
25.176767	129.008000	1202.867149
25.175877	129.030000	1203.072277
25.174986	129.052000	1203.277404
25.174096	129.074000	1203.482531
25.173205	129.096000	1203.687659
25.172315	129.118000	1203.892786
25.171424	129.140000	1204.097914
25.170534	129.162000	1204.303041
25.169643	129.184000	1204.508168
25.168752	129.206000	1204.713296
25.167862	129.228000	1204.918423
25.166971	129.250000	1205.123551
25.166080	129.272000	1205.328678
25.165189	129.294000	1205.533806
25.164299	129.316000	1205.738933
25.163408	129.338000	1205.944060
25.162517	129.360000	1206.149188
25.161626	129.382000	1206.354315
25.160735	129.404000	1206.559443
25.159844	129.426000	1206.764570
25.158953	129.448000	1206.969697
25.158062	129.470000	1207.174825
25.157171	129.492000	1207.379952
25.156280	129.514000	1207.585080
25.155389	129.536000	1207.790207
25.154498	129.558000	1207.995334
25.153607	129.580000	1208.200462
25.152716	129.602000	1208.405589
25.151825	129.624000	1208.610717
25.150933	129.646000	1208.815844
25.150042	129.668000	1209.020972
25.149151	129.690000	1209.226099
25.148260	129.712000	1209.431226
25.147368	129.734000	1209.636354
25.146477	129.756000	1209.841481
25.145586	129.778000	1210.046609
25.144694	129.800000	1210.251736
25.143803	129.822000	1210.456863
25.142911	129.844000	1210.661991
25.142020	129.866000	1210.867118
25.141128	129.888000	1211.072246
25.140237	129.910000	1211.277373
25.139345	129.932000	1211.482501
25.138454	129.954000	1211.687628
25.137562	129.976000	1211.892755
25.136670	129.998000	1212.097883
25.135779	130.020000	1212.303010
25.134887	130.042000	1212.508138
25.133995	130.064000	1212.713265
25.133104	130.086000	1212.918392
25.132212	130.108000	1213.123520
25.131320	130.130000	1213.328647
25.130428	130.152000	1213.533775
25.129536	130.174000	1213.738902
25.128644	130.196000	1213.944029
25.127753	130.218000	1214.149157
25.126861	130.240000	1214.354284
25.125969	130.262000	1214.559412
25.125077	130.284000	1214.764539
25.124185	130.306000	1214.969667
25.123292	130.328000	1215.174794
25.122400	130.350000	1215.379921
25.121508	130.372000	1215.585049
25.120616	130.394000	1215.790176
25.119724	130.416000	1215.995304
25.118832	130.438000	1216.200431
25.117940	130.460000	1216.405558
25.117047	130.482000	1216.610686
25.116155	130.504000	1216.815813
25.115263	130.526000	1217.020941
25.114370	130.548000	1217.226068
25.113478	130.570000	1217.431195
25.112586	130.592000	1217.636323
25.111693	130.614000	1217.841450
25.110801	130.636000	1218.046578
25.109908	130.658000	1218.251705
25.109016	130.680000	1218.456833
25.108123	130.702000	1218.661960
25.107231	130.724000	1218.867087
25.106338	130.746000	1219.072215
25.105446	130.768000	1219.277342
25.104553	130.790000	1219.482470
25.103660	130.812000	1219.687597
25.102768	130.834000	1219.892724
25.101875	130.856000	1220.097852
25.100982	130.878000	1220.302979
25.100089	130.900000	1220.508107
25.099197	130.922000	1220.713234
25.098304	130.944000	1220.918361
25.097411	130.966000	1221.123489
25.096518	130.988000	1221.328616
25.095625	131.010000	1221.533744
25.094732	131.032000	1221.738871
25.093839	131.054000	1221.943999
25.092946	131.076000	1222.149126
25.092053	131.098000	1222.354253
25.091160	131.120000	1222.559381
25.090267	131.142000	1222.764508
25.089374	131.164000	1222.969636
25.088481	131.186000	1223.174763
25.087588	131.208000	1223.379890
25.086694	131.230000	1223.585018
25.085801	131.252000	1223.790145
25.084908	131.274000	1223.995273
25.084015	131.296000	1224.200400
25.083121	131.318000	1224.405528
25.082228	131.340000	1224.610655
25.081335	131.362000	1224.815782
25.080441	131.384000	1225.020910
25.079548	131.406000	1225.226037
25.078655	131.428000	1225.431165
25.077761	131.450000	1225.636292
25.076868	131.472000	1225.841419
25.075974	131.494000	1226.046547
25.075081	131.516000	1226.251674
25.074187	131.538000	1226.456802
25.073293	131.560000	1226.661929
25.072400	131.582000	1226.867056
25.071506	131.604000	1227.072184
25.070612	131.626000	1227.277311
25.069719	131.648000	1227.482439
25.068825	131.670000	1227.687566
25.067931	131.692000	1227.892694
25.067037	131.714000	1228.097821
25.066144	131.736000	1228.302948
25.065250	131.758000	1228.508076
25.064356	131.780000	1228.713203
25.063462	131.802000	1228.918331
25.062568	131.824000	1229.123458
25.061674	131.846000	1229.328585
25.060780	131.868000	1229.533713
25.059886	131.890000	1229.738840
25.058992	131.912000	1229.943968
25.058098	131.934000	1230.149095
25.057204	131.956000	1230.354222
25.056310	131.978000	1230.559350
25.055415	132.000000	1230.764477
25.054521	132.022000	1230.969605
25.053627	132.044000	1231.174732
25.052733	132.066000	1231.379860
25.051839	132.088000	1231.584987
25.050944	132.110000	1231.790114
25.050050	132.132000	1231.995242
25.049156	132.154000	1232.200369
25.048261	132.176000	1232.405497
25.047367	132.198000	1232.610624
25.046472	132.220000	1232.815751
25.045578	132.242000	1233.020879
25.044683	132.264000	1233.226006
25.043789	132.286000	1233.431134
25.042894	132.308000	1233.636261
25.042000	132.330000	1233.841389
25.041105	132.352000	1234.046516
25.040211	132.374000	1234.251643
25.039316	132.396000	1234.456771
25.038421	132.418000	1234.661898
25.037526	132.440000	1234.867026
25.036632	132.462000	1235.072153
25.035737	132.484000	1235.277280
25.034842	132.506000	1235.482408
25.033947	132.528000	1235.687535
25.033052	132.550000	1235.892663
25.032158	132.572000	1236.097790
25.031263	132.594000	1236.302917
25.030368	132.616000	1236.508045
25.029473	132.638000	1236.713172
25.028578	132.660000	1236.918300
25.027683	132.682000	1237.123427
25.026788	132.704000	1237.328555
25.025893	132.726000	1237.533682
25.024998	132.748000	1237.738809
25.024102	132.770000	1237.943937
25.023207	132.792000	1238.149064
25.022312	132.814000	1238.354192
25.021417	132.836000	1238.559319
25.020522	132.858000	1238.764446
25.019626	132.880000	1238.969574
25.018731	132.902000	1239.174701
25.017836	132.924000	1239.379829
25.016940	132.946000	1239.584956
25.016045	132.968000	1239.790083
25.015150	132.990000	1239.995211
25.014254	133.012000	1240.200338
25.013359	133.034000	1240.405466
25.012463	133.056000	1240.610593
25.011568	133.078000	1240.815721
25.010672	133.100000	1241.020848
25.009777	133.122000	1241.225975
25.008881	133.144000	1241.431103
25.007985	133.166000	1241.636230
25.007090	133.188000	1241.841358
25.006194	133.210000	1242.046485
25.005298	133.232000	1242.251612
25.004403	133.254000	1242.456740
25.003507	133.276000	1242.661867
25.002611	133.298000	1242.866995
25.001715	133.320000	1243.072122
25.000819	133.342000	1243.277250
24.999923	133.364000	1243.482377
24.999027	133.386000	1243.687504
24.998132	133.408000	1243.892632
24.997236	133.430000	1244.097759
24.996340	133.452000	1244.302887
24.995444	133.474000	1244.508014
24.994547	133.496000	1244.713141
24.993651	133.518000	1244.918269
24.992755	133.540000	1245.123396
24.991859	133.562000	1245.328524
24.990963	133.584000	1245.533651
24.990067	133.606000	1245.738778
24.989171	133.628000	1245.943906
24.988274	133.650000	1246.149033
24.987378	133.672000	1246.354161
24.986482	133.694000	1246.559288
24.985585	133.716000	1246.764416
24.984689	133.738000	1246.969543
24.983793	133.760000	1247.174670
24.982896	133.782000	1247.379798
24.982000	133.804000	1247.584925
24.981103	133.826000	1247.790053
24.980207	133.848000	1247.995180
24.979310	133.870000	1248.200307
24.978414	133.892000	1248.405435
24.977517	133.914000	1248.610562
24.976621	133.936000	1248.815690
24.975724	133.958000	1249.020817
24.974827	133.980000	1249.225944
24.973931	134.002000	1249.431072
24.973034	134.024000	1249.636199
24.972137	134.046000	1249.841327
24.971240	134.068000	1250.046454
24.970344	134.090000	1250.251582
24.969447	134.112000	1250.456709
24.968550	134.134000	1250.661836
24.967653	134.156000	1250.866964
24.966756	134.178000	1251.072091
24.965859	134.200000	1251.277219
24.964962	134.222000	1251.482346
24.964065	134.244000	1251.687473
24.963168	134.266000	1251.892601
24.962271	134.288000	1252.097728
24.961374	134.310000	1252.302856
24.960477	134.332000	1252.507983
24.959580	134.354000	1252.713110
24.958682	134.376000	1252.918238
24.957785	134.398000	1253.123365
24.956888	134.420000	1253.328493
24.955991	134.442000	1253.533620
24.955093	134.464000	1253.738748
24.954196	134.486000	1253.943875
24.953299	134.508000	1254.149002
24.952401	134.530000	1254.354130
24.951504	134.552000	1254.559257
24.950607	134.574000	1254.764385
24.949709	134.596000	1254.969512
24.948812	134.618000	1255.174639
24.947914	134.640000	1255.379767
24.947017	134.662000	1255.584894
24.946119	134.684000	1255.790022
24.945222	134.706000	1255.995149
24.944324	134.728000	1256.200277
24.943426	134.750000	1256.405404
24.942529	134.772000	1256.610531
24.941631	134.794000	1256.815659
24.940733	134.816000	1257.020786
24.939835	134.838000	1257.225914
24.938938	134.860000	1257.431041
24.938040	134.882000	1257.636168
24.937142	134.904000	1257.841296
24.936244	134.926000	1258.046423
24.935346	134.948000	1258.251551
24.934448	134.970000	1258.456678
24.933550	134.992000	1258.661805
24.932652	135.014000	1258.866933
24.931754	135.036000	1259.072060
24.930856	135.058000	1259.277188
24.929958	135.080000	1259.482315
24.929060	135.102000	1259.687443
24.928162	135.124000	1259.892570
24.927264	135.146000	1260.097697
24.926366	135.168000	1260.302825
24.925467	135.190000	1260.507952
24.924569	135.212000	1260.713080
24.923671	135.234000	1260.918207
24.922773	135.256000	1261.123334
24.921874	135.278000	1261.328462
24.920976	135.300000	1261.533589
24.920077	135.322000	1261.738717
24.919179	135.344000	1261.943844
24.918281	135.366000	1262.148971
24.917382	135.388000	1262.354099
24.916484	135.410000	1262.559226
24.915585	135.432000	1262.764354
24.914687	135.454000	1262.969481
24.913788	135.476000	1263.174609
24.912889	135.498000	1263.379736
24.911991	135.520000	1263.584863
24.911092	135.542000	1263.789991
24.910193	135.564000	1263.995118
24.909295	135.586000	1264.200246
24.908396	135.608000	1264.405373
24.907497	135.630000	1264.610500
24.906598	135.652000	1264.815628
24.905700	135.674000	1265.020755
24.904801	135.696000	1265.225883
24.903902	135.718000	1265.431010
24.903003	135.740000	1265.636138
24.902104	135.762000	1265.841265
24.901205	135.784000	1266.046392
24.900306	135.806000	1266.251520
24.899407	135.828000	1266.456647
24.898508	135.850000	1266.661775
24.897609	135.872000	1266.866902
24.896710	135.894000	1267.072029
24.895811	135.916000	1267.277157
24.894911	135.938000	1267.482284
24.894012	135.960000	1267.687412
24.893113	135.982000	1267.892539
24.892214	136.004000	1268.097666
24.891314	136.026000	1268.302794
24.890415	136.048000	1268.507921
24.889516	136.070000	1268.713049
24.888616	136.092000	1268.918176
24.887717	136.114000	1269.123304
24.886818	136.136000	1269.328431
24.885918	136.158000	1269.533558
24.885019	136.180000	1269.738686
24.884119	136.202000	1269.943813
24.883220	136.224000	1270.148941
24.882320	136.246000	1270.354068
24.881420	136.268000	1270.559195
24.880521	136.290000	1270.764323
24.879621	136.312000	1270.969450
24.878721	136.334000	1271.174578
24.877822	136.356000	1271.379705
24.876922	136.378000	1271.584832
24.876022	136.400000	1271.789960
24.875122	136.422000	1271.995087
24.874223	136.444000	1272.200215
24.873323	136.466000	1272.405342
24.872423	136.488000	1272.610470
24.871523	136.510000	1272.815597
24.870623	136.532000	1273.020724
24.869723	136.554000	1273.225852
24.868823	136.576000	1273.430979
24.867923	136.598000	1273.636107
24.867023	136.620000	1273.841234
24.866123	136.642000	1274.046361
24.865223	136.664000	1274.251489
24.864323	136.686000	1274.456616
24.863423	136.708000	1274.661744
24.862522	136.730000	1274.866871
24.861622	136.752000	1275.071998
24.860722	136.774000	1275.277126
24.859822	136.796000	1275.482253
24.858921	136.818000	1275.687381
24.858021	136.840000	1275.892508
24.857121	136.862000	1276.097636
24.856220	136.884000	1276.302763
24.855320	136.906000	1276.507890
24.854419	136.928000	1276.713018
24.853519	136.950000	1276.918145
24.852618	136.972000	1277.123273
24.851718	136.994000	1277.328400
24.850817	137.016000	1277.533527
24.849917	137.038000	1277.738655
24.849016	137.060000	1277.943782
24.848115	137.082000	1278.148910
24.847215	137.104000	1278.354037
24.846314	137.126000	1278.559165
24.845413	137.148000	1278.764292
24.844513	137.170000	1278.969419
24.843612	137.192000	1279.174547
24.842711	137.214000	1279.379674
24.841810	137.236000	1279.584802
24.840909	137.258000	1279.789929
24.840008	137.280000	1279.995056
24.839107	137.302000	1280.200184
24.838206	137.324000	1280.405311
24.837306	137.346000	1280.610439
24.836404	137.368000	1280.815566
24.835503	137.390000	1281.020693
24.834602	137.412000	1281.225821
24.833701	137.434000	1281.430948
24.832800	137.456000	1281.636076
24.831899	137.478000	1281.841203
24.830998	137.500000	1282.046331
24.830097	137.522000	1282.251458
24.829195	137.544000	1282.456585
24.828294	137.566000	1282.661713
24.827393	137.588000	1282.866840
24.826491	137.610000	1283.071968
24.825590	137.632000	1283.277095
24.824689	137.654000	1283.482222
24.823787	137.676000	1283.687350
24.822886	137.698000	1283.892477
24.821984	137.720000	1284.097605
24.821083	137.742000	1284.302732
24.820181	137.764000	1284.507859
24.819280	137.786000	1284.712987
24.818378	137.808000	1284.918114
24.817477	137.830000	1285.123242
24.816575	137.852000	1285.328369
24.815673	137.874000	1285.533497
24.814772	137.896000	1285.738624
24.813870	137.918000	1285.943751
24.812968	137.940000	1286.148879
24.812066	137.962000	1286.354006
24.811165	137.984000	1286.559134
24.810263	138.006000	1286.764261
24.809361	138.028000	1286.969388
24.808459	138.050000	1287.174516
24.807557	138.072000	1287.379643
24.806655	138.094000	1287.584771
24.805753	138.116000	1287.789898
24.804851	138.138000	1287.995026
24.803949	138.160000	1288.200153
24.803047	138.182000	1288.405280
24.802145	138.204000	1288.610408
24.801243	138.226000	1288.815535
24.800341	138.248000	1289.020663
24.799438	138.270000	1289.225790
24.798536	138.292000	1289.430917
24.797634	138.314000	1289.636045
24.796732	138.336000	1289.841172
24.795829	138.358000	1290.046300
24.794927	138.380000	1290.251427
24.794025	138.402000	1290.456554
24.793122	138.424000	1290.661682
24.792220	138.446000	1290.866809
24.791317	138.468000	1291.071937
24.790415	138.490000	1291.277064
24.789512	138.512000	1291.482192
24.788610	138.534000	1291.687319
24.787707	138.556000	1291.892446
24.786805	138.578000	1292.097574
24.785902	138.600000	1292.302701
24.785000	138.622000	1292.507829
24.784097	138.644000	1292.712956
24.783194	138.666000	1292.918083
24.782291	138.688000	1293.123211
24.781389	138.710000	1293.328338
24.780486	138.732000	1293.533466
24.779583	138.754000	1293.738593
24.778680	138.776000	1293.943720
24.777777	138.798000	1294.148848
24.776875	138.820000	1294.353975
24.775972	138.842000	1294.559103
24.775069	138.864000	1294.764230
24.774166	138.886000	1294.969358
24.773263	138.908000	1295.174485
24.772360	138.930000	1295.379612
24.771457	138.952000	1295.584740
24.770553	138.974000	1295.789867
24.769650	138.996000	1295.994995
24.768747	139.018000	1296.200122
24.767844	139.040000	1296.405249
24.766941	139.062000	1296.610377
24.766038	139.084000	1296.815504
24.765134	139.106000	1297.020632
24.764231	139.128000	1297.225759
24.763328	139.150000	1297.430887
24.762424	139.172000	1297.636014
24.761521	139.194000	1297.841141
24.760617	139.216000	1298.046269
24.759714	139.238000	1298.251396
24.758811	139.260000	1298.456524
24.757907	139.282000	1298.661651
24.757004	139.304000	1298.866778
24.756100	139.326000	1299.071906
24.755196	139.348000	1299.277033
24.754293	139.370000	1299.482161
24.753389	139.392000	1299.687288
24.752485	139.414000	1299.892415
24.751582	139.436000	1300.097543
24.750678	139.458000	1300.302670
24.749774	139.480000	1300.507798
24.748871	139.502000	1300.712925
24.747967	139.524000	1300.918053
24.747063	139.546000	1301.123180
24.746159	139.568000	1301.328307
24.745255	139.590000	1301.533435
24.744351	139.612000	1301.738562
24.743447	139.634000	1301.943690
24.742543	139.656000	1302.148817
24.741639	139.678000	1302.353944
24.740735	139.700000	1302.559072
24.739831	139.722000	1302.764199
24.738927	139.744000	1302.969327
24.738023	139.766000	1303.174454
24.737119	139.788000	1303.379581
24.736214	139.810000	1303.584709
24.735310	139.832000	1303.789836
24.734406	139.854000	1303.994964
24.733502	139.876000	1304.200091
24.732597	139.898000	1304.405219
24.731693	139.920000	1304.610346
24.730789	139.942000	1304.815473
24.729884	139.964000	1305.020601
24.728980	139.986000	1305.225728
24.728075	140.008000	1305.430856
24.727171	140.030000	1305.635983
24.726267	140.052000	1305.841110
24.725362	140.074000	1306.046238
24.724457	140.096000	1306.251365
24.723553	140.118000	1306.456493
24.722648	140.140000	1306.661620
24.721744	140.162000	1306.866747
24.720839	140.184000	1307.071875
24.719934	140.206000	1307.277002
24.719029	140.228000	1307.482130
24.718125	140.250000	1307.687257
24.717220	140.272000	1307.892385
24.716315	140.294000	1308.097512
24.715410	140.316000	1308.302639
24.714505	140.338000	1308.507767
24.713600	140.360000	1308.712894
24.712695	140.382000	1308.918022
24.711791	140.404000	1309.123149
24.710886	140.426000	1309.328276
24.709980	140.448000	1309.533404
24.709075	140.470000	1309.738531
24.708170	140.492000	1309.943659
24.707265	140.514000	1310.148786
24.706360	140.536000	1310.353914
24.705455	140.558000	1310.559041
24.704550	140.580000	1310.764168
24.703645	140.602000	1310.969296
24.702739	140.624000	1311.174423
24.701834	140.646000	1311.379551
24.700929	140.668000	1311.584678
24.700023	140.690000	1311.789805
24.699118	140.712000	1311.994933
24.698213	140.734000	1312.200060
24.697307	140.756000	1312.405188
24.696402	140.778000	1312.610315
24.695496	140.800000	1312.815442
24.694591	140.822000	1313.020570
24.693685	140.844000	1313.225697
24.692780	140.866000	1313.430825
24.691874	140.888000	1313.635952
24.690968	140.910000	1313.841080
24.690063	140.932000	1314.046207
24.689157	140.954000	1314.251334
24.688251	140.976000	1314.456462
24.687346	140.998000	1314.661589
24.686440	141.020000	1314.866717
24.685534	141.042000	1315.071844
24.684628	141.064000	1315.276971
24.683722	141.086000	1315.482099
24.682816	141.108000	1315.687226
24.681910	141.130000	1315.892354
24.681004	141.152000	1316.097481
24.680099	141.174000	1316.302608
24.679192	141.196000	1316.507736
24.678286	141.218000	1316.712863
24.677380	141.240000	1316.917991
24.676474	141.262000	1317.123118
24.675568	141.284000	1317.328246
24.674662	141.306000	1317.533373
24.673756	141.328000	1317.738500
24.672850	141.350000	1317.943628
24.671943	141.372000	1318.148755
24.671037	141.394000	1318.353883
24.670131	141.416000	1318.559010
24.669225	141.438000	1318.764137
24.668318	141.460000	1318.969265
24.667412	141.482000	1319.174392
24.666505	141.504000	1319.379520
24.665599	141.526000	1319.584647
24.664692	141.548000	1319.789775
24.663786	141.570000	1319.994902
24.662879	141.592000	1320.200029
24.661973	141.614000	1320.405157
24.661066	141.636000	1320.610284
24.660160	141.658000	1320.815412
24.659253	141.680000	1321.020539
24.658346	141.702000	1321.225666
24.657440	141.724000	1321.430794
24.656533	141.746000	1321.635921
24.655626	141.768000	1321.841049
24.654719	141.790000	1322.046176
24.653813	141.812000	1322.251303
24.652906	141.834000	1322.456431
24.651999	141.856000	1322.661558
24.651092	141.878000	1322.866686
24.650185	141.900000	1323.071813
24.649278	141.922000	1323.276941
24.648371	141.944000	1323.482068
24.647464	141.966000	1323.687195
24.646557	141.988000	1323.892323
24.645650	142.010000	1324.097450
24.644743	142.032000	1324.302578
24.643836	142.054000	1324.507705
24.642928	142.076000	1324.712832
24.642021	142.098000	1324.917960
24.641114	142.120000	1325.123087
24.640207	142.142000	1325.328215
24.639300	142.164000	1325.533342
24.638392	142.186000	1325.738469
24.637485	142.208000	1325.943597
24.636577	142.230000	1326.148724
24.635670	142.252000	1326.353852
24.634763	142.274000	1326.558979
24.633855	142.296000	1326.764107
24.632948	142.318000	1326.969234
24.632040	142.340000	1327.174361
24.631133	142.362000	1327.379489
24.630225	142.384000	1327.584616
24.629317	142.406000	1327.789744
24.628410	142.428000	1327.994871
24.627502	142.450000	1328.199998
24.626595	142.472000	1328.405126
24.625687	142.494000	1328.610253
24.624779	142.516000	1328.815381
24.623871	142.538000	1329.020508
24.622963	142.560000	1329.225635
24.622056	142.582000	1329.430763
24.621148	142.604000	1329.635890
24.620240	142.626000	1329.841018
24.619332	142.648000	1330.046145
24.618424	142.670000	1330.251273
24.617516	142.692000	1330.456400
24.616608	142.714000	1330.661527
24.615700	142.736000	1330.866655
24.614792	142.758000	1331.071782
24.613884	142.780000	1331.276910
24.612976	142.802000	1331.482037
24.612068	142.824000	1331.687164
24.611159	142.846000	1331.892292
24.610251	142.868000	1332.097419
24.609343	142.890000	1332.302547
24.608435	142.912000	1332.507674
24.607526	142.934000	1332.712802
24.606618	142.956000	1332.917929
24.605710	142.978000	1333.123056
24.604801	143.000000	1333.328184
24.603893	143.022000	1333.533311
24.602984	143.044000	1333.738439
24.602076	143.066000	1333.943566
24.601167	143.088000	1334.148693
24.600259	143.110000	1334.353821
24.599350	143.132000	1334.558948
24.598442	143.154000	1334.764076
24.597533	143.176000	1334.969203
24.596624	143.198000	1335.174330
24.595716	143.220000	1335.379458
24.594807	143.242000	1335.584585
24.593898	143.264000	1335.789713
24.592989	143.286000	1335.994840
24.592081	143.308000	1336.199968
24.591172	143.330000	1336.405095
24.590263	143.352000	1336.610222
24.589354	143.374000	1336.815350
24.588445	143.396000	1337.020477
24.587536	143.418000	1337.225605
24.586627	143.440000	1337.430732
24.585718	143.462000	1337.635859
24.584809	143.484000	1337.840987
24.583900	143.506000	1338.046114
24.582991	143.528000	1338.251242
24.582082	143.550000	1338.456369
24.581173	143.572000	1338.661496
24.580264	143.594000	1338.866624
24.579354	143.616000	1339.071751
24.578445	143.638000	1339.276879
24.577536	143.660000	1339.482006
24.576627	143.682000	1339.687134
24.575717	143.704000	1339.892261
24.574808	143.726000	1340.097388
24.573899	143.748000	1340.302516
24.572989	143.770000	1340.507643
24.572080	143.792000	1340.712771
24.571170	143.814000	1340.917898
24.570261	143.836000	1341.123025
24.569351	143.858000	1341.328153
24.568442	143.880000	1341.533280
24.567532	143.902000	1341.738408
24.566622	143.924000	1341.943535
24.565713	143.946000	1342.148663
24.564803	143.968000	1342.353790
24.563893	143.990000	1342.558917
24.562984	144.012000	1342.764045
24.562074	144.034000	1342.969172
24.561164	144.056000	1343.174300
24.560254	144.078000	1343.379427
24.559344	144.100000	1343.584554
24.558435	144.122000	1343.789682
24.557525	144.144000	1343.994809
24.556615	144.166000	1344.199937
24.555705	144.188000	1344.405064
24.554795	144.210000	1344.610191
24.553885	144.232000	1344.815319
24.552975	144.254000	1345.020446
24.552065	144.276000	1345.225574
24.551154	144.298000	1345.430701
24.550244	144.320000	1345.635829
24.549334	144.342000	1345.840956
24.548424	144.364000	1346.046083
24.547514	144.386000	1346.251211
24.546603	144.408000	1346.456338
24.545693	144.430000	1346.661466
24.544783	144.452000	1346.866593
24.543872	144.474000	1347.071720
24.542962	144.496000	1347.276848
24.542052	144.518000	1347.481975
24.541141	144.540000	1347.687103
24.540231	144.562000	1347.892230
24.539320	144.584000	1348.097357
24.538410	144.606000	1348.302485
24.537499	144.628000	1348.507612
24.536589	144.650000	1348.712740
24.535678	144.672000	1348.917867
24.534767	144.694000	1349.122995
24.533857	144.716000	1349.328122
24.532946	144.738000	1349.533249
24.532035	144.760000	1349.738377
24.531124	144.782000	1349.943504
24.530214	144.804000	1350.148632
24.529303	144.826000	1350.353759
24.528392	144.848000	1350.558886
24.527481	144.870000	1350.764014
24.526570	144.892000	1350.969141
24.525659	144.914000	1351.174269
24.524748	144.936000	1351.379396
24.523837	144.958000	1351.584524
24.522926	144.980000	1351.789651
24.522015	145.002000	1351.994778
24.521104	145.024000	1352.199906
24.520193	145.046000	1352.405033
24.519282	145.068000	1352.610161
24.518371	145.090000	1352.815288
24.517459	145.112000	1353.020415
24.516548	145.134000	1353.225543
24.515637	145.156000	1353.430670
24.514726	145.178000	1353.635798
24.513814	145.200000	1353.840925
24.512903	145.222000	1354.046052
24.511992	145.244000	1354.251180
24.511080	145.266000	1354.456307
24.510169	145.288000	1354.661435
24.509257	145.310000	1354.866562
24.508346	145.332000	1355.071690
24.507434	145.354000	1355.276817
24.506523	145.376000	1355.481944
24.505611	145.398000	1355.687072
24.504700	145.420000	1355.892199
24.503788	145.442000	1356.097327
24.502876	145.464000	1356.302454
24.501964	145.486000	1356.507581
24.501053	145.508000	1356.712709
24.500141	145.530000	1356.917836
24.499229	145.552000	1357.122964
24.498317	145.574000	1357.328091
24.497406	145.596000	1357.533218
24.496494	145.618000	1357.738346
24.495582	145.640000	1357.943473
24.494670	145.662000	1358.148601
24.493758	145.684000	1358.353728
24.492846	145.706000	1358.558856
24.491934	145.728000	1358.763983
24.491022	145.750000	1358.969110
24.490110	145.772000	1359.174238
24.489198	145.794000	1359.379365
24.488285	145.816000	1359.584493
24.487373	145.838000	1359.789620
24.486461	145.860000	1359.994747
24.485549	145.882000	1360.199875
24.484636	145.904000	1360.405002
24.483724	145.926000	1360.610130
24.482812	145.948000	1360.815257
24.481899	145.970000	1361.020384
24.480987	145.992000	1361.225512
24.480075	146.014000	1361.430639
24.479162	146.036000	1361.635767
24.478250	146.058000	1361.840894
24.477337	146.080000	1362.046022
24.476425	146.102000	1362.251149
24.475512	146.124000	1362.456276
24.474600	146.146000	1362.661404
24.473687	146.168000	1362.866531
24.472774	146.190000	1363.071659
24.471862	146.212000	1363.276786
24.470949	146.234000	1363.481913
24.470036	146.256000	1363.687041
24.469123	146.278000	1363.892168
24.468211	146.300000	1364.097296
24.467298	146.322000	1364.302423
24.466385	146.344000	1364.507551
24.465472	146.366000	1364.712678
24.464559	146.388000	1364.917805
24.463646	146.410000	1365.122933
24.462733	146.432000	1365.328060
24.461820	146.454000	1365.533188
24.460907	146.476000	1365.738315
24.459994	146.498000	1365.943442
24.459081	146.520000	1366.148570
24.458168	146.542000	1366.353697
24.457255	146.564000	1366.558825
24.456341	146.586000	1366.763952
24.455428	146.608000	1366.969079
24.454515	146.630000	1367.174207
24.453602	146.652000	1367.379334
24.452688	146.674000	1367.584462
24.451775	146.696000	1367.789589
24.450862	146.718000	1367.994717
24.449948	146.740000	1368.199844
24.449035	146.762000	1368.404971
24.448121	146.784000	1368.610099
24.447208	146.806000	1368.815226
24.446294	146.828000	1369.020354
24.445381	146.850000	1369.225481
24.444467	146.872000	1369.430608
24.443554	146.894000	1369.635736
24.442640	146.916000	1369.840863
24.441726	146.938000	1370.045991
24.440813	146.960000	1370.251118
24.439899	146.982000	1370.456245
24.438985	147.004000	1370.661373
24.438072	147.026000	1370.866500
24.437158	147.048000	1371.071628
24.436244	147.070000	1371.276755
24.435330	147.092000	1371.481883
24.434416	147.114000	1371.687010
24.433502	147.136000	1371.892137
24.432588	147.158000	1372.097265
24.431674	147.180000	1372.302392
24.430760	147.202000	1372.507520
24.429846	147.224000	1372.712647
24.428932	147.246000	1372.917774
24.428018	147.268000	1373.122902
24.427104	147.290000	1373.328029
24.426190	147.312000	1373.533157
24.425275	147.334000	1373.738284
24.424361	147.356000	1373.943412
24.423447	147.378000	1374.148539
24.422533	147.400000	1374.353666
24.421618	147.422000	1374.558794
24.420704	147.444000	1374.763921
24.419790	147.466000	1374.969049
24.418875	147.488000	1375.174176
24.417961	147.510000	1375.379303
24.417046	147.532000	1375.584431
24.416132	147.554000	1375.789558
24.415217	147.576000	1375.994686
24.414303	147.598000	1376.199813
24.413388	147.620000	1376.404940
24.412474	147.642000	1376.610068
24.411559	147.664000	1376.815195
24.410644	147.686000	1377.020323
24.409730	147.708000	1377.225450
24.408815	147.730000	1377.430578
24.407900	147.752000	1377.635705
24.406985	147.774000	1377.840832
24.406070	147.796000	1378.045960
24.405156	147.818000	1378.251087
24.404241	147.840000	1378.456215
24.403326	147.862000	1378.661342
24.402411	147.884000	1378.866469
24.401496	147.906000	1379.071597
24.400581	147.928000	1379.276724
24.399666	147.950000	1379.481852
24.398751	147.972000	1379.686979
24.397836	147.994000	1379.892106
24.396921	148.016000	1380.097234
24.396005	148.038000	1380.302361
24.395090	148.060000	1380.507489
24.394175	148.082000	1380.712616
24.393260	148.104000	1380.917744
24.392345	148.126000	1381.122871
24.391429	148.148000	1381.327998
24.390514	148.170000	1381.533126
24.389599	148.192000	1381.738253
24.388683	148.214000	1381.943381
24.387768	148.236000	1382.148508
24.386852	148.258000	1382.353635
24.385937	148.280000	1382.558763
24.385021	148.302000	1382.763890
24.384106	148.324000	1382.969018
24.383190	148.346000	1383.174145
24.382275	148.368000	1383.379273
24.381359	148.390000	1383.584400
24.380443	148.412000	1383.789527
24.379528	148.434000	1383.994655
24.378612	148.456000	1384.199782
24.377696	148.478000	1384.404910
24.376780	148.500000	1384.610037
24.375865	148.522000	1384.815164
24.374949	148.544000	1385.020292
24.374033	148.566000	1385.225419
24.373117	148.588000	1385.430547
24.372201	148.610000	1385.635674
24.371285	148.632000	1385.840801
24.370369	148.654000	1386.045929
24.369453	148.676000	1386.251056
24.368537	148.698000	1386.456184
24.367621	148.720000	1386.661311
24.366705	148.742000	1386.866439
24.365789	148.764000	1387.071566
24.364872	148.786000	1387.276693
24.363956	148.808000	1387.481821
24.363040	148.830000	1387.686948
24.362124	148.852000	1387.892076
24.361207	148.874000	1388.097203
24.360291	148.896000	1388.302330
24.359375	148.918000	1388.507458
24.358458	148.940000	1388.712585
24.357542	148.962000	1388.917713
24.356626	148.984000	1389.122840
24.355709	149.006000	1389.327967
24.354793	149.028000	1389.533095
24.353876	149.050000	1389.738222
24.352960	149.072000	1389.943350
24.352043	149.094000	1390.148477
24.351126	149.116000	1390.353605
24.350210	149.138000	1390.558732
24.349293	149.160000	1390.763859
24.348376	149.182000	1390.968987
24.347460	149.204000	1391.174114
24.346543	149.226000	1391.379242
24.345626	149.248000	1391.584369
24.344709	149.270000	1391.789496
24.343792	149.292000	1391.994624
24.342875	149.314000	1392.199751
24.341958	149.336000	1392.404879
24.341042	149.358000	1392.610006
24.340125	149.380000	1392.815133
24.339208	149.402000	1393.020261
24.338291	149.424000	1393.225388
24.337373	149.446000	1393.430516
24.336456	149.468000	1393.635643
24.335539	149.490000	1393.840771
24.334622	149.512000	1394.045898
24.333705	149.534000	1394.251025
24.332788	149.556000	1394.456153
24.331870	149.578000	1394.661280
24.330953	149.600000	1394.866408
24.330036	149.622000	1395.071535
24.329118	149.644000	1395.276662
24.328201	149.666000	1395.481790
24.327284	149.688000	1395.686917
24.326366	149.710000	1395.892045
24.325449	149.732000	1396.097172
24.324531	149.754000	1396.302300
24.323614	149.776000	1396.507427
24.322696	149.798000	1396.712554
24.321779	149.820000	1396.917682
24.320861	149.842000	1397.122809
24.319943	149.864000	1397.327937
24.319026	149.886000	1397.533064
24.318108	149.908000	1397.738191
24.317190	149.930000	1397.943319
24.316273	149.952000	1398.148446
24.315355	149.974000	1398.353574
24.314437	149.996000	1398.558701
24.313519	150.018000	1398.763828
24.312601	150.040000	1398.968956
24.311683	150.062000	1399.174083
24.310765	150.084000	1399.379211
24.309847	150.106000	1399.584338
24.308929	150.128000	1399.789466
24.308011	150.150000	1399.994593
24.307093	150.172000	1400.199720
24.306175	150.194000	1400.404848
24.305257	150.216000	1400.609975
24.304339	150.238000	1400.815103
24.303421	150.260000	1401.020230
24.302502	150.282000	1401.225357
24.301584	150.304000	1401.430485
24.300666	150.326000	1401.635612
24.299748	150.348000	1401.840740
24.298829	150.370000	1402.045867
24.297911	150.392000	1402.250994
24.296993	150.414000	1402.456122
24.296074	150.436000	1402.661249
24.295156	150.458000	1402.866377
24.294237	150.480000	1403.071504
24.293319	150.502000	1403.276632
24.292400	150.524000	1403.481759
24.291482	150.546000	1403.686886
24.290563	150.568000	1403.892014
24.289644	150.590000	1404.097141
24.288726	150.612000	1404.302269
24.287807	150.634000	1404.507396
24.286888	150.656000	1404.712523
24.285969	150.678000	1404.917651
24.285051	150.700000	1405.122778
24.284132	150.722000	1405.327906
24.283213	150.744000	1405.533033
24.282294	150.766000	1405.738161
24.281375	150.788000	1405.943288
24.280456	150.810000	1406.148415
24.279537	150.832000	1406.353543
24.278618	150.854000	1406.558670
24.277699	150.876000	1406.763798
24.276780	150.898000	1406.968925
24.275861	150.920000	1407.174052
24.274942	150.942000	1407.379180
24.274023	150.964000	1407.584307
24.273104	150.986000	1407.789435
24.272184	151.008000	1407.994562
24.271265	151.030000	1408.199689
24.270346	151.052000	1408.404817
24.269427	151.074000	1408.609944
24.268507	151.096000	1408.815072
24.267588	151.118000	1409.020199
24.266668	151.140000	1409.225327
24.265749	151.162000	1409.430454
24.264830	151.184000	1409.635581
24.263910	151.206000	1409.840709
24.262991	151.228000	1410.045836
24.262071	151.250000	1410.250964
24.261151	151.272000	1410.456091
24.260232	151.294000	1410.661218
24.259312	151.316000	1410.866346
24.258393	151.338000	1411.071473
24.257473	151.360000	1411.276601
24.256553	151.382000	1411.481728
24.255633	151.404000	1411.686855
24.254714	151.426000	1411.891983
24.253794	151.448000	1412.097110
24.252874	151.470000	1412.302238
24.251954	151.492000	1412.507365
24.251034	151.514000	1412.712493
24.250114	151.536000	1412.917620
24.249194	151.558000	1413.122747
24.248274	151.580000	1413.327875
24.247354	151.602000	1413.533002
24.246434	151.624000	1413.738130
24.245514	151.646000	1413.943257
24.244594	151.668000	1414.148384
24.243674	151.690000	1414.353512
24.242754	151.712000	1414.558639
24.241833	151.734000	1414.763767
24.240913	151.756000	1414.968894
24.239993	151.778000	1415.174021
24.239073	151.800000	1415.379149
24.238152	151.822000	1415.584276
24.237232	151.844000	1415.789404
24.236311	151.866000	1415.994531
24.235391	151.888000	1416.199659
24.234471	151.910000	1416.404786
24.233550	151.932000	1416.609913
24.232630	151.954000	1416.815041
24.231709	151.976000	1417.020168
24.230788	151.998000	1417.225296
24.229868	152.020000	1417.430423
24.228947	152.042000	1417.635550
24.228026	152.064000	1417.840678
24.227106	152.086000	1418.045805
24.226185	152.108000	1418.250933
24.225264	152.130000	1418.456060
24.224343	152.152000	1418.661188
24.223423	152.174000	1418.866315
24.222502	152.196000	1419.071442
24.221581	152.218000	1419.276570
24.220660	152.240000	1419.481697
24.219739	152.262000	1419.686825
24.218818	152.284000	1419.891952
24.217897	152.306000	1420.097079
24.216976	152.328000	1420.302207
24.216055	152.350000	1420.507334
24.215134	152.372000	1420.712462
24.214213	152.394000	1420.917589
24.213292	152.416000	1421.122716
24.212370	152.438000	1421.327844
24.211449	152.460000	1421.532971
24.210528	152.482000	1421.738099
24.209607	152.504000	1421.943226
24.208685	152.526000	1422.148354
24.207764	152.548000	1422.353481
24.206843	152.570000	1422.558608
24.205921	152.592000	1422.763736
24.205000	152.614000	1422.968863
24.204078	152.636000	1423.173991
24.203157	152.658000	1423.379118
24.202235	152.680000	1423.584245
24.201314	152.702000	1423.789373
24.200392	152.724000	1423.994500
24.199471	152.746000	1424.199628
24.198549	152.768000	1424.404755
24.197627	152.790000	1424.609882
24.196706	152.812000	1424.815010
24.195784	152.834000	1425.020137
24.194862	152.856000	1425.225265
24.193940	152.878000	1425.430392
24.193018	152.900000	1425.635520
24.192097	152.922000	1425.840647
24.191175	152.944000	1426.045774
24.190253	152.966000	1426.250902
24.189331	152.988000	1426.456029
24.188409	153.010000	1426.661157
24.187487	153.032000	1426.866284
24.186565	153.054000	1427.071411
24.185643	153.076000	1427.276539
24.184721	153.098000	1427.481666
24.183798	153.120000	1427.686794
24.182876	153.142000	1427.891921
24.181954	153.164000	1428.097049
24.181032	153.186000	1428.302176
24.180110	153.208000	1428.507303
24.179187	153.230000	1428.712431
24.178265	153.252000	1428.917558
24.177343	153.274000	1429.122686
24.176420	153.296000	1429.327813
24.175498	153.318000	1429.532940
24.174575	153.340000	1429.738068
24.173653	153.362000	1429.943195
24.172730	153.384000	1430.148323
24.171808	153.406000	1430.353450
24.170885	153.428000	1430.558577
24.169963	153.450000	1430.763705
24.169040	153.472000	1430.968832
24.168117	153.494000	1431.173960
24.167195	153.516000	1431.379087
24.166272	153.538000	1431.584215
24.165349	153.560000	1431.789342
24.164426	153.582000	1431.994469
24.163504	153.604000	1432.199597
24.162581	153.626000	1432.404724
24.161658	153.648000	1432.609852
24.160735	153.670000	1432.814979
24.159812	153.692000	1433.020106
24.158889	153.714000	1433.225234
24.157966	153.736000	1433.430361
24.157043	153.758000	1433.635489
24.156120	153.780000	1433.840616
24.155197	153.802000	1434.045743
24.154274	153.824000	1434.250871
24.153351	153.846000	1434.455998
24.152428	153.868000	1434.661126
24.151504	153.890000	1434.866253
24.150581	153.912000	1435.071381
24.149658	153.934000	1435.276508
24.148735	153.956000	1435.481635
24.147811	153.978000	1435.686763
24.146888	154.000000	1435.891890
24.145964	154.022000	1436.097018
24.145041	154.044000	1436.302145
24.144118	154.066000	1436.507272
24.143194	154.088000	1436.712400
24.142271	154.110000	1436.917527
24.141347	154.132000	1437.122655
24.140423	154.154000	1437.327782
24.139500	154.176000	1437.532910
24.138576	154.198000	1437.738037
24.137653	154.220000	1437.943164
24.136729	154.242000	1438.148292
24.135805	154.264000	1438.353419
24.134881	154.286000	1438.558547
24.133958	154.308000	1438.763674
24.133034	154.330000	1438.968801
24.132110	154.352000	1439.173929
24.131186	154.374000	1439.379056
24.130262	154.396000	1439.584184
24.129338	154.418000	1439.789311
24.128414	154.440000	1439.994438
24.127490	154.462000	1440.199566
24.126566	154.484000	1440.404693
24.125642	154.506000	1440.609821
24.124718	154.528000	1440.814948
24.123794	154.550000	1441.020076
24.122870	154.572000	1441.225203
24.121945	154.594000	1441.430330
24.121021	154.616000	1441.635458
24.120097	154.638000	1441.840585
24.119173	154.660000	1442.045713
24.118248	154.682000	1442.250840
24.117324	154.704000	1442.455967
24.116400	154.726000	1442.661095
24.115475	154.748000	1442.866222
24.114551	154.770000	1443.071350
24.113626	154.792000	1443.276477
24.112702	154.814000	1443.481604
24.111777	154.836000	1443.686732
24.110853	154.858000	1443.891859
24.109928	154.880000	1444.096987
24.109003	154.902000	1444.302114
24.108079	154.924000	1444.507242
24.107154	154.946000	1444.712369
24.106229	154.968000	1444.917496
24.105305	154.990000	1445.122624
24.104380	155.012000	1445.327751
24.103455	155.034000	1445.532879
24.102530	155.056000	1445.738006
24.101605	155.078000	1445.943133
24.100680	155.100000	1446.148261
24.099755	155.122000	1446.353388
24.098831	155.144000	1446.558516
24.097906	155.166000	1446.763643
24.096980	155.188000	1446.968770
24.096055	155.210000	1447.173898
24.095130	155.232000	1447.379025
24.094205	155.254000	1447.584153
24.093280	155.276000	1447.789280
24.092355	155.298000	1447.994408
24.091430	155.320000	1448.199535
24.090504	155.342000	1448.404662
24.089579	155.364000	1448.609790
24.088654	155.386000	1448.814917
24.087729	155.408000	1449.020045
24.086803	155.430000	1449.225172
24.085878	155.452000	1449.430299
24.084952	155.474000	1449.635427
24.084027	155.496000	1449.840554
24.083101	155.518000	1450.045682
24.082176	155.540000	1450.250809
24.081250	155.562000	1450.455937
24.080325	155.584000	1450.661064
24.079399	155.606000	1450.866191
24.078473	155.628000	1451.071319
24.077548	155.650000	1451.276446
24.076622	155.672000	1451.481574
24.075696	155.694000	1451.686701
24.074771	155.716000	1451.891828
24.073845	155.738000	1452.096956
24.072919	155.760000	1452.302083
24.071993	155.782000	1452.507211
24.071067	155.804000	1452.712338
24.070141	155.826000	1452.917465
24.069215	155.848000	1453.122593
24.068289	155.870000	1453.327720
24.067363	155.892000	1453.532848
24.066437	155.914000	1453.737975
24.065511	155.936000	1453.943103
24.064585	155.958000	1454.148230
24.063659	155.980000	1454.353357
24.062733	156.002000	1454.558485
24.061807	156.024000	1454.763612
24.060880	156.046000	1454.968740
24.059954	156.068000	1455.173867
24.059028	156.090000	1455.378994
24.058101	156.112000	1455.584122
24.057175	156.134000	1455.789249
24.056249	156.156000	1455.994377
24.055322	156.178000	1456.199504
24.054396	156.200000	1456.404631
24.053469	156.222000	1456.609759
24.052543	156.244000	1456.814886
24.051616	156.266000	1457.020014
24.050690	156.288000	1457.225141
24.049763	156.310000	1457.430269
24.048836	156.332000	1457.635396
24.047910	156.354000	1457.840523
24.046983	156.376000	1458.045651
24.046056	156.398000	1458.250778
24.045130	156.420000	1458.455906
24.044203	156.442000	1458.661033
24.043276	156.464000	1458.866160
24.042349	156.486000	1459.071288
24.041422	156.508000	1459.276415
24.040495	156.530000	1459.481543
24.039568	156.552000	1459.686670
24.038641	156.574000	1459.891798
24.037714	156.596000	1460.096925
24.036787	156.618000	1460.302052
24.035860	156.640000	1460.507180
24.034933	156.662000	1460.712307
24.034006	156.684000	1460.917435
24.033079	156.706000	1461.122562
24.032152	156.728000	1461.327689
24.031224	156.750000	1461.532817
24.030297	156.772000	1461.737944
24.029370	156.794000	1461.943072
24.028442	156.816000	1462.148199
24.027515	156.838000	1462.353326
24.026588	156.860000	1462.558454
24.025660	156.882000	1462.763581
24.024733	156.904000	1462.968709
24.023805	156.926000	1463.173836
24.022878	156.948000	1463.378964
24.021950	156.970000	1463.584091
24.021023	156.992000	1463.789218
24.020095	157.014000	1463.994346
24.019168	157.036000	1464.199473
24.018240	157.058000	1464.404601
24.017312	157.080000	1464.609728
24.016384	157.102000	1464.814855
24.015457	157.124000	1465.019983
24.014529	157.146000	1465.225110
24.013601	157.168000	1465.430238
24.012673	157.190000	1465.635365
24.011745	157.212000	1465.840492
24.010817	157.234000	1466.045620
24.009889	157.256000	1466.250747
24.008962	157.278000	1466.455875
24.008033	157.300000	1466.661002
24.007105	157.322000	1466.866130
24.006177	157.344000	1467.071257
24.005249	157.366000	1467.276384
24.004321	157.388000	1467.481512
24.003393	157.410000	1467.686639
24.002465	157.432000	1467.891767
24.001537	157.454000	1468.096894
24.000608	157.476000	1468.302021
23.999680	157.498000	1468.507149
23.998752	157.520000	1468.712276
23.997823	157.542000	1468.917404
23.996895	157.564000	1469.122531
23.995967	157.586000	1469.327659
23.995038	157.608000	1469.532786
23.994110	157.630000	1469.737913
23.993181	157.652000	1469.943041
23.992253	157.674000	1470.148168
23.991324	157.696000	1470.353296
23.990395	157.718000	1470.558423
23.989467	157.740000	1470.763550
23.988538	157.762000	1470.968678
23.987609	157.784000	1471.173805
23.986681	157.806000	1471.378933
23.985752	157.828000	1471.584060
23.984823	157.850000	1471.789187
23.983894	157.872000	1471.994315
23.982965	157.894000	1472.199442
23.982037	157.916000	1472.404570
23.981108	157.938000	1472.609697
23.980179	157.960000	1472.814825
23.979250	157.982000	1473.019952
23.978321	158.004000	1473.225079
23.977392	158.026000	1473.430207
23.976463	158.048000	1473.635334
23.975533	158.070000	1473.840462
23.974604	158.092000	1474.045589
23.973675	158.114000	1474.250716
23.972746	158.136000	1474.455844
23.971817	158.158000	1474.660971
23.970887	158.180000	1474.866099
23.969958	158.202000	1475.071226
23.969029	158.224000	1475.276353
23.968100	158.246000	1475.481481
23.967170	158.268000	1475.686608
23.966241	158.290000	1475.891736
23.965311	158.312000	1476.096863
23.964382	158.334000	1476.301991
23.963452	158.356000	1476.507118
23.962523	158.378000	1476.712245
23.961593	158.400000	1476.917373
23.960664	158.422000	1477.122500
23.959734	158.444000	1477.327628
23.958804	158.466000	1477.532755
23.957875	158.488000	1477.737882
23.956945	158.510000	1477.943010
23.956015	158.532000	1478.148137
23.955085	158.554000	1478.353265
23.954155	158.576000	1478.558392
23.953226	158.598000	1478.763519
23.952296	158.620000	1478.968647
23.951366	158.642000	1479.173774
23.950436	158.664000	1479.378902
23.949506	158.686000	1479.584029
23.948576	158.708000	1479.789157
23.947646	158.730000	1479.994284
23.946716	158.752000	1480.199411
23.945786	158.774000	1480.404539
23.944855	158.796000	1480.609666
23.943925	158.818000	1480.814794
23.942995	158.840000	1481.019921
23.942065	158.862000	1481.225048
23.941135	158.884000	1481.430176
23.940204	158.906000	1481.635303
23.939274	158.928000	1481.840431
23.938344	158.950000	1482.045558
23.937413	158.972000	1482.250686
23.936483	158.994000	1482.455813
23.935552	159.016000	1482.660940
23.934622	159.038000	1482.866068
23.933691	159.060000	1483.071195
23.932761	159.082000	1483.276323
23.931830	159.104000	1483.481450
23.930900	159.126000	1483.686577
23.929969	159.148000	1483.891705
23.929038	159.170000	1484.096832
23.928108	159.192000	1484.301960
23.927177	159.214000	1484.507087
23.926246	159.236000	1484.712214
23.925315	159.258000	1484.917342
23.924384	159.280000	1485.122469
23.923454	159.302000	1485.327597
23.922523	159.324000	1485.532724
23.921592	159.346000	1485.737852
23.920661	159.368000	1485.942979
23.919730	159.390000	1486.148106
23.918799	159.412000	1486.353234
23.917868	159.434000	1486.558361
23.916937	159.456000	1486.763489
23.916005	159.478000	1486.968616
23.915074	159.500000	1487.173743
23.914143	159.522000	1487.378871
23.913212	159.544000	1487.583998
23.912281	159.566000	1487.789126
23.911349	159.588000	1487.994253
23.910418	159.610000	1488.199380
23.909487	159.632000	1488.404508
23.908555	159.654000	1488.609635
23.907624	159.676000	1488.814763
23.906693	159.698000	1489.019890
23.905761	159.720000	1489.225018
23.904830	159.742000	1489.430145
23.903898	159.764000	1489.635272
23.902967	159.786000	1489.840400
23.902035	159.808000	1490.045527
23.901103	159.830000	1490.250655
23.900172	159.852000	1490.455782
23.899240	159.874000	1490.660909
23.898308	159.896000	1490.866037
23.897377	159.918000	1491.071164
23.896445	159.940000	1491.276292
23.895513	159.962000	1491.481419
23.894581	159.984000	1491.686547
23.893649	160.006000	1491.891674
23.892717	160.028000	1492.096801
23.891785	160.050000	1492.301929
23.890853	160.072000	1492.507056
23.889921	160.094000	1492.712184
23.888989	160.116000	1492.917311
23.888057	160.138000	1493.122438
23.887125	160.160000	1493.327566
23.886193	160.182000	1493.532693
23.885261	160.204000	1493.737821
23.884329	160.226000	1493.942948
23.883396	160.248000	1494.148075
23.882464	160.270000	1494.353203
23.881532	160.292000	1494.558330
23.880600	160.314000	1494.763458
23.879667	160.336000	1494.968585
23.878735	160.358000	1495.173713
23.877802	160.380000	1495.378840
23.876870	160.402000	1495.583967
23.875938	160.424000	1495.789095
23.875005	160.446000	1495.994222
23.874073	160.468000	1496.199350
23.873140	160.490000	1496.404477
23.872207	160.512000	1496.609604
23.871275	160.534000	1496.814732
23.870342	160.556000	1497.019859
23.869409	160.578000	1497.224987
23.868477	160.600000	1497.430114
23.867544	160.622000	1497.635241
23.866611	160.644000	1497.840369
23.865678	160.666000	1498.045496
23.864745	160.688000	1498.250624
23.863812	160.710000	1498.455751
23.862880	160.732000	1498.660879
23.861947	160.754000	1498.866006
23.861014	160.776000	1499.071133
23.860081	160.798000	1499.276261
23.859148	160.820000	1499.481388
23.858214	160.842000	1499.686516
23.857281	160.864000	1499.891643
23.856348	160.886000	1500.096770
23.855415	160.908000	1500.301898
23.854482	160.930000	1500.507025
23.853549	160.952000	1500.712153
23.852615	160.974000	1500.917280
23.851682	160.996000	1501.122407
23.850749	161.018000	1501.327535
23.849815	161.040000	1501.532662
23.848882	161.062000	1501.737790
23.847949	161.084000	1501.942917
23.847015	161.106000	1502.148045
23.846082	161.128000	1502.353172
23.845148	161.150000	1502.558299
23.844214	161.172000	1502.763427
23.843281	161.194000	1502.968554
23.842347	161.216000	1503.173682
23.841414	161.238000	1503.378809
23.840480	161.260000	1503.583936
23.839546	161.282000	1503.789064
23.838612	161.304000	1503.994191
23.837679	161.326000	1504.199319
23.836745	161.348000	1504.404446
23.835811	161.370000	1504.609574
23.834877	161.392000	1504.814701
23.833943	161.414000	1505.019828
23.833009	161.436000	1505.224956
23.832075	161.458000	1505.430083
23.831141	161.480000	1505.635211
23.830207	161.502000	1505.840338
23.829273	161.524000	1506.045465
23.828339	161.546000	1506.250593
23.827405	161.568000	1506.455720
23.826471	161.590000	1506.660848
23.825537	161.612000	1506.865975
23.824602	161.634000	1507.071102
23.823668	161.656000	1507.276230
23.822734	161.678000	1507.481357
23.821800	161.700000	1507.686485
23.820865	161.722000	1507.891612
23.819931	161.744000	1508.096740
23.818996	161.766000	1508.301867
23.818062	161.788000	1508.506994
23.817127	161.810000	1508.712122
23.816193	161.832000	1508.917249
23.815258	161.854000	1509.122377
23.814324	161.876000	1509.327504
23.813389	161.898000	1509.532631
23.812455	161.920000	1509.737759
23.811520	161.942000	1509.942886
23.810585	161.964000	1510.148014
23.809651	161.986000	1510.353141
23.808716	162.008000	1510.558268
23.807781	162.030000	1510.763396
23.806846	162.052000	1510.968523
23.805911	162.074000	1511.173651
23.804976	162.096000	1511.378778
23.804041	162.118000	1511.583906
23.803106	162.140000	1511.789033
23.802171	162.162000	1511.994160
23.801236	162.184000	1512.199288
23.800301	162.206000	1512.404415
23.799366	162.228000	1512.609543
23.798431	162.250000	1512.814670
23.797496	162.272000	1513.019797
23.796561	162.294000	1513.224925
23.795626	162.316000	1513.430052
23.794690	162.338000	1513.635180
23.793755	162.360000	1513.840307
23.792820	162.382000	1514.045435
23.791884	162.404000	1514.250562
23.790949	162.426000	1514.455689
23.790014	162.448000	1514.660817
23.789078	162.470000	1514.865944
23.788143	162.492000	1515.071072
23.787207	162.514000	1515.276199
23.786272	162.536000	1515.481326
23.785336	162.558000	1515.686454
23.784401	162.580000	1515.891581
23.783465	162.602000	1516.096709
23.782529	162.624000	1516.301836
23.781594	162.646000	1516.506963
23.780658	162.668000	1516.712091
23.779722	162.690000	1516.917218
23.778786	162.712000	1517.122346
23.777850	162.734000	1517.327473
23.776915	162.756000	1517.532601
23.775979	162.778000	1517.737728
23.775043	162.800000	1517.942855
23.774107	162.822000	1518.147983
23.773171	162.844000	1518.353110
23.772235	162.866000	1518.558238
23.771299	162.888000	1518.763365
23.770363	162.910000	1518.968492
23.769427	162.932000	1519.173620
23.768490	162.954000	1519.378747
23.767554	162.976000	1519.583875
23.766618	162.998000	1519.789002
23.765682	163.020000	1519.994129
23.764746	163.042000	1520.199257
23.763809	163.064000	1520.404384
23.762873	163.086000	1520.609512
23.761937	163.108000	1520.814639
23.761000	163.130000	1521.019767
23.760064	163.152000	1521.224894
23.759127	163.174000	1521.430021
23.758191	163.196000	1521.635149
23.757254	163.218000	1521.840276
23.756318	163.240000	1522.045404
23.755381	163.262000	1522.250531
23.754444	163.284000	1522.455658
23.753508	163.306000	1522.660786
23.752571	163.328000	1522.865913
23.751634	163.350000	1523.071041
23.750698	163.372000	1523.276168
23.749761	163.394000	1523.481296
23.748824	163.416000	1523.686423
23.747887	163.438000	1523.891550
23.746950	163.460000	1524.096678
23.746013	163.482000	1524.301805
23.745076	163.504000	1524.506933
23.744139	163.526000	1524.712060
23.743202	163.548000	1524.917187
23.742265	163.570000	1525.122315
23.741328	163.592000	1525.327442
23.740391	163.614000	1525.532570
23.739454	163.636000	1525.737697
23.738517	163.658000	1525.942824
23.737580	163.680000	1526.147952
23.736642	163.702000	1526.353079
23.735705	163.724000	1526.558207
23.734768	163.746000	1526.763334
23.733831	163.768000	1526.968462
23.732893	163.790000	1527.173589
23.731956	163.812000	1527.378716
23.731018	163.834000	1527.583844
23.730081	163.856000	1527.788971
23.729143	163.878000	1527.994099
23.728206	163.900000	1528.199226
23.727268	163.922000	1528.404353
23.726331	163.944000	1528.609481
23.725393	163.966000	1528.814608
23.724455	163.988000	1529.019736
23.723518	164.010000	1529.224863
23.722580	164.032000	1529.429990
23.721642	164.054000	1529.635118
23.720704	164.076000	1529.840245
23.719767	164.098000	1530.045373
23.718829	164.120000	1530.250500
23.717891	164.142000	1530.455628
23.716953	164.164000	1530.660755
23.716015	164.186000	1530.865882
23.715077	164.208000	1531.071010
23.714139	164.230000	1531.276137
23.713201	164.252000	1531.481265
23.712263	164.274000	1531.686392
23.711325	164.296000	1531.891519
23.710387	164.318000	1532.096647
23.709449	164.340000	1532.301774
23.708510	164.362000	1532.506902
23.707572	164.384000	1532.712029
23.706634	164.406000	1532.917156
23.705695	164.428000	1533.122284
23.704757	164.450000	1533.327411
23.703819	164.472000	1533.532539
23.702880	164.494000	1533.737666
23.701942	164.516000	1533.942794
23.701003	164.538000	1534.147921
23.700065	164.560000	1534.353048
23.699126	164.582000	1534.558176
23.698188	164.604000	1534.763303
23.697249	164.626000	1534.968431
23.696311	164.648000	1535.173558
23.695372	164.670000	1535.378685
23.694433	164.692000	1535.583813
23.693495	164.714000	1535.788940
23.692556	164.736000	1535.994068
23.691617	164.758000	1536.199195
23.690678	164.780000	1536.404323
23.689739	164.802000	1536.609450
23.688801	164.824000	1536.814577
23.687862	164.846000	1537.019705
23.686923	164.868000	1537.224832
23.685984	164.890000	1537.429960
23.685045	164.912000	1537.635087
23.684106	164.934000	1537.840214
23.683167	164.956000	1538.045342
23.682227	164.978000	1538.250469
23.681288	165.000000	1538.455597
23.680349	165.022000	1538.660724
23.679410	165.044000	1538.865851
23.678471	165.066000	1539.070979
23.677531	165.088000	1539.276106
23.676592	165.110000	1539.481234
23.675653	165.132000	1539.686361
23.674713	165.154000	1539.891489
23.673774	165.176000	1540.096616
23.672835	165.198000	1540.301743
23.671895	165.220000	1540.506871
23.670956	165.242000	1540.711998
23.670016	165.264000	1540.917126
23.669076	165.286000	1541.122253
23.668137	165.308000	1541.327380
23.667197	165.330000	1541.532508
23.666258	165.352000	1541.737635
23.665318	165.374000	1541.942763
23.664378	165.396000	1542.147890
23.663438	165.418000	1542.353017
23.662499	165.440000	1542.558145
23.661559	165.462000	1542.763272
23.660619	165.484000	1542.968400
23.659679	165.506000	1543.173527
23.658739	165.528000	1543.378655
23.657799	165.550000	1543.583782
23.656859	165.572000	1543.788909
23.655919	165.594000	1543.994037
23.654979	165.616000	1544.199164
23.654039	165.638000	1544.404292
23.653099	165.660000	1544.609419
23.652159	165.682000	1544.814546
23.651219	165.704000	1545.019674
23.650278	165.726000	1545.224801
23.649338	165.748000	1545.429929
23.648398	165.770000	1545.635056
23.647457	165.792000	1545.840184
23.646517	165.814000	1546.045311
23.645577	165.836000	1546.250438
23.644636	165.858000	1546.455566
23.643696	165.880000	1546.660693
23.642755	165.902000	1546.865821
23.641815	165.924000	1547.070948
23.640874	165.946000	1547.276075
23.639934	165.968000	1547.481203
23.638993	165.990000	1547.686330
23.638053	166.012000	1547.891458
23.637112	166.034000	1548.096585
23.636171	166.056000	1548.301712
23.635230	166.078000	1548.506840
23.634290	166.100000	1548.711967
23.633349	166.122000	1548.917095
23.632408	166.144000	1549.122222
23.631467	166.166000	1549.327350
23.630526	166.188000	1549.532477
23.629585	166.210000	1549.737604
23.628644	166.232000	1549.942732
23.627703	166.254000	1550.147859
23.626762	166.276000	1550.352987
23.625821	166.298000	1550.558114
23.624880	166.320000	1550.763241
23.623939	166.342000	1550.968369
23.622998	166.364000	1551.173496
23.622057	166.386000	1551.378624
23.621115	166.408000	1551.583751
23.620174	166.430000	1551.788878
23.619233	166.452000	1551.994006
23.618292	166.474000	1552.199133
23.617350	166.496000	1552.404261
23.616409	166.518000	1552.609388
23.615467	166.540000	1552.814516
23.614526	166.562000	1553.019643
23.613584	166.584000	1553.224770
23.612643	166.606000	1553.429898
23.611701	166.628000	1553.635025
23.610760	166.650000	1553.840153
23.609818	166.672000	1554.045280
23.608877	166.694000	1554.250407
23.607935	166.716000	1554.455535
23.606993	166.738000	1554.660662
23.606051	166.760000	1554.865790
23.605110	166.782000	1555.070917
23.604168	166.804000	1555.276044
23.603226	166.826000	1555.481172
23.602284	166.848000	1555.686299
23.601342	166.870000	1555.891427
23.600400	166.892000	1556.096554
23.599458	166.914000	1556.301682
23.598516	166.936000	1556.506809
23.597574	166.958000	1556.711936
23.596632	166.980000	1556.917064
23.595690	167.002000	1557.122191
23.594748	167.024000	1557.327319
23.593806	167.046000	1557.532446
23.592863	167.068000	1557.737573
23.591921	167.090000	1557.942701
23.590979	167.112000	1558.147828
23.590037	167.134000	1558.352956
23.589094	167.156000	1558.558083
23.588152	167.178000	1558.763211
23.587210	167.200000	1558.968338
23.586267	167.222000	1559.173465
23.585325	167.244000	1559.378593
23.584382	167.266000	1559.583720
23.583440	167.288000	1559.788848
23.582497	167.310000	1559.993975
23.581554	167.332000	1560.199102
23.580612	167.354000	1560.404230
23.579669	167.376000	1560.609357
23.578726	167.398000	1560.814485
23.577784	167.420000	1561.019612
23.576841	167.442000	1561.224739
23.575898	167.464000	1561.429867
23.574955	167.486000	1561.634994
23.574012	167.508000	1561.840122
23.573070	167.530000	1562.045249
23.572127	167.552000	1562.250377
23.571184	167.574000	1562.455504
23.570241	167.596000	1562.660631
23.569298	167.618000	1562.865759
23.568355	167.640000	1563.070886
23.567411	167.662000	1563.276014
23.566468	167.684000	1563.481141
23.565525	167.706000	1563.686268
23.564582	167.728000	1563.891396
23.563639	167.750000	1564.096523
23.562695	167.772000	1564.301651
23.561752	167.794000	1564.506778
23.560809	167.816000	1564.711905
23.559866	167.838000	1564.917033
23.558922	167.860000	1565.122160
23.557979	167.882000	1565.327288
23.557035	167.904000	1565.532415
23.556092	167.926000	1565.737543
23.555148	167.948000	1565.942670
23.554205	167.970000	1566.147797
23.553261	167.992000	1566.352925
23.552317	168.014000	1566.558052
23.551374	168.036000	1566.763180
23.550430	168.058000	1566.968307
23.549486	168.080000	1567.173434
23.548543	168.102000	1567.378562
23.547599	168.124000	1567.583689
23.546655	168.146000	1567.788817
23.545711	168.168000	1567.993944
23.544767	168.190000	1568.199072
23.543823	168.212000	1568.404199
23.542879	168.234000	1568.609326
23.541936	168.256000	1568.814454
23.540992	168.278000	1569.019581
23.540047	168.300000	1569.224709
23.539103	168.322000	1569.429836
23.538159	168.344000	1569.634963
23.537215	168.366000	1569.840091
23.536271	168.388000	1570.045218
23.535327	168.410000	1570.250346
23.534382	168.432000	1570.455473
23.533438	168.454000	1570.660600
23.532494	168.476000	1570.865728
23.531550	168.498000	1571.070855
23.530605	168.520000	1571.275983
23.529661	168.542000	1571.481110
23.528716	168.564000	1571.686238
23.527772	168.586000	1571.891365
23.526827	168.608000	1572.096492
23.525883	168.630000	1572.301620
23.524938	168.652000	1572.506747
23.523994	168.674000	1572.711875
23.523049	168.696000	1572.917002
23.522104	168.718000	1573.122129
23.521160	168.740000	1573.327257
23.520215	168.762000	1573.532384
23.519270	168.784000	1573.737512
23.518325	168.806000	1573.942639
23.517380	168.828000	1574.147766
23.516436	168.850000	1574.352894
23.515491	168.872000	1574.558021
23.514546	168.894000	1574.763149
23.513601	168.916000	1574.968276
23.512656	168.938000	1575.173404
23.511711	168.960000	1575.378531
23.510766	168.982000	1575.583658
23.509821	169.004000	1575.788786
23.508875	169.026000	1575.993913
23.507930	169.048000	1576.199041
23.506985	169.070000	1576.404168
23.506040	169.092000	1576.609295
23.505095	169.114000	1576.814423
23.504149	169.136000	1577.019550
23.503204	169.158000	1577.224678
23.502259	169.180000	1577.429805
23.501313	169.202000	1577.634933
23.500368	169.224000	1577.840060
23.499422	169.246000	1578.045187
23.498477	169.268000	1578.250315
23.497531	169.290000	1578.455442
23.496586	169.312000	1578.660570
23.495640	169.334000	1578.865697
23.494694	169.356000	1579.070824
23.493749	169.378000	1579.275952
23.492803	169.400000	1579.481079
23.491857	169.422000	1579.686207
23.490912	169.444000	1579.891334
23.489966	169.466000	1580.096461
23.489020	169.488000	1580.301589
23.488074	169.510000	1580.506716
23.487128	169.532000	1580.711844
23.486182	169.554000	1580.916971
23.485236	169.576000	1581.122099
23.484290	169.598000	1581.327226
23.483344	169.620000	1581.532353
23.482398	169.642000	1581.737481
23.481452	169.664000	1581.942608
23.480506	169.686000	1582.147736
23.479560	169.708000	1582.352863
23.478614	169.730000	1582.557990
23.477667	169.752000	1582.763118
23.476721	169.774000	1582.968245
23.475775	169.796000	1583.173373
23.474828	169.818000	1583.378500
23.473882	169.840000	1583.583627
23.472936	169.862000	1583.788755
23.471989	169.884000	1583.993882
23.471043	169.906000	1584.199010
23.470096	169.928000	1584.404137
23.469150	169.950000	1584.609265
23.468203	169.972000	1584.814392
23.467257	169.994000	1585.019519
23.466310	170.016000	1585.224647
23.465363	170.038000	1585.429774
23.464417	170.060000	1585.634902
23.463470	170.082000	1585.840029
23.462523	170.104000	1586.045156
23.461576	170.126000	1586.250284
23.460629	170.148000	1586.455411
23.459683	170.170000	1586.660539
23.458736	170.192000	1586.865666
23.457789	170.214000	1587.070793
23.456842	170.236000	1587.275921
23.455895	170.258000	1587.481048
23.454948	170.280000	1587.686176
23.454001	170.302000	1587.891303
23.453054	170.324000	1588.096431
23.452107	170.346000	1588.301558
23.451159	170.368000	1588.506685
23.450212	170.390000	1588.711813
23.449265	170.412000	1588.916940
23.448318	170.434000	1589.122068
23.447370	170.456000	1589.327195
23.446423	170.478000	1589.532322
23.445476	170.500000	1589.737450
23.444528	170.522000	1589.942577
23.443581	170.544000	1590.147705
23.442633	170.566000	1590.352832
23.441686	170.588000	1590.557960
23.440738	170.610000	1590.763087
23.439791	170.632000	1590.968214
23.438843	170.654000	1591.173342
23.437896	170.676000	1591.378469
23.436948	170.698000	1591.583597
23.436000	170.720000	1591.788724
23.435053	170.742000	1591.993851
23.434105	170.764000	1592.198979
23.433157	170.786000	1592.404106
23.432209	170.808000	1592.609234
23.431261	170.830000	1592.814361
23.430313	170.852000	1593.019488
23.429365	170.874000	1593.224616
23.428417	170.896000	1593.429743
23.427470	170.918000	1593.634871
23.426521	170.940000	1593.839998
23.425573	170.962000	1594.045126
23.424625	170.984000	1594.250253
23.423677	171.006000	1594.455380
23.422729	171.028000	1594.660508
23.421781	171.050000	1594.865635
23.420833	171.072000	1595.070763
23.419884	171.094000	1595.275890
23.418936	171.116000	1595.481017
23.417988	171.138000	1595.686145
23.417039	171.160000	1595.891272
23.416091	171.182000	1596.096400
23.415143	171.204000	1596.301527
23.414194	171.226000	1596.506654
23.413246	171.248000	1596.711782
23.412297	171.270000	1596.916909
23.411348	171.292000	1597.122037
23.410400	171.314000	1597.327164
23.409451	171.336000	1597.532292
23.408503	171.358000	1597.737419
23.407554	171.380000	1597.942546
23.406605	171.402000	1598.147674
23.405656	171.424000	1598.352801
23.404708	171.446000	1598.557929
23.403759	171.468000	1598.763056
23.402810	171.490000	1598.968183
23.401861	171.512000	1599.173311
23.400912	171.534000	1599.378438
23.399963	171.556000	1599.583566
23.399014	171.578000	1599.788693
23.398065	171.600000	1599.993821
23.397116	171.622000	1600.198948
23.396167	171.644000	1600.404075
23.395218	171.666000	1600.609203
23.394269	171.688000	1600.814330
23.393319	171.710000	1601.019458
23.392370	171.732000	1601.224585
23.391421	171.754000	1601.429712
23.390472	171.776000	1601.634840
23.389522	171.798000	1601.839967
23.388573	171.820000	1602.045095
23.387624	171.842000	1602.250222
23.386674	171.864000	1602.455349
23.385725	171.886000	1602.660477
23.384775	171.908000	1602.865604
23.383826	171.930000	1603.070732
23.382876	171.952000	1603.275859
23.381926	171.974000	1603.480987
23.380977	171.996000	1603.686114
23.380027	172.018000	1603.891241
23.379077	172.040000	1604.096369
23.378128	172.062000	1604.301496
23.377178	172.084000	1604.506624
23.376228	172.106000	1604.711751
23.375278	172.128000	1604.916878
23.374328	172.150000	1605.122006
23.373378	172.172000	1605.327133
23.372429	172.194000	1605.532261
23.371479	172.216000	1605.737388
23.370529	172.238000	1605.942515
23.369579	172.260000	1606.147643
23.368628	172.282000	1606.352770
23.367678	172.304000	1606.557898
23.366728	172.326000	1606.763025
23.365778	172.348000	1606.968153
23.364828	172.370000	1607.173280
23.363878	172.392000	1607.378407
23.362927	172.414000	1607.583535
23.361977	172.436000	1607.788662
23.361027	172.458000	1607.993790
23.360076	172.480000	1608.198917
23.359126	172.502000	1608.404044
23.358175	172.524000	1608.609172
23.357225	172.546000	1608.814299
23.356274	172.568000	1609.019427
23.355324	172.590000	1609.224554
23.354373	172.612000	1609.429682
23.353423	172.634000	1609.634809
23.352472	172.656000	1609.839936
23.351521	172.678000	1610.045064
23.350571	172.700000	1610.250191
23.349620	172.722000	1610.455319
23.348669	172.744000	1610.660446
23.347718	172.766000	1610.865573
23.346768	172.788000	1611.070701
23.345817	172.810000	1611.275828
23.344866	172.832000	1611.480956
23.343915	172.854000	1611.686083
23.342964	172.876000	1611.891210
23.342013	172.898000	1612.096338
23.341062	172.920000	1612.301465
23.340111	172.942000	1612.506593
23.339160	172.964000	1612.711720
23.338208	172.986000	1612.916848
23.337257	173.008000	1613.121975
23.336306	173.030000	1613.327102
23.335355	173.052000	1613.532230
23.334403	173.074000	1613.737357
23.333452	173.096000	1613.942485
23.332501	173.118000	1614.147612
23.331549	173.140000	1614.352739
23.330598	173.162000	1614.557867
23.329647	173.184000	1614.762994
23.328695	173.206000	1614.968122
23.327744	173.228000	1615.173249
23.326792	173.250000	1615.378376
23.325840	173.272000	1615.583504
23.324889	173.294000	1615.788631
23.323937	173.316000	1615.993759
23.322985	173.338000	1616.198886
23.322034	173.360000	1616.404014
23.321082	173.382000	1616.609141
23.320130	173.404000	1616.814268
23.319178	173.426000	1617.019396
23.318226	173.448000	1617.224523
23.317275	173.470000	1617.429651
23.316323	173.492000	1617.634778
23.315371	173.514000	1617.839905
23.314419	173.536000	1618.045033
23.313467	173.558000	1618.250160
23.312515	173.580000	1618.455288
23.311562	173.602000	1618.660415
23.310610	173.624000	1618.865542
23.309658	173.646000	1619.070670
23.308706	173.668000	1619.275797
23.307754	173.690000	1619.480925
23.306801	173.712000	1619.686052
23.305849	173.734000	1619.891180
23.304897	173.756000	1620.096307
23.303944	173.778000	1620.301434
23.302992	173.800000	1620.506562
23.302040	173.822000	1620.711689
23.301087	173.844000	1620.916817
23.300135	173.866000	1621.121944
23.299182	173.888000	1621.327071
23.298230	173.910000	1621.532199
23.297277	173.932000	1621.737326
23.296324	173.954000	1621.942454
23.295372	173.976000	1622.147581
23.294419	173.998000	1622.352709
23.293466	174.020000	1622.557836
23.292513	174.042000	1622.762963
23.291561	174.064000	1622.968091
23.290608	174.086000	1623.173218
23.289655	174.108000	1623.378346
23.288702	174.130000	1623.583473
23.287749	174.152000	1623.788600
23.286796	174.174000	1623.993728
23.285843	174.196000	1624.198855
23.284890	174.218000	1624.403983
23.283937	174.240000	1624.609110
23.282984	174.262000	1624.814237
23.282031	174.284000	1625.019365
23.281077	174.306000	1625.224492
23.280124	174.328000	1625.429620
23.279171	174.350000	1625.634747
23.278218	174.372000	1625.839875
23.277264	174.394000	1626.045002
23.276311	174.416000	1626.250129
23.275358	174.438000	1626.455257
23.274404	174.460000	1626.660384
23.273451	174.482000	1626.865512
23.272497	174.504000	1627.070639
23.271544	174.526000	1627.275766
23.270590	174.548000	1627.480894
23.269637	174.570000	1627.686021
23.268683	174.592000	1627.891149
23.267729	174.614000	1628.096276
23.266776	174.636000	1628.301403
23.265822	174.658000	1628.506531
23.264868	174.680000	1628.711658
23.263914	174.702000	1628.916786
23.262961	174.724000	1629.121913
23.262007	174.746000	1629.327041
23.261053	174.768000	1629.532168
23.260099	174.790000	1629.737295
23.259145	174.812000	1629.942423
23.258191	174.834000	1630.147550
23.257237	174.856000	1630.352678
23.256283	174.878000	1630.557805
23.255329	174.900000	1630.762932
23.254375	174.922000	1630.968060
23.253420	174.944000	1631.173187
23.252466	174.966000	1631.378315
23.251512	174.988000	1631.583442
23.250558	175.010000	1631.788570
23.249603	175.032000	1631.993697
23.248649	175.054000	1632.198824
23.247695	175.076000	1632.403952
23.246740	175.098000	1632.609079
23.245786	175.120000	1632.814207
23.244831	175.142000	1633.019334
23.243877	175.164000	1633.224461
23.242922	175.186000	1633.429589
23.241968	175.208000	1633.634716
23.241013	175.230000	1633.839844
23.240059	175.252000	1634.044971
23.239104	175.274000	1634.250098
23.238149	175.296000	1634.455226
23.237194	175.318000	1634.660353
23.236240	175.340000	1634.865481
23.235285	175.362000	1635.070608
23.234330	175.384000	1635.275736
23.233375	175.406000	1635.480863
23.232420	175.428000	1635.685990
23.231465	175.450000	1635.891118
23.230510	175.472000	1636.096245
23.229555	175.494000	1636.301373
23.228600	175.516000	1636.506500
23.227645	175.538000	1636.711627
23.226690	175.560000	1636.916755
23.225735	175.582000	1637.121882
23.224780	175.604000	1637.327010
23.223824	175.626000	1637.532137
23.222869	175.648000	1637.737264
23.221914	175.670000	1637.942392
23.220958	175.692000	1638.147519
23.220003	175.714000	1638.352647
23.219048	175.736000	1638.557774
23.218092	175.758000	1638.762902
23.217137	175.780000	1638.968029
23.216181	175.802000	1639.173156
23.215226	175.824000	1639.378284
23.214270	175.846000	1639.583411
23.213315	175.868000	1639.788539
23.212359	175.890000	1639.993666
23.211403	175.912000	1640.198793
23.210448	175.934000	1640.403921
23.209492	175.956000	1640.609048
23.208536	175.978000	1640.814176
23.207580	176.000000	1641.019303
23.206624	176.022000	1641.224430
23.205668	176.044000	1641.429558
23.204713	176.066000	1641.634685
23.203757	176.088000	1641.839813
23.202801	176.110000	1642.044940
23.201845	176.132000	1642.250068
23.200889	176.154000	1642.455195
23.199933	176.176000	1642.660322
23.198976	176.198000	1642.865450
23.198020	176.220000	1643.070577
23.197064	176.242000	1643.275705
23.196108	176.264000	1643.480832
23.195152	176.286000	1643.685959
23.194195	176.308000	1643.891087
23.193239	176.330000	1644.096214
23.192283	176.352000	1644.301342
23.191326	176.374000	1644.506469
23.190370	176.396000	1644.711597
23.189413	176.418000	1644.916724
23.188457	176.440000	1645.121851
23.187500	176.462000	1645.326979
23.186544	176.484000	1645.532106
23.185587	176.506000	1645.737234
23.184631	176.528000	1645.942361
23.183674	176.550000	1646.147488
23.182717	176.572000	1646.352616
23.181760	176.594000	1646.557743
23.180804	176.616000	1646.762871
23.179847	176.638000	1646.967998
23.178890	176.660000	1647.173125
23.177933	176.682000	1647.378253
23.176976	176.704000	1647.583380
23.176019	176.726000	1647.788508
23.175062	176.748000	1647.993635
23.174105	176.770000	1648.198763
23.173148	176.792000	1648.403890
23.172191	176.814000	1648.609017
23.171234	176.836000	1648.814145
23.170277	176.858000	1649.019272
23.169320	176.880000	1649.224400
23.168363	176.902000	1649.429527
23.167405	176.924000	1649.634654
23.166448	176.946000	1649.839782
23.165491	176.968000	1650.044909
23.164533	176.990000	1650.250037
23.163576	177.012000	1650.455164
23.162619	177.034000	1650.660291
23.161661	177.056000	1650.865419
23.160704	177.078000	1651.070546
23.159746	177.100000	1651.275674
23.158788	177.122000	1651.480801
23.157831	177.144000	1651.685929
23.156873	177.166000	1651.891056
23.155916	177.188000	1652.096183
23.154958	177.210000	1652.301311
23.154000	177.232000	1652.506438
23.153042	177.254000	1652.711566
23.152085	177.276000	1652.916693
23.151127	177.298000	1653.121820
23.150169	177.320000	1653.326948
23.149211	177.342000	1653.532075
23.148253	177.364000	1653.737203
23.147295	177.386000	1653.942330
23.146337	177.408000	1654.147458
23.145379	177.430000	1654.352585
23.144421	177.452000	1654.557712
23.143463	177.474000	1654.762840
23.142505	177.496000	1654.967967
23.141546	177.518000	1655.173095
23.140588	177.540000	1655.378222
23.139630	177.562000	1655.583349
23.138672	177.584000	1655.788477
23.137713	177.606000	1655.993604
23.136755	177.628000	1656.198732
23.135797	177.650000	1656.403859
23.134838	177.672000	1656.608986
23.133880	177.694000	1656.814114
23.132921	177.716000	1657.019241
23.131963	177.738000	1657.224369
23.131004	177.760000	1657.429496
23.130046	177.782000	1657.634624
23.129087	177.804000	1657.839751
23.128128	177.826000	1658.044878
23.127170	177.848000	1658.250006
23.126211	177.870000	1658.455133
23.125252	177.892000	1658.660261
23.124293	177.914000	1658.865388
23.123334	177.936000	1659.070515
23.122376	177.958000	1659.275643
23.121417	177.980000	1659.480770
23.120458	178.002000	1659.685898
23.119499	178.024000	1659.891025
23.118540	178.046000	1660.096152
23.117581	178.068000	1660.301280
23.116622	178.090000	1660.506407
23.115662	178.112000	1660.711535
23.114703	178.134000	1660.916662
23.113744	178.156000	1661.121790
23.112785	178.178000	1661.326917
23.111826	178.200000	1661.532044
23.110866	178.222000	1661.737172
23.109907	178.244000	1661.942299
23.108948	178.266000	1662.147427
23.107988	178.288000	1662.352554
23.107029	178.310000	1662.557681
23.106069	178.332000	1662.762809
23.105110	178.354000	1662.967936
23.104150	178.376000	1663.173064
23.103191	178.398000	1663.378191
23.102231	178.420000	1663.583319
23.101272	178.442000	1663.788446
23.100312	178.464000	1663.993573
23.099352	178.486000	1664.198701
23.098392	178.508000	1664.403828
23.097433	178.530000	1664.608956
23.096473	178.552000	1664.814083
23.095513	178.574000	1665.019210
23.094553	178.596000	1665.224338
23.093593	178.618000	1665.429465
23.092633	178.640000	1665.634593
23.091673	178.662000	1665.839720
23.090713	178.684000	1666.044847
23.089753	178.706000	1666.249975
23.088793	178.728000	1666.455102
23.087833	178.750000	1666.660230
23.086873	178.772000	1666.865357
23.085913	178.794000	1667.070485
23.084952	178.816000	1667.275612
23.083992	178.838000	1667.480739
23.083032	178.860000	1667.685867
23.082072	178.882000	1667.890994
23.081111	178.904000	1668.096122
23.080151	178.926000	1668.301249
23.079190	178.948000	1668.506376
23.078230	178.970000	1668.711504
23.077269	178.992000	1668.916631
23.076309	179.014000	1669.121759
23.075348	179.036000	1669.326886
23.074388	179.058000	1669.532013
23.073427	179.080000	1669.737141
23.072466	179.102000	1669.942268
23.071506	179.124000	1670.147396
23.070545	179.146000	1670.352523
23.069584	179.168000	1670.557651
23.068623	179.190000	1670.762778
23.067662	179.212000	1670.967905
23.066702	179.234000	1671.173033
23.065741	179.256000	1671.378160
23.064780	179.278000	1671.583288
23.063819	179.300000	1671.788415
23.062858	179.322000	1671.993542
23.061897	179.344000	1672.198670
23.060935	179.366000	1672.403797
23.059974	179.388000	1672.608925
23.059013	179.410000	1672.814052
23.058052	179.432000	1673.019179
23.057091	179.454000	1673.224307
23.056129	179.476000	1673.429434
23.055168	179.498000	1673.634562
23.054207	179.520000	1673.839689
23.053245	179.542000	1674.044817
23.052284	179.564000	1674.249944
23.051323	179.586000	1674.455071
23.050361	179.608000	1674.660199
23.049400	179.630000	1674.865326
23.048438	179.652000	1675.070454
23.047476	179.674000	1675.275581
23.046515	179.696000	1675.480708
23.045553	179.718000	1675.685836
23.044592	179.740000	1675.890963
23.043630	179.762000	1676.096091
23.042668	179.784000	1676.301218
23.041706	179.806000	1676.506346
23.040744	179.828000	1676.711473
23.039783	179.850000	1676.916600
23.038821	179.872000	1677.121728
23.037859	179.894000	1677.326855
23.036897	179.916000	1677.531983
23.035935	179.938000	1677.737110
23.034973	179.960000	1677.942237
23.034011	179.982000	1678.147365
23.033049	180.004000	1678.352492
23.032086	180.026000	1678.557620
23.031124	180.048000	1678.762747
23.030162	180.070000	1678.967874
23.029200	180.092000	1679.173002
23.028237	180.114000	1679.378129
23.027275	180.136000	1679.583257
23.026313	180.158000	1679.788384
23.025350	180.180000	1679.993512
23.024388	180.202000	1680.198639
23.023425	180.224000	1680.403766
23.022463	180.246000	1680.608894
23.021500	180.268000	1680.814021
23.020538	180.290000	1681.019149
23.019575	180.312000	1681.224276
23.018613	180.334000	1681.429403
23.017650	180.356000	1681.634531
23.016687	180.378000	1681.839658
23.015725	180.400000	1682.044786
23.014762	180.422000	1682.249913
23.013799	180.444000	1682.455040
23.012836	180.466000	1682.660168
23.011873	180.488000	1682.865295
23.010910	180.510000	1683.070423
23.009947	180.532000	1683.275550
23.008984	180.554000	1683.480678
23.008021	180.576000	1683.685805
23.007058	180.598000	1683.890932
23.006095	180.620000	1684.096060
23.005132	180.642000	1684.301187
23.004169	180.664000	1684.506315
23.003206	180.686000	1684.711442
23.002242	180.708000	1684.916569
23.001279	180.730000	1685.121697
23.000316	180.752000	1685.326824
22.999353	180.774000	1685.531952
22.998389	180.796000	1685.737079
22.997426	180.818000	1685.942207
22.996462	180.840000	1686.147334
22.995499	180.862000	1686.352461
22.994535	180.884000	1686.557589
22.993572	180.906000	1686.762716
22.992608	180.928000	1686.967844
22.991645	180.950000	1687.172971
22.990681	180.972000	1687.378098
22.989717	180.994000	1687.583226
22.988754	181.016000	1687.788353
22.987790	181.038000	1687.993481
22.986826	181.060000	1688.198608
22.985862	181.082000	1688.403735
22.984898	181.104000	1688.608863
22.983934	181.126000	1688.813990
22.982970	181.148000	1689.019118
22.982007	181.170000	1689.224245
22.981043	181.192000	1689.429373
22.980078	181.214000	1689.634500
22.979114	181.236000	1689.839627
22.978150	181.258000	1690.044755
22.977186	181.280000	1690.249882
22.976222	181.302000	1690.455010
22.975258	181.324000	1690.660137
22.974294	181.346000	1690.865264
22.973329	181.368000	1691.070392
22.972365	181.390000	1691.275519
22.971401	181.412000	1691.480647
22.970436	181.434000	1691.685774
22.969472	181.456000	1691.890901
22.968507	181.478000	1692.096029
22.967543	181.500000	1692.301156
22.966578	181.522000	1692.506284
22.965614	181.544000	1692.711411
22.964649	181.566000	1692.916539
22.963684	181.588000	1693.121666
22.962720	181.610000	1693.326793
22.961755	181.632000	1693.531921
22.960790	181.654000	1693.737048
22.959826	181.676000	1693.942176
22.958861	181.698000	1694.147303
22.957896	181.720000	1694.352430
22.956931	181.742000	1694.557558
22.955966	181.764000	1694.762685
22.955001	181.786000	1694.967813
22.954036	181.808000	1695.172940
22.953071	181.830000	1695.378068
22.952106	181.852000	1695.583195
22.951141	181.874000	1695.788322
22.950176	181.896000	1695.993450
22.949211	181.918000	1696.198577
22.948245	181.940000	1696.403705
22.947280	181.962000	1696.608832
22.946315	181.984000	1696.813959
22.945350	182.006000	1697.019087
22.944384	182.028000	1697.224214
22.943419	182.050000	1697.429342
22.942453	182.072000	1697.634469
22.941488	182.094000	1697.839596
22.940522	182.116000	1698.044724
22.939557	182.138000	1698.249851
22.938591	182.160000	1698.454979
22.937626	182.182000	1698.660106
22.936660	182.204000	1698.865234
22.935695	182.226000	1699.070361
22.934729	182.248000	1699.275488
22.933763	182.270000	1699.480616
22.932797	182.292000	1699.685743
22.931832	182.314000	1699.890871
22.930866	182.336000	1700.095998
22.929900	182.358000	1700.301125
22.928934	182.380000	1700.506253
22.927968	182.402000	1700.711380
22.927002	182.424000	1700.916508
22.926036	182.446000	1701.121635
22.925070	182.468000	1701.326762
22.924104	182.490000	1701.531890
22.923138	182.512000	1701.737017
22.922172	182.534000	1701.942145
22.921205	182.556000	1702.147272
22.920239	182.578000	1702.352400
22.919273	182.600000	1702.557527
22.918307	182.622000	1702.762654
22.917340	182.644000	1702.967782
22.916374	182.666000	1703.172909
22.915407	182.688000	1703.378037
22.914441	182.710000	1703.583164
22.913475	182.732000	1703.788291
22.912508	182.754000	1703.993419
22.911541	182.776000	1704.198546
22.910575	182.798000	1704.403674
22.909608	182.820000	1704.608801
22.908642	182.842000	1704.813928
22.907675	182.864000	1705.019056
22.906708	182.886000	1705.224183
22.905741	182.908000	1705.429311
22.904775	182.930000	1705.634438
22.903808	182.952000	1705.839566
22.902841	182.974000	1706.044693
22.901874	182.996000	1706.249820
22.900907	183.018000	1706.454948
22.899940	183.040000	1706.660075
22.898973	183.062000	1706.865203
22.898006	183.084000	1707.070330
22.897039	183.106000	1707.275457
22.896072	183.128000	1707.480585
22.895105	183.150000	1707.685712
22.894137	183.172000	1707.890840
22.893170	183.194000	1708.095967
22.892203	183.216000	1708.301095
22.891236	183.238000	1708.506222
22.890268	183.260000	1708.711349
22.889301	183.282000	1708.916477
22.888334	183.304000	1709.121604
22.887366	183.326000	1709.326732
22.886399	183.348000	1709.531859
22.885431	183.370000	1709.736986
22.884464	183.392000	1709.942114
22.883496	183.414000	1710.147241
22.882528	183.436000	1710.352369
22.881561	183.458000	1710.557496
22.880593	183.480000	1710.762623
22.879625	183.502000	1710.967751
22.878658	183.524000	1711.172878
22.877690	183.546000	1711.378006
22.876722	183.568000	1711.583133
22.875754	183.590000	1711.788261
22.874786	183.612000	1711.993388
22.873818	183.634000	1712.198515
22.872850	183.656000	1712.403643
22.871882	183.678000	1712.608770
22.870914	183.700000	1712.813898
22.869946	183.722000	1713.019025
22.868978	183.744000	1713.224152
22.868010	183.766000	1713.429280
22.867042	183.788000	1713.634407
22.866074	183.810000	1713.839535
22.865105	183.832000	1714.044662
22.864137	183.854000	1714.249789
22.863169	183.876000	1714.454917
22.862200	183.898000	1714.660044
22.861232	183.920000	1714.865172
22.860263	183.942000	1715.070299
22.859295	183.964000	1715.275427
22.858326	183.986000	1715.480554
22.857358	184.008000	1715.685681
22.856389	184.030000	1715.890809
22.855421	184.052000	1716.095936
22.854452	184.074000	1716.301064
22.853483	184.096000	1716.506191
22.852515	184.118000	1716.711318
22.851546	184.140000	1716.916446
22.850577	184.162000	1717.121573
22.849608	184.184000	1717.326701
22.848639	184.206000	1717.531828
22.847671	184.228000	1717.736956
22.846702	184.250000	1717.942083
22.845733	184.272000	1718.147210
22.844764	184.294000	1718.352338
22.843795	184.316000	1718.557465
22.842825	184.338000	1718.762593
22.841856	184.360000	1718.967720
22.840887	184.382000	1719.172847
22.839918	184.404000	1719.377975
22.838949	184.426000	1719.583102
22.837980	184.448000	1719.788230
22.837010	184.470000	1719.993357
22.836041	184.492000	1720.198484
22.835072	184.514000	1720.403612
22.834102	184.536000	1720.608739
22.833133	184.558000	1720.813867
22.832163	184.580000	1721.018994
22.831194	184.602000	1721.224122
22.830224	184.624000	1721.429249
22.829255	184.646000	1721.634376
22.828285	184.668000	1721.839504
22.827315	184.690000	1722.044631
22.826346	184.712000	1722.249759
22.825376	184.734000	1722.454886
22.824406	184.756000	1722.660013
22.823436	184.778000	1722.865141
22.822467	184.800000	1723.070268
22.821497	184.822000	1723.275396
22.820527	184.844000	1723.480523
22.819557	184.866000	1723.685650
22.818587	184.888000	1723.890778
22.817617	184.910000	1724.095905
22.816647	184.932000	1724.301033
22.815677	184.954000	1724.506160
22.814707	184.976000	1724.711288
22.813736	184.998000	1724.916415
22.812766	185.020000	1725.121542
22.811796	185.042000	1725.326670
22.810826	185.064000	1725.531797
22.809855	185.086000	1725.736925
22.808885	185.108000	1725.942052
22.807915	185.130000	1726.147179
22.806944	185.152000	1726.352307
22.805974	185.174000	1726.557434
22.805003	185.196000	1726.762562
22.804033	185.218000	1726.967689
22.803062	185.240000	1727.172816
22.802092	185.262000	1727.377944
22.801121	185.284000	1727.583071
22.800150	185.306000	1727.788199
22.799180	185.328000	1727.993326
22.798209	185.350000	1728.198454
22.797238	185.372000	1728.403581
22.796267	185.394000	1728.608708
22.795297	185.416000	1728.813836
22.794326	185.438000	1729.018963
22.793355	185.460000	1729.224091
22.792384	185.482000	1729.429218
22.791413	185.504000	1729.634345
22.790442	185.526000	1729.839473
22.789471	185.548000	1730.044600
22.788500	185.570000	1730.249728
22.787529	185.592000	1730.454855
22.786557	185.614000	1730.659983
22.785586	185.636000	1730.865110
22.784615	185.658000	1731.070237
22.783644	185.680000	1731.275365
22.782672	185.702000	1731.480492
22.781701	185.724000	1731.685620
22.780730	185.746000	1731.890747
22.779758	185.768000	1732.095874
22.778787	185.790000	1732.301002
22.777815	185.812000	1732.506129
22.776844	185.834000	1732.711257
22.775872	185.856000	1732.916384
22.774901	185.878000	1733.121511
22.773929	185.900000	1733.326639
22.772957	185.922000	1733.531766
22.771986	185.944000	1733.736894
22.771014	185.966000	1733.942021
22.770042	185.988000	1734.147149
22.769070	186.010000	1734.352276
22.768099	186.032000	1734.557403
22.767127	186.054000	1734.762531
22.766155	186.076000	1734.967658
22.765183	186.098000	1735.172786
22.764211	186.120000	1735.377913
22.763239	186.142000	1735.583040
22.762267	186.164000	1735.788168
22.761295	186.186000	1735.993295
22.760322	186.208000	1736.198423
22.759350	186.230000	1736.403550
22.758378	186.252000	1736.608677
22.757406	186.274000	1736.813805
22.756434	186.296000	1737.018932
22.755461	186.318000	1737.224060
22.754489	186.340000	1737.429187
22.753516	186.362000	1737.634315
22.752544	186.384000	1737.839442
22.751572	186.406000	1738.044569
22.750599	186.428000	1738.249697
22.749627	186.450000	1738.454824
22.748654	186.472000	1738.659952
22.747681	186.494000	1738.865079
22.746709	186.516000	1739.070206
22.745736	186.538000	1739.275334
22.744763	186.560000	1739.480461
22.743791	186.582000	1739.685589
22.742818	186.604000	1739.890716
22.741845	186.626000	1740.095844
22.740872	186.648000	1740.300971
22.739899	186.670000	1740.506098
22.738926	186.692000	1740.711226
22.737953	186.714000	1740.916353
22.736980	186.736000	1741.121481
22.736007	186.758000	1741.326608
22.735034	186.780000	1741.531735
22.734061	186.802000	1741.736863
22.733088	186.824000	1741.941990
22.732115	186.846000	1742.147118
22.731142	186.868000	1742.352245
22.730168	186.890000	1742.557372
22.729195	186.912000	1742.762500
22.728222	186.934000	1742.967627
22.727248	186.956000	1743.172755
22.726275	186.978000	1743.377882
22.725301	187.000000	1743.583010
22.724328	187.022000	1743.788137
22.723354	187.044000	1743.993264
22.722381	187.066000	1744.198392
22.721407	187.088000	1744.403519
22.720434	187.110000	1744.608647
22.719460	187.132000	1744.813774
22.718486	187.154000	1745.018901
22.717513	187.176000	1745.224029
22.716539	187.198000	1745.429156
22.715565	187.220000	1745.634284
22.714591	187.242000	1745.839411
22.713617	187.264000	1746.044538
22.712643	187.286000	1746.249666
22.711669	187.308000	1746.454793
22.710695	187.330000	1746.659921
22.709721	187.352000	1746.865048
22.708747	187.374000	1747.070176
22.707773	187.396000	1747.275303
22.706799	187.418000	1747.480430
22.705825	187.440000	1747.685558
22.704851	187.462000	1747.890685
22.703877	187.484000	1748.095813
22.702902	187.506000	1748.300940
22.701928	187.528000	1748.506067
22.700954	187.550000	1748.711195
22.699979	187.572000	1748.916322
22.699005	187.594000	1749.121450
22.698030	187.616000	1749.326577
22.697056	187.638000	1749.531705
22.696081	187.660000	1749.736832
22.695107	187.682000	1749.941959
22.694132	187.704000	1750.147087
22.693158	187.726000	1750.352214
22.692183	187.748000	1750.557342
22.691208	187.770000	1750.762469
22.690233	187.792000	1750.967596
22.689259	187.814000	1751.172724
22.688284	187.836000	1751.377851
22.687309	187.858000	1751.582979
22.686334	187.880000	1751.788106
22.685359	187.902000	1751.993233
22.684384	187.924000	1752.198361
22.683409	187.946000	1752.403488
22.682434	187.968000	1752.608616
22.681459	187.990000	1752.813743
22.680484	188.012000	1753.018871
22.679509	188.034000	1753.223998
22.678534	188.056000	1753.429125
22.677558	188.078000	1753.634253
22.676583	188.100000	1753.839380
22.675608	188.122000	1754.044508
22.674632	188.144000	1754.249635
22.673657	188.166000	1754.454762
22.672682	188.188000	1754.659890
22.671706	188.210000	1754.865017
22.670731	188.232000	1755.070145
22.669755	188.254000	1755.275272
22.668780	188.276000	1755.480399
22.667804	188.298000	1755.685527
22.666828	188.320000	1755.890654
22.665853	188.342000	1756.095782
22.664877	188.364000	1756.300909
22.663901	188.386000	1756.506037
22.662926	188.408000	1756.711164
22.661950	188.430000	1756.916291
22.660974	188.452000	1757.121419
22.659998	188.474000	1757.326546
22.659022	188.496000	1757.531674
22.658046	188.518000	1757.736801
22.657070	188.540000	1757.941928
22.656094	188.562000	1758.147056
22.655118	188.584000	1758.352183
22.654142	188.606000	1758.557311
22.653166	188.628000	1758.762438
22.652190	188.650000	1758.967565
22.651213	188.672000	1759.172693
22.650237	188.694000	1759.377820
22.649261	188.716000	1759.582948
22.648285	188.738000	1759.788075
22.647308	188.760000	1759.993203
22.646332	188.782000	1760.198330
22.645355	188.804000	1760.403457
22.644379	188.826000	1760.608585
22.643402	188.848000	1760.813712
22.642426	188.870000	1761.018840
22.641449	188.892000	1761.223967
22.640473	188.914000	1761.429094
22.639496	188.936000	1761.634222
22.638519	188.958000	1761.839349
22.637543	188.980000	1762.044477
22.636566	189.002000	1762.249604
22.635589	189.024000	1762.454732
22.634612	189.046000	1762.659859
22.633635	189.068000	1762.864986
22.632658	189.090000	1763.070114
22.631682	189.112000	1763.275241
22.630705	189.134000	1763.480369
22.629728	189.156000	1763.685496
22.628750	189.178000	1763.890623
22.627773	189.200000	1764.095751
22.626796	189.222000	1764.300878
22.625819	189.244000	1764.506006
22.624842	189.266000	1764.711133
22.623865	189.288000	1764.916260
22.622887	189.310000	1765.121388
22.621910	189.332000	1765.326515
22.620933	189.354000	1765.531643
22.619955	189.376000	1765.736770
22.618978	189.398000	1765.941898
22.618000	189.420000	1766.147025
22.617023	189.442000	1766.352152
22.616045	189.464000	1766.557280
22.615068	189.486000	1766.762407
22.614090	189.508000	1766.967535
22.613113	189.530000	1767.172662
22.612135	189.552000	1767.377789
22.611157	189.574000	1767.582917
22.610179	189.596000	1767.788044
22.609202	189.618000	1767.993172
22.608224	189.640000	1768.198299
22.607246	189.662000	1768.403426
22.606268	189.684000	1768.608554
22.605290	189.706000	1768.813681
22.604312	189.728000	1769.018809
22.603334	189.750000	1769.223936
22.602356	189.772000	1769.429064
22.601378	189.794000	1769.634191
22.600400	189.816000	1769.839318
22.599422	189.838000	1770.044446
22.598444	189.860000	1770.249573
22.597465	189.882000	1770.454701
22.596487	189.904000	1770.659828
22.595509	189.926000	1770.864955
22.594530	189.948000	1771.070083
22.593552	189.970000	1771.275210
22.592574	189.992000	1771.480338
22.591595	190.014000	1771.685465
22.590617	190.036000	1771.890593
22.589638	190.058000	1772.095720
22.588660	190.080000	1772.300847
22.587681	190.102000	1772.505975
22.586702	190.124000	1772.711102
22.585724	190.146000	1772.916230
22.584745	190.168000	1773.121357
22.583766	190.190000	1773.326484
22.582787	190.212000	1773.531612
22.581809	190.234000	1773.736739
22.580830	190.256000	1773.941867
22.579851	190.278000	1774.146994
22.578872	190.300000	1774.352121
22.577893	190.322000	1774.557249
22.576914	190.344000	1774.762376
22.575935	190.366000	1774.967504
22.574956	190.388000	1775.172631
22.573977	190.410000	1775.377759
22.572998	190.432000	1775.582886
22.572018	190.454000	1775.788013
22.571039	190.476000	1775.993141
22.570060	190.498000	1776.198268
22.569081	190.520000	1776.403396
22.568101	190.542000	1776.608523
22.567122	190.564000	1776.813650
22.566142	190.586000	1777.018778
22.565163	190.608000	1777.223905
22.564183	190.630000	1777.429033
22.563204	190.652000	1777.634160
22.562224	190.674000	1777.839287
22.561245	190.696000	1778.044415
22.560265	190.718000	1778.249542
22.559285	190.740000	1778.454670
22.558306	190.762000	1778.659797
22.557326	190.784000	1778.864925
22.556346	190.806000	1779.070052
22.555366	190.828000	1779.275179
22.554387	190.850000	1779.480307
22.553407	190.872000	1779.685434
22.552427	190.894000	1779.890562
22.551447	190.916000	1780.095689
22.550467	190.938000	1780.300816
22.549487	190.960000	1780.505944
22.548507	190.982000	1780.711071
22.547527	191.004000	1780.916199
22.546546	191.026000	1781.121326
22.545566	191.048000	1781.326454
22.544586	191.070000	1781.531581
22.543606	191.092000	1781.736708
22.542625	191.114000	1781.941836
22.541645	191.136000	1782.146963
22.540665	191.158000	1782.352091
22.539684	191.180000	1782.557218
22.538704	191.202000	1782.762345
22.537723	191.224000	1782.967473
22.536743	191.246000	1783.172600
22.535762	191.268000	1783.377728
22.534782	191.290000	1783.582855
22.533801	191.312000	1783.787982
22.532820	191.334000	1783.993110
22.531840	191.356000	1784.198237
22.530859	191.378000	1784.403365
22.529878	191.400000	1784.608492
22.528897	191.422000	1784.813620
22.527916	191.444000	1785.018747
22.526935	191.466000	1785.223874
22.525955	191.488000	1785.429002
22.524974	191.510000	1785.634129
22.523993	191.532000	1785.839257
22.523012	191.554000	1786.044384
22.522030	191.576000	1786.249511
22.521049	191.598000	1786.454639
22.520068	191.620000	1786.659766
22.519087	191.642000	1786.864894
22.518106	191.664000	1787.070021
22.517124	191.686000	1787.275148
22.516143	191.708000	1787.480276
22.515162	191.730000	1787.685403
22.514180	191.752000	1787.890531
22.513199	191.774000	1788.095658
22.512218	191.796000	1788.300786
22.511236	191.818000	1788.505913
22.510255	191.840000	1788.711040
22.509273	191.862000	1788.916168
22.508291	191.884000	1789.121295
22.507310	191.906000	1789.326423
22.506328	191.928000	1789.531550
22.505346	191.950000	1789.736677
22.504365	191.972000	1789.941805
22.503383	191.994000	1790.146932
22.502401	192.016000	1790.352060
22.501419	192.038000	1790.557187
22.500437	192.060000	1790.762314
22.499455	192.082000	1790.967442
22.498473	192.104000	1791.172569
22.497491	192.126000	1791.377697
22.496509	192.148000	1791.582824
22.495527	192.170000	1791.787952
22.494545	192.192000	1791.993079
22.493563	192.214000	1792.198206
22.492581	192.236000	1792.403334
22.491598	192.258000	1792.608461
22.490616	192.280000	1792.813589
22.489634	192.302000	1793.018716
22.488651	192.324000	1793.223843
22.487669	192.346000	1793.428971
22.486687	192.368000	1793.634098
22.485704	192.390000	1793.839226
22.484722	192.412000	1794.044353
22.483739	192.434000	1794.249481
22.482757	192.456000	1794.454608
22.481774	192.478000	1794.659735
22.480791	192.500000	1794.864863
22.479809	192.522000	1795.069990
22.478826	192.544000	1795.275118
22.477843	192.566000	1795.480245
22.476860	192.588000	1795.685372
22.475878	192.610000	1795.890500
22.474895	192.632000	1796.095627
22.473912	192.654000	1796.300755
22.472929	192.676000	1796.505882
22.471946	192.698000	1796.711009
22.470963	192.720000	1796.916137
22.469980	192.742000	1797.121264
22.468997	192.764000	1797.326392
22.468013	192.786000	1797.531519
22.467030	192.808000	1797.736647
22.466047	192.830000	1797.941774
22.465064	192.852000	1798.146901
22.464081	192.874000	1798.352029
22.463097	192.896000	1798.557156
22.462114	192.918000	1798.762284
22.461130	192.940000	1798.967411
22.460147	192.962000	1799.172538
22.459164	192.984000	1799.377666
22.458180	193.006000	1799.582793
22.457197	193.028000	1799.787921
22.456213	193.050000	1799.993048
22.455229	193.072000	1800.198175
22.454246	193.094000	1800.403303
22.453262	193.116000	1800.608430
22.452278	193.138000	1800.813558
22.451294	193.160000	1801.018685
22.450311	193.182000	1801.223813
22.449327	193.204000	1801.428940
22.448343	193.226000	1801.634067
22.447359	193.248000	1801.839195
22.446375	193.270000	1802.044322
22.445391	193.292000	1802.249450
22.444407	193.314000	1802.454577
22.443423	193.336000	1802.659704
22.442439	193.358000	1802.864832
22.441455	193.380000	1803.069959
22.440470	193.402000	1803.275087
22.439486	193.424000	1803.480214
22.438502	193.446000	1803.685342
22.437518	193.468000	1803.890469
22.436533	193.490000	1804.095596
22.435549	193.512000	1804.300724
22.434565	193.534000	1804.505851
22.433580	193.556000	1804.710979
22.432596	193.578000	1804.916106
22.431611	193.600000	1805.121233
22.430627	193.622000	1805.326361
22.429642	193.644000	1805.531488
22.428657	193.666000	1805.736616
22.427673	193.688000	1805.941743
22.426688	193.710000	1806.146870
22.425703	193.732000	1806.351998
22.424718	193.754000	1806.557125
22.423734	193.776000	1806.762253
22.422749	193.798000	1806.967380
22.421764	193.820000	1807.172508
22.420779	193.842000	1807.377635
22.419794	193.864000	1807.582762
22.418809	193.886000	1807.787890
22.417824	193.908000	1807.993017
22.416839	193.930000	1808.198145
22.415854	193.952000	1808.403272
22.414868	193.974000	1808.608399
22.413883	193.996000	1808.813527
22.412898	194.018000	1809.018654
22.411913	194.040000	1809.223782
22.410927	194.062000	1809.428909
22.409942	194.084000	1809.634036
22.408957	194.106000	1809.839164
22.407971	194.128000	1810.044291
22.406986	194.150000	1810.249419
22.406000	194.172000	1810.454546
22.405015	194.194000	1810.659674
22.404029	194.216000	1810.864801
22.403044	194.238000	1811.069928
22.402058	194.260000	1811.275056
22.401072	194.282000	1811.480183
22.400086	194.304000	1811.685311
22.399101	194.326000	1811.890438
22.398115	194.348000	1812.095565
22.397129	194.370000	1812.300693
22.396143	194.392000	1812.505820
22.395157	194.414000	1812.710948
22.394171	194.436000	1812.916075
22.393185	194.458000	1813.121202
22.392199	194.480000	1813.326330
22.391213	194.502000	1813.531457
22.390227	194.524000	1813.736585
22.389241	194.546000	1813.941712
22.388255	194.568000	1814.146840
22.387269	194.590000	1814.351967
22.386282	194.612000	1814.557094
22.385296	194.634000	1814.762222
22.384310	194.656000	1814.967349
22.383323	194.678000	1815.172477
22.382337	194.700000	1815.377604
22.381350	194.722000	1815.582731
22.380364	194.744000	1815.787859
22.379377	194.766000	1815.992986
22.378391	194.788000	1816.198114
22.377404	194.810000	1816.403241
22.376418	194.832000	1816.608369
22.375431	194.854000	1816.813496
22.374444	194.876000	1817.018623
22.373457	194.898000	1817.223751
22.372471	194.920000	1817.428878
22.371484	194.942000	1817.634006
22.370497	194.964000	1817.839133
22.369510	194.986000	1818.044260
22.368523	195.008000	1818.249388
22.367536	195.030000	1818.454515
22.366549	195.052000	1818.659643
22.365562	195.074000	1818.864770
22.364575	195.096000	1819.069897
22.363588	195.118000	1819.275025
22.362601	195.140000	1819.480152
22.361614	195.162000	1819.685280
22.360626	195.184000	1819.890407
22.359639	195.206000	1820.095535
22.358652	195.228000	1820.300662
22.357664	195.250000	1820.505789
22.356677	195.272000	1820.710917
22.355689	195.294000	1820.916044
22.354702	195.316000	1821.121172
22.353714	195.338000	1821.326299
22.352727	195.360000	1821.531426
22.351739	195.382000	1821.736554
22.350752	195.404000	1821.941681
22.349764	195.426000	1822.146809
22.348776	195.448000	1822.351936
22.347789	195.470000	1822.557063
22.346801	195.492000	1822.762191
22.345813	195.514000	1822.967318
22.344825	195.536000	1823.172446
22.343837	195.558000	1823.377573
22.342849	195.580000	1823.582701
22.341861	195.602000	1823.787828
22.340873	195.624000	1823.992955
22.339885	195.646000	1824.198083
22.338897	195.668000	1824.403210
22.337909	195.690000	1824.608338
22.336921	195.712000	1824.813465
22.335933	195.734000	1825.018592
22.334945	195.756000	1825.223720
22.333956	195.778000	1825.428847
22.332968	195.800000	1825.633975
22.331980	195.822000	1825.839102
22.330991	195.844000	1826.044230
22.330003	195.866000	1826.249357
22.329014	195.888000	1826.454484
22.328026	195.910000	1826.659612
22.327037	195.932000	1826.864739
22.326049	195.954000	1827.069867
22.325060	195.976000	1827.274994
22.324072	195.998000	1827.480121
22.323083	196.020000	1827.685249
22.322094	196.042000	1827.890376
22.321105	196.064000	1828.095504
22.320117	196.086000	1828.300631
22.319128	196.108000	1828.505758
22.318139	196.130000	1828.710886
22.317150	196.152000	1828.916013
22.316161	196.174000	1829.121141
22.315172	196.196000	1829.326268
22.314183	196.218000	1829.531396
22.313194	196.240000	1829.736523
22.312205	196.262000	1829.941650
22.311216	196.284000	1830.146778
22.310226	196.306000	1830.351905
22.309237	196.328000	1830.557033
22.308248	196.350000	1830.762160
22.307259	196.372000	1830.967287
22.306269	196.394000	1831.172415
22.305280	196.416000	1831.377542
22.304291	196.438000	1831.582670
22.303301	196.460000	1831.787797
22.302312	196.482000	1831.992924
22.301322	196.504000	1832.198052
22.300332	196.526000	1832.403179
22.299343	196.548000	1832.608307
22.298353	196.570000	1832.813434
22.297364	196.592000	1833.018562
22.296374	196.614000	1833.223689
22.295384	196.636000	1833.428816
22.294394	196.658000	1833.633944
22.293404	196.680000	1833.839071
22.292415	196.702000	1834.044199
22.291425	196.724000	1834.249326
22.290435	196.746000	1834.454453
22.289445	196.768000	1834.659581
22.288455	196.790000	1834.864708
22.287465	196.812000	1835.069836
22.286475	196.834000	1835.274963
22.285484	196.856000	1835.480091
22.284494	196.878000	1835.685218
22.283504	196.900000	1835.890345
22.282514	196.922000	1836.095473
22.281523	196.944000	1836.300600
22.280533	196.966000	1836.505728
22.279543	196.988000	1836.710855
22.278552	197.010000	1836.915982
22.277562	197.032000	1837.121110
22.276571	197.054000	1837.326237
22.275581	197.076000	1837.531365
22.274590	197.098000	1837.736492
22.273600	197.120000	1837.941619
22.272609	197.142000	1838.146747
22.271618	197.164000	1838.351874
22.270628	197.186000	1838.557002
22.269637	197.208000	1838.762129
22.268646	197.230000	1838.967257
22.267655	197.252000	1839.172384
22.266664	197.274000	1839.377511
22.265674	197.296000	1839.582639
22.264683	197.318000	1839.787766
22.263692	197.340000	1839.992894
22.262701	197.362000	1840.198021
22.261710	197.384000	1840.403148
22.260718	197.406000	1840.608276
22.259727	197.428000	1840.813403
22.258736	197.450000	1841.018531
22.257745	197.472000	1841.223658
22.256754	197.494000	1841.428785
22.255762	197.516000	1841.633913
22.254771	197.538000	1841.839040
22.253780	197.560000	1842.044168
22.252788	197.582000	1842.249295
22.251797	197.604000	1842.454423
22.250805	197.626000	1842.659550
22.249814	197.648000	1842.864677
22.248822	197.670000	1843.069805
22.247831	197.692000	1843.274932
22.246839	197.714000	1843.480060
22.245847	197.736000	1843.685187
22.244856	197.758000	1843.890314
22.243864	197.780000	1844.095442
22.242872	197.802000	1844.300569
22.241880	197.824000	1844.505697
22.240888	197.846000	1844.710824
22.239896	197.868000	1844.915951
22.238905	197.890000	1845.121079
22.237913	197.912000	1845.326206
22.236921	197.934000	1845.531334
22.235928	197.956000	1845.736461
22.234936	197.978000	1845.941589
22.233944	198.000000	1846.146716
22.232952	198.022000	1846.351843
22.231960	198.044000	1846.556971
22.230968	198.066000	1846.762098
22.229975	198.088000	1846.967226
22.228983	198.110000	1847.172353
22.227991	198.132000	1847.377480
22.226998	198.154000	1847.582608
22.226006	198.176000	1847.787735
22.225013	198.198000	1847.992863
22.224021	198.220000	1848.197990
22.223028	198.242000	1848.403118
22.222036	198.264000	1848.608245
22.221043	198.286000	1848.813372
22.220050	198.308000	1849.018500
22.219058	198.330000	1849.223627
22.218065	198.352000	1849.428755
22.217072	198.374000	1849.633882
22.216079	198.396000	1849.839009
22.215086	198.418000	1850.044137
22.214093	198.440000	1850.249264
22.213100	198.462000	1850.454392
22.212107	198.484000	1850.659519
22.211114	198.506000	1850.864646
22.210121	198.528000	1851.069774
22.209128	198.550000	1851.274901
22.208135	198.572000	1851.480029
22.207142	198.594000	1851.685156
22.206149	198.616000	1851.890284
22.205155	198.638000	1852.095411
22.204162	198.660000	1852.300538
22.203169	198.682000	1852.505666
22.202175	198.704000	1852.710793
22.201182	198.726000	1852.915921
22.200189	198.748000	1853.121048
22.199195	198.770000	1853.326175
22.198202	198.792000	1853.531303
22.197208	198.814000	1853.736430
22.196214	198.836000	1853.941558
22.195221	198.858000	1854.146685
22.194227	198.880000	1854.351812
22.193233	198.902000	1854.556940
22.192240	198.924000	1854.762067
22.191246	198.946000	1854.967195
22.190252	198.968000	1855.172322
22.189258	198.990000	1855.377450
22.188264	199.012000	1855.582577
22.187270	199.034000	1855.787704
22.186276	199.056000	1855.992832
22.185282	199.078000	1856.197959
22.184288	199.100000	1856.403087
22.183294	199.122000	1856.608214
22.182300	199.144000	1856.813341
22.181306	199.166000	1857.018469
22.180311	199.188000	1857.223596
22.179317	199.210000	1857.428724
22.178323	199.232000	1857.633851
22.177329	199.254000	1857.838979
22.176334	199.276000	1858.044106
22.175340	199.298000	1858.249233
22.174345	199.320000	1858.454361
22.173351	199.342000	1858.659488
22.172356	199.364000	1858.864616
22.171362	199.386000	1859.069743
22.170367	199.408000	1859.274870
22.169372	199.430000	1859.479998
22.168378	199.452000	1859.685125
22.167383	199.474000	1859.890253
22.166388	199.496000	1860.095380
22.165393	199.518000	1860.300507
22.164399	199.540000	1860.505635
22.163404	199.562000	1860.710762
22.162409	199.584000	1860.915890
22.161414	199.606000	1861.121017
22.160419	199.628000	1861.326145
22.159424	199.650000	1861.531272
22.158429	199.672000	1861.736399
22.157434	199.694000	1861.941527
22.156438	199.716000	1862.146654
22.155443	199.738000	1862.351782
22.154448	199.760000	1862.556909
22.153453	199.782000	1862.762036
22.152457	199.804000	1862.967164
22.151462	199.826000	1863.172291
22.150467	199.848000	1863.377419
22.149471	199.870000	1863.582546
22.148476	199.892000	1863.787673
22.147480	199.914000	1863.992801
22.146485	199.936000	1864.197928
22.145489	199.958000	1864.403056
22.144494	199.980000	1864.608183
22.143498	200.002000	1864.813311
22.142502	200.024000	1865.018438
22.141506	200.046000	1865.223565
22.140511	200.068000	1865.428693
22.139515	200.090000	1865.633820
22.138519	200.112000	1865.838948
22.137523	200.134000	1866.044075
22.136527	200.156000	1866.249202
22.135531	200.178000	1866.454330
22.134535	200.200000	1866.659457
22.133539	200.222000	1866.864585
22.132543	200.244000	1867.069712
22.131547	200.266000	1867.274839
22.130551	200.288000	1867.479967
22.129555	200.310000	1867.685094
22.128558	200.332000	1867.890222
22.127562	200.354000	1868.095349
22.126566	200.376000	1868.300477
22.125569	200.398000	1868.505604
22.124573	200.420000	1868.710731
22.123576	200.442000	1868.915859
22.122580	200.464000	1869.120986
22.121583	200.486000	1869.326114
22.120587	200.508000	1869.531241
22.119590	200.530000	1869.736368
22.118594	200.552000	1869.941496
22.117597	200.574000	1870.146623
22.116600	200.596000	1870.351751
22.115603	200.618000	1870.556878
22.114607	200.640000	1870.762006
22.113610	200.662000	1870.967133
22.112613	200.684000	1871.172260
22.111616	200.706000	1871.377388
22.110619	200.728000	1871.582515
22.109622	200.750000	1871.787643
22.108625	200.772000	1871.992770
22.107628	200.794000	1872.197897
22.106631	200.816000	1872.403025
22.105634	200.838000	1872.608152
22.104637	200.860000	1872.813280
22.103639	200.882000	1873.018407
22.102642	200.904000	1873.223534
22.101645	200.926000	1873.428662
22.100647	200.948000	1873.633789
22.099650	200.970000	1873.838917
22.098653	200.992000	1874.044044
22.097655	201.014000	1874.249172
22.096658	201.036000	1874.454299
22.095660	201.058000	1874.659426
22.094663	201.080000	1874.864554
22.093665	201.102000	1875.069681
22.092667	201.124000	1875.274809
22.091670	201.146000	1875.479936
22.090672	201.168000	1875.685063
22.089674	201.190000	1875.890191
22.088676	201.212000	1876.095318
22.087678	201.234000	1876.300446
22.086681	201.256000	1876.505573
22.085683	201.278000	1876.710700
22.084685	201.300000	1876.915828
22.083687	201.322000	1877.120955
22.082689	201.344000	1877.326083
22.081690	201.366000	1877.531210
22.080692	201.388000	1877.736338
22.079694	201.410000	1877.941465
22.078696	201.432000	1878.146592
22.077698	201.454000	1878.351720
22.076699	201.476000	1878.556847
22.075701	201.498000	1878.761975
22.074703	201.520000	1878.967102
22.073704	201.542000	1879.172229
22.072706	201.564000	1879.377357
22.071707	201.586000	1879.582484
22.070709	201.608000	1879.787612
22.069710	201.630000	1879.992739
22.068712	201.652000	1880.197867
22.067713	201.674000	1880.402994
22.066714	201.696000	1880.608121
22.065716	201.718000	1880.813249
22.064717	201.740000	1881.018376
22.063718	201.762000	1881.223504
22.062719	201.784000	1881.428631
22.061720	201.806000	1881.633758
22.060722	201.828000	1881.838886
22.059723	201.850000	1882.044013
22.058724	201.872000	1882.249141
22.057725	201.894000	1882.454268
22.056726	201.916000	1882.659395
22.055726	201.938000	1882.864523
22.054727	201.960000	1883.069650
22.053728	201.982000	1883.274778
22.052729	202.004000	1883.479905
22.051730	202.026000	1883.685033
22.050730	202.048000	1883.890160
22.049731	202.070000	1884.095287
22.048732	202.092000	1884.300415
22.047732	202.114000	1884.505542
22.046733	202.136000	1884.710670
22.045733	202.158000	1884.915797
22.044734	202.180000	1885.120924
22.043734	202.202000	1885.326052
22.042734	202.224000	1885.531179
22.041735	202.246000	1885.736307
22.040735	202.268000	1885.941434
22.039735	202.290000	1886.146561
22.038735	202.312000	1886.351689
22.037736	202.334000	1886.556816
22.036736	202.356000	1886.761944
22.035736	202.378000	1886.967071
22.034736	202.400000	1887.172199
22.033736	202.422000	1887.377326
22.032736	202.444000	1887.582453
22.031736	202.466000	1887.787581
22.030736	202.488000	1887.992708
22.029736	202.510000	1888.197836
22.028736	202.532000	1888.402963
22.027735	202.554000	1888.608090
22.026735	202.576000	1888.813218
22.025735	202.598000	1889.018345
22.024734	202.620000	1889.223473
22.023734	202.642000	1889.428600
22.022734	202.664000	1889.633728
22.021733	202.686000	1889.838855
22.020733	202.708000	1890.043982
22.019732	202.730000	1890.249110
22.018732	202.752000	1890.454237
22.017731	202.774000	1890.659365
22.016730	202.796000	1890.864492
22.015730	202.818000	1891.069619
22.014729	202.840000	1891.274747
22.013728	202.862000	1891.479874
22.012727	202.884000	1891.685002
22.011726	202.906000	1891.890129
22.010726	202.928000	1892.095256
22.009725	202.950000	1892.300384
22.008724	202.972000	1892.505511
22.007723	202.994000	1892.710639
22.006722	203.016000	1892.915766
22.005721	203.038000	1893.120894
22.004719	203.060000	1893.326021
22.003718	203.082000	1893.531148
22.002717	203.104000	1893.736276
22.001716	203.126000	1893.941403
22.000715	203.148000	1894.146531
21.999713	203.170000	1894.351658
21.998712	203.192000	1894.556785
21.997710	203.214000	1894.761913
21.996709	203.236000	1894.967040
21.995708	203.258000	1895.172168
21.994706	203.280000	1895.377295
21.993704	203.302000	1895.582422
21.992703	203.324000	1895.787550
21.991701	203.346000	1895.992677
21.990700	203.368000	1896.197805
21.989698	203.390000	1896.402932
21.988696	203.412000	1896.608060
21.987694	203.434000	1896.813187
21.986692	203.456000	1897.018314
21.985691	203.478000	1897.223442
21.984689	203.500000	1897.428569
21.983687	203.522000	1897.633697
21.982685	203.544000	1897.838824
21.981683	203.566000	1898.043951
21.980681	203.588000	1898.249079
21.979678	203.610000	1898.454206
21.978676	203.632000	1898.659334
21.977674	203.654000	1898.864461
21.976672	203.676000	1899.069588
21.975670	203.698000	1899.274716
21.974667	203.720000	1899.479843
21.973665	203.742000	1899.684971
21.972662	203.764000	1899.890098
21.971660	203.786000	1900.095226
21.970658	203.808000	1900.300353
21.969655	203.830000	1900.505480
21.968652	203.852000	1900.710608
21.967650	203.874000	1900.915735
21.966647	203.896000	1901.120863
21.965645	203.918000	1901.325990
21.964642	203.940000	1901.531117
21.963639	203.962000	1901.736245
21.962636	203.984000	1901.941372
21.961633	204.006000	1902.146500
21.960631	204.028000	1902.351627
21.959628	204.050000	1902.556755
21.958625	204.072000	1902.761882
21.957622	204.094000	1902.967009
21.956619	204.116000	1903.172137
21.955616	204.138000	1903.377264
21.954613	204.160000	1903.582392
21.953609	204.182000	1903.787519
21.952606	204.204000	1903.992646
21.951603	204.226000	1904.197774
21.950600	204.248000	1904.402901
21.949596	204.270000	1904.608029
21.948593	204.292000	1904.813156
21.947590	204.314000	1905.018283
21.946586	204.336000	1905.223411
21.945583	204.358000	1905.428538
21.944579	204.380000	1905.633666
21.943576	204.402000	1905.838793
21.942572	204.424000	1906.043921
21.941568	204.446000	1906.249048
21.940565	204.468000	1906.454175
21.939561	204.490000	1906.659303
21.938557	204.512000	1906.864430
21.937553	204.534000	1907.069558
21.936550	204.556000	1907.274685
21.935546	204.578000	1907.479812
21.934542	204.600000	1907.684940
21.933538	204.622000	1907.890067
21.932534	204.644000	1908.095195
21.931530	204.666000	1908.300322
21.930526	204.688000	1908.505449
21.929522	204.710000	1908.710577
21.928518	204.732000	1908.915704
21.927513	204.754000	1909.120832
21.926509	204.776000	1909.325959
21.925505	204.798000	1909.531087
21.924501	204.820000	1909.736214
21.923496	204.842000	1909.941341
21.922492	204.864000	1910.146469
21.921487	204.886000	1910.351596
21.920483	204.908000	1910.556724
21.919478	204.930000	1910.761851
21.918474	204.952000	1910.966978
21.917469	204.974000	1911.172106
21.916465	204.996000	1911.377233
21.915460	205.018000	1911.582361
21.914455	205.040000	1911.787488
21.913450	205.062000	1911.992616
21.912446	205.084000	1912.197743
21.911441	205.106000	1912.402870
21.910436	205.128000	1912.607998
21.909431	205.150000	1912.813125
21.908426	205.172000	1913.018253
21.907421	205.194000	1913.223380
21.906416	205.216000	1913.428507
21.905411	205.238000	1913.633635
21.904406	205.260000	1913.838762
21.903401	205.282000	1914.043890
21.902396	205.304000	1914.249017
21.901390	205.326000	1914.454144
21.900385	205.348000	1914.659272
21.899380	205.370000	1914.864399
21.898374	205.392000	1915.069527
21.897369	205.414000	1915.274654
21.896364	205.436000	1915.479782
21.895358	205.458000	1915.684909
21.894353	205.480000	1915.890036
21.893347	205.502000	1916.095164
21.892341	205.524000	1916.300291
21.891336	205.546000	1916.505419
21.890330	205.568000	1916.710546
21.889324	205.590000	1916.915673
21.888319	205.612000	1917.120801
21.887313	205.634000	1917.325928
21.886307	205.656000	1917.531056
21.885301	205.678000	1917.736183
21.884295	205.700000	1917.941310
21.883289	205.722000	1918.146438
21.882283	205.744000	1918.351565
21.881277	205.766000	1918.556693
21.880271	205.788000	1918.761820
21.879265	205.810000	1918.966948
21.878259	205.832000	1919.172075
21.877253	205.854000	1919.377202
21.876246	205.876000	1919.582330
21.875240	205.898000	1919.787457
21.874234	205.920000	1919.992585
21.873227	205.942000	1920.197712
21.872221	205.964000	1920.402839
21.871215	205.986000	1920.607967
21.870208	206.008000	1920.813094
21.869202	206.030000	1921.018222
21.868195	206.052000	1921.223349
21.867188	206.074000	1921.428477
21.866182	206.096000	1921.633604
21.865175	206.118000	1921.838731
21.864168	206.140000	1922.043859
21.863162	206.162000	1922.248986
21.862155	206.184000	1922.454114
21.861148	206.206000	1922.659241
21.860141	206.228000	1922.864368
21.859134	206.250000	1923.069496
21.858127	206.272000	1923.274623
21.857120	206.294000	1923.479751
21.856113	206.316000	1923.684878
21.855106	206.338000	1923.890005
21.854099	206.360000	1924.095133
21.853092	206.382000	1924.300260
21.852085	206.404000	1924.505388
21.851077	206.426000	1924.710515
21.850070	206.448000	1924.915643
21.849063	206.470000	1925.120770
21.848055	206.492000	1925.325897
21.847048	206.514000	1925.531025
21.846040	206.536000	1925.736152
21.845033	206.558000	1925.941280
21.844025	206.580000	1926.146407
21.843018	206.602000	1926.351534
21.842010	206.624000	1926.556662
21.841003	206.646000	1926.761789
21.839995	206.668000	1926.966917
21.838987	206.690000	1927.172044
21.837979	206.712000	1927.377171
21.836972	206.734000	1927.582299
21.835964	206.756000	1927.787426
21.834956	206.778000	1927.992554
21.833948	206.800000	1928.197681
21.832940	206.822000	1928.402809
21.831932	206.844000	1928.607936
21.830924	206.866000	1928.813063
21.829916	206.888000	1929.018191
21.828908	206.910000	1929.223318
21.827899	206.932000	1929.428446
21.826891	206.954000	1929.633573
21.825883	206.976000	1929.838700
21.824875	206.998000	1930.043828
21.823866	207.020000	1930.248955
21.822858	207.042000	1930.454083
21.821850	207.064000	1930.659210
21.820841	207.086000	1930.864337
21.819833	207.108000	1931.069465
21.818824	207.130000	1931.274592
21.817815	207.152000	1931.479720
21.816807	207.174000	1931.684847
21.815798	207.196000	1931.889975
21.814789	207.218000	1932.095102
21.813781	207.240000	1932.300229
21.812772	207.262000	1932.505357
21.811763	207.284000	1932.710484
21.810754	207.306000	1932.915612
21.809745	207.328000	1933.120739
21.808736	207.350000	1933.325866
21.807727	207.372000	1933.530994
21.806718	207.394000	1933.736121
21.805709	207.416000	1933.941249
21.804700	207.438000	1934.146376
21.803691	207.460000	1934.351504
21.802682	207.482000	1934.556631
21.801673	207.504000	1934.761758
21.800663	207.526000	1934.966886
21.799654	207.548000	1935.172013
21.798645	207.570000	1935.377141
21.797635	207.592000	1935.582268
21.796626	207.614000	1935.787395
21.795616	207.636000	1935.992523
21.794607	207.658000	1936.197650
21.793597	207.680000	1936.402778
21.792588	207.702000	1936.607905
21.791578	207.724000	1936.813032
21.790568	207.746000	1937.018160
21.789559	207.768000	1937.223287
21.788549	207.790000	1937.428415
21.787539	207.812000	1937.633542
21.786529	207.834000	1937.838670
21.785519	207.856000	1938.043797
21.784509	207.878000	1938.248924
21.783499	207.900000	1938.454052
21.782489	207.922000	1938.659179
21.781479	207.944000	1938.864307
21.780469	207.966000	1939.069434
21.779459	207.988000	1939.274561
21.778449	208.010000	1939.479689
21.777439	208.032000	1939.684816
21.776428	208.054000	1939.889944
21.775418	208.076000	1940.095071
21.774408	208.098000	1940.300198
21.773397	208.120000	1940.505326
21.772387	208.142000	1940.710453
21.771377	208.164000	1940.915581
21.770366	208.186000	1941.120708
21.769356	208.208000	1941.325836
21.768345	208.230000	1941.530963
21.767334	208.252000	1941.736090
21.766324	208.274000	1941.941218
21.765313	208.296000	1942.146345
21.764302	208.318000	1942.351473
21.763292	208.340000	1942.556600
21.762281	208.362000	1942.761727
21.761270	208.384000	1942.966855
21.760259	208.406000	1943.171982
21.759248	208.428000	1943.377110
21.758237	208.450000	1943.582237
21.757226	208.472000	1943.787365
21.756215	208.494000	1943.992492
21.755204	208.516000	1944.197619
21.754193	208.538000	1944.402747
21.753181	208.560000	1944.607874
21.752170	208.582000	1944.813002
21.751159	208.604000	1945.018129
21.750148	208.626000	1945.223256
21.749136	208.648000	1945.428384
21.748125	208.670000	1945.633511
21.747113	208.692000	1945.838639
21.746102	208.714000	1946.043766
21.745090	208.736000	1946.248893
21.744079	208.758000	1946.454021
21.743067	208.780000	1946.659148
21.742056	208.802000	1946.864276
21.741044	208.824000	1947.069403
21.740032	208.846000	1947.274531
21.739020	208.868000	1947.479658
21.738009	208.890000	1947.684785
21.736997	208.912000	1947.889913
21.735985	208.934000	1948.095040
21.734973	208.956000	1948.300168
21.733961	208.978000	1948.505295
21.732949	209.000000	1948.710422
21.731937	209.022000	1948.915550
21.730925	209.044000	1949.120677
21.729913	209.066000	1949.325805
21.728901	209.088000	1949.530932
21.727888	209.110000	1949.736059
21.726876	209.132000	1949.941187
21.725864	209.154000	1950.146314
21.724851	209.176000	1950.351442
21.723839	209.198000	1950.556569
21.722827	209.220000	1950.761697
21.721814	209.242000	1950.966824
21.720802	209.264000	1951.171951
21.719789	209.286000	1951.377079
21.718777	209.308000	1951.582206
21.717764	209.330000	1951.787334
21.716751	209.352000	1951.992461
21.715739	209.374000	1952.197588
21.714726	209.396000	1952.402716
21.713713	209.418000	1952.607843
21.712700	209.440000	1952.812971
21.711687	209.462000	1953.018098
21.710674	209.484000	1953.223225
21.709661	209.506000	1953.428353
21.708648	209.528000	1953.633480
21.707635	209.550000	1953.838608
21.706622	209.572000	1954.043735
21.705609	209.594000	1954.248863
21.704596	209.616000	1954.453990
21.703583	209.638000	1954.659117
21.702570	209.660000	1954.864245
21.701556	209.682000	1955.069372
21.700543	209.704000	1955.274500
21.699530	209.726000	1955.479627
21.698516	209.748000	1955.684754
21.697503	209.770000	1955.889882
21.696489	209.792000	1956.095009
21.695476	209.814000	1956.300137
21.694462	209.836000	1956.505264
21.693449	209.858000	1956.710392
21.692435	209.880000	1956.915519
21.691421	209.902000	1957.120646
21.690407	209.924000	1957.325774
21.689394	209.946000	1957.530901
21.688380	209.968000	1957.736029
21.687366	209.990000	1957.941156
21.686352	210.012000	1958.146283
21.685338	210.034000	1958.351411
21.684324	210.056000	1958.556538
21.683310	210.078000	1958.761666
21.682296	210.100000	1958.966793
21.681282	210.122000	1959.171920
21.680268	210.144000	1959.377048
21.679254	210.166000	1959.582175
21.678239	210.188000	1959.787303
21.677225	210.210000	1959.992430
21.676211	210.232000	1960.197558
21.675196	210.254000	1960.402685
21.674182	210.276000	1960.607812
21.673168	210.298000	1960.812940
21.672153	210.320000	1961.018067
21.671139	210.342000	1961.223195
21.670124	210.364000	1961.428322
21.669109	210.386000	1961.633449
21.668095	210.408000	1961.838577
21.667080	210.430000	1962.043704
21.666065	210.452000	1962.248832
21.665051	210.474000	1962.453959
21.664036	210.496000	1962.659086
21.663021	210.518000	1962.864214
21.662006	210.540000	1963.069341
21.660991	210.562000	1963.274469
21.659976	210.584000	1963.479596
21.658961	210.606000	1963.684724
21.657946	210.628000	1963.889851
21.656931	210.650000	1964.094978
21.655916	210.672000	1964.300106
21.654901	210.694000	1964.505233
21.653885	210.716000	1964.710361
21.652870	210.738000	1964.915488
21.651855	210.760000	1965.120615
21.650840	210.782000	1965.325743
21.649824	210.804000	1965.530870
21.648809	210.826000	1965.735998
21.647793	210.848000	1965.941125
21.646778	210.870000	1966.146253
21.645762	210.892000	1966.351380
21.644747	210.914000	1966.556507
21.643731	210.936000	1966.761635
21.642715	210.958000	1966.966762
21.641700	210.980000	1967.171890
21.640684	211.002000	1967.377017
21.639668	211.024000	1967.582144
21.638652	211.046000	1967.787272
21.637636	211.068000	1967.992399
21.636620	211.090000	1968.197527
21.635604	211.112000	1968.402654
21.634588	211.134000	1968.607781
21.633572	211.156000	1968.812909
21.632556	211.178000	1969.018036
21.631540	211.200000	1969.223164
21.630524	211.222000	1969.428291
21.629508	211.244000	1969.633419
21.628491	211.266000	1969.838546
21.627475	211.288000	1970.043673
21.626459	211.310000	1970.248801
21.625442	211.332000	1970.453928
21.624426	211.354000	1970.659056
21.623409	211.376000	1970.864183
21.622393	211.398000	1971.069310
21.621376	211.420000	1971.274438
21.620360	211.442000	1971.479565
21.619343	211.464000	1971.684693
21.618326	211.486000	1971.889820
21.617310	211.508000	1972.094947
21.616293	211.530000	1972.300075
21.615276	211.552000	1972.505202
21.614259	211.574000	1972.710330
21.613242	211.596000	1972.915457
21.612226	211.618000	1973.120585
21.611209	211.640000	1973.325712
21.610192	211.662000	1973.530839
21.609175	211.684000	1973.735967
21.608157	211.706000	1973.941094
21.607140	211.728000	1974.146222
21.606123	211.750000	1974.351349
21.605106	211.772000	1974.556476
21.604089	211.794000	1974.761604
21.603071	211.816000	1974.966731
21.602054	211.838000	1975.171859
21.601037	211.860000	1975.376986
21.600019	211.882000	1975.582114
21.599002	211.904000	1975.787241
21.597984	211.926000	1975.992368
21.596967	211.948000	1976.197496
21.595949	211.970000	1976.402623
21.594931	211.992000	1976.607751
21.593914	212.014000	1976.812878
21.592896	212.036000	1977.018005
21.591878	212.058000	1977.223133
21.590860	212.080000	1977.428260
21.589843	212.102000	1977.633388
21.588825	212.124000	1977.838515
21.587807	212.146000	1978.043642
21.586789	212.168000	1978.248770
21.585771	212.190000	1978.453897
21.584753	212.212000	1978.659025
21.583735	212.234000	1978.864152
21.582717	212.256000	1979.069280
21.581698	212.278000	1979.274407
21.580680	212.300000	1979.479534
21.579662	212.322000	1979.684662
21.578644	212.344000	1979.889789
21.577625	212.366000	1980.094917
21.576607	212.388000	1980.300044
21.575588	212.410000	1980.505171
21.574570	212.432000	1980.710299
21.573551	212.454000	1980.915426
21.572533	212.476000	1981.120554
21.571514	212.498000	1981.325681
21.570496	212.520000	1981.530808
21.569477	212.542000	1981.735936
21.568458	212.564000	1981.941063
21.567439	212.586000	1982.146191
21.566421	212.608000	1982.351318
21.565402	212.630000	1982.556446
21.564383	212.652000	1982.761573
21.563364	212.674000	1982.966700
21.562345	212.696000	1983.171828
21.561326	212.718000	1983.376955
21.560307	212.740000	1983.582083
21.559288	212.762000	1983.787210
21.558269	212.784000	1983.992337
21.557250	212.806000	1984.197465
21.556230	212.828000	1984.402592
21.555211	212.850000	1984.607720
21.554192	212.872000	1984.812847
21.553172	212.894000	1985.017974
21.552153	212.916000	1985.223102
21.551134	212.938000	1985.428229
21.550114	212.960000	1985.633357
21.549095	212.982000	1985.838484
21.548075	213.004000	1986.043612
21.547055	213.026000	1986.248739
21.546036	213.048000	1986.453866
21.545016	213.070000	1986.658994
21.543996	213.092000	1986.864121
21.542977	213.114000	1987.069249
21.541957	213.136000	1987.274376
21.540937	213.158000	1987.479503
21.539917	213.180000	1987.684631
21.538897	213.202000	1987.889758
21.537877	213.224000	1988.094886
21.536857	213.246000	1988.300013
21.535837	213.268000	1988.505141
21.534817	213.290000	1988.710268
21.533797	213.312000	1988.915395
21.532777	213.334000	1989.120523
21.531756	213.356000	1989.325650
21.530736	213.378000	1989.530778
21.529716	213.400000	1989.735905
21.528695	213.422000	1989.941032
21.527675	213.444000	1990.146160
21.526655	213.466000	1990.351287
21.525634	213.488000	1990.556415
21.524614	213.510000	1990.761542
21.523593	213.532000	1990.966669
21.522572	213.554000	1991.171797
21.521552	213.576000	1991.376924
21.520531	213.598000	1991.582052
21.519510	213.620000	1991.787179
21.518489	213.642000	1991.992307
21.517469	213.664000	1992.197434
21.516448	213.686000	1992.402561
21.515427	213.708000	1992.607689
21.514406	213.730000	1992.812816
21.513385	213.752000	1993.017944
21.512364	213.774000	1993.223071
21.511343	213.796000	1993.428198
21.510322	213.818000	1993.633326
21.509301	213.840000	1993.838453
21.508279	213.862000	1994.043581
21.507258	213.884000	1994.248708
21.506237	213.906000	1994.453835
21.505215	213.928000	1994.658963
21.504194	213.950000	1994.864090
21.503173	213.972000	1995.069218
21.502151	213.994000	1995.274345
21.501130	214.016000	1995.479473
21.500108	214.038000	1995.684600
21.499087	214.060000	1995.889727
21.498065	214.082000	1996.094855
21.497043	214.104000	1996.299982
21.496022	214.126000	1996.505110
21.495000	214.148000	1996.710237
21.493978	214.170000	1996.915364
21.492956	214.192000	1997.120492
21.491934	214.214000	1997.325619
21.490912	214.236000	1997.530747
21.489891	214.258000	1997.735874
21.488868	214.280000	1997.941002
21.487846	214.302000	1998.146129
21.486824	214.324000	1998.351256
21.485802	214.346000	1998.556384
21.484780	214.368000	1998.761511
21.483758	214.390000	1998.966639
21.482736	214.412000	1999.171766
21.481713	214.434000	1999.376893
21.480691	214.456000	1999.582021
21.479669	214.478000	1999.787148
21.478646	214.500000	1999.992276
21.477624	214.522000	2000.197403
21.476601	214.544000	2000.402530
21.475579	214.566000	2000.607658
21.474556	214.588000	2000.812785
21.473533	214.610000	2001.017913
21.472511	214.632000	2001.223040
21.471488	214.654000	2001.428168
21.470465	214.676000	2001.633295
21.469442	214.698000	2001.838422
21.468420	214.720000	2002.043550
21.467397	214.742000	2002.248677
21.466374	214.764000	2002.453805
21.465351	214.786000	2002.658932
21.464328	214.808000	2002.864059
21.463305	214.830000	2003.069187
21.462282	214.852000	2003.274314
21.461258	214.874000	2003.479442
21.460235	214.896000	2003.684569
21.459212	214.918000	2003.889696
21.458189	214.940000	2004.094824
21.457165	214.962000	2004.299951
21.456142	214.984000	2004.505079
21.455119	215.006000	2004.710206
21.454095	215.028000	2004.915334
21.453072	215.050000	2005.120461
21.452048	215.072000	2005.325588
21.451025	215.094000	2005.530716
21.450001	215.116000	2005.735843
21.448977	215.138000	2005.940971
21.447954	215.160000	2006.146098
21.446930	215.182000	2006.351225
21.445906	215.204000	2006.556353
21.444882	215.226000	2006.761480
21.443858	215.248000	2006.966608
21.442834	215.270000	2007.171735
21.441811	215.292000	2007.376863
21.440787	215.314000	2007.581990
21.439762	215.336000	2007.787117
21.438738	215.358000	2007.992245
21.437714	215.380000	2008.197372
21.436690	215.402000	2008.402500
21.435666	215.424000	2008.607627
21.434642	215.446000	2008.812754
21.433617	215.468000	2009.017882
21.432593	215.490000	2009.223009
21.431569	215.512000	2009.428137
21.430544	215.534000	2009.633264
21.429520	215.556000	2009.838391
21.428495	215.578000	2010.043519
21.427471	215.600000	2010.248646
21.426446	215.622000	2010.453774
21.425421	215.644000	2010.658901
21.424397	215.666000	2010.864029
21.423372	215.688000	2011.069156
21.422347	215.710000	2011.274283
21.421322	215.732000	2011.479411
21.420298	215.754000	2011.684538
21.419273	215.776000	2011.889666
21.418248	215.798000	2012.094793
21.417223	215.820000	2012.299920
21.416198	215.842000	2012.505048
21.415173	215.864000	2012.710175
21.414148	215.886000	2012.915303
21.413122	215.908000	2013.120430
21.412097	215.930000	2013.325557
21.411072	215.952000	2013.530685
21.410047	215.974000	2013.735812
21.409021	215.996000	2013.940940
21.407996	216.018000	2014.146067
21.406971	216.040000	2014.351195
21.405945	216.062000	2014.556322
21.404920	216.084000	2014.761449
21.403894	216.106000	2014.966577
21.402869	216.128000	2015.171704
21.401843	216.150000	2015.376832
21.400817	216.172000	2015.581959
21.399792	216.194000	2015.787086
21.398766	216.216000	2015.992214
21.397740	216.238000	2016.197341
21.396714	216.260000	2016.402469
21.395688	216.282000	2016.607596
21.394663	216.304000	2016.812723
21.393637	216.326000	2017.017851
21.392611	216.348000	2017.222978
21.391585	216.370000	2017.428106
21.390558	216.392000	2017.633233
21.389532	216.414000	2017.838361
21.388506	216.436000	2018.043488
21.387480	216.458000	2018.248615
21.386454	216.480000	2018.453743
21.385427	216.502000	2018.658870
21.384401	216.524000	2018.863998
21.383375	216.546000	2019.069125
21.382348	216.568000	2019.274252
21.381322	216.590000	2019.479380
21.380295	216.612000	2019.684507
21.379269	216.634000	2019.889635
21.378242	216.656000	2020.094762
21.377215	216.678000	2020.299890
21.376189	216.700000	2020.505017
21.375162	216.722000	2020.710144
21.374135	216.744000	2020.915272
21.373108	216.766000	2021.120399
21.372081	216.788000	2021.325527
21.371055	216.810000	2021.530654
21.370028	216.832000	2021.735781
21.369001	216.854000	2021.940909
21.367974	216.876000	2022.146036
21.366947	216.898000	2022.351164
21.365919	216.920000	2022.556291
21.364892	216.942000	2022.761418
21.363865	216.964000	2022.966546
21.362838	216.986000	2023.171673
21.361811	217.008000	2023.376801
21.360783	217.030000	2023.581928
21.359756	217.052000	2023.787056
21.358728	217.074000	2023.992183
21.357701	217.096000	2024.197310
21.356673	217.118000	2024.402438
21.355646	217.140000	2024.607565
21.354618	217.162000	2024.812693
21.353591	217.184000	2025.017820
21.352563	217.206000	2025.222947
21.351535	217.228000	2025.428075
21.350507	217.250000	2025.633202
21.349480	217.272000	2025.838330
21.348452	217.294000	2026.043457
21.347424	217.316000	2026.248584
21.346396	217.338000	2026.453712
21.345368	217.360000	2026.658839
21.344340	217.382000	2026.863967
21.343312	217.404000	2027.069094
21.342284	217.426000	2027.274222
21.341256	217.448000	2027.479349
21.340227	217.470000	2027.684476
21.339199	217.492000	2027.889604
21.338171	217.514000	2028.094731
21.337143	217.536000	2028.299859
21.336114	217.558000	2028.504986
21.335086	217.580000	2028.710113
21.334057	217.602000	2028.915241
21.333029	217.624000	2029.120368
21.332000	217.646000	2029.325496
21.330972	217.668000	2029.530623
21.329943	217.690000	2029.735751
21.328915	217.712000	2029.940878
21.327886	217.734000	2030.146005
21.326857	217.756000	2030.351133
21.325828	217.778000	2030.556260
21.324799	217.800000	2030.761388
21.323771	217.822000	2030.966515
21.322742	217.844000	2031.171642
21.321713	217.866000	2031.376770
21.320684	217.888000	2031.581897
21.319655	217.910000	2031.787025
21.318625	217.932000	2031.992152
21.317596	217.954000	2032.197279
21.316567	217.976000	2032.402407
21.315538	217.998000	2032.607534
21.314509	218.020000	2032.812662
21.313479	218.042000	2033.017789
21.312450	218.064000	2033.222917
21.311421	218.086000	2033.428044
21.310391	218.108000	2033.633171
21.309362	218.130000	2033.838299
21.308332	218.152000	2034.043426
21.307303	218.174000	2034.248554
21.306273	218.196000	2034.453681
21.305243	218.218000	2034.658808
21.304214	218.240000	2034.863936
21.303184	218.262000	2035.069063
21.302154	218.284000	2035.274191
21.301124	218.306000	2035.479318
21.300094	218.328000	2035.684445
21.299064	218.350000	2035.889573
21.298034	218.372000	2036.094700
21.297004	218.394000	2036.299828
21.295974	218.416000	2036.504955
21.294944	218.438000	2036.710083
21.293914	218.460000	2036.915210
21.292884	218.482000	2037.120337
21.291854	218.504000	2037.325465
21.290823	218.526000	2037.530592
21.289793	218.548000	2037.735720
21.288763	218.570000	2037.940847
21.287732	218.592000	2038.145974
21.286702	218.614000	2038.351102
21.285671	218.636000	2038.556229
21.284641	218.658000	2038.761357
21.283610	218.680000	2038.966484
21.282580	218.702000	2039.171611
21.281549	218.724000	2039.376739
21.280518	218.746000	2039.581866
21.279488	218.768000	2039.786994
21.278457	218.790000	2039.992121
21.277426	218.812000	2040.197249
21.276395	218.834000	2040.402376
21.275364	218.856000	2040.607503
21.274333	218.878000	2040.812631
21.273302	218.900000	2041.017758
21.272271	218.922000	2041.222886
21.271240	218.944000	2041.428013
21.270209	218.966000	2041.633140
21.269178	218.988000	2041.838268
21.268147	219.010000	2042.043395
21.267115	219.032000	2042.248523
21.266084	219.054000	2042.453650
21.265053	219.076000	2042.658778
21.264021	219.098000	2042.863905
21.262990	219.120000	2043.069032
21.261958	219.142000	2043.274160
21.260927	219.164000	2043.479287
21.259895	219.186000	2043.684415
21.258864	219.208000	2043.889542
21.257832	219.230000	2044.094669
21.256800	219.252000	2044.299797
21.255768	219.274000	2044.504924
21.254737	219.296000	2044.710052
21.253705	219.318000	2044.915179
21.252673	219.340000	2045.120306
21.251641	219.362000	2045.325434
21.250609	219.384000	2045.530561
21.249577	219.406000	2045.735689
21.248545	219.428000	2045.940816
21.247513	219.450000	2046.145944
21.246481	219.472000	2046.351071
21.245449	219.494000	2046.556198
21.244416	219.516000	2046.761326
21.243384	219.538000	2046.966453
21.242352	219.560000	2047.171581
21.241319	219.582000	2047.376708
21.240287	219.604000	2047.581835
21.239255	219.626000	2047.786963
21.238222	219.648000	2047.992090
21.237190	219.670000	2048.197218
21.236157	219.692000	2048.402345
21.235124	219.714000	2048.607472
21.234092	219.736000	2048.812600
21.233059	219.758000	2049.017727
21.232026	219.780000	2049.222855
21.230993	219.802000	2049.427982
21.229961	219.824000	2049.633110
21.228928	219.846000	2049.838237
21.227895	219.868000	2050.043364
21.226862	219.890000	2050.248492
21.225829	219.912000	2050.453619
21.224796	219.934000	2050.658747
21.223763	219.956000	2050.863874
21.222730	219.978000	2051.069001
21.221696	220.000000	2051.274129
21.220663	220.022000	2051.479256
21.219630	220.044000	2051.684384
21.218596	220.066000	2051.889511
21.217563	220.088000	2052.094639
21.216530	220.110000	2052.299766
21.215496	220.132000	2052.504893
21.214463	220.154000	2052.710021
21.213429	220.176000	2052.915148
21.212396	220.198000	2053.120276
21.211362	220.220000	2053.325403
21.210328	220.242000	2053.530530
21.209295	220.264000	2053.735658
21.208261	220.286000	2053.940785
21.207227	220.308000	2054.145913
21.206193	220.330000	2054.351040
21.205159	220.352000	2054.556167
21.204125	220.374000	2054.761295
21.203091	220.396000	2054.966422
21.202057	220.418000	2055.171550
21.201023	220.440000	2055.376677
21.199989	220.462000	2055.581805
21.198955	220.484000	2055.786932
21.197921	220.506000	2055.992059
21.196887	220.528000	2056.197187
21.195852	220.550000	2056.402314
21.194818	220.572000	2056.607442
21.193784	220.594000	2056.812569
21.192749	220.616000	2057.017696
21.191715	220.638000	2057.222824
21.190680	220.660000	2057.427951
21.189646	220.682000	2057.633079
21.188611	220.704000	2057.838206
21.187577	220.726000	2058.043333
21.186542	220.748000	2058.248461
21.185507	220.770000	2058.453588
21.184472	220.792000	2058.658716
21.183438	220.814000	2058.863843
21.182403	220.836000	2059.068971
21.181368	220.858000	2059.274098
21.180333	220.880000	2059.479225
21.179298	220.902000	2059.684353
21.178263	220.924000	2059.889480
21.177228	220.946000	2060.094608
21.176193	220.968000	2060.299735
21.175158	220.990000	2060.504862
21.174122	221.012000	2060.709990
21.173087	221.034000	2060.915117
21.172052	221.056000	2061.120245
21.171016	221.078000	2061.325372
21.169981	221.100000	2061.530500
21.168946	221.122000	2061.735627
21.167910	221.144000	2061.940754
21.166875	221.166000	2062.145882
21.165839	221.188000	2062.351009
21.164803	221.210000	2062.556137
21.163768	221.232000	2062.761264
21.162732	221.254000	2062.966391
21.161696	221.276000	2063.171519
21.160661	221.298000	2063.376646
21.159625	221.320000	2063.581774
21.158589	221.342000	2063.786901
21.157553	221.364000	2063.992028
21.156517	221.386000	2064.197156
21.155481	221.408000	2064.402283
21.154445	221.430000	2064.607411
21.153409	221.452000	2064.812538
21.152373	221.474000	2065.017666
21.151337	221.496000	2065.222793
21.150300	221.518000	2065.427920
21.149264	221.540000	2065.633048
21.148228	221.562000	2065.838175
21.147191	221.584000	2066.043303
21.146155	221.606000	2066.248430
21.145119	221.628000	2066.453557
21.144082	221.650000	2066.658685
21.143046	221.672000	2066.863812
21.142009	221.694000	2067.068940
21.140972	221.716000	2067.274067
21.139936	221.738000	2067.479194
21.138899	221.760000	2067.684322
21.137862	221.782000	2067.889449
21.136826	221.804000	2068.094577
21.135789	221.826000	2068.299704
21.134752	221.848000	2068.504832
21.133715	221.870000	2068.709959
21.132678	221.892000	2068.915086
21.131641	221.914000	2069.120214
21.130604	221.936000	2069.325341
21.129567	221.958000	2069.530469
21.128530	221.980000	2069.735596
21.127492	222.002000	2069.940723
21.126455	222.024000	2070.145851
21.125418	222.046000	2070.350978
21.124381	222.068000	2070.556106
21.123343	222.090000	2070.761233
21.122306	222.112000	2070.966360
21.121268	222.134000	2071.171488
21.120231	222.156000	2071.376615
21.119193	222.178000	2071.581743
21.118156	222.200000	2071.786870
21.117118	222.222000	2071.991998
21.116080	222.244000	2072.197125
21.115043	222.266000	2072.402252
21.114005	222.288000	2072.607380
21.112967	222.310000	2072.812507
21.111929	222.332000	2073.017635
21.110891	222.354000	2073.222762
21.109853	222.376000	2073.427889
21.108815	222.398000	2073.633017
21.107777	222.420000	2073.838144
21.106739	222.442000	2074.043272
21.105701	222.464000	2074.248399
21.104663	222.486000	2074.453527
21.103625	222.508000	2074.658654
21.102586	222.530000	2074.863781
21.101548	222.552000	2075.068909
21.100510	222.574000	2075.274036
21.099471	222.596000	2075.479164
21.098433	222.618000	2075.684291
21.097394	222.640000	2075.889418
21.096356	222.662000	2076.094546
21.095317	222.684000	2076.299673
21.094279	222.706000	2076.504801
21.093240	222.728000	2076.709928
21.092201	222.750000	2076.915055
21.091163	222.772000	2077.120183
21.090124	222.794000	2077.325310
21.089085	222.816000	2077.530438
21.088046	222.838000	2077.735565
21.087007	222.860000	2077.940693
21.085968	222.882000	2078.145820
21.084929	222.904000	2078.350947
21.083890	222.926000	2078.556075
21.082851	222.948000	2078.761202
21.081812	222.970000	2078.966330
21.080773	222.992000	2079.171457
21.079734	223.014000	2079.376584
21.078694	223.036000	2079.581712
21.077655	223.058000	2079.786839
21.076616	223.080000	2079.991967
21.075576	223.102000	2080.197094
21.074537	223.124000	2080.402221
21.073497	223.146000	2080.607349
21.072458	223.168000	2080.812476
21.071418	223.190000	2081.017604
21.070378	223.212000	2081.222731
21.069339	223.234000	2081.427859
21.068299	223.256000	2081.632986
21.067259	223.278000	2081.838113
21.066219	223.300000	2082.043241
21.065180	223.322000	2082.248368
21.064140	223.344000	2082.453496
21.063100	223.366000	2082.658623
21.062060	223.388000	2082.863750
21.061020	223.410000	2083.068878
21.059980	223.432000	2083.274005
21.058939	223.454000	2083.479133
21.057899	223.476000	2083.684260
21.056859	223.498000	2083.889388
21.055819	223.520000	2084.094515
21.054778	223.542000	2084.299642
21.053738	223.564000	2084.504770
21.052698	223.586000	2084.709897
21.051657	223.608000	2084.915025
21.050617	223.630000	2085.120152
21.049576	223.652000	2085.325279
21.048536	223.674000	2085.530407
21.047495	223.696000	2085.735534
21.046454	223.718000	2085.940662
21.045414	223.740000	2086.145789
21.044373	223.762000	2086.350916
21.043332	223.784000	2086.556044
21.042291	223.806000	2086.761171
21.041250	223.828000	2086.966299
21.040209	223.850000	2087.171426
21.039168	223.872000	2087.376554
21.038127	223.894000	2087.581681
21.037086	223.916000	2087.786808
21.036045	223.938000	2087.991936
21.035004	223.960000	2088.197063
21.033963	223.982000	2088.402191
21.032922	224.004000	2088.607318
21.031880	224.026000	2088.812445
21.030839	224.048000	2089.017573
21.029798	224.070000	2089.222700
21.028756	224.092000	2089.427828
21.027715	224.114000	2089.632955
21.026673	224.136000	2089.838082
21.025632	224.158000	2090.043210
21.024590	224.180000	2090.248337
21.023548	224.202000	2090.453465
21.022507	224.224000	2090.658592
21.021465	224.246000	2090.863720
21.020423	224.268000	2091.068847
21.019381	224.290000	2091.273974
21.018339	224.312000	2091.479102
21.017298	224.334000	2091.684229
21.016256	224.356000	2091.889357
21.015214	224.378000	2092.094484
21.014172	224.400000	2092.299611
21.013129	224.422000	2092.504739
21.012087	224.444000	2092.709866
21.011045	224.466000	2092.914994
21.010003	224.488000	2093.120121
21.008961	224.510000	2093.325248
21.007918	224.532000	2093.530376
21.006876	224.554000	2093.735503
21.005833	224.576000	2093.940631
21.004791	224.598000	2094.145758
21.003748	224.620000	2094.350886
21.002706	224.642000	2094.556013
21.001663	224.664000	2094.761140
21.000621	224.686000	2094.966268
20.999578	224.708000	2095.171395
20.998535	224.730000	2095.376523
20.997492	224.752000	2095.581650
20.996450	224.774000	2095.786777
20.995407	224.796000	2095.991905
20.994364	224.818000	2096.197032
20.993321	224.840000	2096.402160
20.992278	224.862000	2096.607287
20.991235	224.884000	2096.812415
20.990192	224.906000	2097.017542
20.989149	224.928000	2097.222669
20.988105	224.950000	2097.427797
20.987062	224.972000	2097.632924
20.986019	224.994000	2097.838052
20.984976	225.016000	2098.043179
20.983932	225.038000	2098.248306
20.982889	225.060000	2098.453434
20.981845	225.082000	2098.658561
20.980802	225.104000	2098.863689
20.979758	225.126000	2099.068816
20.978715	225.148000	2099.273943
20.977671	225.170000	2099.479071
20.976628	225.192000	2099.684198
20.975584	225.214000	2099.889326
20.974540	225.236000	2100.094453
20.973496	225.258000	2100.299581
20.972452	225.280000	2100.504708
20.971408	225.302000	2100.709835
20.970364	225.324000	2100.914963
20.969321	225.346000	2101.120090
20.968276	225.368000	2101.325218
20.967232	225.390000	2101.530345
20.966188	225.412000	2101.735472
20.965144	225.434000	2101.940600
20.964100	225.456000	2102.145727
20.963056	225.478000	2102.350855
20.962011	225.500000	2102.555982
20.960967	225.522000	2102.761109
20.959923	225.544000	2102.966237
20.958878	225.566000	2103.171364
20.957834	225.588000	2103.376492
20.956789	225.610000	2103.581619
20.955744	225.632000	2103.786747
20.954700	225.654000	2103.991874
20.953655	225.676000	2104.197001
20.952610	225.698000	2104.402129
20.951566	225.720000	2104.607256
20.950521	225.742000	2104.812384
20.949476	225.764000	2105.017511
20.948431	225.786000	2105.222638
20.947386	225.808000	2105.427766
20.946341	225.830000	2105.632893
20.945296	225.852000	2105.838021
20.944251	225.874000	2106.043148
20.943206	225.896000	2106.248276
20.942161	225.918000	2106.453403
20.941116	225.940000	2106.658530
20.940070	225.962000	2106.863658
20.939025	225.984000	2107.068785
20.937980	226.006000	2107.273913
20.936934	226.028000	2107.479040
20.935889	226.050000	2107.684167
20.934843	226.072000	2107.889295
20.933798	226.094000	2108.094422
20.932752	226.116000	2108.299550
20.931707	226.138000	2108.504677
20.930661	226.160000	2108.709804
20.929615	226.182000	2108.914932
20.928569	226.204000	2109.120059
20.927524	226.226000	2109.325187
20.926478	226.248000	2109.530314
20.925432	226.270000	2109.735442
20.924386	226.292000	2109.940569
20.923340	226.314000	2110.145696
20.922294	226.336000	2110.350824
20.921248	226.358000	2110.555951
20.920202	226.380000	2110.761079
20.919156	226.402000	2110.966206
20.918109	226.424000	2111.171333
20.917063	226.446000	2111.376461
20.916017	226.468000	2111.581588
20.914970	226.490000	2111.786716
20.913924	226.512000	2111.991843
20.912878	226.534000	2112.196970
20.911831	226.556000	2112.402098
20.910785	226.578000	2112.607225
20.909738	226.600000	2112.812353
20.908691	226.622000	2113.017480
20.907645	226.644000	2113.222608
20.906598	226.666000	2113.427735
20.905551	226.688000	2113.632862
20.904504	226.710000	2113.837990
20.903457	226.732000	2114.043117
20.902411	226.754000	2114.248245
20.901364	226.776000	2114.453372
20.900317	226.798000	2114.658499
20.899270	226.820000	2114.863627
20.898223	226.842000	2115.068754
20.897175	226.864000	2115.273882
20.896128	226.886000	2115.479009
20.895081	226.908000	2115.684137
20.894034	226.930000	2115.889264
20.892986	226.952000	2116.094391
20.891939	226.974000	2116.299519
20.890892	226.996000	2116.504646
20.889844	227.018000	2116.709774
20.888797	227.040000	2116.914901
20.887749	227.062000	2117.120028
20.886702	227.084000	2117.325156
20.885654	227.106000	2117.530283
20.884606	227.128000	2117.735411
20.883559	227.150000	2117.940538
20.882511	227.172000	2118.145665
20.881463	227.194000	2118.350793
20.880415	227.216000	2118.555920
20.879367	227.238000	2118.761048
20.878319	227.260000	2118.966175
20.877271	227.282000	2119.171303
20.876223	227.304000	2119.376430
20.875175	227.326000	2119.581557
20.874127	227.348000	2119.786685
20.873079	227.370000	2119.991812
20.872031	227.392000	2120.196940
20.870982	227.414000	2120.402067
20.869934	227.436000	2120.607194
20.868886	227.458000	2120.812322
20.867837	227.480000	2121.017449
20.866789	227.502000	2121.222577
20.865740	227.524000	2121.427704
20.864692	227.546000	2121.632831
20.863643	227.568000	2121.837959
20.862595	227.590000	2122.043086
20.861546	227.612000	2122.248214
20.860497	227.634000	2122.453341
20.859448	227.656000	2122.658469
20.858400	227.678000	2122.863596
20.857351	227.700000	2123.068723
20.856302	227.722000	2123.273851
20.855253	227.744000	2123.478978
20.854204	227.766000	2123.684106
20.853155	227.788000	2123.889233
20.852106	227.810000	2124.094360
20.851057	227.832000	2124.299488
20.850007	227.854000	2124.504615
20.848958	227.876000	2124.709743
20.847909	227.898000	2124.914870
20.846859	227.920000	2125.119997
20.845810	227.942000	2125.325125
20.844761	227.964000	2125.530252
20.843711	227.986000	2125.735380
20.842662	228.008000	2125.940507
20.841612	228.030000	2126.145635
20.840563	228.052000	2126.350762
20.839513	228.074000	2126.555889
20.838463	228.096000	2126.761017
20.837414	228.118000	2126.966144
20.836364	228.140000	2127.171272
20.835314	228.162000	2127.376399
20.834264	228.184000	2127.581526
20.833214	228.206000	2127.786654
20.832164	228.228000	2127.991781
20.831114	228.250000	2128.196909
20.830064	228.272000	2128.402036
20.829014	228.294000	2128.607164
20.827964	228.316000	2128.812291
20.826914	228.338000	2129.017418
20.825863	228.360000	2129.222546
20.824813	228.382000	2129.427673
20.823763	228.404000	2129.632801
20.822712	228.426000	2129.837928
20.821662	228.448000	2130.043055
20.820611	228.470000	2130.248183
20.819561	228.492000	2130.453310
20.818510	228.514000	2130.658438
20.817460	228.536000	2130.863565
20.816409	228.558000	2131.068692
20.815358	228.580000	2131.273820
20.814308	228.602000	2131.478947
20.813257	228.624000	2131.684075
20.812206	228.646000	2131.889202
20.811155	228.668000	2132.094330
20.810104	228.690000	2132.299457
20.809053	228.712000	2132.504584
20.808002	228.734000	2132.709712
20.806951	228.756000	2132.914839
20.805900	228.778000	2133.119967
20.804849	228.800000	2133.325094
20.803798	228.822000	2133.530221
20.802746	228.844000	2133.735349
20.801695	228.866000	2133.940476
20.800644	228.888000	2134.145604
20.799592	228.910000	2134.350731
20.798541	228.932000	2134.555858
20.797489	228.954000	2134.760986
20.796438	228.976000	2134.966113
20.795386	228.998000	2135.171241
20.794335	229.020000	2135.376368
20.793283	229.042000	2135.581496
20.792231	229.064000	2135.786623
20.791179	229.086000	2135.991750
20.790128	229.108000	2136.196878
20.789076	229.130000	2136.402005
20.788024	229.152000	2136.607133
20.786972	229.174000	2136.812260
20.785920	229.196000	2137.017387
20.784868	229.218000	2137.222515
20.783816	229.240000	2137.427642
20.782764	229.262000	2137.632770
20.781711	229.284000	2137.837897
20.780659	229.306000	2138.043025
20.779607	229.328000	2138.248152
20.778555	229.350000	2138.453279
20.777502	229.372000	2138.658407
20.776450	229.394000	2138.863534
20.775397	229.416000	2139.068662
20.774345	229.438000	2139.273789
20.773292	229.460000	2139.478916
20.772240	229.482000	2139.684044
20.771187	229.504000	2139.889171
20.770134	229.526000	2140.094299
20.769082	229.548000	2140.299426
20.768029	229.570000	2140.504553
20.766976	229.592000	2140.709681
20.765923	229.614000	2140.914808
20.764870	229.636000	2141.119936
20.763817	229.658000	2141.325063
20.762764	229.680000	2141.530191
20.761711	229.702000	2141.735318
20.760658	229.724000	2141.940445
20.759605	229.746000	2142.145573
20.758552	229.768000	2142.350700
20.757498	229.790000	2142.555828
20.756445	229.812000	2142.760955
20.755392	229.834000	2142.966082
20.754338	229.856000	2143.171210
20.753285	229.878000	2143.376337
20.752231	229.900000	2143.581465
20.751178	229.922000	2143.786592
20.750124	229.944000	2143.991719
20.749071	229.966000	2144.196847
20.748017	229.988000	2144.401974
20.746963	230.010000	2144.607102
20.745909	230.032000	2144.812229
20.744856	230.054000	2145.017357
20.743802	230.076000	2145.222484
20.742748	230.098000	2145.427611
20.741694	230.120000	2145.632739
20.740640	230.142000	2145.837866
20.739586	230.164000	2146.042994
20.738532	230.186000	2146.248121
20.737478	230.208000	2146.453248
20.736424	230.230000	2146.658376
20.735369	230.252000	2146.863503
20.734315	230.274000	2147.068631
20.733261	230.296000	2147.273758
20.732206	230.318000	2147.478886
20.731152	230.340000	2147.684013
20.730097	230.362000	2147.889140
20.729043	230.384000	2148.094268
20.727988	230.406000	2148.299395
20.726934	230.428000	2148.504523
20.725879	230.450000	2148.709650
20.724824	230.472000	2148.914777
20.723770	230.494000	2149.119905
20.722715	230.516000	2149.325032
20.721660	230.538000	2149.530160
20.720605	230.560000	2149.735287
20.719550	230.582000	2149.940414
20.718495	230.604000	2150.145542
20.717440	230.626000	2150.350669
20.716385	230.648000	2150.555797
20.715330	230.670000	2150.760924
20.714275	230.692000	2150.966052
20.713220	230.714000	2151.171179
20.712164	230.736000	2151.376306
20.711109	230.758000	2151.581434
20.710054	230.780000	2151.786561
20.708998	230.802000	2151.991689
20.707943	230.824000	2152.196816
20.706887	230.846000	2152.401943
20.705832	230.868000	2152.607071
20.704776	230.890000	2152.812198
20.703721	230.912000	2153.017326
20.702665	230.934000	2153.222453
20.701609	230.956000	2153.427580
20.700554	230.978000	2153.632708
20.699498	231.000000	2153.837835
20.698442	231.022000	2154.042963
20.697386	231.044000	2154.248090
20.696330	231.066000	2154.453218
20.695274	231.088000	2154.658345
20.694218	231.110000	2154.863472
20.693162	231.132000	2155.068600
20.692106	231.154000	2155.273727
20.691050	231.176000	2155.478855
20.689993	231.198000	2155.683982
20.688937	231.220000	2155.889109
20.687881	231.242000	2156.094237
20.686824	231.264000	2156.299364
20.685768	231.286000	2156.504492
20.684711	231.308000	2156.709619
20.683655	231.330000	2156.914746
20.682598	231.352000	2157.119874
20.681542	231.374000	2157.325001
20.680485	231.396000	2157.530129
20.679428	231.418000	2157.735256
20.678372	231.440000	2157.940384
20.677315	231.462000	2158.145511
20.676258	231.484000	2158.350638
20.675201	231.506000	2158.555766
20.674144	231.528000	2158.760893
20.673087	231.550000	2158.966021
20.672030	231.572000	2159.171148
20.670973	231.594000	2159.376275
20.669916	231.616000	2159.581403
20.668859	231.638000	2159.786530
20.667801	231.660000	2159.991658
20.666744	231.682000	2160.196785
20.665687	231.704000	2160.401913
20.664629	231.726000	2160.607040
20.663572	231.748000	2160.812167
20.662515	231.770000	2161.017295
20.661457	231.792000	2161.222422
20.660400	231.814000	2161.427550
20.659342	231.836000	2161.632677
20.658284	231.858000	2161.837804
20.657227	231.880000	2162.042932
20.656169	231.902000	2162.248059
20.655111	231.924000	2162.453187
20.654053	231.946000	2162.658314
20.652995	231.968000	2162.863441
20.651937	231.990000	2163.068569
20.650879	232.012000	2163.273696
20.649821	232.034000	2163.478824
20.648763	232.056000	2163.683951
20.647705	232.078000	2163.889079
20.646647	232.100000	2164.094206
20.645589	232.122000	2164.299333
20.644531	232.144000	2164.504461
20.643472	232.166000	2164.709588
20.642414	232.188000	2164.914716
20.641355	232.210000	2165.119843
20.640297	232.232000	2165.324970
20.639239	232.254000	2165.530098
20.638180	232.276000	2165.735225
20.637121	232.298000	2165.940353
20.636063	232.320000	2166.145480
20.635004	232.342000	2166.350607
20.633945	232.364000	2166.555735
20.632887	232.386000	2166.760862
20.631828	232.408000	2166.965990
20.630769	232.430000	2167.171117
20.629710	232.452000	2167.376245
20.628651	232.474000	2167.581372
20.627592	232.496000	2167.786499
20.626533	232.518000	2167.991627
20.625474	232.540000	2168.196754
20.624415	232.562000	2168.401882
20.623355	232.584000	2168.607009
20.622296	232.606000	2168.812136
20.621237	232.628000	2169.017264
20.620178	232.650000	2169.222391
20.619118	232.672000	2169.427519
20.618059	232.694000	2169.632646
20.616999	232.716000	2169.837774
20.615940	232.738000	2170.042901
20.614880	232.760000	2170.248028
20.613820	232.782000	2170.453156
20.612761	232.804000	2170.658283
20.611701	232.826000	2170.863411
20.610641	232.848000	2171.068538
20.609581	232.870000	2171.273665
20.608522	232.892000	2171.478793
20.607462	232.914000	2171.683920
20.606402	232.936000	2171.889048
20.605342	232.958000	2172.094175
20.604282	232.980000	2172.299302
20.603221	233.002000	2172.504430
20.602161	233.024000	2172.709557
20.601101	233.046000	2172.914685
20.600041	233.068000	2173.119812
20.598981	233.090000	2173.324940
20.597920	233.112000	2173.530067
20.596860	233.134000	2173.735194
20.595799	233.156000	2173.940322
20.594739	233.178000	2174.145449
20.593678	233.200000	2174.350577
20.592618	233.222000	2174.555704
20.591557	233.244000	2174.760831
20.590497	233.266000	2174.965959
20.589436	233.288000	2175.171086
20.588375	233.310000	2175.376214
20.587314	233.332000	2175.581341
20.586253	233.354000	2175.786468
20.585192	233.376000	2175.991596
20.584131	233.398000	2176.196723
20.583070	233.420000	2176.401851
20.582009	233.442000	2176.606978
20.580948	233.464000	2176.812106
20.579887	233.486000	2177.017233
20.578826	233.508000	2177.222360
20.577765	233.530000	2177.427488
20.576703	233.552000	2177.632615
20.575642	233.574000	2177.837743
20.574581	233.596000	2178.042870
20.573519	233.618000	2178.247997
20.572458	233.640000	2178.453125
20.571396	233.662000	2178.658252
20.570335	233.684000	2178.863380
20.569273	233.706000	2179.068507
20.568211	233.728000	2179.273634
20.567150	233.750000	2179.478762
20.566088	233.772000	2179.683889
20.565026	233.794000	2179.889017
20.563964	233.816000	2180.094144
20.562902	233.838000	2180.299272
20.561840	233.860000	2180.504399
20.560778	233.882000	2180.709526
20.559716	233.904000	2180.914654
20.558654	233.926000	2181.119781
20.557592	233.948000	2181.324909
20.556530	233.970000	2181.530036
20.555468	233.992000	2181.735163
20.554405	234.014000	2181.940291
20.553343	234.036000	2182.145418
20.552281	234.058000	2182.350546
20.551218	234.080000	2182.555673
20.550156	234.102000	2182.760801
20.549093	234.124000	2182.965928
20.548031	234.146000	2183.171055
20.546968	234.168000	2183.376183
20.545905	234.190000	2183.581310
20.544842	234.212000	2183.786438
20.543780	234.234000	2183.991565
20.542717	234.256000	2184.196692
20.541654	234.278000	2184.401820
20.540591	234.300000	2184.606947
20.539528	234.322000	2184.812075
20.538465	234.344000	2185.017202
20.537402	234.366000	2185.222329
20.536339	234.388000	2185.427457
20.535276	234.410000	2185.632584
20.534213	234.432000	2185.837712
20.533149	234.454000	2186.042839
20.532086	234.476000	2186.247967
20.531023	234.498000	2186.453094
20.529959	234.520000	2186.658221
20.528896	234.542000	2186.863349
20.527832	234.564000	2187.068476
20.526769	234.586000	2187.273604
20.525705	234.608000	2187.478731
20.524642	234.630000	2187.683858
20.523578	234.652000	2187.888986
20.522514	234.674000	2188.094113
20.521450	234.696000	2188.299241
20.520387	234.718000	2188.504368
20.519323	234.740000	2188.709495
20.518259	234.762000	2188.914623
20.517195	234.784000	2189.119750
20.516131	234.806000	2189.324878
20.515067	234.828000	2189.530005
20.514003	234.850000	2189.735133
20.512939	234.872000	2189.940260
20.511874	234.894000	2190.145387
20.510810	234.916000	2190.350515
20.509746	234.938000	2190.555642
20.508681	234.960000	2190.760770
20.507617	234.982000	2190.965897
20.506553	235.004000	2191.171024
20.505488	235.026000	2191.376152
20.504423	235.048000	2191.581279
20.503359	235.070000	2191.786407
20.502294	235.092000	2191.991534
20.501230	235.114000	2192.196662
20.500165	235.136000	2192.401789
20.499100	235.158000	2192.606916
20.498035	235.180000	2192.812044
20.496970	235.202000	2193.017171
20.495905	235.224000	2193.222299
20.494840	235.246000	2193.427426
20.493775	235.268000	2193.632553
20.492710	235.290000	2193.837681
20.491645	235.312000	2194.042808
20.490580	235.334000	2194.247936
20.489515	235.356000	2194.453063
20.488450	235.378000	2194.658190
20.487384	235.400000	2194.863318
20.486319	235.422000	2195.068445
20.485253	235.444000	2195.273573
20.484188	235.466000	2195.478700
20.483122	235.488000	2195.683828
20.482057	235.510000	2195.888955
20.480991	235.532000	2196.094082
20.479926	235.554000	2196.299210
20.478860	235.576000	2196.504337
20.477794	235.598000	2196.709465
20.476728	235.620000	2196.914592
20.475663	235.642000	2197.119719
20.474597	235.664000	2197.324847
20.473531	235.686000	2197.529974
20.472465	235.708000	2197.735102
20.471399	235.730000	2197.940229
20.470333	235.752000	2198.145356
20.469267	235.774000	2198.350484
20.468200	235.796000	2198.555611
20.467134	235.818000	2198.760739
20.466068	235.840000	2198.965866
20.465002	235.862000	2199.170994
20.463935	235.884000	2199.376121
20.462869	235.906000	2199.581248
20.461802	235.928000	2199.786376
20.460736	235.950000	2199.991503
20.459669	235.972000	2200.196631
20.458603	235.994000	2200.401758
20.457536	236.016000	2200.606885
20.456469	236.038000	2200.812013
20.455402	236.060000	2201.017140
20.454336	236.082000	2201.222268
20.453269	236.104000	2201.427395
20.452202	236.126000	2201.632523
20.451135	236.148000	2201.837650
20.450068	236.170000	2202.042777
20.449001	236.192000	2202.247905
20.447934	236.214000	2202.453032
20.446867	236.236000	2202.658160
20.445799	236.258000	2202.863287
20.444732	236.280000	2203.068414
20.443665	236.302000	2203.273542
20.442597	236.324000	2203.478669
20.441530	236.346000	2203.683797
20.440463	236.368000	2203.888924
20.439395	236.390000	2204.094051
20.438328	236.412000	2204.299179
20.437260	236.434000	2204.504306
20.436192	236.456000	2204.709434
20.435125	236.478000	2204.914561
20.434057	236.500000	2205.119689
20.432989	236.522000	2205.324816
20.431921	236.544000	2205.529943
20.430853	236.566000	2205.735071
20.429786	236.588000	2205.940198
20.428718	236.610000	2206.145326
20.427650	236.632000	2206.350453
20.426582	236.654000	2206.555580
20.425513	236.676000	2206.760708
20.424445	236.698000	2206.965835
20.423377	236.720000	2207.170963
20.422309	236.742000	2207.376090
20.421240	236.764000	2207.581217
20.420172	236.786000	2207.786345
20.419104	236.808000	2207.991472
20.418035	236.830000	2208.196600
20.416967	236.852000	2208.401727
20.415898	236.874000	2208.606855
20.414830	236.896000	2208.811982
20.413761	236.918000	2209.017109
20.412692	236.940000	2209.222237
20.411623	236.962000	2209.427364
20.410555	236.984000	2209.632492
20.409486	237.006000	2209.837619
20.408417	237.028000	2210.042746
20.407348	237.050000	2210.247874
20.406279	237.072000	2210.453001
20.405210	237.094000	2210.658129
20.404141	237.116000	2210.863256
20.403072	237.138000	2211.068383
20.402002	237.160000	2211.273511
20.400933	237.182000	2211.478638
20.399864	237.204000	2211.683766
20.398795	237.226000	2211.888893
20.397725	237.248000	2212.094021
20.396656	237.270000	2212.299148
20.395586	237.292000	2212.504275
20.394517	237.314000	2212.709403
20.393447	237.336000	2212.914530
20.392378	237.358000	2213.119658
20.391308	237.380000	2213.324785
20.390238	237.402000	2213.529912
20.389168	237.424000	2213.735040
20.388099	237.446000	2213.940167
20.387029	237.468000	2214.145295
20.385959	237.490000	2214.350422
20.384889	237.512000	2214.555550
20.383819	237.534000	2214.760677
20.382749	237.556000	2214.965804
20.381679	237.578000	2215.170932
20.380608	237.600000	2215.376059
20.379538	237.622000	2215.581187
20.378468	237.644000	2215.786314
20.377398	237.666000	2215.991441
20.376327	237.688000	2216.196569
20.375257	237.710000	2216.401696
20.374186	237.732000	2216.606824
20.373116	237.754000	2216.811951
20.372045	237.776000	2217.017078
20.370975	237.798000	2217.222206
20.369904	237.820000	2217.427333
20.368833	237.842000	2217.632461
20.367763	237.864000	2217.837588
20.366692	237.886000	2218.042716
20.365621	237.908000	2218.247843
20.364550	237.930000	2218.452970
20.363479	237.952000	2218.658098
20.362408	237.974000	2218.863225
20.361337	237.996000	2219.068353
20.360266	238.018000	2219.273480
20.359195	238.040000	2219.478607
20.358124	238.062000	2219.683735
20.357052	238.084000	2219.888862
20.355981	238.106000	2220.093990
20.354910	238.128000	2220.299117
20.353838	238.150000	2220.504244
20.352767	238.172000	2220.709372
20.351696	238.194000	2220.914499
20.350624	238.216000	2221.119627
20.349552	238.238000	2221.324754
20.348481	238.260000	2221.529882
20.347409	238.282000	2221.735009
20.346337	238.304000	2221.940136
20.345266	238.326000	2222.145264
20.344194	238.348000	2222.350391
20.343122	238.370000	2222.555519
20.342050	238.392000	2222.760646
20.340978	238.414000	2222.965773
20.339906	238.436000	2223.170901
20.338834	238.458000	2223.376028
20.337762	238.480000	2223.581156
20.336690	238.502000	2223.786283
20.335617	238.524000	2223.991411
20.334545	238.546000	2224.196538
20.333473	238.568000	2224.401665
20.332400	238.590000	2224.606793
20.331328	238.612000	2224.811920
20.330256	238.634000	2225.017048
20.329183	238.656000	2225.222175
20.328110	238.678000	2225.427302
20.327038	238.700000	2225.632430
20.325965	238.722000	2225.837557
20.324892	238.744000	2226.042685
20.323820	238.766000	2226.247812
20.322747	238.788000	2226.452939
20.321674	238.810000	2226.658067
20.320601	238.832000	2226.863194
20.319528	238.854000	2227.068322
20.318455	238.876000	2227.273449
20.317382	238.898000	2227.478577
20.316309	238.920000	2227.683704
20.315236	238.942000	2227.888831
20.314163	238.964000	2228.093959
20.313089	238.986000	2228.299086
20.312016	239.008000	2228.504214
20.310943	239.030000	2228.709341
20.309869	239.052000	2228.914468
20.308796	239.074000	2229.119596
20.307722	239.096000	2229.324723
20.306649	239.118000	2229.529851
20.305575	239.140000	2229.734978
20.304502	239.162000	2229.940105
20.303428	239.184000	2230.145233
20.302354	239.206000	2230.350360
20.301280	239.228000	2230.555488
20.300206	239.250000	2230.760615
20.299133	239.272000	2230.965743
20.298059	239.294000	2231.170870
20.296985	239.316000	2231.375997
20.295911	239.338000	2231.581125
20.294836	239.360000	2231.786252
20.293762	239.382000	2231.991380
20.292688	239.404000	2232.196507
20.291614	239.426000	2232.401634
20.290540	239.448000	2232.606762
20.289465	239.470000	2232.811889
20.288391	239.492000	2233.017017
20.287316	239.514000	2233.222144
20.286242	239.536000	2233.427272
20.285167	239.558000	2233.632399
20.284093	239.580000	2233.837526
20.283018	239.602000	2234.042654
20.281944	239.624000	2234.247781
20.280869	239.646000	2234.452909
20.279794	239.668000	2234.658036
20.278719	239.690000	2234.863163
20.277644	239.712000	2235.068291
20.276569	239.734000	2235.273418
20.275494	239.756000	2235.478546
20.274419	239.778000	2235.683673
20.273344	239.800000	2235.888800
20.272269	239.822000	2236.093928
20.271194	239.844000	2236.299055
20.270119	239.866000	2236.504183
20.269043	239.888000	2236.709310
20.267968	239.910000	2236.914438
20.266893	239.932000	2237.119565
20.265817	239.954000	2237.324692
20.264742	239.976000	2237.529820
20.263666	239.998000	2237.734947
20.262591	240.020000	2237.940075
20.261515	240.042000	2238.145202
20.260439	240.064000	2238.350329
20.259364	240.086000	2238.555457
20.258288	240.108000	2238.760584
20.257212	240.130000	2238.965712
20.256136	240.152000	2239.170839
20.255060	240.174000	2239.375966
20.253984	240.196000	2239.581094
20.252908	240.218000	2239.786221
20.251832	240.240000	2239.991349
20.250756	240.262000	2240.196476
20.249680	240.284000	2240.401604
20.248604	240.306000	2240.606731
20.247527	240.328000	2240.811858
20.246451	240.350000	2241.016986
20.245375	240.372000	2241.222113
20.244298	240.394000	2241.427241
20.243222	240.416000	2241.632368
20.242145	240.438000	2241.837495
20.241069	240.460000	2242.042623
20.239992	240.482000	2242.247750
20.238915	240.504000	2242.452878
20.237839	240.526000	2242.658005
20.236762	240.548000	2242.863132
20.235685	240.570000	2243.068260
20.234608	240.592000	2243.273387
20.233531	240.614000	2243.478515
20.232454	240.636000	2243.683642
20.231377	240.658000	2243.888770
20.230300	240.680000	2244.093897
20.229223	240.702000	2244.299024
20.228146	240.724000	2244.504152
20.227069	240.746000	2244.709279
20.225991	240.768000	2244.914407
20.224914	240.790000	2245.119534
20.223837	240.812000	2245.324661
20.222759	240.834000	2245.529789
20.221682	240.856000	2245.734916
20.220604	240.878000	2245.940044
20.219527	240.900000	2246.145171
20.218449	240.922000	2246.350299
20.217371	240.944000	2246.555426
20.216294	240.966000	2246.760553
20.215216	240.988000	2246.965681
20.214138	241.010000	2247.170808
20.213060	241.032000	2247.375936
20.211982	241.054000	2247.581063
20.210904	241.076000	2247.786190
20.209826	241.098000	2247.991318
20.208748	241.120000	2248.196445
20.207670	241.142000	2248.401573
20.206592	241.164000	2248.606700
20.205514	241.186000	2248.811827
20.204436	241.208000	2249.016955
20.203357	241.230000	2249.222082
20.202279	241.252000	2249.427210
20.201200	241.274000	2249.632337
20.200122	241.296000	2249.837465
20.199043	241.318000	2250.042592
20.197965	241.340000	2250.247719
20.196886	241.362000	2250.452847
20.195808	241.384000	2250.657974
20.194729	241.406000	2250.863102
20.193650	241.428000	2251.068229
20.192571	241.450000	2251.273356
20.191492	241.472000	2251.478484
20.190413	241.494000	2251.683611
20.189335	241.516000	2251.888739
20.188255	241.538000	2252.093866
20.187176	241.560000	2252.298993
20.186097	241.582000	2252.504121
20.185018	241.604000	2252.709248
20.183939	241.626000	2252.914376
20.182860	241.648000	2253.119503
20.181780	241.670000	2253.324631
20.180701	241.692000	2253.529758
20.179622	241.714000	2253.734885
20.178542	241.736000	2253.940013
20.177463	241.758000	2254.145140
20.176383	241.780000	2254.350268
20.175303	241.802000	2254.555395
20.174224	241.824000	2254.760522
20.173144	241.846000	2254.965650
20.172064	241.868000	2255.170777
20.170984	241.890000	2255.375905
20.169904	241.912000	2255.581032
20.168825	241.934000	2255.786160
20.167745	241.956000	2255.991287
20.166665	241.978000	2256.196414
20.165584	242.000000	2256.401542
20.164504	242.022000	2256.606669
20.163424	242.044000	2256.811797
20.162344	242.066000	2257.016924
20.161264	242.088000	2257.222051
20.160183	242.110000	2257.427179
20.159103	242.132000	2257.632306
20.158023	242.154000	2257.837434
20.156942	242.176000	2258.042561
20.155862	242.198000	2258.247688
20.154781	242.220000	2258.452816
20.153700	242.242000	2258.657943
20.152620	242.264000	2258.863071
20.151539	242.286000	2259.068198
20.150458	242.308000	2259.273326
20.149377	242.330000	2259.478453
20.148296	242.352000	2259.683580
20.147216	242.374000	2259.888708
20.146135	242.396000	2260.093835
20.145054	242.418000	2260.298963
20.143972	242.440000	2260.504090
20.142891	242.462000	2260.709217
20.141810	242.484000	2260.914345
20.140729	242.506000	2261.119472
20.139648	242.528000	2261.324600
20.138566	242.550000	2261.529727
20.137485	242.572000	2261.734854
20.136403	242.594000	2261.939982
20.135322	242.616000	2262.145109
20.134240	242.638000	2262.350237
20.133159	242.660000	2262.555364
20.132077	242.682000	2262.760492
20.130996	242.704000	2262.965619
20.129914	242.726000	2263.170746
20.128832	242.748000	2263.375874
20.127750	242.770000	2263.581001
20.126668	242.792000	2263.786129
20.125586	242.814000	2263.991256
20.124504	242.836000	2264.196383
20.123422	242.858000	2264.401511
20.122340	242.880000	2264.606638
20.121258	242.902000	2264.811766
20.120176	242.924000	2265.016893
20.119094	242.946000	2265.222020
20.118011	242.968000	2265.427148
20.116929	242.990000	2265.632275
20.115847	243.012000	2265.837403
20.114764	243.034000	2266.042530
20.113682	243.056000	2266.247658
20.112599	243.078000	2266.452785
20.111517	243.100000	2266.657912
20.110434	243.122000	2266.863040
20.109351	243.144000	2267.068167
20.108269	243.166000	2267.273295
20.107186	243.188000	2267.478422
20.106103	243.210000	2267.683549
20.105020	243.232000	2267.888677
20.103937	243.254000	2268.093804
20.102854	243.276000	2268.298932
20.101771	243.298000	2268.504059
20.100688	243.320000	2268.709187
20.099605	243.342000	2268.914314
20.098522	243.364000	2269.119441
20.097439	243.386000	2269.324569
20.096355	243.408000	2269.529696
20.095272	243.430000	2269.734824
20.094189	243.452000	2269.939951
20.093105	243.474000	2270.145078
20.092022	243.496000	2270.350206
20.090938	243.518000	2270.555333
20.089855	243.540000	2270.760461
20.088771	243.562000	2270.965588
20.087687	243.584000	2271.170715
20.086603	243.606000	2271.375843
20.085520	243.628000	2271.580970
20.084436	243.650000	2271.786098
20.083352	243.672000	2271.991225
20.082268	243.694000	2272.196353
20.081184	243.716000	2272.401480
20.080100	243.738000	2272.606607
20.079016	243.760000	2272.811735
20.077932	243.782000	2273.016862
20.076848	243.804000	2273.221990
20.075763	243.826000	2273.427117
20.074679	243.848000	2273.632244
20.073595	243.870000	2273.837372
20.072510	243.892000	2274.042499
20.071426	243.914000	2274.247627
20.070341	243.936000	2274.452754
20.069257	243.958000	2274.657881
20.068172	243.980000	2274.863009
20.067088	244.002000	2275.068136
20.066003	244.024000	2275.273264
20.064918	244.046000	2275.478391
20.063833	244.068000	2275.683519
20.062749	244.090000	2275.888646
20.061664	244.112000	2276.093773
20.060579	244.134000	2276.298901
20.059494	244.156000	2276.504028
20.058409	244.178000	2276.709156
20.057324	244.200000	2276.914283
20.056239	244.222000	2277.119410
20.055153	244.244000	2277.324538
20.054068	244.266000	2277.529665
20.052983	244.288000	2277.734793
20.051897	244.310000	2277.939920
20.050812	244.332000	2278.145048
20.049727	244.354000	2278.350175
20.048641	244.376000	2278.555302
20.047556	244.398000	2278.760430
20.046470	244.420000	2278.965557
20.045384	244.442000	2279.170685
20.044299	244.464000	2279.375812
20.043213	244.486000	2279.580939
20.042127	244.508000	2279.786067
20.041041	244.530000	2279.991194
20.039955	244.552000	2280.196322
20.038869	244.574000	2280.401449
20.037783	244.596000	2280.606576
20.036697	244.618000	2280.811704
20.035611	244.640000	2281.016831
20.034525	244.662000	2281.221959
20.033439	244.684000	2281.427086
20.032353	244.706000	2281.632214
20.031266	244.728000	2281.837341
20.030180	244.750000	2282.042468
20.029094	244.772000	2282.247596
20.028007	244.794000	2282.452723
20.026921	244.816000	2282.657851
20.025834	244.838000	2282.862978
20.024747	244.860000	2283.068105
20.023661	244.882000	2283.273233
20.022574	244.904000	2283.478360
20.021487	244.926000	2283.683488
20.020401	244.948000	2283.888615
20.019314	244.970000	2284.093742
20.018227	244.992000	2284.298870
20.017140	245.014000	2284.503997
20.016053	245.036000	2284.709125
20.014966	245.058000	2284.914252
20.013879	245.080000	2285.119380
20.012791	245.102000	2285.324507
20.011704	245.124000	2285.529634
20.010617	245.146000	2285.734762
20.009530	245.168000	2285.939889
20.008442	245.190000	2286.145017
20.007355	245.212000	2286.350144
20.006267	245.234000	2286.555271
20.005180	245.256000	2286.760399
20.004092	245.278000	2286.965526
20.003005	245.300000	2287.170654
20.001917	245.322000	2287.375781
20.000829	245.344000	2287.580909
19.999742	245.366000	2287.786036
19.998654	245.388000	2287.991163
19.997566	245.410000	2288.196291
19.996478	245.432000	2288.401418
19.995390	245.454000	2288.606546
19.994302	245.476000	2288.811673
19.993214	245.498000	2289.016800
19.992126	245.520000	2289.221928
19.991038	245.542000	2289.427055
19.989949	245.564000	2289.632183
19.988861	245.586000	2289.837310
19.987773	245.608000	2290.042437
19.986684	245.630000	2290.247565
19.985596	245.652000	2290.452692
19.984507	245.674000	2290.657820
19.983419	245.696000	2290.862947
19.982330	245.718000	2291.068075
19.981242	245.740000	2291.273202
19.980153	245.762000	2291.478329
19.979064	245.784000	2291.683457
19.977976	245.806000	2291.888584
19.976887	245.828000	2292.093712
19.975798	245.850000	2292.298839
19.974709	245.872000	2292.503966
19.973620	245.894000	2292.709094
19.972531	245.916000	2292.914221
19.971442	245.938000	2293.119349
19.970353	245.960000	2293.324476
19.969263	245.982000	2293.529603
19.968174	246.004000	2293.734731
19.967085	246.026000	2293.939858
19.965996	246.048000	2294.144986
19.964906	246.070000	2294.350113
19.963817	246.092000	2294.555241
19.962727	246.114000	2294.760368
19.961638	246.136000	2294.965495
19.960548	246.158000	2295.170623
19.959458	246.180000	2295.375750
19.958369	246.202000	2295.580878
19.957279	246.224000	2295.786005
19.956189	246.246000	2295.991132
19.955099	246.268000	2296.196260
19.954009	246.290000	2296.401387
19.952919	246.312000	2296.606515
19.951829	246.334000	2296.811642
19.950739	246.356000	2297.016769
19.949649	246.378000	2297.221897
19.948559	246.400000	2297.427024
19.947469	246.422000	2297.632152
19.946379	246.444000	2297.837279
19.945288	246.466000	2298.042407
19.944198	246.488000	2298.247534
19.943107	246.510000	2298.452661
19.942017	246.532000	2298.657789
19.940926	246.554000	2298.862916
19.939836	246.576000	2299.068044
19.938745	246.598000	2299.273171
19.937655	246.620000	2299.478298
19.936564	246.642000	2299.683426
19.935473	246.664000	2299.888553
19.934382	246.686000	2300.093681
19.933291	246.708000	2300.298808
19.932200	246.730000	2300.503936
19.931110	246.752000	2300.709063
19.930018	246.774000	2300.914190
19.928927	246.796000	2301.119318
19.927836	246.818000	2301.324445
19.926745	246.840000	2301.529573
19.925654	246.862000	2301.734700
19.924563	246.884000	2301.939827
19.923471	246.906000	2302.144955
19.922380	246.928000	2302.350082
19.921288	246.950000	2302.555210
19.920197	246.972000	2302.760337
19.919105	246.994000	2302.965464
19.918014	247.016000	2303.170592
19.916922	247.038000	2303.375719
19.915830	247.060000	2303.580847
19.914739	247.082000	2303.785974
19.913647	247.104000	2303.991102
19.912555	247.126000	2304.196229
19.911463	247.148000	2304.401356
19.910371	247.170000	2304.606484
19.909279	247.192000	2304.811611
19.908187	247.214000	2305.016739
19.907095	247.236000	2305.221866
19.906003	247.258000	2305.426993
19.904911	247.280000	2305.632121
19.903818	247.302000	2305.837248
19.902726	247.324000	2306.042376
19.901634	247.346000	2306.247503
19.900541	247.368000	2306.452630
19.899449	247.390000	2306.657758
19.898356	247.412000	2306.862885
19.897264	247.434000	2307.068013
19.896171	247.456000	2307.273140
19.895078	247.478000	2307.478268
19.893986	247.500000	2307.683395
19.892893	247.522000	2307.888522
19.891800	247.544000	2308.093650
19.890707	247.566000	2308.298777
19.889614	247.588000	2308.503905
19.888521	247.610000	2308.709032
19.887428	247.632000	2308.914159
19.886335	247.654000	2309.119287
19.885242	247.676000	2309.324414
19.884149	247.698000	2309.529542
19.883056	247.720000	2309.734669
19.881962	247.742000	2309.939797
19.880869	247.764000	2310.144924
19.879776	247.786000	2310.350051
19.878682	247.808000	2310.555179
19.877589	247.830000	2310.760306
19.876495	247.852000	2310.965434
19.875401	247.874000	2311.170561
19.874308	247.896000	2311.375688
19.873214	247.918000	2311.580816
19.872120	247.940000	2311.785943
19.871027	247.962000	2311.991071
19.869933	247.984000	2312.196198
19.868839	248.006000	2312.401325
19.867745	248.028000	2312.606453
19.866651	248.050000	2312.811580
19.865557	248.072000	2313.016708
19.864463	248.094000	2313.221835
19.863368	248.116000	2313.426963
19.862274	248.138000	2313.632090
19.861180	248.160000	2313.837217
19.860086	248.182000	2314.042345
19.858991	248.204000	2314.247472
19.857897	248.226000	2314.452600
19.856802	248.248000	2314.657727
19.855708	248.270000	2314.862854
19.854613	248.292000	2315.067982
19.853519	248.314000	2315.273109
19.852424	248.336000	2315.478237
19.851329	248.358000	2315.683364
19.850234	248.380000	2315.888491
19.849139	248.402000	2316.093619
19.848045	248.424000	2316.298746
19.846950	248.446000	2316.503874
19.845855	248.468000	2316.709001
19.844760	248.490000	2316.914129
19.843665	248.512000	2317.119256
19.842569	248.534000	2317.324383
19.841474	248.556000	2317.529511
19.840379	248.578000	2317.734638
19.839284	248.600000	2317.939766
19.838188	248.622000	2318.144893
19.837093	248.644000	2318.350020
19.835997	248.666000	2318.555148
19.834902	248.688000	2318.760275
19.833806	248.710000	2318.965403
19.832711	248.732000	2319.170530
19.831615	248.754000	2319.375657
19.830519	248.776000	2319.580785
19.829423	248.798000	2319.785912
19.828328	248.820000	2319.991040
19.827232	248.842000	2320.196167
19.826136	248.864000	2320.401295
19.825040	248.886000	2320.606422
19.823944	248.908000	2320.811549
19.822848	248.930000	2321.016677
19.821752	248.952000	2321.221804
19.820655	248.974000	2321.426932
19.819559	248.996000	2321.632059
19.818463	249.018000	2321.837186
19.817367	249.040000	2322.042314
19.816270	249.062000	2322.247441
19.815174	249.084000	2322.452569
19.814077	249.106000	2322.657696
19.812981	249.128000	2322.862824
19.811884	249.150000	2323.067951
19.810787	249.172000	2323.273078
19.809691	249.194000	2323.478206
19.808594	249.216000	2323.683333
19.807497	249.238000	2323.888461
19.806400	249.260000	2324.093588
19.805303	249.282000	2324.298715
19.804206	249.304000	2324.503843
19.803109	249.326000	2324.708970
19.802012	249.348000	2324.914098
19.800915	249.370000	2325.119225
19.799818	249.392000	2325.324352
19.798721	249.414000	2325.529480
19.797623	249.436000	2325.734607
19.796526	249.458000	2325.939735
19.795429	249.480000	2326.144862
19.794331	249.502000	2326.349990
19.793234	249.524000	2326.555117
19.792136	249.546000	2326.760244
19.791039	249.568000	2326.965372
19.789941	249.590000	2327.170499
19.788843	249.612000	2327.375627
19.787746	249.634000	2327.580754
19.786648	249.656000	2327.785881
19.785550	249.678000	2327.991009
19.784452	249.700000	2328.196136
19.783354	249.722000	2328.401264
19.782256	249.744000	2328.606391
19.781158	249.766000	2328.811518
19.780060	249.788000	2329.016646
19.778962	249.810000	2329.221773
19.777863	249.832000	2329.426901
19.776765	249.854000	2329.632028
19.775667	249.876000	2329.837156
19.774568	249.898000	2330.042283
19.773470	249.920000	2330.247410
19.772371	249.942000	2330.452538
19.771273	249.964000	2330.657665
19.770174	249.986000	2330.862793
19.769076	250.008000	2331.067920
19.767977	250.030000	2331.273047
19.766878	250.052000	2331.478175
19.765779	250.074000	2331.683302
19.764681	250.096000	2331.888430
19.763582	250.118000	2332.093557
19.762483	250.140000	2332.298685
19.761384	250.162000	2332.503812
19.760285	250.184000	2332.708939
19.759186	250.206000	2332.914067
19.758086	250.228000	2333.119194
19.756987	250.250000	2333.324322
19.755888	250.272000	2333.529449
19.754789	250.294000	2333.734576
19.753689	250.316000	2333.939704
19.752590	250.338000	2334.144831
19.751490	250.360000	2334.349959
19.750391	250.382000	2334.555086
19.749291	250.404000	2334.760213
19.748192	250.426000	2334.965341
19.747092	250.448000	2335.170468
19.745992	250.470000	2335.375596
19.744892	250.492000	2335.580723
19.743793	250.514000	2335.785851
19.742693	250.536000	2335.990978
19.741593	250.558000	2336.196105
19.740493	250.580000	2336.401233
19.739393	250.602000	2336.606360
19.738293	250.624000	2336.811488
19.737192	250.646000	2337.016615
19.736092	250.668000	2337.221742
19.734992	250.690000	2337.426870
19.733892	250.712000	2337.631997
19.732791	250.734000	2337.837125
19.731691	250.756000	2338.042252
19.730590	250.778000	2338.247379
19.729490	250.800000	2338.452507
19.728389	250.822000	2338.657634
19.727289	250.844000	2338.862762
19.726188	250.866000	2339.067889
19.725087	250.888000	2339.273017
19.723986	250.910000	2339.478144
19.722885	250.932000	2339.683271
19.721785	250.954000	2339.888399
19.720684	250.976000	2340.093526
19.719583	250.998000	2340.298654
19.718482	251.020000	2340.503781
19.717380	251.042000	2340.708908
19.716279	251.064000	2340.914036
19.715178	251.086000	2341.119163
19.714077	251.108000	2341.324291
19.712975	251.130000	2341.529418
19.711874	251.152000	2341.734546
19.710773	251.174000	2341.939673
19.709671	251.196000	2342.144800
19.708570	251.218000	2342.349928
19.707468	251.240000	2342.555055
19.706366	251.262000	2342.760183
19.705265	251.284000	2342.965310
19.704163	251.306000	2343.170437
19.703061	251.328000	2343.375565
19.701959	251.350000	2343.580692
19.700857	251.372000	2343.785820
19.699756	251.394000	2343.990947
19.698654	251.416000	2344.196074
19.697551	251.438000	2344.401202
19.696449	251.460000	2344.606329
19.695347	251.482000	2344.811457
19.694245	251.504000	2345.016584
19.693143	251.526000	2345.221712
19.692040	251.548000	2345.426839
19.690938	251.570000	2345.631966
19.689836	251.592000	2345.837094
19.688733	251.614000	2346.042221
19.687631	251.636000	2346.247349
19.686528	251.658000	2346.452476
19.685425	251.680000	2346.657603
19.684323	251.702000	2346.862731
19.683220	251.724000	2347.067858
19.682117	251.746000	2347.272986
19.681014	251.768000	2347.478113
19.679911	251.790000	2347.683240
19.678808	251.812000	2347.888368
19.677705	251.834000	2348.093495
19.676602	251.856000	2348.298623
19.675499	251.878000	2348.503750
19.674396	251.900000	2348.708878
19.673293	251.922000	2348.914005
19.672190	251.944000	2349.119132
19.671086	251.966000	2349.324260
19.669983	251.988000	2349.529387
19.668879	252.010000	2349.734515
19.667776	252.032000	2349.939642
19.666672	252.054000	2350.144769
19.665569	252.076000	2350.349897
19.664465	252.098000	2350.555024
19.663361	252.120000	2350.760152
19.662258	252.142000	2350.965279
19.661154	252.164000	2351.170406
19.660050	252.186000	2351.375534
19.658946	252.208000	2351.580661
19.657842	252.230000	2351.785789
19.656738	252.252000	2351.990916
19.655634	252.274000	2352.196044
19.654530	252.296000	2352.401171
19.653426	252.318000	2352.606298
19.652322	252.340000	2352.811426
19.651217	252.362000	2353.016553
19.650113	252.384000	2353.221681
19.649008	252.406000	2353.426808
19.647904	252.428000	2353.631935
19.646800	252.450000	2353.837063
19.645695	252.472000	2354.042190
19.644590	252.494000	2354.247318
19.643486	252.516000	2354.452445
19.642381	252.538000	2354.657573
19.641276	252.560000	2354.862700
19.640171	252.582000	2355.067827
19.639067	252.604000	2355.272955
19.637962	252.626000	2355.478082
19.636857	252.648000	2355.683210
19.635752	252.670000	2355.888337
19.634647	252.692000	2356.093464
19.633541	252.714000	2356.298592
19.632436	252.736000	2356.503719
19.631331	252.758000	2356.708847
19.630226	252.780000	2356.913974
19.629120	252.802000	2357.119101
19.628015	252.824000	2357.324229
19.626910	252.846000	2357.529356
19.625804	252.868000	2357.734484
19.624698	252.890000	2357.939611
19.623593	252.912000	2358.144739
19.622487	252.934000	2358.349866
19.621381	252.956000	2358.554993
19.620276	252.978000	2358.760121
19.619170	253.000000	2358.965248
19.618064	253.022000	2359.170376
19.616958	253.044000	2359.375503
19.615852	253.066000	2359.580630
19.614746	253.088000	2359.785758
19.613640	253.110000	2359.990885
19.612534	253.132000	2360.196013
19.611428	253.154000	2360.401140
19.610321	253.176000	2360.606267
19.609215	253.198000	2360.811395
19.608109	253.220000	2361.016522
19.607002	253.242000	2361.221650
19.605896	253.264000	2361.426777
19.604789	253.286000	2361.631905
19.603683	253.308000	2361.837032
19.602576	253.330000	2362.042159
19.601469	253.352000	2362.247287
19.600363	253.374000	2362.452414
19.599256	253.396000	2362.657542
19.598149	253.418000	2362.862669
19.597042	253.440000	2363.067796
19.595935	253.462000	2363.272924
19.594828	253.484000	2363.478051
19.593721	253.506000	2363.683179
19.592614	253.528000	2363.888306
19.591507	253.550000	2364.093434
19.590400	253.572000	2364.298561
19.589292	253.594000	2364.503688
19.588185	253.616000	2364.708816
19.587078	253.638000	2364.913943
19.585970	253.660000	2365.119071
19.584863	253.682000	2365.324198
19.583755	253.704000	2365.529325
19.582647	253.726000	2365.734453
19.581540	253.748000	2365.939580
19.580432	253.770000	2366.144708
19.579324	253.792000	2366.349835
19.578217	253.814000	2366.554962
19.577109	253.836000	2366.760090
19.576001	253.858000	2366.965217
19.574893	253.880000	2367.170345
19.573785	253.902000	2367.375472
19.572677	253.924000	2367.580600
19.571569	253.946000	2367.785727
19.570460	253.968000	2367.990854
19.569352	253.990000	2368.195982
19.568244	254.012000	2368.401109
19.567135	254.034000	2368.606237
19.566027	254.056000	2368.811364
19.564919	254.078000	2369.016491
19.563810	254.100000	2369.221619
19.562702	254.122000	2369.426746
19.561593	254.144000	2369.631874
19.560484	254.166000	2369.837001
19.559376	254.188000	2370.042128
19.558267	254.210000	2370.247256
19.557158	254.232000	2370.452383
19.556049	254.254000	2370.657511
19.554940	254.276000	2370.862638
19.553831	254.298000	2371.067766
19.552722	254.320000	2371.272893
19.551613	254.342000	2371.478020
19.550504	254.364000	2371.683148
19.549395	254.386000	2371.888275
19.548285	254.408000	2372.093403
19.547176	254.430000	2372.298530
19.546067	254.452000	2372.503657
19.544957	254.474000	2372.708785
19.543848	254.496000	2372.913912
19.542738	254.518000	2373.119040
19.541629	254.540000	2373.324167
19.540519	254.562000	2373.529295
19.539409	254.584000	2373.734422
19.538300	254.606000	2373.939549
19.537190	254.628000	2374.144677
19.536080	254.650000	2374.349804
19.534970	254.672000	2374.554932
19.533860	254.694000	2374.760059
19.532750	254.716000	2374.965186
19.531640	254.738000	2375.170314
19.530530	254.760000	2375.375441
19.529420	254.782000	2375.580569
19.528309	254.804000	2375.785696
19.527199	254.826000	2375.990823
19.526089	254.848000	2376.195951
19.524978	254.870000	2376.401078
19.523868	254.892000	2376.606206
19.522757	254.914000	2376.811333
19.521647	254.936000	2377.016461
19.520536	254.958000	2377.221588
19.519426	254.980000	2377.426715
19.518315	255.002000	2377.631843
19.517204	255.024000	2377.836970
19.516093	255.046000	2378.042098
19.514982	255.068000	2378.247225
19.513871	255.090000	2378.452352
19.512760	255.112000	2378.657480
19.511649	255.134000	2378.862607
19.510538	255.156000	2379.067735
19.509427	255.178000	2379.272862
19.508316	255.200000	2379.477989
19.507205	255.222000	2379.683117
19.506093	255.244000	2379.888244
19.504982	255.266000	2380.093372
19.503871	255.288000	2380.298499
19.502759	255.310000	2380.503627
19.501648	255.332000	2380.708754
19.500536	255.354000	2380.913881
19.499424	255.376000	2381.119009
19.498313	255.398000	2381.324136
19.497201	255.420000	2381.529264
19.496089	255.442000	2381.734391
19.494977	255.464000	2381.939518
19.493865	255.486000	2382.144646
19.492753	255.508000	2382.349773
19.491641	255.530000	2382.554901
19.490529	255.552000	2382.760028
19.489417	255.574000	2382.965155
19.488305	255.596000	2383.170283
19.487193	255.618000	2383.375410
19.486080	255.640000	2383.580538
19.484968	255.662000	2383.785665
19.483856	255.684000	2383.990793
19.482743	255.706000	2384.195920
19.481631	255.728000	2384.401047
19.480518	255.750000	2384.606175
19.479405	255.772000	2384.811302
19.478293	255.794000	2385.016430
19.477180	255.816000	2385.221557
19.476067	255.838000	2385.426684
19.474954	255.860000	2385.631812
19.473842	255.882000	2385.836939
19.472729	255.904000	2386.042067
19.471616	255.926000	2386.247194
19.470503	255.948000	2386.452322
19.469389	255.970000	2386.657449
19.468276	255.992000	2386.862576
19.467163	256.014000	2387.067704
19.466050	256.036000	2387.272831
19.464936	256.058000	2387.477959
19.463823	256.080000	2387.683086
19.462710	256.102000	2387.888213
19.461596	256.124000	2388.093341
19.460483	256.146000	2388.298468
19.459369	256.168000	2388.503596
19.458255	256.190000	2388.708723
19.457142	256.212000	2388.913850
19.456028	256.234000	2389.118978
19.454914	256.256000	2389.324105
19.453800	256.278000	2389.529233
19.452686	256.300000	2389.734360
19.451572	256.322000	2389.939488
19.450458	256.344000	2390.144615
19.449344	256.366000	2390.349742
19.448230	256.388000	2390.554870
19.447116	256.410000	2390.759997
19.446001	256.432000	2390.965125
19.444887	256.454000	2391.170252
19.443773	256.476000	2391.375379
19.442658	256.498000	2391.580507
19.441544	256.520000	2391.785634
19.440429	256.542000	2391.990762
19.439315	256.564000	2392.195889
19.438200	256.586000	2392.401016
19.437085	256.608000	2392.606144
19.435971	256.630000	2392.811271
19.434856	256.652000	2393.016399
19.433741	256.674000	2393.221526
19.432626	256.696000	2393.426654
19.431511	256.718000	2393.631781
19.430396	256.740000	2393.836908
19.429281	256.762000	2394.042036
19.428166	256.784000	2394.247163
19.427051	256.806000	2394.452291
19.425935	256.828000	2394.657418
19.424820	256.850000	2394.862545
19.423705	256.872000	2395.067673
19.422589	256.894000	2395.272800
19.421474	256.916000	2395.477928
19.420358	256.938000	2395.683055
19.419243	256.960000	2395.888183
19.418127	256.982000	2396.093310
19.417012	257.004000	2396.298437
19.415896	257.026000	2396.503565
19.414780	257.048000	2396.708692
19.413664	257.070000	2396.913820
19.412548	257.092000	2397.118947
19.411432	257.114000	2397.324074
19.410316	257.136000	2397.529202
19.409200	257.158000	2397.734329
19.408084	257.180000	2397.939457
19.406968	257.202000	2398.144584
19.405852	257.224000	2398.349711
19.404735	257.246000	2398.554839
19.403619	257.268000	2398.759966
19.402503	257.290000	2398.965094
19.401386	257.312000	2399.170221
19.400270	257.334000	2399.375349
19.399153	257.356000	2399.580476
19.398037	257.378000	2399.785603
19.396920	257.400000	2399.990731
19.395803	257.422000	2400.195858
19.394686	257.444000	2400.400986
19.393570	257.466000	2400.606113
19.392453	257.488000	2400.811240
19.391336	257.510000	2401.016368
19.390219	257.532000	2401.221495
19.389102	257.554000	2401.426623
19.387985	257.576000	2401.631750
19.386867	257.598000	2401.836877
19.385750	257.620000	2402.042005
19.384633	257.642000	2402.247132
19.383516	257.664000	2402.452260
19.382398	257.686000	2402.657387
19.381281	257.708000	2402.862515
19.380163	257.730000	2403.067642
19.379046	257.752000	2403.272769
19.377928	257.774000	2403.477897
19.376810	257.796000	2403.683024
19.375693	257.818000	2403.888152
19.374575	257.840000	2404.093279
19.373457	257.862000	2404.298406
19.372339	257.884000	2404.503534
19.371221	257.906000	2404.708661
19.370103	257.928000	2404.913789
19.368985	257.950000	2405.118916
19.367867	257.972000	2405.324043
19.366749	257.994000	2405.529171
19.365631	258.016000	2405.734298
19.364513	258.038000	2405.939426
19.363394	258.060000	2406.144553
19.362276	258.082000	2406.349681
19.361157	258.104000	2406.554808
19.360039	258.126000	2406.759935
19.358920	258.148000	2406.965063
19.357802	258.170000	2407.170190
19.356683	258.192000	2407.375318
19.355564	258.214000	2407.580445
19.354446	258.236000	2407.785572
19.353327	258.258000	2407.990700
19.352208	258.280000	2408.195827
19.351089	258.302000	2408.400955
19.349970	258.324000	2408.606082
19.348851	258.346000	2408.811210
19.347732	258.368000	2409.016337
19.346613	258.390000	2409.221464
19.345493	258.412000	2409.426592
19.344374	258.434000	2409.631719
19.343255	258.456000	2409.836847
19.342135	258.478000	2410.041974
19.341016	258.500000	2410.247101
19.339897	258.522000	2410.452229
19.338777	258.544000	2410.657356
19.337657	258.566000	2410.862484
19.336538	258.588000	2411.067611
19.335418	258.610000	2411.272738
19.334298	258.632000	2411.477866
19.333178	258.654000	2411.682993
19.332059	258.676000	2411.888121
19.330939	258.698000	2412.093248
19.329819	258.720000	2412.298376
19.328699	258.742000	2412.503503
19.327579	258.764000	2412.708630
19.326458	258.786000	2412.913758
19.325338	258.808000	2413.118885
19.324218	258.830000	2413.324013
19.323098	258.852000	2413.529140
19.321977	258.874000	2413.734267
19.320857	258.896000	2413.939395
19.319736	258.918000	2414.144522
19.318616	258.940000	2414.349650
19.317495	258.962000	2414.554777
19.316374	258.984000	2414.759904
19.315254	259.006000	2414.965032
19.314133	259.028000	2415.170159
19.313012	259.050000	2415.375287
19.311891	259.072000	2415.580414
19.310770	259.094000	2415.785542
19.309649	259.116000	2415.990669
19.308528	259.138000	2416.195796
19.307407	259.160000	2416.400924
19.306286	259.182000	2416.606051
19.305165	259.204000	2416.811179
19.304044	259.226000	2417.016306
19.302922	259.248000	2417.221433
19.301801	259.270000	2417.426561
19.300679	259.292000	2417.631688
19.299558	259.314000	2417.836816
19.298436	259.336000	2418.041943
19.297315	259.358000	2418.247071
19.296193	259.380000	2418.452198
19.295071	259.402000	2418.657325
19.293950	259.424000	2418.862453
19.292828	259.446000	2419.067580
19.291706	259.468000	2419.272708
19.290584	259.490000	2419.477835
19.289462	259.512000	2419.682962
19.288340	259.534000	2419.888090
19.287218	259.556000	2420.093217
19.286096	259.578000	2420.298345
19.284974	259.600000	2420.503472
19.283851	259.622000	2420.708599
19.282729	259.644000	2420.913727
19.281607	259.666000	2421.118854
19.280484	259.688000	2421.323982
19.279362	259.710000	2421.529109
19.278239	259.732000	2421.734237
19.277116	259.754000	2421.939364
19.275994	259.776000	2422.144491
19.274871	259.798000	2422.349619
19.273748	259.820000	2422.554746
19.272625	259.842000	2422.759874
19.271503	259.864000	2422.965001
19.270380	259.886000	2423.170128
19.269257	259.908000	2423.375256
19.268134	259.930000	2423.580383
19.267010	259.952000	2423.785511
19.265887	259.974000	2423.990638
19.264764	259.996000	2424.195765
19.263641	260.018000	2424.400893
19.262517	260.040000	2424.606020
19.261394	260.062000	2424.811148
19.260271	260.084000	2425.016275
19.259147	260.106000	2425.221403
19.258024	260.128000	2425.426530
19.256900	260.150000	2425.631657
19.255776	260.172000	2425.836785
19.254653	260.194000	2426.041912
19.253529	260.216000	2426.247040
19.252405	260.238000	2426.452167
19.251281	260.260000	2426.657294
19.250157	260.282000	2426.862422
19.249033	260.304000	2427.067549
19.247909	260.326000	2427.272677
19.246785	260.348000	2427.477804
19.245661	260.370000	2427.682932
19.244536	260.392000	2427.888059
19.243412	260.414000	2428.093186
19.242288	260.436000	2428.298314
19.241163	260.458000	2428.503441
19.240039	260.480000	2428.708569
19.238914	260.502000	2428.913696
19.237790	260.524000	2429.118823
19.236665	260.546000	2429.323951
19.235541	260.568000	2429.529078
19.234416	260.590000	2429.734206
19.233291	260.612000	2429.939333
19.232166	260.634000	2430.144460
19.231041	260.656000	2430.349588
19.229916	260.678000	2430.554715
19.228791	260.700000	2430.759843
19.227666	260.722000	2430.964970
19.226541	260.744000	2431.170098
19.225416	260.766000	2431.375225
19.224291	260.788000	2431.580352
19.223165	260.810000	2431.785480
19.222040	260.832000	2431.990607
19.220915	260.854000	2432.195735
19.219789	260.876000	2432.400862
19.218664	260.898000	2432.605989
19.217538	260.920000	2432.811117
19.216412	260.942000	2433.016244
19.215287	260.964000	2433.221372
19.214161	260.986000	2433.426499
19.213035	261.008000	2433.631626
19.211909	261.030000	2433.836754
19.210783	261.052000	2434.041881
19.209657	261.074000	2434.247009
19.208531	261.096000	2434.452136
19.207405	261.118000	2434.657264
19.206279	261.140000	2434.862391
19.205153	261.162000	2435.067518
19.204027	261.184000	2435.272646
19.202900	261.206000	2435.477773
19.201774	261.228000	2435.682901
19.200647	261.250000	2435.888028
19.199521	261.272000	2436.093155
19.198394	261.294000	2436.298283
19.197268	261.316000	2436.503410
19.196141	261.338000	2436.708538
19.195014	261.360000	2436.913665
19.193888	261.382000	2437.118792
19.192761	261.404000	2437.323920
19.191634	261.426000	2437.529047
19.190507	261.448000	2437.734175
19.189380	261.470000	2437.939302
19.188253	261.492000	2438.144430
19.187126	261.514000	2438.349557
19.185999	261.536000	2438.554684
19.184871	261.558000	2438.759812
19.183744	261.580000	2438.964939
19.182617	261.602000	2439.170067
19.181489	261.624000	2439.375194
19.180362	261.646000	2439.580321
19.179234	261.668000	2439.785449
19.178107	261.690000	2439.990576
19.176979	261.712000	2440.195704
19.175852	261.734000	2440.400831
19.174724	261.756000	2440.605959
19.173596	261.778000	2440.811086
19.172468	261.800000	2441.016213
19.171340	261.822000	2441.221341
19.170212	261.844000	2441.426468
19.169084	261.866000	2441.631596
19.167956	261.888000	2441.836723
19.166828	261.910000	2442.041850
19.165700	261.932000	2442.246978
19.164572	261.954000	2442.452105
19.163443	261.976000	2442.657233
19.162315	261.998000	2442.862360
19.161187	262.020000	2443.067487
19.160058	262.042000	2443.272615
19.158930	262.064000	2443.477742
19.157801	262.086000	2443.682870
19.156672	262.108000	2443.887997
19.155544	262.130000	2444.093125
19.154415	262.152000	2444.298252
19.153286	262.174000	2444.503379
19.152157	262.196000	2444.708507
19.151028	262.218000	2444.913634
19.149899	262.240000	2445.118762
19.148770	262.262000	2445.323889
19.147641	262.284000	2445.529016
19.146512	262.306000	2445.734144
19.145383	262.328000	2445.939271
19.144254	262.350000	2446.144399
19.143124	262.372000	2446.349526
19.141995	262.394000	2446.554653
19.140865	262.416000	2446.759781
19.139736	262.438000	2446.964908
19.138606	262.460000	2447.170036
19.137477	262.482000	2447.375163
19.136347	262.504000	2447.580291
19.135217	262.526000	2447.785418
19.134088	262.548000	2447.990545
19.132958	262.570000	2448.195673
19.131828	262.592000	2448.400800
19.130698	262.614000	2448.605928
19.129568	262.636000	2448.811055
19.128438	262.658000	2449.016182
19.127308	262.680000	2449.221310
19.126177	262.702000	2449.426437
19.125047	262.724000	2449.631565
19.123917	262.746000	2449.836692
19.122787	262.768000	2450.041820
19.121656	262.790000	2450.246947
19.120526	262.812000	2450.452074
19.119395	262.834000	2450.657202
19.118265	262.856000	2450.862329
19.117134	262.878000	2451.067457
19.116003	262.900000	2451.272584
19.114873	262.922000	2451.477711
19.113742	262.944000	2451.682839
19.112611	262.966000	2451.887966
19.111480	262.988000	2452.093094
19.110349	263.010000	2452.298221
19.109218	263.032000	2452.503348
19.108087	263.054000	2452.708476
19.106956	263.076000	2452.913603
19.105824	263.098000	2453.118731
19.104693	263.120000	2453.323858
19.103562	263.142000	2453.528986
19.102430	263.164000	2453.734113
19.101299	263.186000	2453.939240
19.100167	263.208000	2454.144368
19.099036	263.230000	2454.349495
19.097904	263.252000	2454.554623
19.096773	263.274000	2454.759750
19.095641	263.296000	2454.964877
19.094509	263.318000	2455.170005
19.093377	263.340000	2455.375132
19.092245	263.362000	2455.580260
19.091113	263.384000	2455.785387
19.089981	263.406000	2455.990514
19.088849	263.428000	2456.195642
19.087717	263.450000	2456.400769
19.086585	263.472000	2456.605897
19.085453	263.494000	2456.811024
19.084320	263.516000	2457.016152
19.083188	263.538000	2457.221279
19.082056	263.560000	2457.426406
19.080923	263.582000	2457.631534
19.079791	263.604000	2457.836661
19.078658	263.626000	2458.041789
19.077525	263.648000	2458.246916
19.076393	263.670000	2458.452043
19.075260	263.692000	2458.657171
19.074127	263.714000	2458.862298
19.072994	263.736000	2459.067426
19.071861	263.758000	2459.272553
19.070728	263.780000	2459.477680
19.069595	263.802000	2459.682808
19.068462	263.824000	2459.887935
19.067329	263.846000	2460.093063
19.066196	263.868000	2460.298190
19.065063	263.890000	2460.503318
19.063929	263.912000	2460.708445
19.062796	263.934000	2460.913572
19.061662	263.956000	2461.118700
19.060529	263.978000	2461.323827
19.059395	264.000000	2461.528955
19.058262	264.022000	2461.734082
19.057128	264.044000	2461.939209
19.055994	264.066000	2462.144337
19.054860	264.088000	2462.349464
19.053727	264.110000	2462.554592
19.052593	264.132000	2462.759719
19.051459	264.154000	2462.964847
19.050325	264.176000	2463.169974
19.049191	264.198000	2463.375101
19.048056	264.220000	2463.580229
19.046922	264.242000	2463.785356
19.045788	264.264000	2463.990484
19.044654	264.286000	2464.195611
19.043519	264.308000	2464.400738
19.042385	264.330000	2464.605866
19.041250	264.352000	2464.810993
19.040116	264.374000	2465.016121
19.038981	264.396000	2465.221248
19.037846	264.418000	2465.426375
19.036712	264.440000	2465.631503
19.035577	264.462000	2465.836630
19.034442	264.484000	2466.041758
19.033307	264.506000	2466.246885
19.032172	264.528000	2466.452013
19.031037	264.550000	2466.657140
19.029902	264.572000	2466.862267
19.028767	264.594000	2467.067395
19.027632	264.616000	2467.272522
19.026497	264.638000	2467.477650
19.025361	264.660000	2467.682777
19.024226	264.682000	2467.887904
19.023091	264.704000	2468.093032
19.021955	264.726000	2468.298159
19.020820	264.748000	2468.503287
19.019684	264.770000	2468.708414
19.018548	264.792000	2468.913541
19.017413	264.814000	2469.118669
19.016277	264.836000	2469.323796
19.015141	264.858000	2469.528924
19.014005	264.880000	2469.734051
19.012869	264.902000	2469.939179
19.011733	264.924000	2470.144306
19.010597	264.946000	2470.349433
19.009461	264.968000	2470.554561
19.008325	264.990000	2470.759688
19.007189	265.012000	2470.964816
19.006052	265.034000	2471.169943
19.004916	265.056000	2471.375070
19.003780	265.078000	2471.580198
19.002643	265.100000	2471.785325
19.001507	265.122000	2471.990453
19.000370	265.144000	2472.195580
18.999233	265.166000	2472.400708
18.998097	265.188000	2472.605835
18.996960	265.210000	2472.810962
18.995823	265.232000	2473.016090
18.994686	265.254000	2473.221217
18.993549	265.276000	2473.426345
18.992412	265.298000	2473.631472
18.991275	265.320000	2473.836599
18.990138	265.342000	2474.041727
18.989001	265.364000	2474.246854
18.987864	265.386000	2474.451982
18.986727	265.408000	2474.657109
18.985589	265.430000	2474.862236
18.984452	265.452000	2475.067364
18.983314	265.474000	2475.272491
18.982177	265.496000	2475.477619
18.981039	265.518000	2475.682746
18.979902	265.540000	2475.887874
18.978764	265.562000	2476.093001
18.977626	265.584000	2476.298128
18.976488	265.606000	2476.503256
18.975351	265.628000	2476.708383
18.974213	265.650000	2476.913511
18.973075	265.672000	2477.118638
18.971937	265.694000	2477.323765
18.970798	265.716000	2477.528893
18.969660	265.738000	2477.734020
18.968522	265.760000	2477.939148
18.967384	265.782000	2478.144275
18.966246	265.804000	2478.349402
18.965107	265.826000	2478.554530
18.963969	265.848000	2478.759657
18.962830	265.870000	2478.964785
18.961692	265.892000	2479.169912
18.960553	265.914000	2479.375040
18.959414	265.936000	2479.580167
18.958276	265.958000	2479.785294
18.957137	265.980000	2479.990422
18.955998	266.002000	2480.195549
18.954859	266.024000	2480.400677
18.953720	266.046000	2480.605804
18.952581	266.068000	2480.810931
18.951442	266.090000	2481.016059
18.950303	266.112000	2481.221186
18.949164	266.134000	2481.426314
18.948024	266.156000	2481.631441
18.946885	266.178000	2481.836569
18.945746	266.200000	2482.041696
18.944606	266.222000	2482.246823
18.943467	266.244000	2482.451951
18.942327	266.266000	2482.657078
18.941188	266.288000	2482.862206
18.940048	266.310000	2483.067333
18.938908	266.332000	2483.272460
18.937768	266.354000	2483.477588
18.936628	266.376000	2483.682715
18.935489	266.398000	2483.887843
18.934349	266.420000	2484.092970
18.933209	266.442000	2484.298097
18.932068	266.464000	2484.503225
18.930928	266.486000	2484.708352
18.929788	266.508000	2484.913480
18.928648	266.530000	2485.118607
18.927508	266.552000	2485.323735
18.926367	266.574000	2485.528862
18.925227	266.596000	2485.733989
18.924086	266.618000	2485.939117
18.922946	266.640000	2486.144244
18.921805	266.662000	2486.349372
18.920664	266.684000	2486.554499
18.919524	266.706000	2486.759626
18.918383	266.728000	2486.964754
18.917242	266.750000	2487.169881
18.916101	266.772000	2487.375009
18.914960	266.794000	2487.580136
18.913819	266.816000	2487.785263
18.912678	266.838000	2487.990391
18.911537	266.860000	2488.195518
18.910396	266.882000	2488.400646
18.909254	266.904000	2488.605773
18.908113	266.926000	2488.810901
18.906972	266.948000	2489.016028
18.905830	266.970000	2489.221155
18.904689	266.992000	2489.426283
18.903547	267.014000	2489.631410
18.902406	267.036000	2489.836538
18.901264	267.058000	2490.041665
18.900122	267.080000	2490.246792
18.898980	267.102000	2490.451920
18.897839	267.124000	2490.657047
18.896697	267.146000	2490.862175
18.895555	267.168000	2491.067302
18.894413	267.190000	2491.272429
18.893271	267.212000	2491.477557
18.892128	267.234000	2491.682684
18.890986	267.256000	2491.887812
18.889844	267.278000	2492.092939
18.888702	267.300000	2492.298067
18.887559	267.322000	2492.503194
18.886417	267.344000	2492.708321
18.885274	267.366000	2492.913449
18.884132	267.388000	2493.118576
18.882989	267.410000	2493.323704
18.881847	267.432000	2493.528831
18.880704	267.454000	2493.733958
18.879561	267.476000	2493.939086
18.878418	267.498000	2494.144213
18.877275	267.520000	2494.349341
18.876132	267.542000	2494.554468
18.874989	267.564000	2494.759596
18.873846	267.586000	2494.964723
18.872703	267.608000	2495.169850
18.871560	267.630000	2495.374978
18.870417	267.652000	2495.580105
18.869273	267.674000	2495.785233
18.868130	267.696000	2495.990360
18.866986	267.718000	2496.195487
18.865843	267.740000	2496.400615
18.864699	267.762000	2496.605742
18.863556	267.784000	2496.810870
18.862412	267.806000	2497.015997
18.861268	267.828000	2497.221124
18.860124	267.850000	2497.426252
18.858981	267.872000	2497.631379
18.857837	267.894000	2497.836507
18.856693	267.916000	2498.041634
18.855549	267.938000	2498.246762
18.854405	267.960000	2498.451889
18.853260	267.982000	2498.657016
18.852116	268.004000	2498.862144
18.850972	268.026000	2499.067271
18.849828	268.048000	2499.272399
18.848683	268.070000	2499.477526
18.847539	268.092000	2499.682653
18.846394	268.114000	2499.887781
18.845250	268.136000	2500.092908
18.844105	268.158000	2500.298036
18.842960	268.180000	2500.503163
18.841816	268.202000	2500.708290
18.840671	268.224000	2500.913418
18.839526	268.246000	2501.118545
18.838381	268.268000	2501.323673
18.837236	268.290000	2501.528800
18.836091	268.312000	2501.733928
18.834946	268.334000	2501.939055
18.833801	268.356000	2502.144182
18.832655	268.378000	2502.349310
18.831510	268.400000	2502.554437
18.830365	268.422000	2502.759565
18.829219	268.444000	2502.964692
18.828074	268.466000	2503.169819
18.826928	268.488000	2503.374947
18.825783	268.510000	2503.580074
18.824637	268.532000	2503.785202
18.823491	268.554000	2503.990329
18.822346	268.576000	2504.195457
18.821200	268.598000	2504.400584
18.820054	268.620000	2504.605711
18.818908	268.642000	2504.810839
18.817762	268.664000	2505.015966
18.816616	268.686000	2505.221094
18.815470	268.708000	2505.426221
18.814324	268.730000	2505.631348
18.813177	268.752000	2505.836476
18.812031	268.774000	2506.041603
18.810885	268.796000	2506.246731
18.809738	268.818000	2506.451858
18.808592	268.840000	2506.656985
18.807445	268.862000	2506.862113
18.806299	268.884000	2507.067240
18.805152	268.906000	2507.272368
18.804005	268.928000	2507.477495
18.802859	268.950000	2507.682623
18.801712	268.972000	2507.887750
18.800565	268.994000	2508.092877
18.799418	269.016000	2508.298005
18.798271	269.038000	2508.503132
18.797124	269.060000	2508.708260
18.795977	269.082000	2508.913387
18.794829	269.104000	2509.118514
18.793682	269.126000	2509.323642
18.792535	269.148000	2509.528769
18.791388	269.170000	2509.733897
18.790240	269.192000	2509.939024
18.789093	269.214000	2510.144151
18.787945	269.236000	2510.349279
18.786797	269.258000	2510.554406
18.785650	269.280000	2510.759534
18.784502	269.302000	2510.964661
18.783354	269.324000	2511.169789
18.782206	269.346000	2511.374916
18.781058	269.368000	2511.580043
18.779911	269.390000	2511.785171
18.778762	269.412000	2511.990298
18.777614	269.434000	2512.195426
18.776466	269.456000	2512.400553
18.775318	269.478000	2512.605680
18.774170	269.500000	2512.810808
18.773021	269.522000	2513.015935
18.771873	269.544000	2513.221063
18.770725	269.566000	2513.426190
18.769576	269.588000	2513.631317
18.768427	269.610000	2513.836445
18.767279	269.632000	2514.041572
18.766130	269.654000	2514.246700
18.764981	269.676000	2514.451827
18.763833	269.698000	2514.656955
18.762684	269.720000	2514.862082
18.761535	269.742000	2515.067209
18.760386	269.764000	2515.272337
18.759237	269.786000	2515.477464
18.758088	269.808000	2515.682592
18.756938	269.830000	2515.887719
18.755789	269.852000	2516.092846
18.754640	269.874000	2516.297974
18.753491	269.896000	2516.503101
18.752341	269.918000	2516.708229
18.751192	269.940000	2516.913356
18.750042	269.962000	2517.118484
18.748892	269.984000	2517.323611
18.747743	270.006000	2517.528738
18.746593	270.028000	2517.733866
18.745443	270.050000	2517.938993
18.744293	270.072000	2518.144121
18.743144	270.094000	2518.349248
18.741994	270.116000	2518.554375
18.740844	270.138000	2518.759503
18.739694	270.160000	2518.964630
18.738543	270.182000	2519.169758
18.737393	270.204000	2519.374885
18.736243	270.226000	2519.580012
18.735093	270.248000	2519.785140
18.733942	270.270000	2519.990267
18.732792	270.292000	2520.195395
18.731641	270.314000	2520.400522
18.730491	270.336000	2520.605650
18.729340	270.358000	2520.810777
18.728189	270.380000	2521.015904
18.727039	270.402000	2521.221032
18.725888	270.424000	2521.426159
18.724737	270.446000	2521.631287
18.723586	270.468000	2521.836414
18.722435	270.490000	2522.041541
18.721284	270.512000	2522.246669
18.720133	270.534000	2522.451796
18.718982	270.556000	2522.656924
18.717831	270.578000	2522.862051
18.716679	270.600000	2523.067178
18.715528	270.622000	2523.272306
18.714377	270.644000	2523.477433
18.713225	270.666000	2523.682561
18.712074	270.688000	2523.887688
18.710922	270.710000	2524.092816
18.709770	270.732000	2524.297943
18.708619	270.754000	2524.503070
18.707467	270.776000	2524.708198
18.706315	270.798000	2524.913325
18.705163	270.820000	2525.118453
18.704011	270.842000	2525.323580
18.702859	270.864000	2525.528707
18.701707	270.886000	2525.733835
18.700555	270.908000	2525.938962
18.699403	270.930000	2526.144090
18.698250	270.952000	2526.349217
18.697098	270.974000	2526.554345
18.695946	270.996000	2526.759472
18.694793	271.018000	2526.964599
18.693641	271.040000	2527.169727
18.692488	271.062000	2527.374854
18.691336	271.084000	2527.579982
18.690183	271.106000	2527.785109
18.689030	271.128000	2527.990236
18.687877	271.150000	2528.195364
18.686725	271.172000	2528.400491
18.685572	271.194000	2528.605619
18.684419	271.216000	2528.810746
18.683266	271.238000	2529.015873
18.682112	271.260000	2529.221001
18.680959	271.282000	2529.426128
18.679806	271.304000	2529.631256
18.678653	271.326000	2529.836383
18.677499	271.348000	2530.041511
18.676346	271.370000	2530.246638
18.675193	271.392000	2530.451765
18.674039	271.414000	2530.656893
18.672885	271.436000	2530.862020
18.671732	271.458000	2531.067148
18.670578	271.480000	2531.272275
18.669424	271.502000	2531.477402
18.668270	271.524000	2531.682530
18.667117	271.546000	2531.887657
18.665963	271.568000	2532.092785
18.664809	271.590000	2532.297912
18.663655	271.612000	2532.503039
18.662500	271.634000	2532.708167
18.661346	271.656000	2532.913294
18.660192	271.678000	2533.118422
18.659038	271.700000	2533.323549
18.657883	271.722000	2533.528677
18.656729	271.744000	2533.733804
18.655574	271.766000	2533.938931
18.654420	271.788000	2534.144059
18.653265	271.810000	2534.349186
18.652110	271.832000	2534.554314
18.650956	271.854000	2534.759441
18.649801	271.876000	2534.964568
18.648646	271.898000	2535.169696
18.647491	271.920000	2535.374823
18.646336	271.942000	2535.579951
18.645181	271.964000	2535.785078
18.644026	271.986000	2535.990206
18.642871	272.008000	2536.195333
18.641715	272.030000	2536.400460
18.640560	272.052000	2536.605588
18.639405	272.074000	2536.810715
18.638249	272.096000	2537.015843
18.637094	272.118000	2537.220970
18.635938	272.140000	2537.426097
18.634783	272.162000	2537.631225
18.633627	272.184000	2537.836352
18.632471	272.206000	2538.041480
18.631315	272.228000	2538.246607
18.630160	272.250000	2538.451734
18.629004	272.272000	2538.656862
18.627848	272.294000	2538.861989
18.626692	272.316000	2539.067117
18.625536	272.338000	2539.272244
18.624379	272.360000	2539.477372
18.623223	272.382000	2539.682499
18.622067	272.404000	2539.887626
18.620911	272.426000	2540.092754
18.619754	272.448000	2540.297881
18.618598	272.470000	2540.503009
18.617441	272.492000	2540.708136
18.616285	272.514000	2540.913263
18.615128	272.536000	2541.118391
18.613971	272.558000	2541.323518
18.612814	272.580000	2541.528646
18.611658	272.602000	2541.733773
18.610501	272.624000	2541.938900
18.609344	272.646000	2542.144028
18.608187	272.668000	2542.349155
18.607030	272.690000	2542.554283
18.605873	272.712000	2542.759410
18.604715	272.734000	2542.964538
18.603558	272.756000	2543.169665
18.602401	272.778000	2543.374792
18.601243	272.800000	2543.579920
18.600086	272.822000	2543.785047
18.598928	272.844000	2543.990175
18.597771	272.866000	2544.195302
18.596613	272.888000	2544.400429
18.595455	272.910000	2544.605557
18.594298	272.932000	2544.810684
18.593140	272.954000	2545.015812
18.591982	272.976000	2545.220939
18.590824	272.998000	2545.426066
18.589666	273.020000	2545.631194
18.588508	273.042000	2545.836321
18.587350	273.064000	2546.041449
18.586192	273.086000	2546.246576
18.585033	273.108000	2546.451704
18.583875	273.130000	2546.656831
18.582717	273.152000	2546.861958
18.581558	273.174000	2547.067086
18.580400	273.196000	2547.272213
18.579241	273.218000	2547.477341
18.578083	273.240000	2547.682468
18.576924	273.262000	2547.887595
18.575765	273.284000	2548.092723
18.574606	273.306000	2548.297850
18.573448	273.328000	2548.502978
18.572289	273.350000	2548.708105
18.571130	273.372000	2548.913233
18.569971	273.394000	2549.118360
18.568811	273.416000	2549.323487
18.567652	273.438000	2549.528615
18.566493	273.460000	2549.733742
18.565334	273.482000	2549.938870
18.564174	273.504000	2550.143997
18.563015	273.526000	2550.349124
18.561856	273.548000	2550.554252
18.560696	273.570000	2550.759379
18.559536	273.592000	2550.964507
18.558377	273.614000	2551.169634
18.557217	273.636000	2551.374761
18.556057	273.658000	2551.579889
18.554897	273.680000	2551.785016
18.553737	273.702000	2551.990144
18.552577	273.724000	2552.195271
18.551417	273.746000	2552.400399
18.550257	273.768000	2552.605526
18.549097	273.790000	2552.810653
18.547937	273.812000	2553.015781
18.546777	273.834000	2553.220908
18.545616	273.856000	2553.426036
18.544456	273.878000	2553.631163
18.543295	273.900000	2553.836290
18.542135	273.922000	2554.041418
18.540974	273.944000	2554.246545
18.539814	273.966000	2554.451673
18.538653	273.988000	2554.656800
18.537492	274.010000	2554.861927
18.536331	274.032000	2555.067055
18.535170	274.054000	2555.272182
18.534009	274.076000	2555.477310
18.532848	274.098000	2555.682437
18.531687	274.120000	2555.887565
18.530526	274.142000	2556.092692
18.529365	274.164000	2556.297819
18.528204	274.186000	2556.502947
18.527042	274.208000	2556.708074
18.525881	274.230000	2556.913202
18.524719	274.252000	2557.118329
18.523558	274.274000	2557.323456
18.522396	274.296000	2557.528584
18.521235	274.318000	2557.733711
18.520073	274.340000	2557.938839
18.518911	274.362000	2558.143966
18.517749	274.384000	2558.349094
18.516587	274.406000	2558.554221
18.515425	274.428000	2558.759348
18.514263	274.450000	2558.964476
18.513101	274.472000	2559.169603
18.511939	274.494000	2559.374731
18.510777	274.516000	2559.579858
18.509615	274.538000	2559.784985
18.508452	274.560000	2559.990113
18.507290	274.582000	2560.195240
18.506127	274.604000	2560.400368
18.504965	274.626000	2560.605495
18.503802	274.648000	2560.810622
18.502640	274.670000	2561.015750
18.501477	274.692000	2561.220877
18.500314	274.714000	2561.426005
18.499151	274.736000	2561.631132
18.497988	274.758000	2561.836260
18.496825	274.780000	2562.041387
18.495662	274.802000	2562.246514
18.494499	274.824000	2562.451642
18.493336	274.846000	2562.656769
18.492173	274.868000	2562.861897
18.491010	274.890000	2563.067024
18.489846	274.912000	2563.272151
18.488683	274.934000	2563.477279
18.487519	274.956000	2563.682406
18.486356	274.978000	2563.887534
18.485192	275.000000	2564.092661
18.484029	275.022000	2564.297788
18.482865	275.044000	2564.502916
18.481701	275.066000	2564.708043
18.480537	275.088000	2564.913171
18.479373	275.110000	2565.118298
18.478209	275.132000	2565.323426
18.477045	275.154000	2565.528553
18.475881	275.176000	2565.733680
18.474717	275.198000	2565.938808
18.473553	275.220000	2566.143935
18.472389	275.242000	2566.349063
18.471224	275.264000	2566.554190
18.470060	275.286000	2566.759317
18.468896	275.308000	2566.964445
18.467731	275.330000	2567.169572
18.466566	275.352000	2567.374700
18.465402	275.374000	2567.579827
18.464237	275.396000	2567.784954
18.463072	275.418000	2567.990082
18.461907	275.440000	2568.195209
18.460742	275.462000	2568.400337
18.459578	275.484000	2568.605464
18.458412	275.506000	2568.810592
18.457247	275.528000	2569.015719
18.456082	275.550000	2569.220846
18.454917	275.572000	2569.425974
18.453752	275.594000	2569.631101
18.452586	275.616000	2569.836229
18.451421	275.638000	2570.041356
18.450256	275.660000	2570.246483
18.449090	275.682000	2570.451611
18.447924	275.704000	2570.656738
18.446759	275.726000	2570.861866
18.445593	275.748000	2571.066993
18.444427	275.770000	2571.272121
18.443261	275.792000	2571.477248
18.442095	275.814000	2571.682375
18.440930	275.836000	2571.887503
18.439763	275.858000	2572.092630
18.438597	275.880000	2572.297758
18.437431	275.902000	2572.502885
18.436265	275.924000	2572.708012
18.435099	275.946000	2572.913140
18.433932	275.968000	2573.118267
18.432766	275.990000	2573.323395
18.431599	276.012000	2573.528522
18.430433	276.034000	2573.733649
18.429266	276.056000	2573.938777
18.428100	276.078000	2574.143904
18.426933	276.100000	2574.349032
18.425766	276.122000	2574.554159
18.424599	276.144000	2574.759287
18.423432	276.166000	2574.964414
18.422265	276.188000	2575.169541
18.421098	276.210000	2575.374669
18.419931	276.232000	2575.579796
18.418764	276.254000	2575.784924
18.417597	276.276000	2575.990051
18.416430	276.298000	2576.195178
18.415262	276.320000	2576.400306
18.414095	276.342000	2576.605433
18.412927	276.364000	2576.810561
18.411760	276.386000	2577.015688
18.410592	276.408000	2577.220815
18.409424	276.430000	2577.425943
18.408257	276.452000	2577.631070
18.407089	276.474000	2577.836198
18.405921	276.496000	2578.041325
18.404753	276.518000	2578.246453
18.403585	276.540000	2578.451580
18.402417	276.562000	2578.656707
18.401249	276.584000	2578.861835
18.400081	276.606000	2579.066962
18.398913	276.628000	2579.272090
18.397744	276.650000	2579.477217
18.396576	276.672000	2579.682344
18.395407	276.694000	2579.887472
18.394239	276.716000	2580.092599
18.393070	276.738000	2580.297727
18.391902	276.760000	2580.502854
18.390733	276.782000	2580.707982
18.389564	276.804000	2580.913109
18.388395	276.826000	2581.118236
18.387227	276.848000	2581.323364
18.386058	276.870000	2581.528491
18.384889	276.892000	2581.733619
18.383720	276.914000	2581.938746
18.382550	276.936000	2582.143873
18.381381	276.958000	2582.349001
18.380212	276.980000	2582.554128
18.379043	277.002000	2582.759256
18.377873	277.024000	2582.964383
18.376704	277.046000	2583.169510
18.375534	277.068000	2583.374638
18.374365	277.090000	2583.579765
18.373195	277.112000	2583.784893
18.372025	277.134000	2583.990020
18.370856	277.156000	2584.195148
18.369686	277.178000	2584.400275
18.368516	277.200000	2584.605402
18.367346	277.222000	2584.810530
18.366176	277.244000	2585.015657
18.365006	277.266000	2585.220785
18.363836	277.288000	2585.425912
18.362665	277.310000	2585.631039
18.361495	277.332000	2585.836167
18.360325	277.354000	2586.041294
18.359154	277.376000	2586.246422
18.357984	277.398000	2586.451549
18.356813	277.420000	2586.656676
18.355643	277.442000	2586.861804
18.354472	277.464000	2587.066931
18.353301	277.486000	2587.272059
18.352131	277.508000	2587.477186
18.350960	277.530000	2587.682314
18.349789	277.552000	2587.887441
18.348618	277.574000	2588.092568
18.347447	277.596000	2588.297696
18.346276	277.618000	2588.502823
18.345105	277.640000	2588.707951
18.343933	277.662000	2588.913078
18.342762	277.684000	2589.118205
18.341591	277.706000	2589.323333
18.340419	277.728000	2589.528460
18.339248	277.750000	2589.733588
18.338076	277.772000	2589.938715
18.336905	277.794000	2590.143843
18.335733	277.816000	2590.348970
18.334561	277.838000	2590.554097
18.333389	277.860000	2590.759225
18.332218	277.882000	2590.964352
18.331046	277.904000	2591.169480
18.329874	277.926000	2591.374607
18.328702	277.948000	2591.579734
18.327529	277.970000	2591.784862
18.326357	277.992000	2591.989989
18.325185	278.014000	2592.195117
18.324013	278.036000	2592.400244
18.322840	278.058000	2592.605371
18.321668	278.080000	2592.810499
18.320495	278.102000	2593.015626
18.319323	278.124000	2593.220754
18.318150	278.146000	2593.425881
18.316977	278.168000	2593.631009
18.315805	278.190000	2593.836136
18.314632	278.212000	2594.041263
18.313459	278.234000	2594.246391
18.312286	278.256000	2594.451518
18.311113	278.278000	2594.656646
18.309940	278.300000	2594.861773
18.308767	278.322000	2595.066900
18.307594	278.344000	2595.272028
18.306420	278.366000	2595.477155
18.305247	278.388000	2595.682283
18.304073	278.410000	2595.887410
18.302900	278.432000	2596.092537
18.301726	278.454000	2596.297665
18.300553	278.476000	2596.502792
18.299379	278.498000	2596.707920
18.298205	278.520000	2596.913047
18.297032	278.542000	2597.118175
18.295858	278.564000	2597.323302
18.294684	278.586000	2597.528429
18.293510	278.608000	2597.733557
18.292336	278.630000	2597.938684
18.291162	278.652000	2598.143812
18.289988	278.674000	2598.348939
18.288813	278.696000	2598.554066
18.287639	278.718000	2598.759194
18.286465	278.740000	2598.964321
18.285290	278.762000	2599.169449
18.284116	278.784000	2599.374576
18.282941	278.806000	2599.579703
18.281767	278.828000	2599.784831
18.280592	278.850000	2599.989958
18.279417	278.872000	2600.195086
18.278242	278.894000	2600.400213
18.277067	278.916000	2600.605341
18.275892	278.938000	2600.810468
18.274717	278.960000	2601.015595
18.273542	278.982000	2601.220723
18.272367	279.004000	2601.425850
18.271192	279.026000	2601.630978
18.270017	279.048000	2601.836105
18.268841	279.070000	2602.041232
18.267666	279.092000	2602.246360
18.266490	279.114000	2602.451487
18.265315	279.136000	2602.656615
18.264139	279.158000	2602.861742
18.262964	279.180000	2603.066870
18.261788	279.202000	2603.271997
18.260612	279.224000	2603.477124
18.259436	279.246000	2603.682252
18.258260	279.268000	2603.887379
18.257084	279.290000	2604.092507
18.255908	279.312000	2604.297634
18.254732	279.334000	2604.502761
18.253556	279.356000	2604.707889
18.252380	279.378000	2604.913016
18.251204	279.400000	2605.118144
18.250027	279.422000	2605.323271
18.248851	279.444000	2605.528398
18.247674	279.466000	2605.733526
18.246498	279.488000	2605.938653
18.245321	279.510000	2606.143781
18.244144	279.532000	2606.348908
18.242968	279.554000	2606.554036
18.241791	279.576000	2606.759163
18.240614	279.598000	2606.964290
18.239437	279.620000	2607.169418
18.238260	279.642000	2607.374545
18.237083	279.664000	2607.579673
18.235906	279.686000	2607.784800
18.234728	279.708000	2607.989927
18.233551	279.730000	2608.195055
18.232374	279.752000	2608.400182
18.231196	279.774000	2608.605310
18.230019	279.796000	2608.810437
18.228841	279.818000	2609.015564
18.227664	279.840000	2609.220692
18.226486	279.862000	2609.425819
18.225308	279.884000	2609.630947
18.224131	279.906000	2609.836074
18.222953	279.928000	2610.041202
18.221775	279.950000	2610.246329
18.220597	279.972000	2610.451456
18.219419	279.994000	2610.656584
18.218241	280.016000	2610.861711
18.217062	280.038000	2611.066839
18.215884	280.060000	2611.271966
18.214706	280.082000	2611.477093
18.213528	280.104000	2611.682221
18.212349	280.126000	2611.887348
18.211171	280.148000	2612.092476
18.209992	280.170000	2612.297603
18.208813	280.192000	2612.502731
18.207635	280.214000	2612.707858
18.206456	280.236000	2612.912985
18.205277	280.258000	2613.118113
18.204098	280.280000	2613.323240
18.202919	280.302000	2613.528368
18.201740	280.324000	2613.733495
18.200561	280.346000	2613.938622
18.199382	280.368000	2614.143750
18.198203	280.390000	2614.348877
18.197023	280.412000	2614.554005
18.195844	280.434000	2614.759132
18.194665	280.456000	2614.964259
18.193485	280.478000	2615.169387
18.192305	280.500000	2615.374514
18.191126	280.522000	2615.579642
18.189946	280.544000	2615.784769
18.188766	280.566000	2615.989897
18.187587	280.588000	2616.195024
18.186407	280.610000	2616.400151
18.185227	280.632000	2616.605279
18.184047	280.654000	2616.810406
18.182867	280.676000	2617.015534
18.181687	280.698000	2617.220661
18.180506	280.720000	2617.425788
18.179326	280.742000	2617.630916
18.178146	280.764000	2617.836043
18.176965	280.786000	2618.041171
18.175785	280.808000	2618.246298
18.174604	280.830000	2618.451425
18.173424	280.852000	2618.656553
18.172243	280.874000	2618.861680
18.171062	280.896000	2619.066808
18.169882	280.918000	2619.271935
18.168701	280.940000	2619.477063
18.167520	280.962000	2619.682190
18.166339	280.984000	2619.887317
18.165158	281.006000	2620.092445
18.163977	281.028000	2620.297572
18.162795	281.050000	2620.502700
18.161614	281.072000	2620.707827
18.160433	281.094000	2620.912954
18.159251	281.116000	2621.118082
18.158070	281.138000	2621.323209
18.156888	281.160000	2621.528337
18.155707	281.182000	2621.733464
18.154525	281.204000	2621.938591
18.153344	281.226000	2622.143719
18.152162	281.248000	2622.348846
18.150980	281.270000	2622.553974
18.149798	281.292000	2622.759101
18.148616	281.314000	2622.964229
18.147434	281.336000	2623.169356
18.146252	281.358000	2623.374483
18.145070	281.380000	2623.579611
18.143887	281.402000	2623.784738
18.142705	281.424000	2623.989866
18.141523	281.446000	2624.194993
18.140340	281.468000	2624.400120
18.139158	281.490000	2624.605248
18.137975	281.512000	2624.810375
18.136793	281.534000	2625.015503
18.135610	281.556000	2625.220630
18.134427	281.578000	2625.425758
18.133244	281.600000	2625.630885
18.132061	281.622000	2625.836012
18.130878	281.644000	2626.041140
18.129695	281.666000	2626.246267
18.128512	281.688000	2626.451395
18.127329	281.710000	2626.656522
18.126146	281.732000	2626.861649
18.124963	281.754000	2627.066777
18.123779	281.776000	2627.271904
18.122596	281.798000	2627.477032
18.121412	281.820000	2627.682159
18.120229	281.842000	2627.887286
18.119045	281.864000	2628.092414
18.117862	281.886000	2628.297541
18.116678	281.908000	2628.502669
18.115494	281.930000	2628.707796
18.114310	281.952000	2628.912924
18.113126	281.974000	2629.118051
18.111942	281.996000	2629.323178
18.110758	282.018000	2629.528306
18.109574	282.040000	2629.733433
18.108390	282.062000	2629.938561
18.107205	282.084000	2630.143688
18.106021	282.106000	2630.348815
18.104837	282.128000	2630.553943
18.103652	282.150000	2630.759070
18.102468	282.172000	2630.964198
18.101283	282.194000	2631.169325
18.100098	282.216000	2631.374452
18.098914	282.238000	2631.579580
18.097729	282.260000	2631.784707
18.096544	282.282000	2631.989835
18.095359	282.304000	2632.194962
18.094174	282.326000	2632.400090
18.092989	282.348000	2632.605217
18.091804	282.370000	2632.810344
18.090619	282.392000	2633.015472
18.089433	282.414000	2633.220599
18.088248	282.436000	2633.425727
18.087063	282.458000	2633.630854
18.085877	282.480000	2633.835981
18.084691	282.502000	2634.041109
18.083506	282.524000	2634.246236
18.082320	282.546000	2634.451364
18.081134	282.568000	2634.656491
18.079949	282.590000	2634.861619
18.078763	282.612000	2635.066746
18.077577	282.634000	2635.271873
18.076391	282.656000	2635.477001
18.075205	282.678000	2635.682128
18.074019	282.700000	2635.887256
18.072832	282.722000	2636.092383
18.071646	282.744000	2636.297510
18.070460	282.766000	2636.502638
18.069273	282.788000	2636.707765
18.068087	282.810000	2636.912893
18.066900	282.832000	2637.118020
18.065714	282.854000	2637.323147
18.064527	282.876000	2637.528275
18.063340	282.898000	2637.733402
18.062154	282.920000	2637.938530
18.060967	282.942000	2638.143657
18.059780	282.964000	2638.348785
18.058593	282.986000	2638.553912
18.057406	283.008000	2638.759039
18.056219	283.030000	2638.964167
18.055031	283.052000	2639.169294
18.053844	283.074000	2639.374422
18.052657	283.096000	2639.579549
18.051469	283.118000	2639.784676
18.050282	283.140000	2639.989804
18.049094	283.162000	2640.194931
18.047907	283.184000	2640.400059
18.046719	283.206000	2640.605186
18.045532	283.228000	2640.810313
18.044344	283.250000	2641.015441
18.043156	283.272000	2641.220568
18.041968	283.294000	2641.425696
18.040780	283.316000	2641.630823
18.039592	283.338000	2641.835951
18.038404	283.360000	2642.041078
18.037216	283.382000	2642.246205
18.036027	283.404000	2642.451333
18.034839	283.426000	2642.656460
18.033651	283.448000	2642.861588
18.032462	283.470000	2643.066715
18.031274	283.492000	2643.271842
18.030085	283.514000	2643.476970
18.028896	283.536000	2643.682097
18.027708	283.558000	2643.887225
18.026519	283.580000	2644.092352
18.025330	283.602000	2644.297480
18.024141	283.624000	2644.502607
18.022952	283.646000	2644.707734
18.021763	283.668000	2644.912862
18.020574	283.690000	2645.117989
18.019385	283.712000	2645.323117
18.018195	283.734000	2645.528244
18.017006	283.756000	2645.733371
18.015817	283.778000	2645.938499
18.014627	283.800000	2646.143626
18.013438	283.822000	2646.348754
18.012248	283.844000	2646.553881
18.011058	283.866000	2646.759008
18.009869	283.888000	2646.964136
18.008679	283.910000	2647.169263
18.007489	283.932000	2647.374391
18.006299	283.954000	2647.579518
18.005109	283.976000	2647.784646
18.003919	283.998000	2647.989773
18.002729	284.020000	2648.194900
18.001539	284.042000	2648.400028
18.000348	284.064000	2648.605155
17.999158	284.086000	2648.810283
17.997968	284.108000	2649.015410
17.996777	284.130000	2649.220537
17.995586	284.152000	2649.425665
17.994396	284.174000	2649.630792
17.993205	284.196000	2649.835920
17.992014	284.218000	2650.041047
17.990824	284.240000	2650.246174
17.989633	284.262000	2650.451302
17.988442	284.284000	2650.656429
17.987251	284.306000	2650.861557
17.986060	284.328000	2651.066684
17.984869	284.350000	2651.271812
17.983677	284.372000	2651.476939
17.982486	284.394000	2651.682066
17.981295	284.416000	2651.887194
17.980103	284.438000	2652.092321
17.978912	284.460000	2652.297449
17.977720	284.482000	2652.502576
17.976529	284.504000	2652.707703
17.975337	284.526000	2652.912831
17.974145	284.548000	2653.117958
17.972953	284.570000	2653.323086
17.971762	284.592000	2653.528213
17.970570	284.614000	2653.733340
17.969378	284.636000	2653.938468
17.968186	284.658000	2654.143595
17.966993	284.680000	2654.348723
17.965801	284.702000	2654.553850
17.964609	284.724000	2654.758978
17.963416	284.746000	2654.964105
17.962224	284.768000	2655.169232
17.961032	284.790000	2655.374360
17.959839	284.812000	2655.579487
17.958646	284.834000	2655.784615
17.957454	284.856000	2655.989742
17.956261	284.878000	2656.194869
17.955068	284.900000	2656.399997
17.953875	284.922000	2656.605124
17.952682	284.944000	2656.810252
17.951489	284.966000	2657.015379
17.950296	284.988000	2657.220507
17.949103	285.010000	2657.425634
17.947910	285.032000	2657.630761
17.946716	285.054000	2657.835889
17.945523	285.076000	2658.041016
17.944330	285.098000	2658.246144
17.943136	285.120000	2658.451271
17.941943	285.142000	2658.656398
17.940749	285.164000	2658.861526
17.939555	285.186000	2659.066653
17.938361	285.208000	2659.271781
17.937168	285.230000	2659.476908
17.935974	285.252000	2659.682035
17.934780	285.274000	2659.887163
17.933586	285.296000	2660.092290
17.932391	285.318000	2660.297418
17.931197	285.340000	2660.502545
17.930003	285.362000	2660.707673
17.928809	285.384000	2660.912800
17.927614	285.406000	2661.117927
17.926420	285.428000	2661.323055
17.925225	285.450000	2661.528182
17.924031	285.472000	2661.733310
17.922836	285.494000	2661.938437
17.921641	285.516000	2662.143564
17.920447	285.538000	2662.348692
17.919252	285.560000	2662.553819
17.918057	285.582000	2662.758947
17.916862	285.604000	2662.964074
17.915667	285.626000	2663.169201
17.914472	285.648000	2663.374329
17.913276	285.670000	2663.579456
17.912081	285.692000	2663.784584
17.910886	285.714000	2663.989711
17.909690	285.736000	2664.194839
17.908495	285.758000	2664.399966
17.907299	285.780000	2664.605093
17.906104	285.802000	2664.810221
17.904908	285.824000	2665.015348
17.903712	285.846000	2665.220476
17.902517	285.868000	2665.425603
17.901321	285.890000	2665.630730
17.900125	285.912000	2665.835858
17.898929	285.934000	2666.040985
17.897733	285.956000	2666.246113
17.896536	285.978000	2666.451240
17.895340	286.000000	2666.656368
17.894144	286.022000	2666.861495
17.892948	286.044000	2667.066622
17.891751	286.066000	2667.271750
17.890555	286.088000	2667.476877
17.889358	286.110000	2667.682005
17.888161	286.132000	2667.887132
17.886965	286.154000	2668.092259
17.885768	286.176000	2668.297387
17.884571	286.198000	2668.502514
17.883374	286.220000	2668.707642
17.882177	286.242000	2668.912769
17.880980	286.264000	2669.117896
17.879783	286.286000	2669.323024
17.878586	286.308000	2669.528151
17.877389	286.330000	2669.733279
17.876191	286.352000	2669.938406
17.874994	286.374000	2670.143534
17.873797	286.396000	2670.348661
17.872599	286.418000	2670.553788
17.871402	286.440000	2670.758916
17.870204	286.462000	2670.964043
17.869006	286.484000	2671.169171
17.867808	286.506000	2671.374298
17.866610	286.528000	2671.579425
17.865413	286.550000	2671.784553
17.864215	286.572000	2671.989680
17.863016	286.594000	2672.194808
17.861818	286.616000	2672.399935
17.860620	286.638000	2672.605062
17.859422	286.660000	2672.810190
17.858224	286.682000	2673.015317
17.857025	286.704000	2673.220445
17.855827	286.726000	2673.425572
17.854628	286.748000	2673.630700
17.853429	286.770000	2673.835827
17.852231	286.792000	2674.040954
17.851032	286.814000	2674.246082
17.849833	286.836000	2674.451209
17.848634	286.858000	2674.656337
17.847435	286.880000	2674.861464
17.846236	286.902000	2675.066591
17.845037	286.924000	2675.271719
17.843838	286.946000	2675.476846
17.842639	286.968000	2675.681974
17.841440	286.990000	2675.887101
17.840240	287.012000	2676.092228
17.839041	287.034000	2676.297356
17.837841	287.056000	2676.502483
17.836642	287.078000	2676.707611
17.835442	287.100000	2676.912738
17.834242	287.122000	2677.117866
17.833043	287.144000	2677.322993
17.831843	287.166000	2677.528120
17.830643	287.188000	2677.733248
17.829443	287.210000	2677.938375
17.828243	287.232000	2678.143503
17.827043	287.254000	2678.348630
17.825842	287.276000	2678.553757
17.824642	287.298000	2678.758885
17.823442	287.320000	2678.964012
17.822241	287.342000	2679.169140
17.821041	287.364000	2679.374267
17.819840	287.386000	2679.579395
17.818640	287.408000	2679.784522
17.817439	287.430000	2679.989649
17.816238	287.452000	2680.194777
17.815038	287.474000	2680.399904
17.813837	287.496000	2680.605032
17.812636	287.518000	2680.810159
17.811435	287.540000	2681.015286
17.810234	287.562000	2681.220414
17.809032	287.584000	2681.425541
17.807831	287.606000	2681.630669
17.806630	287.628000	2681.835796
17.805429	287.650000	2682.040923
17.804227	287.672000	2682.246051
17.803026	287.694000	2682.451178
17.801824	287.716000	2682.656306
17.800622	287.738000	2682.861433
17.799421	287.760000	2683.066561
17.798219	287.782000	2683.271688
17.797017	287.804000	2683.476815
17.795815	287.826000	2683.681943
17.794613	287.848000	2683.887070
17.793411	287.870000	2684.092198
17.792209	287.892000	2684.297325
17.791007	287.914000	2684.502452
17.789805	287.936000	2684.707580
17.788602	287.958000	2684.912707
17.787400	287.980000	2685.117835
17.786197	288.002000	2685.322962
17.784995	288.024000	2685.528089
17.783792	288.046000	2685.733217
17.782590	288.068000	2685.938344
17.781387	288.090000	2686.143472
17.780184	288.112000	2686.348599
17.778981	288.134000	2686.553727
17.777778	288.156000	2686.758854
17.776575	288.178000	2686.963981
17.775372	288.200000	2687.169109
17.774169	288.222000	2687.374236
17.772966	288.244000	2687.579364
17.771762	288.266000	2687.784491
17.770559	288.288000	2687.989618
17.769355	288.310000	2688.194746
17.768152	288.332000	2688.399873
17.766948	288.354000	2688.605001
17.765745	288.376000	2688.810128
17.764541	288.398000	2689.015256
17.763337	288.420000	2689.220383
17.762133	288.442000	2689.425510
17.760929	288.464000	2689.630638
17.759725	288.486000	2689.835765
17.758521	288.508000	2690.040893
17.757317	288.530000	2690.246020
17.756113	288.552000	2690.451147
17.754909	288.574000	2690.656275
17.753704	288.596000	2690.861402
17.752500	288.618000	2691.066530
17.751295	288.640000	2691.271657
17.750091	288.662000	2691.476784
17.748886	288.684000	2691.681912
17.747682	288.706000	2691.887039
17.746477	288.728000	2692.092167
17.745272	288.750000	2692.297294
17.744067	288.772000	2692.502422
17.742862	288.794000	2692.707549
17.741657	288.816000	2692.912676
17.740452	288.838000	2693.117804
17.739247	288.860000	2693.322931
17.738042	288.882000	2693.528059
17.736836	288.904000	2693.733186
17.735631	288.926000	2693.938313
17.734425	288.948000	2694.143441
17.733220	288.970000	2694.348568
17.732014	288.992000	2694.553696
17.730809	289.014000	2694.758823
17.729603	289.036000	2694.963950
17.728397	289.058000	2695.169078
17.727191	289.080000	2695.374205
17.725985	289.102000	2695.579333
17.724779	289.124000	2695.784460
17.723573	289.146000	2695.989588
17.722367	289.168000	2696.194715
17.721161	289.190000	2696.399842
17.719954	289.212000	2696.604970
17.718748	289.234000	2696.810097
17.717542	289.256000	2697.015225
17.716335	289.278000	2697.220352
17.715128	289.300000	2697.425479
17.713922	289.322000	2697.630607
17.712715	289.344000	2697.835734
17.711508	289.366000	2698.040862
17.710301	289.388000	2698.245989
17.709095	289.410000	2698.451117
17.707888	289.432000	2698.656244
17.706680	289.454000	2698.861371
17.705473	289.476000	2699.066499
17.704266	289.498000	2699.271626
17.703059	289.520000	2699.476754
17.701851	289.542000	2699.681881
17.700644	289.564000	2699.887008
17.699437	289.586000	2700.092136
17.698229	289.608000	2700.297263
17.697021	289.630000	2700.502391
17.695814	289.652000	2700.707518
17.694606	289.674000	2700.912645
17.693398	289.696000	2701.117773
17.692190	289.718000	2701.322900
17.690982	289.740000	2701.528028
17.689774	289.762000	2701.733155
17.688566	289.784000	2701.938283
17.687358	289.806000	2702.143410
17.686150	289.828000	2702.348537
17.684941	289.850000	2702.553665
17.683733	289.872000	2702.758792
17.682524	289.894000	2702.963920
17.681316	289.916000	2703.169047
17.680107	289.938000	2703.374174
17.678899	289.960000	2703.579302
17.677690	289.982000	2703.784429
17.676481	290.004000	2703.989557
17.675272	290.026000	2704.194684
17.674063	290.048000	2704.399811
17.672854	290.070000	2704.604939
17.671645	290.092000	2704.810066
17.670436	290.114000	2705.015194
17.669226	290.136000	2705.220321
17.668017	290.158000	2705.425449
17.666808	290.180000	2705.630576
17.665598	290.202000	2705.835703
17.664389	290.224000	2706.040831
17.663179	290.246000	2706.245958
17.661970	290.268000	2706.451086
17.660760	290.290000	2706.656213
17.659550	290.312000	2706.861340
17.658340	290.334000	2707.066468
17.657130	290.356000	2707.271595
17.655920	290.378000	2707.476723
17.654710	290.400000	2707.681850
17.653500	290.422000	2707.886977
17.652290	290.444000	2708.092105
17.651079	290.466000	2708.297232
17.649869	290.488000	2708.502360
17.648658	290.510000	2708.707487
17.647448	290.532000	2708.912615
17.646237	290.554000	2709.117742
17.645027	290.576000	2709.322869
17.643816	290.598000	2709.527997
17.642605	290.620000	2709.733124
17.641394	290.642000	2709.938252
17.640183	290.664000	2710.143379
17.638972	290.686000	2710.348506
17.637761	290.708000	2710.553634
17.636550	290.730000	2710.758761
17.635339	290.752000	2710.963889
17.634128	290.774000	2711.169016
17.632916	290.796000	2711.374144
17.631705	290.818000	2711.579271
17.630493	290.840000	2711.784398
17.629282	290.862000	2711.989526
17.628070	290.884000	2712.194653
17.626858	290.906000	2712.399781
17.625647	290.928000	2712.604908
17.624435	290.950000	2712.810035
17.623223	290.972000	2713.015163
17.622011	290.994000	2713.220290
17.620799	291.016000	2713.425418
17.619587	291.038000	2713.630545
17.618374	291.060000	2713.835672
17.617162	291.082000	2714.040800
17.615950	291.104000	2714.245927
17.614737	291.126000	2714.451055
17.613525	291.148000	2714.656182
17.612312	291.170000	2714.861310
17.611099	291.192000	2715.066437
17.609887	291.214000	2715.271564
17.608674	291.236000	2715.476692
17.607461	291.258000	2715.681819
17.606248	291.280000	2715.886947
17.605035	291.302000	2716.092074
17.603822	291.324000	2716.297201
17.602609	291.346000	2716.502329
17.601396	291.368000	2716.707456
17.600182	291.390000	2716.912584
17.598969	291.412000	2717.117711
17.597756	291.434000	2717.322838
17.596542	291.456000	2717.527966
17.595329	291.478000	2717.733093
17.594115	291.500000	2717.938221
17.592901	291.522000	2718.143348
17.591687	291.544000	2718.348476
17.590474	291.566000	2718.553603
17.589260	291.588000	2718.758730
17.588046	291.610000	2718.963858
17.586832	291.632000	2719.168985
17.585618	291.654000	2719.374113
17.584403	291.676000	2719.579240
17.583189	291.698000	2719.784367
17.581975	291.720000	2719.989495
17.580760	291.742000	2720.194622
17.579546	291.764000	2720.399750
17.578331	291.786000	2720.604877
17.577117	291.808000	2720.810005
17.575902	291.830000	2721.015132
17.574687	291.852000	2721.220259
17.573472	291.874000	2721.425387
17.572257	291.896000	2721.630514
17.571042	291.918000	2721.835642
17.569827	291.940000	2722.040769
17.568612	291.962000	2722.245896
17.567397	291.984000	2722.451024
17.566182	292.006000	2722.656151
17.564966	292.028000	2722.861279
17.563751	292.050000	2723.066406
17.562535	292.072000	2723.271533
17.561320	292.094000	2723.476661
17.560104	292.116000	2723.681788
17.558888	292.138000	2723.886916
17.557673	292.160000	2724.092043
17.556457	292.182000	2724.297171
17.555241	292.204000	2724.502298
17.554025	292.226000	2724.707425
17.552809	292.248000	2724.912553
17.551593	292.270000	2725.117680
17.550376	292.292000	2725.322808
17.549160	292.314000	2725.527935
17.547944	292.336000	2725.733062
17.546727	292.358000	2725.938190
17.545511	292.380000	2726.143317
17.544294	292.402000	2726.348445
17.543078	292.424000	2726.553572
17.541861	292.446000	2726.758699
17.540644	292.468000	2726.963827
17.539427	292.490000	2727.168954
17.538210	292.512000	2727.374082
17.536993	292.534000	2727.579209
17.535776	292.556000	2727.784337
17.534559	292.578000	2727.989464
17.533342	292.600000	2728.194591
17.532124	292.622000	2728.399719
17.530907	292.644000	2728.604846
17.529690	292.666000	2728.809974
17.528472	292.688000	2729.015101
17.527255	292.710000	2729.220228
17.526037	292.732000	2729.425356
17.524819	292.754000	2729.630483
17.523601	292.776000	2729.835611
17.522384	292.798000	2730.040738
17.521166	292.820000	2730.245865
17.519948	292.842000	2730.450993
17.518730	292.864000	2730.656120
17.517511	292.886000	2730.861248
17.516293	292.908000	2731.066375
17.515075	292.930000	2731.271503
17.513856	292.952000	2731.476630
17.512638	292.974000	2731.681757
17.511419	292.996000	2731.886885
17.510201	293.018000	2732.092012
17.508982	293.040000	2732.297140
17.507764	293.062000	2732.502267
17.506545	293.084000	2732.707394
17.505326	293.106000	2732.912522
17.504107	293.128000	2733.117649
17.502888	293.150000	2733.322777
17.501669	293.172000	2733.527904
17.500450	293.194000	2733.733032
17.499230	293.216000	2733.938159
17.498011	293.238000	2734.143286
17.496792	293.260000	2734.348414
17.495572	293.282000	2734.553541
17.494353	293.304000	2734.758669
17.493133	293.326000	2734.963796
17.491913	293.348000	2735.168923
17.490694	293.370000	2735.374051
17.489474	293.392000	2735.579178
17.488254	293.414000	2735.784306
17.487034	293.436000	2735.989433
17.485814	293.458000	2736.194560
17.484594	293.480000	2736.399688
17.483374	293.502000	2736.604815
17.482153	293.524000	2736.809943
17.480933	293.546000	2737.015070
17.479713	293.568000	2737.220198
17.478492	293.590000	2737.425325
17.477272	293.612000	2737.630452
17.476051	293.634000	2737.835580
17.474830	293.656000	2738.040707
17.473610	293.678000	2738.245835
17.472389	293.700000	2738.450962
17.471168	293.722000	2738.656089
17.469947	293.744000	2738.861217
17.468726	293.766000	2739.066344
17.467505	293.788000	2739.271472
17.466283	293.810000	2739.476599
17.465062	293.832000	2739.681726
17.463841	293.854000	2739.886854
17.462619	293.876000	2740.091981
17.461398	293.898000	2740.297109
17.460176	293.920000	2740.502236
17.458955	293.942000	2740.707364
17.457733	293.964000	2740.912491
17.456511	293.986000	2741.117618
17.455289	294.008000	2741.322746
17.454068	294.030000	2741.527873
17.452846	294.052000	2741.733001
17.451623	294.074000	2741.938128
17.450401	294.096000	2742.143255
17.449179	294.118000	2742.348383
17.447957	294.140000	2742.553510
17.446734	294.162000	2742.758638
17.445512	294.184000	2742.963765
17.444290	294.206000	2743.168893
17.443067	294.228000	2743.374020
17.441844	294.250000	2743.579147
17.440622	294.272000	2743.784275
17.439399	294.294000	2743.989402
17.438176	294.316000	2744.194530
17.436953	294.338000	2744.399657
17.435730	294.360000	2744.604784
17.434507	294.382000	2744.809912
17.433284	294.404000	2745.015039
17.432060	294.426000	2745.220167
17.430837	294.448000	2745.425294
17.429614	294.470000	2745.630421
17.428390	294.492000	2745.835549
17.427167	294.514000	2746.040676
17.425943	294.536000	2746.245804
17.424719	294.558000	2746.450931
17.423496	294.580000	2746.656059
17.422272	294.602000	2746.861186
17.421048	294.624000	2747.066313
17.419824	294.646000	2747.271441
17.418600	294.668000	2747.476568
17.417376	294.690000	2747.681696
17.416152	294.712000	2747.886823
17.414927	294.734000	2748.091950
17.413703	294.756000	2748.297078
17.412479	294.778000	2748.502205
17.411254	294.800000	2748.707333
17.410030	294.822000	2748.912460
17.408805	294.844000	2749.117587
17.407580	294.866000	2749.322715
17.406356	294.888000	2749.527842
17.405131	294.910000	2749.732970
17.403906	294.932000	2749.938097
17.402681	294.954000	2750.143225
17.401456	294.976000	2750.348352
17.400231	294.998000	2750.553479
17.399005	295.020000	2750.758607
17.397780	295.042000	2750.963734
17.396555	295.064000	2751.168862
17.395329	295.086000	2751.373989
17.394104	295.108000	2751.579116
17.392878	295.130000	2751.784244
17.391653	295.152000	2751.989371
17.390427	295.174000	2752.194499
17.389201	295.196000	2752.399626
17.387975	295.218000	2752.604754
17.386749	295.240000	2752.809881
17.385523	295.262000	2753.015008
17.384297	295.284000	2753.220136
17.383071	295.306000	2753.425263
17.381845	295.328000	2753.630391
17.380618	295.350000	2753.835518
17.379392	295.372000	2754.040645
17.378166	295.394000	2754.245773
17.376939	295.416000	2754.450900
17.375712	295.438000	2754.656028
17.374486	295.460000	2754.861155
17.373259	295.482000	2755.066282
17.372032	295.504000	2755.271410
17.370805	295.526000	2755.476537
17.369578	295.548000	2755.681665
17.368351	295.570000	2755.886792
17.367124	295.592000	2756.091920
17.365897	295.614000	2756.297047
17.364670	295.636000	2756.502174
17.363442	295.658000	2756.707302
17.362215	295.680000	2756.912429
17.360987	295.702000	2757.117557
17.359760	295.724000	2757.322684
17.358532	295.746000	2757.527811
17.357304	295.768000	2757.732939
17.356077	295.790000	2757.938066
17.354849	295.812000	2758.143194
17.353621	295.834000	2758.348321
17.352393	295.856000	2758.553448
17.351165	295.878000	2758.758576
17.349937	295.900000	2758.963703
17.348708	295.922000	2759.168831
17.347480	295.944000	2759.373958
17.346252	295.966000	2759.579086
17.345023	295.988000	2759.784213
17.343795	296.010000	2759.989340
17.342566	296.032000	2760.194468
17.341337	296.054000	2760.399595
17.340109	296.076000	2760.604723
17.338880	296.098000	2760.809850
17.337651	296.120000	2761.014977
17.336422	296.142000	2761.220105
17.335193	296.164000	2761.425232
17.333964	296.186000	2761.630360
17.332735	296.208000	2761.835487
17.331505	296.230000	2762.040614
17.330276	296.252000	2762.245742
17.329047	296.274000	2762.450869
17.327817	296.296000	2762.655997
17.326587	296.318000	2762.861124
17.325358	296.340000	2763.066252
17.324128	296.362000	2763.271379
17.322898	296.384000	2763.476506
17.321668	296.406000	2763.681634
17.320439	296.428000	2763.886761
17.319209	296.450000	2764.091889
17.317978	296.472000	2764.297016
17.316748	296.494000	2764.502143
17.315518	296.516000	2764.707271
17.314288	296.538000	2764.912398
17.313057	296.560000	2765.117526
17.311827	296.582000	2765.322653
17.310596	296.604000	2765.527781
17.309366	296.626000	2765.732908
17.308135	296.648000	2765.938035
17.306904	296.670000	2766.143163
17.305673	296.692000	2766.348290
17.304443	296.714000	2766.553418
17.303212	296.736000	2766.758545
17.301981	296.758000	2766.963672
17.300749	296.780000	2767.168800
17.299518	296.802000	2767.373927
17.298287	296.824000	2767.579055
17.297056	296.846000	2767.784182
17.295824	296.868000	2767.989309
17.294593	296.890000	2768.194437
17.293361	296.912000	2768.399564
17.292129	296.934000	2768.604692
17.290898	296.956000	2768.809819
17.289666	296.978000	2769.014947
17.288434	297.000000	2769.220074
17.287202	297.022000	2769.425201
17.285970	297.044000	2769.630329
17.284738	297.066000	2769.835456
17.283506	297.088000	2770.040584
17.282274	297.110000	2770.245711
17.281041	297.132000	2770.450838
17.279809	297.154000	2770.655966
17.278576	297.176000	2770.861093
17.277344	297.198000	2771.066221
17.276111	297.220000	2771.271348
17.274878	297.242000	2771.476475
17.273646	297.264000	2771.681603
17.272413	297.286000	2771.886730
17.271180	297.308000	2772.091858
17.269947	297.330000	2772.296985
17.268714	297.352000	2772.502113
17.267481	297.374000	2772.707240
17.266248	297.396000	2772.912367
17.265014	297.418000	2773.117495
17.263781	297.440000	2773.322622
17.262547	297.462000	2773.527750
17.261314	297.484000	2773.732877
17.260080	297.506000	2773.938004
17.258847	297.528000	2774.143132
17.257613	297.550000	2774.348259
17.256379	297.572000	2774.553387
17.255145	297.594000	2774.758514
17.253911	297.616000	2774.963642
17.252677	297.638000	2775.168769
17.251443	297.660000	2775.373896
17.250209	297.682000	2775.579024
17.248975	297.704000	2775.784151
17.247740	297.726000	2775.989279
17.246506	297.748000	2776.194406
17.245271	297.770000	2776.399533
17.244037	297.792000	2776.604661
17.242802	297.814000	2776.809788
17.241567	297.836000	2777.014916
17.240333	297.858000	2777.220043
17.239098	297.880000	2777.425170
17.237863	297.902000	2777.630298
17.236628	297.924000	2777.835425
17.235393	297.946000	2778.040553
17.234157	297.968000	2778.245680
17.232922	297.990000	2778.450808
17.231687	298.012000	2778.655935
17.230452	298.034000	2778.861062
17.229216	298.056000	2779.066190
17.227980	298.078000	2779.271317
17.226745	298.100000	2779.476445
17.225509	298.122000	2779.681572
17.224273	298.144000	2779.886699
17.223038	298.166000	2780.091827
17.221802	298.188000	2780.296954
17.220566	298.210000	2780.502082
17.219330	298.232000	2780.707209
17.218093	298.254000	2780.912336
17.216857	298.276000	2781.117464
17.215621	298.298000	2781.322591
17.214384	298.320000	2781.527719
17.213148	298.342000	2781.732846
17.211911	298.364000	2781.937974
17.210675	298.386000	2782.143101
17.209438	298.408000	2782.348228
17.208201	298.430000	2782.553356
17.206965	298.452000	2782.758483
17.205728	298.474000	2782.963611
17.204491	298.496000	2783.168738
17.203254	298.518000	2783.373865
17.202017	298.540000	2783.578993
17.200779	298.562000	2783.784120
17.199542	298.584000	2783.989248
17.198305	298.606000	2784.194375
17.197067	298.628000	2784.399502
17.195830	298.650000	2784.604630
17.194592	298.672000	2784.809757
17.193354	298.694000	2785.014885
17.192117	298.716000	2785.220012
17.190879	298.738000	2785.425140
17.189641	298.760000	2785.630267
17.188403	298.782000	2785.835394
17.187165	298.804000	2786.040522
17.185927	298.826000	2786.245649
17.184689	298.848000	2786.450777
17.183450	298.870000	2786.655904
17.182212	298.892000	2786.861031
17.180974	298.914000	2787.066159
17.179735	298.936000	2787.271286
17.178497	298.958000	2787.476414
17.177258	298.980000	2787.681541
17.176019	299.002000	2787.886669
17.174780	299.024000	2788.091796
17.173542	299.046000	2788.296923
17.172303	299.068000	2788.502051
17.171064	299.090000	2788.707178
17.169824	299.112000	2788.912306
17.168585	299.134000	2789.117433
17.167346	299.156000	2789.322560
17.166107	299.178000	2789.527688
17.164867	299.200000	2789.732815
17.163628	299.222000	2789.937943
17.162388	299.244000	2790.143070
17.161149	299.266000	2790.348197
17.159909	299.288000	2790.553325
17.158669	299.310000	2790.758452
17.157429	299.332000	2790.963580
17.156189	299.354000	2791.168707
17.154949	299.376000	2791.373835
17.153709	299.398000	2791.578962
17.152469	299.420000	2791.784089
17.151229	299.442000	2791.989217
17.149988	299.464000	2792.194344
17.148748	299.486000	2792.399472
17.147508	299.508000	2792.604599
17.146267	299.530000	2792.809726
17.145026	299.552000	2793.014854
17.143786	299.574000	2793.219981
17.142545	299.596000	2793.425109
17.141304	299.618000	2793.630236
17.140063	299.640000	2793.835363
17.138822	299.662000	2794.040491
17.137581	299.684000	2794.245618
17.136340	299.706000	2794.450746
17.135099	299.728000	2794.655873
17.133857	299.750000	2794.861001
17.132616	299.772000	2795.066128
17.131374	299.794000	2795.271255
17.130133	299.816000	2795.476383
17.128891	299.838000	2795.681510
17.127650	299.860000	2795.886638
17.126408	299.882000	2796.091765
17.125166	299.904000	2796.296892
17.123924	299.926000	2796.502020
17.122682	299.948000	2796.707147
17.121440	299.970000	2796.912275
17.120198	299.992000	2797.117402
17.118956	300.014000	2797.322530
17.117713	300.036000	2797.527657
17.116471	300.058000	2797.732784
17.115228	300.080000	2797.937912
17.113986	300.102000	2798.143039
17.112743	300.124000	2798.348167
17.111501	300.146000	2798.553294
17.110258	300.168000	2798.758421
17.109015	300.190000	2798.963549
17.107772	300.212000	2799.168676
17.106529	300.234000	2799.373804
17.105286	300.256000	2799.578931
17.104043	300.278000	2799.784058
17.102800	300.300000	2799.989186
17.101556	300.322000	2800.194313
17.100313	300.344000	2800.399441
17.099069	300.366000	2800.604568
17.097826	300.388000	2800.809696
17.096582	300.410000	2801.014823
17.095339	300.432000	2801.219950
17.094095	300.454000	2801.425078
17.092851	300.476000	2801.630205
17.091607	300.498000	2801.835333
17.090363	300.520000	2802.040460
17.089119	300.542000	2802.245587
17.087875	300.564000	2802.450715
17.086631	300.586000	2802.655842
17.085386	300.608000	2802.860970
17.084142	300.630000	2803.066097
17.082897	300.652000	2803.271224
17.081653	300.674000	2803.476352
17.080408	300.696000	2803.681479
17.079164	300.718000	2803.886607
17.077919	300.740000	2804.091734
17.076674	300.762000	2804.296862
17.075429	300.784000	2804.501989
17.074184	300.806000	2804.707116
17.072939	300.828000	2804.912244
17.071694	300.850000	2805.117371
17.070449	300.872000	2805.322499
17.069203	300.894000	2805.527626
17.067958	300.916000	2805.732753
17.066712	300.938000	2805.937881
17.065467	300.960000	2806.143008
17.064221	300.982000	2806.348136
17.062976	301.004000	2806.553263
17.061730	301.026000	2806.758391
17.060484	301.048000	2806.963518
17.059238	301.070000	2807.168645
17.057992	301.092000	2807.373773
17.056746	301.114000	2807.578900
17.055500	301.136000	2807.784028
17.054253	301.158000	2807.989155
17.053007	301.180000	2808.194282
17.051761	301.202000	2808.399410
17.050514	301.224000	2808.604537
17.049268	301.246000	2808.809665
17.048021	301.268000	2809.014792
17.046774	301.290000	2809.219919
17.045528	301.312000	2809.425047
17.044281	301.334000	2809.630174
17.043034	301.356000	2809.835302
17.041787	301.378000	2810.040429
17.040540	301.400000	2810.245557
17.039293	301.422000	2810.450684
17.038045	301.444000	2810.655811
17.036798	301.466000	2810.860939
17.035551	301.488000	2811.066066
17.034303	301.510000	2811.271194
17.033056	301.532000	2811.476321
17.031808	301.554000	2811.681448
17.030560	301.576000	2811.886576
17.029312	301.598000	2812.091703
17.028065	301.620000	2812.296831
17.026817	301.642000	2812.501958
17.025569	301.664000	2812.707085
17.024321	301.686000	2812.912213
17.023072	301.708000	2813.117340
17.021824	301.730000	2813.322468
17.020576	301.752000	2813.527595
17.019327	301.774000	2813.732723
17.018079	301.796000	2813.937850
17.016830	301.818000	2814.142977
17.015582	301.840000	2814.348105
17.014333	301.862000	2814.553232
17.013084	301.884000	2814.758360
17.011835	301.906000	2814.963487
17.010586	301.928000	2815.168614
17.009337	301.950000	2815.373742
17.008088	301.972000	2815.578869
17.006839	301.994000	2815.783997
17.005590	302.016000	2815.989124
17.004340	302.038000	2816.194251
17.003091	302.060000	2816.399379
17.001841	302.082000	2816.604506
17.000592	302.104000	2816.809634
16.999342	302.126000	2817.014761
16.998092	302.148000	2817.219889
16.996843	302.170000	2817.425016
16.995593	302.192000	2817.630143
16.994343	302.214000	2817.835271
16.993093	302.236000	2818.040398
16.991843	302.258000	2818.245526
16.990592	302.280000	2818.450653
16.989342	302.302000	2818.655780
16.988092	302.324000	2818.860908
16.986841	302.346000	2819.066035
16.985591	302.368000	2819.271163
16.984340	302.390000	2819.476290
16.983090	302.412000	2819.681418
16.981839	302.434000	2819.886545
16.980588	302.456000	2820.091672
16.979337	302.478000	2820.296800
16.978086	302.500000	2820.501927
16.976835	302.522000	2820.707055
16.975584	302.544000	2820.912182
16.974333	302.566000	2821.117309
16.973081	302.588000	2821.322437
16.971830	302.610000	2821.527564
16.970579	302.632000	2821.732692
16.969327	302.654000	2821.937819
16.968075	302.676000	2822.142946
16.966824	302.698000	2822.348074
16.965572	302.720000	2822.553201
16.964320	302.742000	2822.758329
16.963068	302.764000	2822.963456
16.961816	302.786000	2823.168584
16.960564	302.808000	2823.373711
16.959312	302.830000	2823.578838
16.958060	302.852000	2823.783966
16.956807	302.874000	2823.989093
16.955555	302.896000	2824.194221
16.954303	302.918000	2824.399348
16.953050	302.940000	2824.604475
16.951797	302.962000	2824.809603
16.950545	302.984000	2825.014730
16.949292	303.006000	2825.219858
16.948039	303.028000	2825.424985
16.946786	303.050000	2825.630112
16.945533	303.072000	2825.835240
16.944280	303.094000	2826.040367
16.943027	303.116000	2826.245495
16.941773	303.138000	2826.450622
16.940520	303.160000	2826.655750
16.939267	303.182000	2826.860877
16.938013	303.204000	2827.066004
16.936760	303.226000	2827.271132
16.935506	303.248000	2827.476259
16.934252	303.270000	2827.681387
16.932998	303.292000	2827.886514
16.931744	303.314000	2828.091641
16.930491	303.336000	2828.296769
16.929236	303.358000	2828.501896
16.927982	303.380000	2828.707024
16.926728	303.402000	2828.912151
16.925474	303.424000	2829.117279
16.924219	303.446000	2829.322406
16.922965	303.468000	2829.527533
16.921711	303.490000	2829.732661
16.920456	303.512000	2829.937788
16.919201	303.534000	2830.142916
16.917946	303.556000	2830.348043
16.916692	303.578000	2830.553170
16.915437	303.600000	2830.758298
16.914182	303.622000	2830.963425
16.912927	303.644000	2831.168553
16.911671	303.666000	2831.373680
16.910416	303.688000	2831.578807
16.909161	303.710000	2831.783935
16.907906	303.732000	2831.989062
16.906650	303.754000	2832.194190
16.905395	303.776000	2832.399317
16.904139	303.798000	2832.604445
16.902883	303.820000	2832.809572
16.901627	303.842000	2833.014699
16.900372	303.864000	2833.219827
16.899116	303.886000	2833.424954
16.897860	303.908000	2833.630082
16.896603	303.930000	2833.835209
16.895347	303.952000	2834.040336
16.894091	303.974000	2834.245464
16.892835	303.996000	2834.450591
16.891578	304.018000	2834.655719
16.890322	304.040000	2834.860846
16.889065	304.062000	2835.065973
16.887808	304.084000	2835.271101
16.886552	304.106000	2835.476228
16.885295	304.128000	2835.681356
16.884038	304.150000	2835.886483
16.882781	304.172000	2836.091611
16.881524	304.194000	2836.296738
16.880267	304.216000	2836.501865
16.879010	304.238000	2836.706993
16.877752	304.260000	2836.912120
16.876495	304.282000	2837.117248
16.875237	304.304000	2837.322375
16.873980	304.326000	2837.527502
16.872722	304.348000	2837.732630
16.871465	304.370000	2837.937757
16.870207	304.392000	2838.142885
16.868949	304.414000	2838.348012
16.867691	304.436000	2838.553139
16.866433	304.458000	2838.758267
16.865175	304.480000	2838.963394
16.863917	304.502000	2839.168522
16.862659	304.524000	2839.373649
16.861400	304.546000	2839.578777
16.860142	304.568000	2839.783904
16.858883	304.590000	2839.989031
16.857625	304.612000	2840.194159
16.856366	304.634000	2840.399286
16.855107	304.656000	2840.604414
16.853849	304.678000	2840.809541
16.852590	304.700000	2841.014668
16.851331	304.722000	2841.219796
16.850072	304.744000	2841.424923
16.848812	304.766000	2841.630051
16.847553	304.788000	2841.835178
16.846294	304.810000	2842.040306
16.845035	304.832000	2842.245433
16.843775	304.854000	2842.450560
16.842516	304.876000	2842.655688
16.841256	304.898000	2842.860815
16.839996	304.920000	2843.065943
16.838737	304.942000	2843.271070
16.837477	304.964000	2843.476197
16.836217	304.986000	2843.681325
16.834957	305.008000	2843.886452
16.833697	305.030000	2844.091580
16.832436	305.052000	2844.296707
16.831176	305.074000	2844.501834
16.829916	305.096000	2844.706962
16.828655	305.118000	2844.912089
16.827395	305.140000	2845.117217
16.826134	305.162000	2845.322344
16.824874	305.184000	2845.527472
16.823613	305.206000	2845.732599
16.822352	305.228000	2845.937726
16.821091	305.250000	2846.142854
16.819830	305.272000	2846.347981
16.818569	305.294000	2846.553109
16.817308	305.316000	2846.758236
16.816047	305.338000	2846.963363
16.814786	305.360000	2847.168491
16.813524	305.382000	2847.373618
16.812263	305.404000	2847.578746
16.811001	305.426000	2847.783873
16.809740	305.448000	2847.989000
16.808478	305.470000	2848.194128
16.807216	305.492000	2848.399255
16.805954	305.514000	2848.604383
16.804692	305.536000	2848.809510
16.803430	305.558000	2849.014638
16.802168	305.580000	2849.219765
16.800906	305.602000	2849.424892
16.799644	305.624000	2849.630020
16.798382	305.646000	2849.835147
16.797119	305.668000	2850.040275
16.795857	305.690000	2850.245402
16.794594	305.712000	2850.450529
16.793331	305.734000	2850.655657
16.792069	305.756000	2850.860784
16.790806	305.778000	2851.065912
16.789543	305.800000	2851.271039
16.788280	305.822000	2851.476167
16.787017	305.844000	2851.681294
16.785754	305.866000	2851.886421
16.784490	305.888000	2852.091549
16.783227	305.910000	2852.296676
16.781964	305.932000	2852.501804
16.780700	305.954000	2852.706931
16.779437	305.976000	2852.912058
16.778173	305.998000	2853.117186
16.776909	306.020000	2853.322313
16.775646	306.042000	2853.527441
16.774382	306.064000	2853.732568
16.773118	306.086000	2853.937695
16.771854	306.108000	2854.142823
16.770590	306.130000	2854.347950
16.769325	306.152000	2854.553078
16.768061	306.174000	2854.758205
16.766797	306.196000	2854.963333
16.765532	306.218000	2855.168460
16.764268	306.240000	2855.373587
16.763003	306.262000	2855.578715
16.761739	306.284000	2855.783842
16.760474	306.306000	2855.988970
16.759209	306.328000	2856.194097
16.757944	306.350000	2856.399224
16.756679	306.372000	2856.604352
16.755414	306.394000	2856.809479
16.754149	306.416000	2857.014607
16.752884	306.438000	2857.219734
16.751618	306.460000	2857.424861
16.750353	306.482000	2857.629989
16.749087	306.504000	2857.835116
16.747822	306.526000	2858.040244
16.746556	306.548000	2858.245371
16.745290	306.570000	2858.450499
16.744025	306.592000	2858.655626
16.742759	306.614000	2858.860753
16.741493	306.636000	2859.065881
16.740227	306.658000	2859.271008
16.738960	306.680000	2859.476136
16.737694	306.702000	2859.681263
16.736428	306.724000	2859.886390
16.735162	306.746000	2860.091518
16.733895	306.768000	2860.296645
16.732629	306.790000	2860.501773
16.731362	306.812000	2860.706900
16.730095	306.834000	2860.912028
16.728828	306.856000	2861.117155
16.727562	306.878000	2861.322282
16.726295	306.900000	2861.527410
16.725028	306.922000	2861.732537
16.723760	306.944000	2861.937665
16.722493	306.966000	2862.142792
16.721226	306.988000	2862.347919
16.719959	307.010000	2862.553047
16.718691	307.032000	2862.758174
16.717424	307.054000	2862.963302
16.716156	307.076000	2863.168429
16.714888	307.098000	2863.373556
16.713621	307.120000	2863.578684
16.712353	307.142000	2863.783811
16.711085	307.164000	2863.988939
16.709817	307.186000	2864.194066
16.708549	307.208000	2864.399194
16.707280	307.230000	2864.604321
16.706012	307.252000	2864.809448
16.704744	307.274000	2865.014576
16.703475	307.296000	2865.219703
16.702207	307.318000	2865.424831
16.700938	307.340000	2865.629958
16.699670	307.362000	2865.835085
16.698401	307.384000	2866.040213
16.697132	307.406000	2866.245340
16.695863	307.428000	2866.450468
16.694594	307.450000	2866.655595
16.693325	307.472000	2866.860722
16.692056	307.494000	2867.065850
16.690787	307.516000	2867.270977
16.689517	307.538000	2867.476105
16.688248	307.560000	2867.681232
16.686978	307.582000	2867.886360
16.685709	307.604000	2868.091487
16.684439	307.626000	2868.296614
16.683170	307.648000	2868.501742
16.681900	307.670000	2868.706869
16.680630	307.692000	2868.911997
16.679360	307.714000	2869.117124
16.678090	307.736000	2869.322251
16.676820	307.758000	2869.527379
16.675549	307.780000	2869.732506
16.674279	307.802000	2869.937634
16.673009	307.824000	2870.142761
16.671738	307.846000	2870.347888
16.670468	307.868000	2870.553016
16.669197	307.890000	2870.758143
16.667926	307.912000	2870.963271
16.666655	307.934000	2871.168398
16.665385	307.956000	2871.373526
16.664114	307.978000	2871.578653
16.662843	308.000000	2871.783780
16.661571	308.022000	2871.988908
16.660300	308.044000	2872.194035
16.659029	308.066000	2872.399163
16.657758	308.088000	2872.604290
16.656486	308.110000	2872.809417
16.655215	308.132000	2873.014545
16.653943	308.154000	2873.219672
16.652671	308.176000	2873.424800
16.651399	308.198000	2873.629927
16.650128	308.220000	2873.835055
16.648856	308.242000	2874.040182
16.647584	308.264000	2874.245309
16.646311	308.286000	2874.450437
16.645039	308.308000	2874.655564
16.643767	308.330000	2874.860692
16.642495	308.352000	2875.065819
16.641222	308.374000	2875.270946
16.639950	308.396000	2875.476074
16.638677	308.418000	2875.681201
16.637404	308.440000	2875.886329
16.636132	308.462000	2876.091456
16.634859	308.484000	2876.296583
16.633586	308.506000	2876.501711
16.632313	308.528000	2876.706838
16.631040	308.550000	2876.911966
16.629766	308.572000	2877.117093
16.628493	308.594000	2877.322221
16.627220	308.616000	2877.527348
16.625946	308.638000	2877.732475
16.624673	308.660000	2877.937603
16.623399	308.682000	2878.142730
16.622126	308.704000	2878.347858
16.620852	308.726000	2878.552985
16.619578	308.748000	2878.758112
16.618304	308.770000	2878.963240
16.617030	308.792000	2879.168367
16.615756	308.814000	2879.373495
16.614482	308.836000	2879.578622
16.613207	308.858000	2879.783749
16.611933	308.880000	2879.988877
16.610659	308.902000	2880.194004
16.609384	308.924000	2880.399132
16.608109	308.946000	2880.604259
16.606835	308.968000	2880.809387
16.605560	308.990000	2881.014514
16.604285	309.012000	2881.219641
16.603010	309.034000	2881.424769
16.601735	309.056000	2881.629896
16.600460	309.078000	2881.835024
16.599185	309.100000	2882.040151
16.597910	309.122000	2882.245278
16.596634	309.144000	2882.450406
16.595359	309.166000	2882.655533
16.594083	309.188000	2882.860661
16.592808	309.210000	2883.065788
16.591532	309.232000	2883.270916
16.590256	309.254000	2883.476043
16.588980	309.276000	2883.681170
16.587705	309.298000	2883.886298
16.586429	309.320000	2884.091425
16.585152	309.342000	2884.296553
16.583876	309.364000	2884.501680
16.582600	309.386000	2884.706807
16.581324	309.408000	2884.911935
16.580047	309.430000	2885.117062
16.578771	309.452000	2885.322190
16.577494	309.474000	2885.527317
16.576217	309.496000	2885.732444
16.574941	309.518000	2885.937572
16.573664	309.540000	2886.142699
16.572387	309.562000	2886.347827
16.571110	309.584000	2886.552954
16.569833	309.606000	2886.758082
16.568556	309.628000	2886.963209
16.567278	309.650000	2887.168336
16.566001	309.672000	2887.373464
16.564724	309.694000	2887.578591
16.563446	309.716000	2887.783719
16.562168	309.738000	2887.988846
16.560891	309.760000	2888.193973
16.559613	309.782000	2888.399101
16.558335	309.804000	2888.604228
16.557057	309.826000	2888.809356
16.555779	309.848000	2889.014483
16.554501	309.870000	2889.219610
16.553223	309.892000	2889.424738
16.551945	309.914000	2889.629865
16.550666	309.936000	2889.834993
16.549388	309.958000	2890.040120
16.548109	309.980000	2890.245248
16.546831	310.002000	2890.450375
16.545552	310.024000	2890.655502
16.544273	310.046000	2890.860630
16.542994	310.068000	2891.065757
16.541715	310.090000	2891.270885
16.540436	310.112000	2891.476012
16.539157	310.134000	2891.681139
16.537878	310.156000	2891.886267
16.536599	310.178000	2892.091394
16.535320	310.200000	2892.296522
16.534040	310.222000	2892.501649
16.532761	310.244000	2892.706776
16.531481	310.266000	2892.911904
16.530201	310.288000	2893.117031
16.528921	310.310000	2893.322159
16.527642	310.332000	2893.527286
16.526362	310.354000	2893.732414
16.525082	310.376000	2893.937541
16.523802	310.398000	2894.142668
16.522521	310.420000	2894.347796
16.521241	310.442000	2894.552923
16.519961	310.464000	2894.758051
16.518680	310.486000	2894.963178
16.517400	310.508000	2895.168305
16.516119	310.530000	2895.373433
16.514838	310.552000	2895.578560
16.513558	310.574000	2895.783688
16.512277	310.596000	2895.988815
16.510996	310.618000	2896.193943
16.509715	310.640000	2896.399070
16.508434	310.662000	2896.604197
16.507152	310.684000	2896.809325
16.505871	310.706000	2897.014452
16.504590	310.728000	2897.219580
16.503308	310.750000	2897.424707
16.502027	310.772000	2897.629834
16.500745	310.794000	2897.834962
16.499463	310.816000	2898.040089
16.498182	310.838000	2898.245217
16.496900	310.860000	2898.450344
16.495618	310.882000	2898.655471
16.494336	310.904000	2898.860599
16.493054	310.926000	2899.065726
16.491771	310.948000	2899.270854
16.490489	310.970000	2899.475981
16.489207	310.992000	2899.681109
16.487924	311.014000	2899.886236
16.486642	311.036000	2900.091363
16.485359	311.058000	2900.296491
16.484076	311.080000	2900.501618
16.482793	311.102000	2900.706746
16.481510	311.124000	2900.911873
16.480227	311.146000	2901.117000
16.478944	311.168000	2901.322128
16.477661	311.190000	2901.527255
16.476378	311.212000	2901.732383
16.475095	311.234000	2901.937510
16.473811	311.256000	2902.142637
16.472528	311.278000	2902.347765
16.471244	311.300000	2902.552892
16.469961	311.322000	2902.758020
16.468677	311.344000	2902.963147
16.467393	311.366000	2903.168275
16.466109	311.388000	2903.373402
16.464825	311.410000	2903.578529
16.463541	311.432000	2903.783657
16.462257	311.454000	2903.988784
16.460973	311.476000	2904.193912
16.459688	311.498000	2904.399039
16.458404	311.520000	2904.604166
16.457119	311.542000	2904.809294
16.455835	311.564000	2905.014421
16.454550	311.586000	2905.219549
16.453265	311.608000	2905.424676
16.451980	311.630000	2905.629804
16.450695	311.652000	2905.834931
16.449410	311.674000	2906.040058
16.448125	311.696000	2906.245186
16.446840	311.718000	2906.450313
16.445555	311.740000	2906.655441
16.444270	311.762000	2906.860568
16.442984	311.784000	2907.065695
16.441699	311.806000	2907.270823
16.440413	311.828000	2907.475950
16.439127	311.850000	2907.681078
16.437841	311.872000	2907.886205
16.436556	311.894000	2908.091332
16.435270	311.916000	2908.296460
16.433984	311.938000	2908.501587
16.432697	311.960000	2908.706715
16.431411	311.982000	2908.911842
16.430125	312.004000	2909.116970
16.428839	312.026000	2909.322097
16.427552	312.048000	2909.527224
16.426265	312.070000	2909.732352
16.424979	312.092000	2909.937479
16.423692	312.114000	2910.142607
16.422405	312.136000	2910.347734
16.421118	312.158000	2910.552861
16.419831	312.180000	2910.757989
16.418544	312.202000	2910.963116
16.417257	312.224000	2911.168244
16.415970	312.246000	2911.373371
16.414683	312.268000	2911.578498
16.413395	312.290000	2911.783626
16.412108	312.312000	2911.988753
16.410820	312.334000	2912.193881
16.409532	312.356000	2912.399008
16.408245	312.378000	2912.604136
16.406957	312.400000	2912.809263
16.405669	312.422000	2913.014390
16.404381	312.444000	2913.219518
16.403093	312.466000	2913.424645
16.401805	312.488000	2913.629773
16.400516	312.510000	2913.834900
16.399228	312.532000	2914.040027
16.397940	312.554000	2914.245155
16.396651	312.576000	2914.450282
16.395362	312.598000	2914.655410
16.394074	312.620000	2914.860537
16.392785	312.642000	2915.065665
16.391496	312.664000	2915.270792
16.390207	312.686000	2915.475919
16.388918	312.708000	2915.681047
16.387629	312.730000	2915.886174
16.386340	312.752000	2916.091302
16.385051	312.774000	2916.296429
16.383761	312.796000	2916.501556
16.382472	312.818000	2916.706684
16.381182	312.840000	2916.911811
16.379892	312.862000	2917.116939
16.378603	312.884000	2917.322066
16.377313	312.906000	2917.527193
16.376023	312.928000	2917.732321
16.374733	312.950000	2917.937448
16.373443	312.972000	2918.142576
16.372153	312.994000	2918.347703
16.370863	313.016000	2918.552831
16.369572	313.038000	2918.757958
16.368282	313.060000	2918.963085
16.366991	313.082000	2919.168213
16.365701	313.104000	2919.373340
16.364410	313.126000	2919.578468
16.363119	313.148000	2919.783595
16.361828	313.170000	2919.988722
16.360537	313.192000	2920.193850
16.359246	313.214000	2920.398977
16.357955	313.236000	2920.604105
16.356664	313.258000	2920.809232
16.355373	313.280000	2921.014359
16.354082	313.302000	2921.219487
16.352790	313.324000	2921.424614
16.351499	313.346000	2921.629742
16.350207	313.368000	2921.834869
16.348915	313.390000	2922.039997
16.347623	313.412000	2922.245124
16.346331	313.434000	2922.450251
16.345040	313.456000	2922.655379
16.343747	313.478000	2922.860506
16.342455	313.500000	2923.065634
16.341163	313.522000	2923.270761
16.339871	313.544000	2923.475888
16.338578	313.566000	2923.681016
16.337286	313.588000	2923.886143
16.335993	313.610000	2924.091271
16.334701	313.632000	2924.296398
16.333408	313.654000	2924.501525
16.332115	313.676000	2924.706653
16.330822	313.698000	2924.911780
16.329529	313.720000	2925.116908
16.328236	313.742000	2925.322035
16.326943	313.764000	2925.527163
16.325650	313.786000	2925.732290
16.324356	313.808000	2925.937417
16.323063	313.830000	2926.142545
16.321769	313.852000	2926.347672
16.320476	313.874000	2926.552800
16.319182	313.896000	2926.757927
16.317888	313.918000	2926.963054
16.316594	313.940000	2927.168182
16.315300	313.962000	2927.373309
16.314006	313.984000	2927.578437
16.312712	314.006000	2927.783564
16.311418	314.028000	2927.988692
16.310123	314.050000	2928.193819
16.308829	314.072000	2928.398946
16.307535	314.094000	2928.604074
16.306240	314.116000	2928.809201
16.304945	314.138000	2929.014329
16.303651	314.160000	2929.219456
16.302356	314.182000	2929.424583
16.301061	314.204000	2929.629711
16.299766	314.226000	2929.834838
16.298471	314.248000	2930.039966
16.297176	314.270000	2930.245093
16.295880	314.292000	2930.450220
16.294585	314.314000	2930.655348
16.293289	314.336000	2930.860475
16.291994	314.358000	2931.065603
16.290698	314.380000	2931.270730
16.289403	314.402000	2931.475858
16.288107	314.424000	2931.680985
16.286811	314.446000	2931.886112
16.285515	314.468000	2932.091240
16.284219	314.490000	2932.296367
16.282923	314.512000	2932.501495
16.281626	314.534000	2932.706622
16.280330	314.556000	2932.911749
16.279034	314.578000	2933.116877
16.277737	314.600000	2933.322004
16.276441	314.622000	2933.527132
16.275144	314.644000	2933.732259
16.273847	314.666000	2933.937386
16.272550	314.688000	2934.142514
16.271253	314.710000	2934.347641
16.269956	314.732000	2934.552769
16.268659	314.754000	2934.757896
16.267362	314.776000	2934.963024
16.266065	314.798000	2935.168151
16.264767	314.820000	2935.373278
16.263470	314.842000	2935.578406
16.262172	314.864000	2935.783533
16.260875	314.886000	2935.988661
16.259577	314.908000	2936.193788
16.258279	314.930000	2936.398915
16.256981	314.952000	2936.604043
16.255683	314.974000	2936.809170
16.254385	314.996000	2937.014298
16.253087	315.018000	2937.219425
16.251789	315.040000	2937.424553
16.250491	315.062000	2937.629680
16.249192	315.084000	2937.834807
16.247894	315.106000	2938.039935
16.246595	315.128000	2938.245062
16.245296	315.150000	2938.450190
16.243998	315.172000	2938.655317
16.242699	315.194000	2938.860444
16.241400	315.216000	2939.065572
16.240101	315.238000	2939.270699
16.238802	315.260000	2939.475827
16.237502	315.282000	2939.680954
16.236203	315.304000	2939.886081
16.234904	315.326000	2940.091209
16.233604	315.348000	2940.296336
16.232305	315.370000	2940.501464
16.231005	315.392000	2940.706591
16.229705	315.414000	2940.911719
16.228405	315.436000	2941.116846
16.227105	315.458000	2941.321973
16.225805	315.480000	2941.527101
16.224505	315.502000	2941.732228
16.223205	315.524000	2941.937356
16.221905	315.546000	2942.142483
16.220604	315.568000	2942.347610
16.219304	315.590000	2942.552738
16.218003	315.612000	2942.757865
16.216703	315.634000	2942.962993
16.215402	315.656000	2943.168120
16.214101	315.678000	2943.373247
16.212800	315.700000	2943.578375
16.211499	315.722000	2943.783502
16.210198	315.744000	2943.988630
16.208897	315.766000	2944.193757
16.207596	315.788000	2944.398885
16.206295	315.810000	2944.604012
16.204993	315.832000	2944.809139
16.203692	315.854000	2945.014267
16.202390	315.876000	2945.219394
16.201088	315.898000	2945.424522
16.199787	315.920000	2945.629649
16.198485	315.942000	2945.834776
16.197183	315.964000	2946.039904
16.195881	315.986000	2946.245031
16.194579	316.008000	2946.450159
16.193276	316.030000	2946.655286
16.191974	316.052000	2946.860414
16.190672	316.074000	2947.065541
16.189369	316.096000	2947.270668
16.188067	316.118000	2947.475796
16.186764	316.140000	2947.680923
16.185461	316.162000	2947.886051
16.184158	316.184000	2948.091178
16.182855	316.206000	2948.296305
16.181552	316.228000	2948.501433
16.180249	316.250000	2948.706560
16.178946	316.272000	2948.911688
16.177643	316.294000	2949.116815
16.176339	316.316000	2949.321942
16.175036	316.338000	2949.527070
16.173732	316.360000	2949.732197
16.172429	316.382000	2949.937325
16.171125	316.404000	2950.142452
16.169821	316.426000	2950.347580
16.168517	316.448000	2950.552707
16.167213	316.470000	2950.757834
16.165909	316.492000	2950.962962
16.164605	316.514000	2951.168089
16.163301	316.536000	2951.373217
16.161996	316.558000	2951.578344
16.160692	316.580000	2951.783471
16.159387	316.602000	2951.988599
16.158083	316.624000	2952.193726
16.156778	316.646000	2952.398854
16.155473	316.668000	2952.603981
16.154168	316.690000	2952.809108
16.152863	316.712000	2953.014236
16.151558	316.734000	2953.219363
16.150253	316.756000	2953.424491
16.148948	316.778000	2953.629618
16.147643	316.800000	2953.834746
16.146337	316.822000	2954.039873
16.145032	316.844000	2954.245000
16.143726	316.866000	2954.450128
16.142420	316.888000	2954.655255
16.141115	316.910000	2954.860383
16.139809	316.932000	2955.065510
16.138503	316.954000	2955.270637
16.137197	316.976000	2955.475765
16.135891	316.998000	2955.680892
16.134584	317.020000	2955.886020
16.133278	317.042000	2956.091147
16.131972	317.064000	2956.296274
16.130665	317.086000	2956.501402
16.129358	317.108000	2956.706529
16.128052	317.130000	2956.911657
16.126745	317.152000	2957.116784
16.125438	317.174000	2957.321912
16.124131	317.196000	2957.527039
16.122824	317.218000	2957.732166
16.121517	317.240000	2957.937294
16.120210	317.262000	2958.142421
16.118902	317.284000	2958.347549
16.117595	317.306000	2958.552676
16.116288	317.328000	2958.757803
16.114980	317.350000	2958.962931
16.113672	317.372000	2959.168058
16.112365	317.394000	2959.373186
16.111057	317.416000	2959.578313
16.109749	317.438000	2959.783441
16.108441	317.460000	2959.988568
16.107133	317.482000	2960.193695
16.105824	317.504000	2960.398823
16.104516	317.526000	2960.603950
16.103208	317.548000	2960.809078
16.101899	317.570000	2961.014205
16.100591	317.592000	2961.219332
16.099282	317.614000	2961.424460
16.097973	317.636000	2961.629587
16.096664	317.658000	2961.834715
16.095356	317.680000	2962.039842
16.094047	317.702000	2962.244969
16.092737	317.724000	2962.450097
16.091428	317.746000	2962.655224
16.090119	317.768000	2962.860352
16.088810	317.790000	2963.065479
16.087500	317.812000	2963.270607
16.086191	317.834000	2963.475734
16.084881	317.856000	2963.680861
16.083571	317.878000	2963.885989
16.082261	317.900000	2964.091116
16.080951	317.922000	2964.296244
16.079641	317.944000	2964.501371
16.078331	317.966000	2964.706498
16.077021	317.988000	2964.911626
16.075711	318.010000	2965.116753
16.074400	318.032000	2965.321881
16.073090	318.054000	2965.527008
16.071779	318.076000	2965.732135
16.070469	318.098000	2965.937263
16.069158	318.120000	2966.142390
16.067847	318.142000	2966.347518
16.066536	318.164000	2966.552645
16.065225	318.186000	2966.757773
16.063914	318.208000	2966.962900
16.062603	318.230000	2967.168027
16.061292	318.252000	2967.373155
16.059980	318.274000	2967.578282
16.058669	318.296000	2967.783410
16.057357	318.318000	2967.988537
16.056046	318.340000	2968.193664
16.054734	318.362000	2968.398792
16.053422	318.384000	2968.603919
16.052110	318.406000	2968.809047
16.050798	318.428000	2969.014174
16.049486	318.450000	2969.219302
16.048174	318.472000	2969.424429
16.046862	318.494000	2969.629556
16.045549	318.516000	2969.834684
16.044237	318.538000	2970.039811
16.042924	318.560000	2970.244939
16.041612	318.582000	2970.450066
16.040299	318.604000	2970.655193
16.038986	318.626000	2970.860321
16.037673	318.648000	2971.065448
16.036360	318.670000	2971.270576
16.035047	318.692000	2971.475703
16.033734	318.714000	2971.680830
16.032421	318.736000	2971.885958
16.031107	318.758000	2972.091085
16.029794	318.780000	2972.296213
16.028480	318.802000	2972.501340
16.027167	318.824000	2972.706468
16.025853	318.846000	2972.911595
16.024539	318.868000	2973.116722
16.023225	318.890000	2973.321850
16.021911	318.912000	2973.526977
16.020597	318.934000	2973.732105
16.019283	318.956000	2973.937232
16.017969	318.978000	2974.142359
16.016654	319.000000	2974.347487
16.015340	319.022000	2974.552614
16.014025	319.044000	2974.757742
16.012711	319.066000	2974.962869
16.011396	319.088000	2975.167996
16.010081	319.110000	2975.373124
16.008766	319.132000	2975.578251
16.007451	319.154000	2975.783379
16.006136	319.176000	2975.988506
16.004821	319.198000	2976.193634
16.003505	319.220000	2976.398761
16.002190	319.242000	2976.603888
16.000875	319.264000	2976.809016
15.999559	319.286000	2977.014143
15.998243	319.308000	2977.219271
15.996928	319.330000	2977.424398
15.995612	319.352000	2977.629525
15.994296	319.374000	2977.834653
15.992980	319.396000	2978.039780
15.991664	319.418000	2978.244908
15.990348	319.440000	2978.450035
15.989031	319.462000	2978.655162
15.987715	319.484000	2978.860290
15.986398	319.506000	2979.065417
15.985082	319.528000	2979.270545
15.983765	319.550000	2979.475672
15.982448	319.572000	2979.680800
15.981132	319.594000	2979.885927
15.979815	319.616000	2980.091054
15.978498	319.638000	2980.296182
15.977181	319.660000	2980.501309
15.975863	319.682000	2980.706437
15.974546	319.704000	2980.911564
15.973229	319.726000	2981.116691
15.971911	319.748000	2981.321819
15.970594	319.770000	2981.526946
15.969276	319.792000	2981.732074
15.967958	319.814000	2981.937201
15.966640	319.836000	2982.142329
15.965322	319.858000	2982.347456
15.964004	319.880000	2982.552583
15.962686	319.902000	2982.757711
15.961368	319.924000	2982.962838
15.960050	319.946000	2983.167966
15.958731	319.968000	2983.373093
15.957413	319.990000	2983.578220
15.956094	320.012000	2983.783348
15.954775	320.034000	2983.988475
15.953457	320.056000	2984.193603
15.952138	320.078000	2984.398730
15.950819	320.100000	2984.603857
15.949500	320.122000	2984.808985
15.948181	320.144000	2985.014112
15.946861	320.166000	2985.219240
15.945542	320.188000	2985.424367
15.944223	320.210000	2985.629495
15.942903	320.232000	2985.834622
15.941584	320.254000	2986.039749
15.940264	320.276000	2986.244877
15.938944	320.298000	2986.450004
15.937624	320.320000	2986.655132
15.936304	320.342000	2986.860259
15.934984	320.364000	2987.065386
15.933664	320.386000	2987.270514
15.932344	320.408000	2987.475641
15.931023	320.430000	2987.680769
15.929703	320.452000	2987.885896
15.928382	320.474000	2988.091023
15.927062	320.496000	2988.296151
15.925741	320.518000	2988.501278
15.924420	320.540000	2988.706406
15.923099	320.562000	2988.911533
15.921778	320.584000	2989.116661
15.920457	320.606000	2989.321788
15.919136	320.628000	2989.526915
15.917815	320.650000	2989.732043
15.916493	320.672000	2989.937170
15.915172	320.694000	2990.142298
15.913850	320.716000	2990.347425
15.912529	320.738000	2990.552552
15.911207	320.760000	2990.757680
15.909885	320.782000	2990.962807
15.908563	320.804000	2991.167935
15.907241	320.826000	2991.373062
15.905919	320.848000	2991.578190
15.904597	320.870000	2991.783317
15.903275	320.892000	2991.988444
15.901952	320.914000	2992.193572
15.900630	320.936000	2992.398699
15.899307	320.958000	2992.603827
15.897985	320.980000	2992.808954
15.896662	321.002000	2993.014081
15.895339	321.024000	2993.219209
15.894016	321.046000	2993.424336
15.892693	321.068000	2993.629464
15.891370	321.090000	2993.834591
15.890047	321.112000	2994.039718
15.888723	321.134000	2994.244846
15.887400	321.156000	2994.449973
15.886076	321.178000	2994.655101
15.884753	321.200000	2994.860228
15.883429	321.222000	2995.065356
15.882105	321.244000	2995.270483
15.880781	321.266000	2995.475610
15.879457	321.288000	2995.680738
15.878133	321.310000	2995.885865
15.876809	321.332000	2996.090993
15.875485	321.354000	2996.296120
15.874161	321.376000	2996.501247
15.872836	321.398000	2996.706375
15.871512	321.420000	2996.911502
15.870187	321.442000	2997.116630
15.868862	321.464000	2997.321757
15.867537	321.486000	2997.526884
15.866213	321.508000	2997.732012
15.864888	321.530000	2997.937139
15.863562	321.552000	2998.142267
15.862237	321.574000	2998.347394
15.860912	321.596000	2998.552522
15.859587	321.618000	2998.757649
15.858261	321.640000	2998.962776
15.856936	321.662000	2999.167904
15.855610	321.684000	2999.373031
15.854284	321.706000	2999.578159
15.852958	321.728000	2999.783286
15.851632	321.750000	2999.988413
15.850306	321.772000	3000.193541
15.848980	321.794000	3000.398668
15.847654	321.816000	3000.603796
15.846328	321.838000	3000.808923
15.845001	321.860000	3001.014051
15.843675	321.882000	3001.219178
15.842348	321.904000	3001.424305
15.841021	321.926000	3001.629433
15.839695	321.948000	3001.834560
15.838368	321.970000	3002.039688
15.837041	321.992000	3002.244815
15.835714	322.014000	3002.449942
15.834387	322.036000	3002.655070
15.833059	322.058000	3002.860197
15.831732	322.080000	3003.065325
15.830405	322.102000	3003.270452
15.829077	322.124000	3003.475579
15.827749	322.146000	3003.680707
15.826422	322.168000	3003.885834
15.825094	322.190000	3004.090962
15.823766	322.212000	3004.296089
15.822438	322.234000	3004.501217
15.821110	322.256000	3004.706344
15.819782	322.278000	3004.911471
15.818453	322.300000	3005.116599
15.817125	322.322000	3005.321726
15.815797	322.344000	3005.526854
15.814468	322.366000	3005.731981
15.813139	322.388000	3005.937108
15.811811	322.410000	3006.142236
15.810482	322.432000	3006.347363
15.809153	322.454000	3006.552491
15.807824	322.476000	3006.757618
15.806495	322.498000	3006.962745
15.805165	322.520000	3007.167873
15.803836	322.542000	3007.373000
15.802507	322.564000	3007.578128
15.801177	322.586000	3007.783255
15.799847	322.608000	3007.988383
15.798518	322.630000	3008.193510
15.797188	322.652000	3008.398637
15.795858	322.674000	3008.603765
15.794528	322.696000	3008.808892
15.793198	322.718000	3009.014020
15.791868	322.740000	3009.219147
15.790537	322.762000	3009.424274
15.789207	322.784000	3009.629402
15.787877	322.806000	3009.834529
15.786546	322.828000	3010.039657
15.785215	322.850000	3010.244784
15.783885	322.872000	3010.449911
15.782554	322.894000	3010.655039
15.781223	322.916000	3010.860166
15.779892	322.938000	3011.065294
15.778561	322.960000	3011.270421
15.777229	322.982000	3011.475549
15.775898	323.004000	3011.680676
15.774567	323.026000	3011.885803
15.773235	323.048000	3012.090931
15.771904	323.070000	3012.296058
15.770572	323.092000	3012.501186
15.769240	323.114000	3012.706313
15.767908	323.136000	3012.911440
15.766576	323.158000	3013.116568
15.765244	323.180000	3013.321695
15.763912	323.202000	3013.526823
15.762580	323.224000	3013.731950
15.761247	323.246000	3013.937078
15.759915	323.268000	3014.142205
15.758582	323.290000	3014.347332
15.757250	323.312000	3014.552460
15.755917	323.334000	3014.757587
15.754584	323.356000	3014.962715
15.753251	323.378000	3015.167842
15.751918	323.400000	3015.372969
15.750585	323.422000	3015.578097
15.749252	323.444000	3015.783224
15.747918	323.466000	3015.988352
15.746585	323.488000	3016.193479
15.745252	323.510000	3016.398606
15.743918	323.532000	3016.603734
15.742584	323.554000	3016.808861
15.741250	323.576000	3017.013989
15.739917	323.598000	3017.219116
15.738583	323.620000	3017.424244
15.737249	323.642000	3017.629371
15.735914	323.664000	3017.834498
15.734580	323.686000	3018.039626
15.733246	323.708000	3018.244753
15.731911	323.730000	3018.449881
15.730577	323.752000	3018.655008
15.729242	323.774000	3018.860135
15.727907	323.796000	3019.065263
15.726572	323.818000	3019.270390
15.725237	323.840000	3019.475518
15.723902	323.862000	3019.680645
15.722567	323.884000	3019.885772
15.721232	323.906000	3020.090900
15.719897	323.928000	3020.296027
15.718561	323.950000	3020.501155
15.717226	323.972000	3020.706282
15.715890	323.994000	3020.911410
15.714554	324.016000	3021.116537
15.713219	324.038000	3021.321664
15.711883	324.060000	3021.526792
15.710547	324.082000	3021.731919
15.709211	324.104000	3021.937047
15.707874	324.126000	3022.142174
15.706538	324.148000	3022.347301
15.705202	324.170000	3022.552429
15.703865	324.192000	3022.757556
15.702529	324.214000	3022.962684
15.701192	324.236000	3023.167811
15.699855	324.258000	3023.372939
15.698518	324.280000	3023.578066
15.697181	324.302000	3023.783193
15.695844	324.324000	3023.988321
15.694507	324.346000	3024.193448
15.693170	324.368000	3024.398576
15.691833	324.390000	3024.603703
15.690495	324.412000	3024.808830
15.689158	324.434000	3025.013958
15.687820	324.456000	3025.219085
15.686482	324.478000	3025.424213
15.685144	324.500000	3025.629340
15.683807	324.522000	3025.834467
15.682469	324.544000	3026.039595
15.681130	324.566000	3026.244722
15.679792	324.588000	3026.449850
15.678454	324.610000	3026.654977
15.677115	324.632000	3026.860105
15.675777	324.654000	3027.065232
15.674438	324.676000	3027.270359
15.673100	324.698000	3027.475487
15.671761	324.720000	3027.680614
15.670422	324.742000	3027.885742
15.669083	324.764000	3028.090869
15.667744	324.786000	3028.295996
15.666405	324.808000	3028.501124
15.665065	324.830000	3028.706251
15.663726	324.852000	3028.911379
15.662387	324.874000	3029.116506
15.661047	324.896000	3029.321633
15.659707	324.918000	3029.526761
15.658368	324.940000	3029.731888
15.657028	324.962000	3029.937016
15.655688	324.984000	3030.142143
15.654348	325.006000	3030.347271
15.653008	325.028000	3030.552398
15.651667	325.050000	3030.757525
15.650327	325.072000	3030.962653
15.648987	325.094000	3031.167780
15.647646	325.116000	3031.372908
15.646305	325.138000	3031.578035
15.644965	325.160000	3031.783162
15.643624	325.182000	3031.988290
15.642283	325.204000	3032.193417
15.640942	325.226000	3032.398545
15.639601	325.248000	3032.603672
15.638260	325.270000	3032.808799
15.636918	325.292000	3033.013927
15.635577	325.314000	3033.219054
15.634235	325.336000	3033.424182
15.632894	325.358000	3033.629309
15.631552	325.380000	3033.834437
15.630210	325.402000	3034.039564
15.628868	325.424000	3034.244691
15.627526	325.446000	3034.449819
15.626184	325.468000	3034.654946
15.624842	325.490000	3034.860074
15.623500	325.512000	3035.065201
15.622157	325.534000	3035.270328
15.620815	325.556000	3035.475456
15.619472	325.578000	3035.680583
15.618130	325.600000	3035.885711
15.616787	325.622000	3036.090838
15.615444	325.644000	3036.295966
15.614101	325.666000	3036.501093
15.612758	325.688000	3036.706220
15.611415	325.710000	3036.911348
15.610072	325.732000	3037.116475
15.608728	325.754000	3037.321603
15.607385	325.776000	3037.526730
15.606041	325.798000	3037.731857
15.604697	325.820000	3037.936985
15.603354	325.842000	3038.142112
15.602010	325.864000	3038.347240
15.600666	325.886000	3038.552367
15.599322	325.908000	3038.757494
15.597978	325.930000	3038.962622
15.596633	325.952000	3039.167749
15.595289	325.974000	3039.372877
15.593945	325.996000	3039.578004
15.592600	326.018000	3039.783132
15.591256	326.040000	3039.988259
15.589911	326.062000	3040.193386
15.588566	326.084000	3040.398514
15.587221	326.106000	3040.603641
15.585876	326.128000	3040.808769
15.584531	326.150000	3041.013896
15.583186	326.172000	3041.219023
15.581840	326.194000	3041.424151
15.580495	326.216000	3041.629278
15.579149	326.238000	3041.834406
15.577804	326.260000	3042.039533
15.576458	326.282000	3042.244660
15.575112	326.304000	3042.449788
15.573766	326.326000	3042.654915
15.572420	326.348000	3042.860043
15.571074	326.370000	3043.065170
15.569728	326.392000	3043.270298
15.568382	326.414000	3043.475425
15.567035	326.436000	3043.680552
15.565689	326.458000	3043.885680
15.564342	326.480000	3044.090807
15.562996	326.502000	3044.295935
15.561649	326.524000	3044.501062
15.560302	326.546000	3044.706189
15.558955	326.568000	3044.911317
15.557608	326.590000	3045.116444
15.556261	326.612000	3045.321572
15.554913	326.634000	3045.526699
15.553566	326.656000	3045.731827
15.552218	326.678000	3045.936954
15.550871	326.700000	3046.142081
15.549523	326.722000	3046.347209
15.548175	326.744000	3046.552336
15.546828	326.766000	3046.757464
15.545480	326.788000	3046.962591
15.544131	326.810000	3047.167718
15.542783	326.832000	3047.372846
15.541435	326.854000	3047.577973
15.540087	326.876000	3047.783101
15.538738	326.898000	3047.988228
15.537390	326.920000	3048.193355
15.536041	326.942000	3048.398483
15.534692	326.964000	3048.603610
15.533343	326.986000	3048.808738
15.531994	327.008000	3049.013865
15.530645	327.030000	3049.218993
15.529296	327.052000	3049.424120
15.527947	327.074000	3049.629247
15.526598	327.096000	3049.834375
15.525248	327.118000	3050.039502
15.523898	327.140000	3050.244630
15.522549	327.162000	3050.449757
15.521199	327.184000	3050.654884
15.519849	327.206000	3050.860012
15.518499	327.228000	3051.065139
15.517149	327.250000	3051.270267
15.515799	327.272000	3051.475394
15.514449	327.294000	3051.680521
15.513098	327.316000	3051.885649
15.511748	327.338000	3052.090776
15.510397	327.360000	3052.295904
15.509047	327.382000	3052.501031
15.507696	327.404000	3052.706159
15.506345	327.426000	3052.911286
15.504994	327.448000	3053.116413
15.503643	327.470000	3053.321541
15.502292	327.492000	3053.526668
15.500941	327.514000	3053.731796
15.499589	327.536000	3053.936923
15.498238	327.558000	3054.142050
15.496886	327.580000	3054.347178
15.495535	327.602000	3054.552305
15.494183	327.624000	3054.757433
15.492831	327.646000	3054.962560
15.491479	327.668000	3055.167688
15.490127	327.690000	3055.372815
15.488775	327.712000	3055.577942
15.487423	327.734000	3055.783070
15.486070	327.756000	3055.988197
15.484718	327.778000	3056.193325
15.483365	327.800000	3056.398452
15.482013	327.822000	3056.603579
15.480660	327.844000	3056.808707
15.479307	327.866000	3057.013834
15.477954	327.888000	3057.218962
15.476601	327.910000	3057.424089
15.475248	327.932000	3057.629216
15.473895	327.954000	3057.834344
15.472542	327.976000	3058.039471
15.471188	327.998000	3058.244599
15.469835	328.020000	3058.449726
15.468481	328.042000	3058.654854
15.467127	328.064000	3058.859981
15.465773	328.086000	3059.065108
15.464419	328.108000	3059.270236
15.463065	328.130000	3059.475363
15.461711	328.152000	3059.680491
15.460357	328.174000	3059.885618
15.459003	328.196000	3060.090745
15.457648	328.218000	3060.295873
15.456294	328.240000	3060.501000
15.454939	328.262000	3060.706128
15.453584	328.284000	3060.911255
15.452229	328.306000	3061.116382
15.450874	328.328000	3061.321510
15.449519	328.350000	3061.526637
15.448164	328.372000	3061.731765
15.446809	328.394000	3061.936892
15.445454	328.416000	3062.142020
15.444098	328.438000	3062.347147
15.442743	328.460000	3062.552274
15.441387	328.482000	3062.757402
15.440031	328.504000	3062.962529
15.438675	328.526000	3063.167657
15.437319	328.548000	3063.372784
15.435963	328.570000	3063.577911
15.434607	328.592000	3063.783039
15.433251	328.614000	3063.988166
15.431895	328.636000	3064.193294
15.430538	328.658000	3064.398421
15.429182	328.680000	3064.603548
15.427825	328.702000	3064.808676
15.426468	328.724000	3065.013803
15.425111	328.746000	3065.218931
15.423754	328.768000	3065.424058
15.422397	328.790000	3065.629186
15.421040	328.812000	3065.834313
15.419683	328.834000	3066.039440
15.418326	328.856000	3066.244568
15.416968	328.878000	3066.449695
15.415611	328.900000	3066.654823
15.414253	328.922000	3066.859950
15.412895	328.944000	3067.065077
15.411537	328.966000	3067.270205
15.410179	328.988000	3067.475332
15.408821	329.010000	3067.680460
15.407463	329.032000	3067.885587
15.406105	329.054000	3068.090715
15.404746	329.076000	3068.295842
15.403388	329.098000	3068.500969
15.402029	329.120000	3068.706097
15.400671	329.142000	3068.911224
15.399312	329.164000	3069.116352
15.397953	329.186000	3069.321479
15.396594	329.208000	3069.526606
15.395235	329.230000	3069.731734
15.393876	329.252000	3069.936861
15.392517	329.274000	3070.141989
15.391157	329.296000	3070.347116
15.389798	329.318000	3070.552243
15.388438	329.340000	3070.757371
15.387078	329.362000	3070.962498
15.385719	329.384000	3071.167626
15.384359	329.406000	3071.372753
15.382999	329.428000	3071.577881
15.381639	329.450000	3071.783008
15.380278	329.472000	3071.988135
15.378918	329.494000	3072.193263
15.377558	329.516000	3072.398390
15.376197	329.538000	3072.603518
15.374837	329.560000	3072.808645
15.373476	329.582000	3073.013772
15.372115	329.604000	3073.218900
15.370754	329.626000	3073.424027
15.369393	329.648000	3073.629155
15.368032	329.670000	3073.834282
15.366671	329.692000	3074.039409
15.365310	329.714000	3074.244537
15.363948	329.736000	3074.449664
15.362587	329.758000	3074.654792
15.361225	329.780000	3074.859919
15.359863	329.802000	3075.065047
15.358502	329.824000	3075.270174
15.357140	329.846000	3075.475301
15.355778	329.868000	3075.680429
15.354415	329.890000	3075.885556
15.353053	329.912000	3076.090684
15.351691	329.934000	3076.295811
15.350328	329.956000	3076.500938
15.348966	329.978000	3076.706066
15.347603	330.000000	3076.911193
15.346241	330.022000	3077.116321
15.344878	330.044000	3077.321448
15.343515	330.066000	3077.526576
15.342152	330.088000	3077.731703
15.340789	330.110000	3077.936830
15.339425	330.132000	3078.141958
15.338062	330.154000	3078.347085
15.336699	330.176000	3078.552213
15.335335	330.198000	3078.757340
15.333971	330.220000	3078.962467
15.332608	330.242000	3079.167595
15.331244	330.264000	3079.372722
15.329880	330.286000	3079.577850
15.328516	330.308000	3079.782977
15.327151	330.330000	3079.988104
15.325787	330.352000	3080.193232
15.324423	330.374000	3080.398359
15.323058	330.396000	3080.603487
15.321694	330.418000	3080.808614
15.320329	330.440000	3081.013742
15.318964	330.462000	3081.218869
15.317599	330.484000	3081.423996
15.316234	330.506000	3081.629124
15.314869	330.528000	3081.834251
15.313504	330.550000	3082.039379
15.312139	330.572000	3082.244506
15.310773	330.594000	3082.449633
15.309408	330.616000	3082.654761
15.308042	330.638000	3082.859888
15.306677	330.660000	3083.065016
15.305311	330.682000	3083.270143
15.303945	330.704000	3083.475270
15.302579	330.726000	3083.680398
15.301213	330.748000	3083.885525
15.299846	330.770000	3084.090653
15.298480	330.792000	3084.295780
15.297114	330.814000	3084.500908
15.295747	330.836000	3084.706035
15.294381	330.858000	3084.911162
15.293014	330.880000	3085.116290
15.291647	330.902000	3085.321417
15.290280	330.924000	3085.526545
15.288913	330.946000	3085.731672
15.287546	330.968000	3085.936799
15.286179	330.990000	3086.141927
15.284811	331.012000	3086.347054
15.283444	331.034000	3086.552182
15.282076	331.056000	3086.757309
15.280708	331.078000	3086.962436
15.279341	331.100000	3087.167564
15.277973	331.122000	3087.372691
15.276605	331.144000	3087.577819
15.275237	331.166000	3087.782946
15.273869	331.188000	3087.988074
15.272500	331.210000	3088.193201
15.271132	331.232000	3088.398328
15.269763	331.254000	3088.603456
15.268395	331.276000	3088.808583
15.267026	331.298000	3089.013711
15.265657	331.320000	3089.218838
15.264288	331.342000	3089.423965
15.262919	331.364000	3089.629093
15.261550	331.386000	3089.834220
15.260181	331.408000	3090.039348
15.258812	331.430000	3090.244475
15.257442	331.452000	3090.449603
15.256073	331.474000	3090.654730
15.254703	331.496000	3090.859857
15.253333	331.518000	3091.064985
15.251963	331.540000	3091.270112
15.250594	331.562000	3091.475240
15.249223	331.584000	3091.680367
15.247853	331.606000	3091.885494
15.246483	331.628000	3092.090622
15.245113	331.650000	3092.295749
15.243742	331.672000	3092.500877
15.242372	331.694000	3092.706004
15.241001	331.716000	3092.911131
15.239630	331.738000	3093.116259
15.238259	331.760000	3093.321386
15.236888	331.782000	3093.526514
15.235517	331.804000	3093.731641
15.234146	331.826000	3093.936769
15.232775	331.848000	3094.141896
15.231403	331.870000	3094.347023
15.230032	331.892000	3094.552151
15.228660	331.914000	3094.757278
15.227288	331.936000	3094.962406
15.225917	331.958000	3095.167533
15.224545	331.980000	3095.372660
15.223173	332.002000	3095.577788
15.221801	332.024000	3095.782915
15.220428	332.046000	3095.988043
15.219056	332.068000	3096.193170
15.217684	332.090000	3096.398297
15.216311	332.112000	3096.603425
15.214938	332.134000	3096.808552
15.213566	332.156000	3097.013680
15.212193	332.178000	3097.218807
15.210820	332.200000	3097.423935
15.209447	332.222000	3097.629062
15.208073	332.244000	3097.834189
15.206700	332.266000	3098.039317
15.205327	332.288000	3098.244444
15.203953	332.310000	3098.449572
15.202580	332.332000	3098.654699
15.201206	332.354000	3098.859826
15.199832	332.376000	3099.064954
15.198458	332.398000	3099.270081
15.197084	332.420000	3099.475209
15.195710	332.442000	3099.680336
15.194336	332.464000	3099.885464
15.192962	332.486000	3100.090591
15.191587	332.508000	3100.295718
15.190213	332.530000	3100.500846
15.188838	332.552000	3100.705973
15.187463	332.574000	3100.911101
15.186088	332.596000	3101.116228
15.184713	332.618000	3101.321355
15.183338	332.640000	3101.526483
15.181963	332.662000	3101.731610
15.180588	332.684000	3101.936738
15.179213	332.706000	3102.141865
15.177837	332.728000	3102.346992
15.176461	332.750000	3102.552120
15.175086	332.772000	3102.757247
15.173710	332.794000	3102.962375
15.172334	332.816000	3103.167502
15.170958	332.838000	3103.372630
15.169582	332.860000	3103.577757
15.168206	332.882000	3103.782884
15.166829	332.904000	3103.988012
15.165453	332.926000	3104.193139
15.164076	332.948000	3104.398267
15.162700	332.970000	3104.603394
15.161323	332.992000	3104.808521
15.159946	333.014000	3105.013649
15.158569	333.036000	3105.218776
15.157192	333.058000	3105.423904
15.155815	333.080000	3105.629031
15.154438	333.102000	3105.834158
15.153060	333.124000	3106.039286
15.151683	333.146000	3106.244413
15.150305	333.168000	3106.449541
15.148927	333.190000	3106.654668
15.147550	333.212000	3106.859796
15.146172	333.234000	3107.064923
15.144794	333.256000	3107.270050
15.143416	333.278000	3107.475178
15.142037	333.300000	3107.680305
15.140659	333.322000	3107.885433
15.139281	333.344000	3108.090560
15.137902	333.366000	3108.295687
15.136523	333.388000	3108.500815
15.135145	333.410000	3108.705942
15.133766	333.432000	3108.911070
15.132387	333.454000	3109.116197
15.131008	333.476000	3109.321325
15.129629	333.498000	3109.526452
15.128249	333.520000	3109.731579
15.126870	333.542000	3109.936707
15.125490	333.564000	3110.141834
15.124111	333.586000	3110.346962
15.122731	333.608000	3110.552089
15.121351	333.630000	3110.757216
15.119971	333.652000	3110.962344
15.118591	333.674000	3111.167471
15.117211	333.696000	3111.372599
15.115831	333.718000	3111.577726
15.114451	333.740000	3111.782853
15.113070	333.762000	3111.987981
15.111690	333.784000	3112.193108
15.110309	333.806000	3112.398236
15.108928	333.828000	3112.603363
15.107547	333.850000	3112.808491
15.106166	333.872000	3113.013618
15.104785	333.894000	3113.218745
15.103404	333.916000	3113.423873
15.102023	333.938000	3113.629000
15.100641	333.960000	3113.834128
15.099260	333.982000	3114.039255
15.097878	334.004000	3114.244382
15.096496	334.026000	3114.449510
15.095114	334.048000	3114.654637
15.093733	334.070000	3114.859765
15.092350	334.092000	3115.064892
15.090968	334.114000	3115.270019
15.089586	334.136000	3115.475147
15.088204	334.158000	3115.680274
15.086821	334.180000	3115.885402
15.085439	334.202000	3116.090529
15.084056	334.224000	3116.295657
15.082673	334.246000	3116.500784
15.081290	334.268000	3116.705911
15.079907	334.290000	3116.911039
15.078524	334.312000	3117.116166
15.077141	334.334000	3117.321294
15.075758	334.356000	3117.526421
15.074374	334.378000	3117.731548
15.072991	334.400000	3117.936676
15.071607	334.422000	3118.141803
15.070223	334.444000	3118.346931
15.068839	334.466000	3118.552058
15.067455	334.488000	3118.757185
15.066071	334.510000	3118.962313
15.064687	334.532000	3119.167440
15.063303	334.554000	3119.372568
15.061918	334.576000	3119.577695
15.060534	334.598000	3119.782823
15.059149	334.620000	3119.987950
15.057764	334.642000	3120.193077
15.056380	334.664000	3120.398205
15.054995	334.686000	3120.603332
15.053610	334.708000	3120.808460
15.052224	334.730000	3121.013587
15.050839	334.752000	3121.218714
15.049454	334.774000	3121.423842
15.048068	334.796000	3121.628969
15.046683	334.818000	3121.834097
15.045297	334.840000	3122.039224
15.043911	334.862000	3122.244352
15.042525	334.884000	3122.449479
15.041139	334.906000	3122.654606
15.039753	334.928000	3122.859734
15.038367	334.950000	3123.064861
15.036981	334.972000	3123.269989
15.035594	334.994000	3123.475116
15.034208	335.016000	3123.680243
15.032821	335.038000	3123.885371
15.031434	335.060000	3124.090498
15.030047	335.082000	3124.295626
15.028660	335.104000	3124.500753
15.027273	335.126000	3124.705880
15.025886	335.148000	3124.911008
15.024499	335.170000	3125.116135
15.023111	335.192000	3125.321263
15.021724	335.214000	3125.526390
15.020336	335.236000	3125.731518
15.018948	335.258000	3125.936645
15.017560	335.280000	3126.141772
15.016172	335.302000	3126.346900
15.014784	335.324000	3126.552027
15.013396	335.346000	3126.757155
15.012008	335.368000	3126.962282
15.010620	335.390000	3127.167409
15.009231	335.412000	3127.372537
15.007842	335.434000	3127.577664
15.006454	335.456000	3127.782792
15.005065	335.478000	3127.987919
15.003676	335.500000	3128.193046
15.002287	335.522000	3128.398174
15.000898	335.544000	3128.603301
14.999508	335.566000	3128.808429
14.998119	335.588000	3129.013556
14.996730	335.610000	3129.218684
14.995340	335.632000	3129.423811
14.993950	335.654000	3129.628938
14.992561	335.676000	3129.834066
14.991171	335.698000	3130.039193
14.989781	335.720000	3130.244321
14.988390	335.742000	3130.449448
14.987000	335.764000	3130.654575
14.985610	335.786000	3130.859703
14.984219	335.808000	3131.064830
14.982829	335.830000	3131.269958
14.981438	335.852000	3131.475085
14.980047	335.874000	3131.680213
14.978657	335.896000	3131.885340
14.977266	335.918000	3132.090467
14.975874	335.940000	3132.295595
14.974483	335.962000	3132.500722
14.973092	335.984000	3132.705850
14.971700	336.006000	3132.910977
14.970309	336.028000	3133.116104
14.968917	336.050000	3133.321232
14.967525	336.072000	3133.526359
14.966134	336.094000	3133.731487
14.964742	336.116000	3133.936614
14.963350	336.138000	3134.141741
14.961957	336.160000	3134.346869
14.960565	336.182000	3134.551996
14.959173	336.204000	3134.757124
14.957780	336.226000	3134.962251
14.956387	336.248000	3135.167379
14.954995	336.270000	3135.372506
14.953602	336.292000	3135.577633
14.952209	336.314000	3135.782761
14.950816	336.336000	3135.987888
14.949423	336.358000	3136.193016
14.948029	336.380000	3136.398143
14.946636	336.402000	3136.603270
14.945242	336.424000	3136.808398
14.943849	336.446000	3137.013525
14.942455	336.468000	3137.218653
14.941061	336.490000	3137.423780
14.939667	336.512000	3137.628907
14.938273	336.534000	3137.834035
14.936879	336.556000	3138.039162
14.935485	336.578000	3138.244290
14.934090	336.600000	3138.449417
14.932696	336.622000	3138.654545
14.931301	336.644000	3138.859672
14.929907	336.666000	3139.064799
14.928512	336.688000	3139.269927
14.927117	336.710000	3139.475054
14.925722	336.732000	3139.680182
14.924327	336.754000	3139.885309
14.922931	336.776000	3140.090436
14.921536	336.798000	3140.295564
14.920140	336.820000	3140.500691
14.918745	336.842000	3140.705819
14.917349	336.864000	3140.910946
14.915953	336.886000	3141.116073
14.914557	336.908000	3141.321201
14.913161	336.930000	3141.526328
14.911765	336.952000	3141.731456
14.910369	336.974000	3141.936583
14.908973	336.996000	3142.141711
14.907576	337.018000	3142.346838
14.906180	337.040000	3142.551965
14.904783	337.062000	3142.757093
14.903386	337.084000	3142.962220
14.901989	337.106000	3143.167348
14.900592	337.128000	3143.372475
14.899195	337.150000	3143.577602
14.897798	337.172000	3143.782730
14.896400	337.194000	3143.987857
14.895003	337.216000	3144.192985
14.893605	337.238000	3144.398112
14.892208	337.260000	3144.603240
14.890810	337.282000	3144.808367
14.889412	337.304000	3145.013494
14.888014	337.326000	3145.218622
14.886616	337.348000	3145.423749
14.885217	337.370000	3145.628877
14.883819	337.392000	3145.834004
14.882421	337.414000	3146.039131
14.881022	337.436000	3146.244259
14.879623	337.458000	3146.449386
14.878225	337.480000	3146.654514
14.876826	337.502000	3146.859641
14.875427	337.524000	3147.064768
14.874028	337.546000	3147.269896
14.872628	337.568000	3147.475023
14.871229	337.590000	3147.680151
14.869830	337.612000	3147.885278
14.868430	337.634000	3148.090406
14.867030	337.656000	3148.295533
14.865630	337.678000	3148.500660
14.864231	337.700000	3148.705788
14.862831	337.722000	3148.910915
14.861430	337.744000	3149.116043
14.860030	337.766000	3149.321170
14.858630	337.788000	3149.526297
14.857229	337.810000	3149.731425
14.855829	337.832000	3149.936552
14.854428	337.854000	3150.141680
14.853027	337.876000	3150.346807
14.851626	337.898000	3150.551934
14.850225	337.920000	3150.757062
14.848824	337.942000	3150.962189
14.847423	337.964000	3151.167317
14.846022	337.986000	3151.372444
14.844620	338.008000	3151.577572
14.843219	338.030000	3151.782699
14.841817	338.052000	3151.987826
14.840415	338.074000	3152.192954
14.839013	338.096000	3152.398081
14.837611	338.118000	3152.603209
14.836209	338.140000	3152.808336
14.834807	338.162000	3153.013463
14.833404	338.184000	3153.218591
14.832002	338.206000	3153.423718
14.830599	338.228000	3153.628846
14.829197	338.250000	3153.833973
14.827794	338.272000	3154.039101
14.826391	338.294000	3154.244228
14.824988	338.316000	3154.449355
14.823585	338.338000	3154.654483
14.822182	338.360000	3154.859610
14.820778	338.382000	3155.064738
14.819375	338.404000	3155.269865
14.817971	338.426000	3155.474992
14.816567	338.448000	3155.680120
14.815164	338.470000	3155.885247
14.813760	338.492000	3156.090375
14.812356	338.514000	3156.295502
14.810952	338.536000	3156.500629
14.809547	338.558000	3156.705757
14.808143	338.580000	3156.910884
14.806738	338.602000	3157.116012
14.805334	338.624000	3157.321139
14.803929	338.646000	3157.526267
14.802524	338.668000	3157.731394
14.801119	338.690000	3157.936521
14.799714	338.712000	3158.141649
14.798309	338.734000	3158.346776
14.796904	338.756000	3158.551904
14.795499	338.778000	3158.757031
14.794093	338.800000	3158.962158
14.792687	338.822000	3159.167286
14.791282	338.844000	3159.372413
14.789876	338.866000	3159.577541
14.788470	338.888000	3159.782668
14.787064	338.910000	3159.987795
14.785658	338.932000	3160.192923
14.784251	338.954000	3160.398050
14.782845	338.976000	3160.603178
14.781439	338.998000	3160.808305
14.780032	339.020000	3161.013433
14.778625	339.042000	3161.218560
14.777218	339.064000	3161.423687
14.775811	339.086000	3161.628815
14.774404	339.108000	3161.833942
14.772997	339.130000	3162.039070
14.771590	339.152000	3162.244197
14.770182	339.174000	3162.449324
14.768775	339.196000	3162.654452
14.767367	339.218000	3162.859579
14.765959	339.240000	3163.064707
14.764552	339.262000	3163.269834
14.763144	339.284000	3163.474962
14.761736	339.306000	3163.680089
14.760327	339.328000	3163.885216
14.758919	339.350000	3164.090344
14.757511	339.372000	3164.295471
14.756102	339.394000	3164.500599
14.754693	339.416000	3164.705726
14.753285	339.438000	3164.910853
14.751876	339.460000	3165.115981
14.750467	339.482000	3165.321108
14.749058	339.504000	3165.526236
14.747648	339.526000	3165.731363
14.746239	339.548000	3165.936490
14.744830	339.570000	3166.141618
14.743420	339.592000	3166.346745
14.742010	339.614000	3166.551873
14.740601	339.636000	3166.757000
14.739191	339.658000	3166.962128
14.737781	339.680000	3167.167255
14.736371	339.702000	3167.372382
14.734960	339.724000	3167.577510
14.733550	339.746000	3167.782637
14.732140	339.768000	3167.987765
14.730729	339.790000	3168.192892
14.729318	339.812000	3168.398019
14.727907	339.834000	3168.603147
14.726497	339.856000	3168.808274
14.725086	339.878000	3169.013402
14.723674	339.900000	3169.218529
14.722263	339.922000	3169.423656
14.720852	339.944000	3169.628784
14.719440	339.966000	3169.833911
14.718029	339.988000	3170.039039
14.716617	340.010000	3170.244166
14.715205	340.032000	3170.449294
14.713793	340.054000	3170.654421
14.712381	340.076000	3170.859548
14.710969	340.098000	3171.064676
14.709557	340.120000	3171.269803
14.708144	340.142000	3171.474931
14.706732	340.164000	3171.680058
14.705319	340.186000	3171.885185
14.703906	340.208000	3172.090313
14.702493	340.230000	3172.295440
14.701080	340.252000	3172.500568
14.699667	340.274000	3172.705695
14.698254	340.296000	3172.910822
14.696841	340.318000	3173.115950
14.695427	340.340000	3173.321077
14.694014	340.362000	3173.526205
14.692600	340.384000	3173.731332
14.691186	340.406000	3173.936460
14.689773	340.428000	3174.141587
14.688359	340.450000	3174.346714
14.686944	340.472000	3174.551842
14.685530	340.494000	3174.756969
14.684116	340.516000	3174.962097
14.682701	340.538000	3175.167224
14.681287	340.560000	3175.372351
14.679872	340.582000	3175.577479
14.678457	340.604000	3175.782606
14.677042	340.626000	3175.987734
14.675627	340.648000	3176.192861
14.674212	340.670000	3176.397989
14.672797	340.692000	3176.603116
14.671381	340.714000	3176.808243
14.669966	340.736000	3177.013371
14.668550	340.758000	3177.218498
14.667135	340.780000	3177.423626
14.665719	340.802000	3177.628753
14.664303	340.824000	3177.833880
14.662887	340.846000	3178.039008
14.661471	340.868000	3178.244135
14.660054	340.890000	3178.449263
14.658638	340.912000	3178.654390
14.657221	340.934000	3178.859517
14.655805	340.956000	3179.064645
14.654388	340.978000	3179.269772
14.652971	341.000000	3179.474900
14.651554	341.022000	3179.680027
14.650137	341.044000	3179.885155
14.648720	341.066000	3180.090282
14.647302	341.088000	3180.295409
14.645885	341.110000	3180.500537
14.644467	341.132000	3180.705664
14.643050	341.154000	3180.910792
14.641632	341.176000	3181.115919
14.640214	341.198000	3181.321046
14.638796	341.220000	3181.526174
14.637378	341.242000	3181.731301
14.635959	341.264000	3181.936429
14.634541	341.286000	3182.141556
14.633123	341.308000	3182.346683
14.631704	341.330000	3182.551811
14.630285	341.352000	3182.756938
14.628866	341.374000	3182.962066
14.627447	341.396000	3183.167193
14.626028	341.418000	3183.372321
14.624609	341.440000	3183.577448
14.623190	341.462000	3183.782575
14.621770	341.484000	3183.987703
14.620351	341.506000	3184.192830
14.618931	341.528000	3184.397958
14.617511	341.550000	3184.603085
14.616092	341.572000	3184.808212
14.614672	341.594000	3185.013340
14.613251	341.616000	3185.218467
14.611831	341.638000	3185.423595
14.610411	341.660000	3185.628722
14.608990	341.682000	3185.833850
14.607570	341.704000	3186.038977
14.606149	341.726000	3186.244104
14.604728	341.748000	3186.449232
14.603307	341.770000	3186.654359
14.601886	341.792000	3186.859487
14.600465	341.814000	3187.064614
14.599044	341.836000	3187.269741
14.597622	341.858000	3187.474869
14.596201	341.880000	3187.679996
14.594779	341.902000	3187.885124
14.593358	341.924000	3188.090251
14.591936	341.946000	3188.295378
14.590514	341.968000	3188.500506
14.589092	341.990000	3188.705633
14.587669	342.012000	3188.910761
14.586247	342.034000	3189.115888
14.584825	342.056000	3189.321016
14.583402	342.078000	3189.526143
14.581979	342.100000	3189.731270
14.580557	342.122000	3189.936398
14.579134	342.144000	3190.141525
14.577711	342.166000	3190.346653
14.576288	342.188000	3190.551780
14.574864	342.210000	3190.756907
14.573441	342.232000	3190.962035
14.572017	342.254000	3191.167162
14.570594	342.276000	3191.372290
14.569170	342.298000	3191.577417
14.567746	342.320000	3191.782544
14.566322	342.342000	3191.987672
14.564898	342.364000	3192.192799
14.563474	342.386000	3192.397927
14.562050	342.408000	3192.603054
14.560625	342.430000	3192.808182
14.559201	342.452000	3193.013309
14.557776	342.474000	3193.218436
14.556351	342.496000	3193.423564
14.554926	342.518000	3193.628691
14.553501	342.540000	3193.833819
14.552076	342.562000	3194.038946
14.550651	342.584000	3194.244073
14.549225	342.606000	3194.449201
14.547800	342.628000	3194.654328
14.546374	342.650000	3194.859456
14.544949	342.672000	3195.064583
14.543523	342.694000	3195.269710
14.542097	342.716000	3195.474838
14.540671	342.738000	3195.679965
14.539245	342.760000	3195.885093
14.537818	342.782000	3196.090220
14.536392	342.804000	3196.295348
14.534965	342.826000	3196.500475
14.533539	342.848000	3196.705602
14.532112	342.870000	3196.910730
14.530685	342.892000	3197.115857
14.529258	342.914000	3197.320985
14.527831	342.936000	3197.526112
14.526403	342.958000	3197.731239
14.524976	342.980000	3197.936367
14.523549	343.002000	3198.141494
14.522121	343.024000	3198.346622
14.520693	343.046000	3198.551749
14.519265	343.068000	3198.756877
14.517837	343.090000	3198.962004
14.516409	343.112000	3199.167131
14.514981	343.134000	3199.372259
14.513553	343.156000	3199.577386
14.512124	343.178000	3199.782514
14.510696	343.200000	3199.987641
14.509267	343.222000	3200.192768
14.507838	343.244000	3200.397896
14.506409	343.266000	3200.603023
14.504980	343.288000	3200.808151
14.503551	343.310000	3201.013278
14.502122	343.332000	3201.218405
14.500693	343.354000	3201.423533
14.499263	343.376000	3201.628660
14.497833	343.398000	3201.833788
14.496404	343.420000	3202.038915
14.494974	343.442000	3202.244043
14.493544	343.464000	3202.449170
14.492114	343.486000	3202.654297
14.490684	343.508000	3202.859425
14.489253	343.530000	3203.064552
14.487823	343.552000	3203.269680
14.486392	343.574000	3203.474807
14.484962	343.596000	3203.679934
14.483531	343.618000	3203.885062
14.482100	343.640000	3204.090189
14.480669	343.662000	3204.295317
14.479238	343.684000	3204.500444
14.477806	343.706000	3204.705571
14.476375	343.728000	3204.910699
14.474943	343.750000	3205.115826
14.473512	343.772000	3205.320954
14.472080	343.794000	3205.526081
14.470648	343.816000	3205.731209
14.469216	343.838000	3205.936336
14.467784	343.860000	3206.141463
14.466352	343.882000	3206.346591
14.464919	343.904000	3206.551718
14.463487	343.926000	3206.756846
14.462054	343.948000	3206.961973
14.460622	343.970000	3207.167100
14.459189	343.992000	3207.372228
14.457756	344.014000	3207.577355
14.456323	344.036000	3207.782483
14.454890	344.058000	3207.987610
14.453456	344.080000	3208.192738
14.452023	344.102000	3208.397865
14.450589	344.124000	3208.602992
14.449156	344.146000	3208.808120
14.447722	344.168000	3209.013247
14.446288	344.190000	3209.218375
14.444854	344.212000	3209.423502
14.443420	344.234000	3209.628629
14.441985	344.256000	3209.833757
14.440551	344.278000	3210.038884
14.439117	344.300000	3210.244012
14.437682	344.322000	3210.449139
14.436247	344.344000	3210.654266
14.434812	344.366000	3210.859394
14.433377	344.388000	3211.064521
14.431942	344.410000	3211.269649
14.430507	344.432000	3211.474776
14.429072	344.454000	3211.679904
14.427636	344.476000	3211.885031
14.426201	344.498000	3212.090158
14.424765	344.520000	3212.295286
14.423329	344.542000	3212.500413
14.421893	344.564000	3212.705541
14.420457	344.586000	3212.910668
14.419021	344.608000	3213.115795
14.417584	344.630000	3213.320923
14.416148	344.652000	3213.526050
14.414711	344.674000	3213.731178
14.413275	344.696000	3213.936305
14.411838	344.718000	3214.141432
14.410401	344.740000	3214.346560
14.408964	344.762000	3214.551687
14.407527	344.784000	3214.756815
14.406090	344.806000	3214.961942
14.404652	344.828000	3215.167070
14.403215	344.850000	3215.372197
14.401777	344.872000	3215.577324
14.400339	344.894000	3215.782452
14.398901	344.916000	3215.987579
14.397463	344.938000	3216.192707
14.396025	344.960000	3216.397834
14.394587	344.982000	3216.602961
14.393149	345.004000	3216.808089
14.391710	345.026000	3217.013216
14.390272	345.048000	3217.218344
14.388833	345.070000	3217.423471
14.387394	345.092000	3217.628599
14.385955	345.114000	3217.833726
14.384516	345.136000	3218.038853
14.383077	345.158000	3218.243981
14.381638	345.180000	3218.449108
14.380198	345.202000	3218.654236
14.378759	345.224000	3218.859363
14.377319	345.246000	3219.064490
14.375879	345.268000	3219.269618
14.374439	345.290000	3219.474745
14.372999	345.312000	3219.679873
14.371559	345.334000	3219.885000
14.370119	345.356000	3220.090127
14.368678	345.378000	3220.295255
14.367238	345.400000	3220.500382
14.365797	345.422000	3220.705510
14.364356	345.444000	3220.910637
14.362915	345.466000	3221.115765
14.361474	345.488000	3221.320892
14.360033	345.510000	3221.526019
14.358592	345.532000	3221.731147
14.357150	345.554000	3221.936274
14.355709	345.576000	3222.141402
14.354267	345.598000	3222.346529
14.352826	345.620000	3222.551656
14.351384	345.642000	3222.756784
14.349942	345.664000	3222.961911
14.348500	345.686000	3223.167039
14.347057	345.708000	3223.372166
14.345615	345.730000	3223.577293
14.344172	345.752000	3223.782421
14.342730	345.774000	3223.987548
14.341287	345.796000	3224.192676
14.339844	345.818000	3224.397803
14.338401	345.840000	3224.602931
14.336958	345.862000	3224.808058
14.335515	345.884000	3225.013185
14.334072	345.906000	3225.218313
14.332628	345.928000	3225.423440
14.331185	345.950000	3225.628568
14.329741	345.972000	3225.833695
14.328297	345.994000	3226.038822
14.326853	346.016000	3226.243950
14.325409	346.038000	3226.449077
14.323965	346.060000	3226.654205
14.322520	346.082000	3226.859332
14.321076	346.104000	3227.064459
14.319631	346.126000	3227.269587
14.318187	346.148000	3227.474714
14.316742	346.170000	3227.679842
14.315297	346.192000	3227.884969
14.313852	346.214000	3228.090097
14.312407	346.236000	3228.295224
14.310962	346.258000	3228.500351
14.309516	346.280000	3228.705479
14.308071	346.302000	3228.910606
14.306625	346.324000	3229.115734
14.305179	346.346000	3229.320861
14.303733	346.368000	3229.525988
14.302287	346.390000	3229.731116
14.300841	346.412000	3229.936243
14.299395	346.434000	3230.141371
14.297948	346.456000	3230.346498
14.296502	346.478000	3230.551626
14.295055	346.500000	3230.756753
14.293608	346.522000	3230.961880
14.292161	346.544000	3231.167008
14.290714	346.566000	3231.372135
14.289267	346.588000	3231.577263
14.287820	346.610000	3231.782390
14.286373	346.632000	3231.987517
14.284925	346.654000	3232.192645
14.283478	346.676000	3232.397772
14.282030	346.698000	3232.602900
14.280582	346.720000	3232.808027
14.279134	346.742000	3233.013154
14.277686	346.764000	3233.218282
14.276238	346.786000	3233.423409
14.274789	346.808000	3233.628537
14.273341	346.830000	3233.833664
14.271892	346.852000	3234.038792
14.270443	346.874000	3234.243919
14.268994	346.896000	3234.449046
14.267545	346.918000	3234.654174
14.266096	346.940000	3234.859301
14.264647	346.962000	3235.064429
14.263198	346.984000	3235.269556
14.261748	347.006000	3235.474683
14.260299	347.028000	3235.679811
14.258849	347.050000	3235.884938
14.257399	347.072000	3236.090066
14.255949	347.094000	3236.295193
14.254499	347.116000	3236.500320
14.253049	347.138000	3236.705448
14.251598	347.160000	3236.910575
14.250148	347.182000	3237.115703
14.248697	347.204000	3237.320830
14.247247	347.226000	3237.525958
14.245796	347.248000	3237.731085
14.244345	347.270000	3237.936212
14.242894	347.292000	3238.141340
14.241442	347.314000	3238.346467
14.239991	347.336000	3238.551595
14.238540	347.358000	3238.756722
14.237088	347.380000	3238.961849
14.235636	347.402000	3239.166977
14.234184	347.424000	3239.372104
14.232732	347.446000	3239.577232
14.231280	347.468000	3239.782359
14.229828	347.490000	3239.987487
14.228376	347.512000	3240.192614
14.226923	347.534000	3240.397741
14.225471	347.556000	3240.602869
14.224018	347.578000	3240.807996
14.222565	347.600000	3241.013124
14.221112	347.622000	3241.218251
14.219659	347.644000	3241.423378
14.218206	347.666000	3241.628506
14.216753	347.688000	3241.833633
14.215299	347.710000	3242.038761
14.213846	347.732000	3242.243888
14.212392	347.754000	3242.449015
14.210938	347.776000	3242.654143
14.209484	347.798000	3242.859270
14.208030	347.820000	3243.064398
14.206576	347.842000	3243.269525
14.205121	347.864000	3243.474653
14.203667	347.886000	3243.679780
14.202212	347.908000	3243.884907
14.200758	347.930000	3244.090035
14.199303	347.952000	3244.295162
14.197848	347.974000	3244.500290
14.196393	347.996000	3244.705417
14.194937	348.018000	3244.910544
14.193482	348.040000	3245.115672
14.192027	348.062000	3245.320799
14.190571	348.084000	3245.525927
14.189115	348.106000	3245.731054
14.187660	348.128000	3245.936181
14.186204	348.150000	3246.141309
14.184747	348.172000	3246.346436
14.183291	348.194000	3246.551564
14.181835	348.216000	3246.756691
14.180378	348.238000	3246.961819
14.178922	348.260000	3247.166946
14.177465	348.282000	3247.372073
14.176008	348.304000	3247.577201
14.174551	348.326000	3247.782328
14.173094	348.348000	3247.987456
14.171637	348.370000	3248.192583
14.170180	348.392000	3248.397710
14.168722	348.414000	3248.602838
14.167265	348.436000	3248.807965
14.165807	348.458000	3249.013093
14.164349	348.480000	3249.218220
14.162891	348.502000	3249.423347
14.161433	348.524000	3249.628475
14.159975	348.546000	3249.833602
14.158516	348.568000	3250.038730
14.157058	348.590000	3250.243857
14.155599	348.612000	3250.448985
14.154141	348.634000	3250.654112
14.152682	348.656000	3250.859239
14.151223	348.678000	3251.064367
14.149764	348.700000	3251.269494
14.148304	348.722000	3251.474622
14.146845	348.744000	3251.679749
14.145385	348.766000	3251.884876
14.143926	348.788000	3252.090004
14.142466	348.810000	3252.295131
14.141006	348.832000	3252.500259
14.139546	348.854000	3252.705386
14.138086	348.876000	3252.910514
14.136626	348.898000	3253.115641
14.135165	348.920000	3253.320768
14.133705	348.942000	3253.525896
14.132244	348.964000	3253.731023
14.130784	348.986000	3253.936151
14.129323	349.008000	3254.141278
14.127862	349.030000	3254.346405
14.126401	349.052000	3254.551533
14.124939	349.074000	3254.756660
14.123478	349.096000	3254.961788
14.122016	349.118000	3255.166915
14.120555	349.140000	3255.372042
14.119093	349.162000	3255.577170
14.117631	349.184000	3255.782297
14.116169	349.206000	3255.987425
14.114707	349.228000	3256.192552
14.113245	349.250000	3256.397680
14.111782	349.272000	3256.602807
14.110320	349.294000	3256.807934
14.108857	349.316000	3257.013062
14.107394	349.338000	3257.218189
14.105931	349.360000	3257.423317
14.104468	349.382000	3257.628444
14.103005	349.404000	3257.833571
14.101542	349.426000	3258.038699
14.100078	349.448000	3258.243826
14.098615	349.470000	3258.448954
14.097151	349.492000	3258.654081
14.095687	349.514000	3258.859208
14.094223	349.536000	3259.064336
14.092759	349.558000	3259.269463
14.091295	349.580000	3259.474591
14.089831	349.602000	3259.679718
14.088366	349.624000	3259.884846
14.086902	349.646000	3260.089973
14.085437	349.668000	3260.295100
14.083972	349.690000	3260.500228
14.082507	349.712000	3260.705355
14.081042	349.734000	3260.910483
14.079577	349.756000	3261.115610
14.078112	349.778000	3261.320737
14.076646	349.800000	3261.525865
14.075180	349.822000	3261.730992
14.073715	349.844000	3261.936120
14.072249	349.866000	3262.141247
14.070783	349.888000	3262.346375
14.069317	349.910000	3262.551502
14.067851	349.932000	3262.756629
14.066384	349.954000	3262.961757
14.064918	349.976000	3263.166884
14.063451	349.998000	3263.372012
14.061984	350.020000	3263.577139
14.060517	350.042000	3263.782266
14.059050	350.064000	3263.987394
14.057583	350.086000	3264.192521
14.056116	350.108000	3264.397649
14.054649	350.130000	3264.602776
14.053181	350.152000	3264.807903
14.051713	350.174000	3265.013031
14.050246	350.196000	3265.218158
14.048778	350.218000	3265.423286
14.047310	350.240000	3265.628413
14.045841	350.262000	3265.833541
14.044373	350.284000	3266.038668
14.042905	350.306000	3266.243795
14.041436	350.328000	3266.448923
14.039968	350.350000	3266.654050
14.038499	350.372000	3266.859178
14.037030	350.394000	3267.064305
14.035561	350.416000	3267.269432
14.034091	350.438000	3267.474560
14.032622	350.460000	3267.679687
14.031153	350.482000	3267.884815
14.029683	350.504000	3268.089942
14.028213	350.526000	3268.295069
14.026744	350.548000	3268.500197
14.025274	350.570000	3268.705324
14.023803	350.592000	3268.910452
14.022333	350.614000	3269.115579
14.020863	350.636000	3269.320707
14.019392	350.658000	3269.525834
14.017922	350.680000	3269.730961
14.016451	350.702000	3269.936089
14.014980	350.724000	3270.141216
14.013509	350.746000	3270.346344
14.012038	350.768000	3270.551471
14.010567	350.790000	3270.756598
14.009095	350.812000	3270.961726
14.007624	350.834000	3271.166853
14.006152	350.856000	3271.371981
14.004680	350.878000	3271.577108
14.003208	350.900000	3271.782236
14.001736	350.922000	3271.987363
14.000264	350.944000	3272.192490
13.998792	350.966000	3272.397618
13.997319	350.988000	3272.602745
13.995847	351.010000	3272.807873
13.994374	351.032000	3273.013000
13.992901	351.054000	3273.218127
13.991428	351.076000	3273.423255
13.989955	351.098000	3273.628382
13.988482	351.120000	3273.833510
13.987009	351.142000	3274.038637
13.985535	351.164000	3274.243764
13.984062	351.186000	3274.448892
13.982588	351.208000	3274.654019
13.981114	351.230000	3274.859147
13.979640	351.252000	3275.064274
13.978166	351.274000	3275.269402
13.976692	351.296000	3275.474529
13.975217	351.318000	3275.679656
13.973743	351.340000	3275.884784
13.972268	351.362000	3276.089911
13.970793	351.384000	3276.295039
13.969318	351.406000	3276.500166
13.967843	351.428000	3276.705293
13.966368	351.450000	3276.910421
13.964893	351.472000	3277.115548
13.963417	351.494000	3277.320676
13.961942	351.516000	3277.525803
13.960466	351.538000	3277.730930
13.958990	351.560000	3277.936058
13.957514	351.582000	3278.141185
13.956038	351.604000	3278.346313
13.954562	351.626000	3278.551440
13.953086	351.648000	3278.756568
13.951609	351.670000	3278.961695
13.950133	351.692000	3279.166822
13.948656	351.714000	3279.371950
13.947179	351.736000	3279.577077
13.945702	351.758000	3279.782205
13.944225	351.780000	3279.987332
13.942747	351.802000	3280.192459
13.941270	351.824000	3280.397587
13.939793	351.846000	3280.602714
13.938315	351.868000	3280.807842
13.936837	351.890000	3281.012969
13.935359	351.912000	3281.218096
13.933881	351.934000	3281.423224
13.932403	351.956000	3281.628351
13.930925	351.978000	3281.833479
13.929446	352.000000	3282.038606
13.927968	352.022000	3282.243734
13.926489	352.044000	3282.448861
13.925010	352.066000	3282.653988
13.923531	352.088000	3282.859116
13.922052	352.110000	3283.064243
13.920573	352.132000	3283.269371
13.919093	352.154000	3283.474498
13.917614	352.176000	3283.679625
13.916134	352.198000	3283.884753
13.914654	352.220000	3284.089880
13.913174	352.242000	3284.295008
13.911694	352.264000	3284.500135
13.910214	352.286000	3284.705263
13.908734	352.308000	3284.910390
13.907253	352.330000	3285.115517
13.905773	352.352000	3285.320645
13.904292	352.374000	3285.525772
13.902811	352.396000	3285.730900
13.901330	352.418000	3285.936027
13.899849	352.440000	3286.141154
13.898368	352.462000	3286.346282
13.896887	352.484000	3286.551409
13.895405	352.506000	3286.756537
13.893924	352.528000	3286.961664
13.892442	352.550000	3287.166791
13.890960	352.572000	3287.371919
13.889478	352.594000	3287.577046
13.887996	352.616000	3287.782174
13.886514	352.638000	3287.987301
13.885031	352.660000	3288.192429
13.883549	352.682000	3288.397556
13.882066	352.704000	3288.602683
13.880583	352.726000	3288.807811
13.879100	352.748000	3289.012938
13.877617	352.770000	3289.218066
13.876134	352.792000	3289.423193
13.874650	352.814000	3289.628320
13.873167	352.836000	3289.833448
13.871683	352.858000	3290.038575
13.870200	352.880000	3290.243703
13.868716	352.902000	3290.448830
13.867232	352.924000	3290.653957
13.865748	352.946000	3290.859085
13.864263	352.968000	3291.064212
13.862779	352.990000	3291.269340
13.861294	353.012000	3291.474467
13.859810	353.034000	3291.679595
13.858325	353.056000	3291.884722
13.856840	353.078000	3292.089849
13.855355	353.100000	3292.294977
13.853870	353.122000	3292.500104
13.852384	353.144000	3292.705232
13.850899	353.166000	3292.910359
13.849413	353.188000	3293.115486
13.847927	353.210000	3293.320614
13.846442	353.232000	3293.525741
13.844956	353.254000	3293.730869
13.843469	353.276000	3293.935996
13.841983	353.298000	3294.141124
13.840497	353.320000	3294.346251
13.839010	353.342000	3294.551378
13.837523	353.364000	3294.756506
13.836037	353.386000	3294.961633
13.834550	353.408000	3295.166761
13.833063	353.430000	3295.371888
13.831575	353.452000	3295.577015
13.830088	353.474000	3295.782143
13.828600	353.496000	3295.987270
13.827113	353.518000	3296.192398
13.825625	353.540000	3296.397525
13.824137	353.562000	3296.602652
13.822649	353.584000	3296.807780
13.821161	353.606000	3297.012907
13.819673	353.628000	3297.218035
13.818184	353.650000	3297.423162
13.816696	353.672000	3297.628290
13.815207	353.694000	3297.833417
13.813718	353.716000	3298.038544
13.812229	353.738000	3298.243672
13.810740	353.760000	3298.448799
13.809251	353.782000	3298.653927
13.807762	353.804000	3298.859054
13.806272	353.826000	3299.064181
13.804782	353.848000	3299.269309
13.803293	353.870000	3299.474436
13.801803	353.892000	3299.679564
13.800313	353.914000	3299.884691
13.798822	353.936000	3300.089818
13.797332	353.958000	3300.294946
13.795842	353.980000	3300.500073
13.794351	354.002000	3300.705201
13.792860	354.024000	3300.910328
13.791370	354.046000	3301.115456
13.789879	354.068000	3301.320583
13.788387	354.090000	3301.525710
13.786896	354.112000	3301.730838
13.785405	354.134000	3301.935965
13.783913	354.156000	3302.141093
13.782422	354.178000	3302.346220
13.780930	354.200000	3302.551347
13.779438	354.222000	3302.756475
13.777946	354.244000	3302.961602
13.776454	354.266000	3303.166730
13.774961	354.288000	3303.371857
13.773469	354.310000	3303.576984
13.771976	354.332000	3303.782112
13.770483	354.354000	3303.987239
13.768991	354.376000	3304.192367
13.767498	354.398000	3304.397494
13.766004	354.420000	3304.602622
13.764511	354.442000	3304.807749
13.763018	354.464000	3305.012876
13.761524	354.486000	3305.218004
13.760030	354.508000	3305.423131
13.758537	354.530000	3305.628259
13.757043	354.552000	3305.833386
13.755548	354.574000	3306.038513
13.754054	354.596000	3306.243641
13.752560	354.618000	3306.448768
13.751065	354.640000	3306.653896
13.749571	354.662000	3306.859023
13.748076	354.684000	3307.064151
13.746581	354.706000	3307.269278
13.745086	354.728000	3307.474405
13.743591	354.750000	3307.679533
13.742095	354.772000	3307.884660
13.740600	354.794000	3308.089788
13.739104	354.816000	3308.294915
13.737609	354.838000	3308.500042
13.736113	354.860000	3308.705170
13.734617	354.882000	3308.910297
13.733121	354.904000	3309.115425
13.731624	354.926000	3309.320552
13.730128	354.948000	3309.525679
13.728631	354.970000	3309.730807
13.727135	354.992000	3309.935934
13.725638	355.014000	3310.141062
13.724141	355.036000	3310.346189
13.722644	355.058000	3310.551317
13.721146	355.080000	3310.756444
13.719649	355.102000	3310.961571
13.718151	355.124000	3311.166699
13.716654	355.146000	3311.371826
13.715156	355.168000	3311.576954
13.713658	355.190000	3311.782081
13.712160	355.212000	3311.987208
13.710662	355.234000	3312.192336
13.709163	355.256000	3312.397463
13.707665	355.278000	3312.602591
13.706166	355.300000	3312.807718
13.704668	355.322000	3313.012845
13.703169	355.344000	3313.217973
13.701670	355.366000	3313.423100
13.700171	355.388000	3313.628228
13.698671	355.410000	3313.833355
13.697172	355.432000	3314.038483
13.695672	355.454000	3314.243610
13.694173	355.476000	3314.448737
13.692673	355.498000	3314.653865
13.691173	355.520000	3314.858992
13.689673	355.542000	3315.064120
13.688172	355.564000	3315.269247
13.686672	355.586000	3315.474374
13.685171	355.608000	3315.679502
13.683671	355.630000	3315.884629
13.682170	355.652000	3316.089757
13.680669	355.674000	3316.294884
13.679168	355.696000	3316.500012
13.677667	355.718000	3316.705139
13.676165	355.740000	3316.910266
13.674664	355.762000	3317.115394
13.673162	355.784000	3317.320521
13.671660	355.806000	3317.525649
13.670158	355.828000	3317.730776
13.668656	355.850000	3317.935903
13.667154	355.872000	3318.141031
13.665652	355.894000	3318.346158
13.664149	355.916000	3318.551286
13.662647	355.938000	3318.756413
13.661144	355.960000	3318.961540
13.659641	355.982000	3319.166668
13.658138	356.004000	3319.371795
13.656635	356.026000	3319.576923
13.655132	356.048000	3319.782050
13.653628	356.070000	3319.987178
13.652124	356.092000	3320.192305
13.650621	356.114000	3320.397432
13.649117	356.136000	3320.602560
13.647613	356.158000	3320.807687
13.646109	356.180000	3321.012815
13.644604	356.202000	3321.217942
13.643100	356.224000	3321.423069
13.641596	356.246000	3321.628197
13.640091	356.268000	3321.833324
13.638586	356.290000	3322.038452
13.637081	356.312000	3322.243579
13.635576	356.334000	3322.448706
13.634071	356.356000	3322.653834
13.632565	356.378000	3322.858961
13.631060	356.400000	3323.064089
13.629554	356.422000	3323.269216
13.628048	356.444000	3323.474344
13.626542	356.466000	3323.679471
13.625036	356.488000	3323.884598
13.623530	356.510000	3324.089726
13.622024	356.532000	3324.294853
13.620517	356.554000	3324.499981
13.619011	356.576000	3324.705108
13.617504	356.598000	3324.910235
13.615997	356.620000	3325.115363
13.614490	356.642000	3325.320490
13.612983	356.664000	3325.525618
13.611475	356.686000	3325.730745
13.609968	356.708000	3325.935873
13.608460	356.730000	3326.141000
13.606952	356.752000	3326.346127
13.605444	356.774000	3326.551255
13.603936	356.796000	3326.756382
13.602428	356.818000	3326.961510
13.600920	356.840000	3327.166637
13.599411	356.862000	3327.371764
13.597903	356.884000	3327.576892
13.596394	356.906000	3327.782019
13.594885	356.928000	3327.987147
13.593376	356.950000	3328.192274
13.591867	356.972000	3328.397401
13.590358	356.994000	3328.602529
13.588848	357.016000	3328.807656
13.587339	357.038000	3329.012784
13.585829	357.060000	3329.217911
13.584319	357.082000	3329.423039
13.582809	357.104000	3329.628166
13.581299	357.126000	3329.833293
13.579789	357.148000	3330.038421
13.578278	357.170000	3330.243548
13.576768	357.192000	3330.448676
13.575257	357.214000	3330.653803
13.573746	357.236000	3330.858930
13.572235	357.258000	3331.064058
13.570724	357.280000	3331.269185
13.569213	357.302000	3331.474313
13.567701	357.324000	3331.679440
13.566190	357.346000	3331.884567
13.564678	357.368000	3332.089695
13.563166	357.390000	3332.294822
13.561654	357.412000	3332.499950
13.560142	357.434000	3332.705077
13.558630	357.456000	3332.910205
13.557117	357.478000	3333.115332
13.555605	357.500000	3333.320459
13.554092	357.522000	3333.525587
13.552579	357.544000	3333.730714
13.551066	357.566000	3333.935842
13.549553	357.588000	3334.140969
13.548040	357.610000	3334.346096
13.546527	357.632000	3334.551224
13.545013	357.654000	3334.756351
13.543499	357.676000	3334.961479
13.541986	357.698000	3335.166606
13.540472	357.720000	3335.371733
13.538958	357.742000	3335.576861
13.537443	357.764000	3335.781988
13.535929	357.786000	3335.987116
13.534414	357.808000	3336.192243
13.532900	357.830000	3336.397371
13.531385	357.852000	3336.602498
13.529870	357.874000	3336.807625
13.528355	357.896000	3337.012753
13.526840	357.918000	3337.217880
13.525324	357.940000	3337.423008
13.523809	357.962000	3337.628135
13.522293	357.984000	3337.833262
13.520777	358.006000	3338.038390
13.519261	358.028000	3338.243517
13.517745	358.050000	3338.448645
13.516229	358.072000	3338.653772
13.514713	358.094000	3338.858900
13.513196	358.116000	3339.064027
13.511680	358.138000	3339.269154
13.510163	358.160000	3339.474282
13.508646	358.182000	3339.679409
13.507129	358.204000	3339.884537
13.505612	358.226000	3340.089664
13.504094	358.248000	3340.294791
13.502577	358.270000	3340.499919
13.501059	358.292000	3340.705046
13.499541	358.314000	3340.910174
13.498023	358.336000	3341.115301
13.496505	358.358000	3341.320428
13.494987	358.380000	3341.525556
13.493469	358.402000	3341.730683
13.491950	358.424000	3341.935811
13.490431	358.446000	3342.140938
13.488913	358.468000	3342.346066
13.487394	358.490000	3342.551193
13.485875	358.512000	3342.756320
13.484355	358.534000	3342.961448
13.482836	358.556000	3343.166575
13.481316	358.578000	3343.371703
13.479797	358.600000	3343.576830
13.478277	358.622000	3343.781957
13.476757	358.644000	3343.987085
13.475237	358.666000	3344.192212
13.473717	358.688000	3344.397340
13.472196	358.710000	3344.602467
13.470676	358.732000	3344.807594
13.469155	358.754000	3345.012722
13.467634	358.776000	3345.217849
13.466113	358.798000	3345.422977
13.464592	358.820000	3345.628104
13.463071	358.842000	3345.833232
13.461550	358.864000	3346.038359
13.460028	358.886000	3346.243486
13.458507	358.908000	3346.448614
13.456985	358.930000	3346.653741
13.455463	358.952000	3346.858869
13.453941	358.974000	3347.063996
13.452418	358.996000	3347.269123
13.450896	359.018000	3347.474251
13.449373	359.040000	3347.679378
13.447851	359.062000	3347.884506
13.446328	359.084000	3348.089633
13.444805	359.106000	3348.294761
13.443282	359.128000	3348.499888
13.441759	359.150000	3348.705015
13.440235	359.172000	3348.910143
13.438712	359.194000	3349.115270
13.437188	359.216000	3349.320398
13.435664	359.238000	3349.525525
13.434140	359.260000	3349.730652
13.432616	359.282000	3349.935780
13.431092	359.304000	3350.140907
13.429567	359.326000	3350.346035
13.428043	359.348000	3350.551162
13.426518	359.370000	3350.756289
13.424993	359.392000	3350.961417
13.423468	359.414000	3351.166544
13.421943	359.436000	3351.371672
13.420418	359.458000	3351.576799
13.418892	359.480000	3351.781927
13.417367	359.502000	3351.987054
13.415841	359.524000	3352.192181
13.414315	359.546000	3352.397309
13.412789	359.568000	3352.602436
13.411263	359.590000	3352.807564
13.409737	359.612000	3353.012691
13.408210	359.634000	3353.217818
13.406684	359.656000	3353.422946
13.405157	359.678000	3353.628073
13.403630	359.700000	3353.833201
13.402103	359.722000	3354.038328
13.400576	359.744000	3354.243455
13.399049	359.766000	3354.448583
13.397521	359.788000	3354.653710
13.395994	359.810000	3354.858838
13.394466	359.832000	3355.063965
13.392938	359.854000	3355.269093
13.391410	359.876000	3355.474220
13.389882	359.898000	3355.679347
13.388353	359.920000	3355.884475
13.386825	359.942000	3356.089602
13.385296	359.964000	3356.294730
13.383768	359.986000	3356.499857
13.382239	360.008000	3356.704984
13.380710	360.030000	3356.910112
13.379180	360.052000	3357.115239
13.377651	360.074000	3357.320367
13.376121	360.096000	3357.525494
13.374592	360.118000	3357.730621
13.373062	360.140000	3357.935749
13.371532	360.162000	3358.140876
13.370002	360.184000	3358.346004
13.368472	360.206000	3358.551131
13.366941	360.228000	3358.756259
13.365411	360.250000	3358.961386
13.363880	360.272000	3359.166513
13.362349	360.294000	3359.371641
13.360818	360.316000	3359.576768
13.359287	360.338000	3359.781896
13.357756	360.360000	3359.987023
13.356225	360.382000	3360.192150
13.354693	360.404000	3360.397278
13.353161	360.426000	3360.602405
13.351629	360.448000	3360.807533
13.350097	360.470000	3361.012660
13.348565	360.492000	3361.217788
13.347033	360.514000	3361.422915
13.345501	360.536000	3361.628042
13.343968	360.558000	3361.833170
13.342435	360.580000	3362.038297
13.340902	360.602000	3362.243425
13.339369	360.624000	3362.448552
13.337836	360.646000	3362.653679
13.336303	360.668000	3362.858807
13.334769	360.690000	3363.063934
13.333236	360.712000	3363.269062
13.331702	360.734000	3363.474189
13.330168	360.756000	3363.679316
13.328634	360.778000	3363.884444
13.327100	360.800000	3364.089571
13.325565	360.822000	3364.294699
13.324031	360.844000	3364.499826
13.322496	360.866000	3364.704954
13.320962	360.888000	3364.910081
13.319427	360.910000	3365.115208
13.317891	360.932000	3365.320336
13.316356	360.954000	3365.525463
13.314821	360.976000	3365.730591
13.313285	360.998000	3365.935718
13.311750	361.020000	3366.140845
13.310214	361.042000	3366.345973
13.308678	361.064000	3366.551100
13.307142	361.086000	3366.756228
13.305605	361.108000	3366.961355
13.304069	361.130000	3367.166482
13.302532	361.152000	3367.371610
13.300996	361.174000	3367.576737
13.299459	361.196000	3367.781865
13.297922	361.218000	3367.986992
13.296385	361.240000	3368.192120
13.294847	361.262000	3368.397247
13.293310	361.284000	3368.602374
13.291772	361.306000	3368.807502
13.290234	361.328000	3369.012629
13.288697	361.350000	3369.217757
13.287158	361.372000	3369.422884
13.285620	361.394000	3369.628011
13.284082	361.416000	3369.833139
13.282543	361.438000	3370.038266
13.281005	361.460000	3370.243394
13.279466	361.482000	3370.448521
13.277927	361.504000	3370.653649
13.276388	361.526000	3370.858776
13.274849	361.548000	3371.063903
13.273309	361.570000	3371.269031
13.271770	361.592000	3371.474158
13.270230	361.614000	3371.679286
13.268690	361.636000	3371.884413
13.267150	361.658000	3372.089540
13.265610	361.680000	3372.294668
13.264070	361.702000	3372.499795
13.262529	361.724000	3372.704923
13.260989	361.746000	3372.910050
13.259448	361.768000	3373.115177
13.257907	361.790000	3373.320305
13.256366	361.812000	3373.525432
13.254825	361.834000	3373.730560
13.253283	361.856000	3373.935687
13.251742	361.878000	3374.140815
13.250200	361.900000	3374.345942
13.248658	361.922000	3374.551069
13.247116	361.944000	3374.756197
13.245574	361.966000	3374.961324
13.244032	361.988000	3375.166452
13.242490	362.010000	3375.371579
13.240947	362.032000	3375.576706
13.239404	362.054000	3375.781834
13.237862	362.076000	3375.986961
13.236319	362.098000	3376.192089
13.234775	362.120000	3376.397216
13.233232	362.142000	3376.602343
13.231689	362.164000	3376.807471
13.230145	362.186000	3377.012598
13.228601	362.208000	3377.217726
13.227057	362.230000	3377.422853
13.225513	362.252000	3377.627981
13.223969	362.274000	3377.833108
13.222425	362.296000	3378.038235
13.220880	362.318000	3378.243363
13.219336	362.340000	3378.448490
13.217791	362.362000	3378.653618
13.216246	362.384000	3378.858745
13.214701	362.406000	3379.063872
13.213156	362.428000	3379.269000
13.211610	362.450000	3379.474127
13.210065	362.472000	3379.679255
13.208519	362.494000	3379.884382
13.206973	362.516000	3380.089510
13.205427	362.538000	3380.294637
13.203881	362.560000	3380.499764
13.202335	362.582000	3380.704892
13.200788	362.604000	3380.910019
13.199241	362.626000	3381.115147
13.197695	362.648000	3381.320274
13.196148	362.670000	3381.525401
13.194601	362.692000	3381.730529
13.193053	362.714000	3381.935656
13.191506	362.736000	3382.140784
13.189959	362.758000	3382.345911
13.188411	362.780000	3382.551038
13.186863	362.802000	3382.756166
13.185315	362.824000	3382.961293
13.183767	362.846000	3383.166421
13.182219	362.868000	3383.371548
13.180670	362.890000	3383.576676
13.179122	362.912000	3383.781803
13.177573	362.934000	3383.986930
13.176024	362.956000	3384.192058
13.174475	362.978000	3384.397185
13.172926	363.000000	3384.602313
13.171376	363.022000	3384.807440
13.169827	363.044000	3385.012567
13.168277	363.066000	3385.217695
13.166727	363.088000	3385.422822
13.165177	363.110000	3385.627950
13.163627	363.132000	3385.833077
13.162077	363.154000	3386.038204
13.160527	363.176000	3386.243332
13.158976	363.198000	3386.448459
13.157425	363.220000	3386.653587
13.155874	363.242000	3386.858714
13.154323	363.264000	3387.063842
13.152772	363.286000	3387.268969
13.151221	363.308000	3387.474096
13.149669	363.330000	3387.679224
13.148118	363.352000	3387.884351
13.146566	363.374000	3388.089479
13.145014	363.396000	3388.294606
13.143462	363.418000	3388.499733
13.141910	363.440000	3388.704861
13.140357	363.462000	3388.909988
13.138805	363.484000	3389.115116
13.137252	363.506000	3389.320243
13.135699	363.528000	3389.525370
13.134146	363.550000	3389.730498
13.132593	363.572000	3389.935625
13.131040	363.594000	3390.140753
13.129486	363.616000	3390.345880
13.127932	363.638000	3390.551008
13.126379	363.660000	3390.756135
13.124825	363.682000	3390.961262
13.123271	363.704000	3391.166390
13.121716	363.726000	3391.371517
13.120162	363.748000	3391.576645
13.118607	363.770000	3391.781772
13.117053	363.792000	3391.986899
13.115498	363.814000	3392.192027
13.113943	363.836000	3392.397154
13.112388	363.858000	3392.602282
13.110832	363.880000	3392.807409
13.109277	363.902000	3393.012537
13.107721	363.924000	3393.217664
13.106165	363.946000	3393.422791
13.104609	363.968000	3393.627919
13.103053	363.990000	3393.833046
13.101497	364.012000	3394.038174
13.099941	364.034000	3394.243301
13.098384	364.056000	3394.448428
13.096827	364.078000	3394.653556
13.095271	364.100000	3394.858683
13.093714	364.122000	3395.063811
13.092156	364.144000	3395.268938
13.090599	364.166000	3395.474065
13.089042	364.188000	3395.679193
13.087484	364.210000	3395.884320
13.085926	364.232000	3396.089448
13.084368	364.254000	3396.294575
13.082810	364.276000	3396.499703
13.081252	364.298000	3396.704830
13.079693	364.320000	3396.909957
13.078135	364.342000	3397.115085
13.076576	364.364000	3397.320212
13.075017	364.386000	3397.525340
13.073458	364.408000	3397.730467
13.071899	364.430000	3397.935594
13.070340	364.452000	3398.140722
13.068780	364.474000	3398.345849
13.067220	364.496000	3398.550977
13.065661	364.518000	3398.756104
13.064101	364.540000	3398.961231
13.062541	364.562000	3399.166359
13.060980	364.584000	3399.371486
13.059420	364.606000	3399.576614
13.057859	364.628000	3399.781741
13.056298	364.650000	3399.986869
13.054738	364.672000	3400.191996
13.053176	364.694000	3400.397123
13.051615	364.716000	3400.602251
13.050054	364.738000	3400.807378
13.048492	364.760000	3401.012506
13.046931	364.782000	3401.217633
13.045369	364.804000	3401.422760
13.043807	364.826000	3401.627888
13.042245	364.848000	3401.833015
13.040682	364.870000	3402.038143
13.039120	364.892000	3402.243270
13.037557	364.914000	3402.448398
13.035995	364.936000	3402.653525
13.034432	364.958000	3402.858652
13.032868	364.980000	3403.063780
13.031305	365.002000	3403.268907
13.029742	365.024000	3403.474035
13.028178	365.046000	3403.679162
13.026615	365.068000	3403.884289
13.025051	365.090000	3404.089417
13.023487	365.112000	3404.294544
13.021922	365.134000	3404.499672
13.020358	365.156000	3404.704799
13.018794	365.178000	3404.909926
13.017229	365.200000	3405.115054
13.015664	365.222000	3405.320181
13.014099	365.244000	3405.525309
13.012534	365.266000	3405.730436
13.010969	365.288000	3405.935564
13.009403	365.310000	3406.140691
13.007838	365.332000	3406.345818
13.006272	365.354000	3406.550946
13.004706	365.376000	3406.756073
13.003140	365.398000	3406.961201
13.001574	365.420000	3407.166328
13.000007	365.442000	3407.371455
12.998441	365.464000	3407.576583
12.996874	365.486000	3407.781710
12.995307	365.508000	3407.986838
12.993740	365.530000	3408.191965
12.992173	365.552000	3408.397092
12.990606	365.574000	3408.602220
12.989038	365.596000	3408.807347
12.987471	365.618000	3409.012475
12.985903	365.640000	3409.217602
12.984335	365.662000	3409.422730
12.982767	365.684000	3409.627857
12.981198	365.706000	3409.832984
12.979630	365.728000	3410.038112
12.978061	365.750000	3410.243239
12.976493	365.772000	3410.448367
12.974924	365.794000	3410.653494
12.973355	365.816000	3410.858621
12.971785	365.838000	3411.063749
12.970216	365.860000	3411.268876
12.968646	365.882000	3411.474004
12.967077	365.904000	3411.679131
12.965507	365.926000	3411.884258
12.963937	365.948000	3412.089386
12.962367	365.970000	3412.294513
12.960796	365.992000	3412.499641
12.959226	366.014000	3412.704768
12.957655	366.036000	3412.909896
12.956084	366.058000	3413.115023
12.954513	366.080000	3413.320150
12.952942	366.102000	3413.525278
12.951371	366.124000	3413.730405
12.949799	366.146000	3413.935533
12.948228	366.168000	3414.140660
12.946656	366.190000	3414.345787
12.945084	366.212000	3414.550915
12.943512	366.234000	3414.756042
12.941940	366.256000	3414.961170
12.940367	366.278000	3415.166297
12.938795	366.300000	3415.371425
12.937222	366.322000	3415.576552
12.935649	366.344000	3415.781679
12.934076	366.366000	3415.986807
12.932503	366.388000	3416.191934
12.930930	366.410000	3416.397062
12.929356	366.432000	3416.602189
12.927782	366.454000	3416.807316
12.926208	366.476000	3417.012444
12.924634	366.498000	3417.217571
12.923060	366.520000	3417.422699
12.921486	366.542000	3417.627826
12.919911	366.564000	3417.832953
12.918337	366.586000	3418.038081
12.916762	366.608000	3418.243208
12.915187	366.630000	3418.448336
12.913612	366.652000	3418.653463
12.912037	366.674000	3418.858591
12.910461	366.696000	3419.063718
12.908886	366.718000	3419.268845
12.907310	366.740000	3419.473973
12.905734	366.762000	3419.679100
12.904158	366.784000	3419.884228
12.902582	366.806000	3420.089355
12.901005	366.828000	3420.294482
12.899429	366.850000	3420.499610
12.897852	366.872000	3420.704737
12.896275	366.894000	3420.909865
12.894698	366.916000	3421.114992
12.893121	366.938000	3421.320119
12.891543	366.960000	3421.525247
12.889966	366.982000	3421.730374
12.888388	367.004000	3421.935502
12.886810	367.026000	3422.140629
12.885232	367.048000	3422.345757
12.883654	367.070000	3422.550884
12.882076	367.092000	3422.756011
12.880497	367.114000	3422.961139
12.878918	367.136000	3423.166266
12.877340	367.158000	3423.371394
12.875761	367.180000	3423.576521
12.874181	367.202000	3423.781648
12.872602	367.224000	3423.986776
12.871023	367.246000	3424.191903
12.869443	367.268000	3424.397031
12.867863	367.290000	3424.602158
12.866283	367.312000	3424.807286
12.864703	367.334000	3425.012413
12.863123	367.356000	3425.217540
12.861542	367.378000	3425.422668
12.859962	367.400000	3425.627795
12.858381	367.422000	3425.832923
12.856800	367.444000	3426.038050
12.855219	367.466000	3426.243177
12.853638	367.488000	3426.448305
12.852056	367.510000	3426.653432
12.850475	367.532000	3426.858560
12.848893	367.554000	3427.063687
12.847311	367.576000	3427.268814
12.845729	367.598000	3427.473942
12.844147	367.620000	3427.679069
12.842564	367.642000	3427.884197
12.840982	367.664000	3428.089324
12.839399	367.686000	3428.294452
12.837816	367.708000	3428.499579
12.836233	367.730000	3428.704706
12.834650	367.752000	3428.909834
12.833067	367.774000	3429.114961
12.831483	367.796000	3429.320089
12.829899	367.818000	3429.525216
12.828316	367.840000	3429.730343
12.826732	367.862000	3429.935471
12.825147	367.884000	3430.140598
12.823563	367.906000	3430.345726
12.821978	367.928000	3430.550853
12.820394	367.950000	3430.755980
12.818809	367.972000	3430.961108
12.817224	367.994000	3431.166235
12.815639	368.016000	3431.371363
12.814053	368.038000	3431.576490
12.812468	368.060000	3431.781618
12.810882	368.082000	3431.986745
12.809296	368.104000	3432.191872
12.807711	368.126000	3432.397000
12.806124	368.148000	3432.602127
12.804538	368.170000	3432.807255
12.802952	368.192000	3433.012382
12.801365	368.214000	3433.217509
12.799778	368.236000	3433.422637
12.798191	368.258000	3433.627764
12.796604	368.280000	3433.832892
12.795017	368.302000	3434.038019
12.793429	368.324000	3434.243147
12.791842	368.346000	3434.448274
12.790254	368.368000	3434.653401
12.788666	368.390000	3434.858529
12.787078	368.412000	3435.063656
12.785490	368.434000	3435.268784
12.783901	368.456000	3435.473911
12.782312	368.478000	3435.679038
12.780724	368.500000	3435.884166
12.779135	368.522000	3436.089293
12.777546	368.544000	3436.294421
12.775956	368.566000	3436.499548
12.774367	368.588000	3436.704675
12.772777	368.610000	3436.909803
12.771188	368.632000	3437.114930
12.769598	368.654000	3437.320058
12.768008	368.676000	3437.525185
12.766417	368.698000	3437.730313
12.764827	368.720000	3437.935440
12.763236	368.742000	3438.140567
12.761646	368.764000	3438.345695
12.760055	368.786000	3438.550822
12.758464	368.808000	3438.755950
12.756872	368.830000	3438.961077
12.755281	368.852000	3439.166204
12.753689	368.874000	3439.371332
12.752098	368.896000	3439.576459
12.750506	368.918000	3439.781587
12.748914	368.940000	3439.986714
12.747321	368.962000	3440.191841
12.745729	368.984000	3440.396969
12.744136	369.006000	3440.602096
12.742544	369.028000	3440.807224
12.740951	369.050000	3441.012351
12.739358	369.072000	3441.217479
12.737764	369.094000	3441.422606
12.736171	369.116000	3441.627733
12.734577	369.138000	3441.832861
12.732984	369.160000	3442.037988
12.731390	369.182000	3442.243116
12.729796	369.204000	3442.448243
12.728201	369.226000	3442.653370
12.726607	369.248000	3442.858498
12.725012	369.270000	3443.063625
12.723418	369.292000	3443.268753
12.721823	369.314000	3443.473880
12.720228	369.336000	3443.679007
12.718632	369.358000	3443.884135
12.717037	369.380000	3444.089262
12.715442	369.402000	3444.294390
12.713846	369.424000	3444.499517
12.712250	369.446000	3444.704645
12.710654	369.468000	3444.909772
12.709058	369.490000	3445.114899
12.707461	369.512000	3445.320027
12.705865	369.534000	3445.525154
12.704268	369.556000	3445.730282
12.702671	369.578000	3445.935409
12.701074	369.600000	3446.140536
12.699477	369.622000	3446.345664
12.697879	369.644000	3446.550791
12.696282	369.666000	3446.755919
12.694684	369.688000	3446.961046
12.693086	369.710000	3447.166174
12.691488	369.732000	3447.371301
12.689890	369.754000	3447.576428
12.688291	369.776000	3447.781556
12.686693	369.798000	3447.986683
12.685094	369.820000	3448.191811
12.683495	369.842000	3448.396938
12.681896	369.864000	3448.602065
12.680297	369.886000	3448.807193
12.678697	369.908000	3449.012320
12.677098	369.930000	3449.217448
12.675498	369.952000	3449.422575
12.673898	369.974000	3449.627702
12.672298	369.996000	3449.832830
12.670698	370.018000	3450.037957
12.669097	370.040000	3450.243085
12.667497	370.062000	3450.448212
12.665896	370.084000	3450.653340
12.664295	370.106000	3450.858467
12.662694	370.128000	3451.063594
12.661092	370.150000	3451.268722
12.659491	370.172000	3451.473849
12.657889	370.194000	3451.678977
12.656288	370.216000	3451.884104
12.654686	370.238000	3452.089231
12.653084	370.260000	3452.294359
12.651481	370.282000	3452.499486
12.649879	370.304000	3452.704614
12.648276	370.326000	3452.909741
12.646673	370.348000	3453.114868
12.645070	370.370000	3453.319996
12.643467	370.392000	3453.525123
12.641864	370.414000	3453.730251
12.640260	370.436000	3453.935378
12.638657	370.458000	3454.140506
12.637053	370.480000	3454.345633
12.635449	370.502000	3454.550760
12.633845	370.524000	3454.755888
12.632241	370.546000	3454.961015
12.630636	370.568000	3455.166143
12.629031	370.590000	3455.371270
12.627427	370.612000	3455.576397
12.625822	370.634000	3455.781525
12.624216	370.656000	3455.986652
12.622611	370.678000	3456.191780
12.621006	370.700000	3456.396907
12.619400	370.722000	3456.602035
12.617794	370.744000	3456.807162
12.616188	370.766000	3457.012289
12.614582	370.788000	3457.217417
12.612975	370.810000	3457.422544
12.611369	370.832000	3457.627672
12.609762	370.854000	3457.832799
12.608155	370.876000	3458.037926
12.606548	370.898000	3458.243054
12.604941	370.920000	3458.448181
12.603334	370.942000	3458.653309
12.601726	370.964000	3458.858436
12.600118	370.986000	3459.063563
12.598511	371.008000	3459.268691
12.596902	371.030000	3459.473818
12.595294	371.052000	3459.678946
12.593686	371.074000	3459.884073
12.592077	371.096000	3460.089201
12.590468	371.118000	3460.294328
12.588860	371.140000	3460.499455
12.587250	371.162000	3460.704583
12.585641	371.184000	3460.909710
12.584032	371.206000	3461.114838
12.582422	371.228000	3461.319965
12.580812	371.250000	3461.525092
12.579202	371.272000	3461.730220
12.577592	371.294000	3461.935347
12.575982	371.316000	3462.140475
12.574372	371.338000	3462.345602
12.572761	371.360000	3462.550729
12.571150	371.382000	3462.755857
12.569539	371.404000	3462.960984
12.567928	371.426000	3463.166112
12.566317	371.448000	3463.371239
12.564705	371.470000	3463.576367
12.563093	371.492000	3463.781494
12.561482	371.514000	3463.986621
12.559870	371.536000	3464.191749
12.558257	371.558000	3464.396876
12.556645	371.580000	3464.602004
12.555032	371.602000	3464.807131
12.553420	371.624000	3465.012258
12.551807	371.646000	3465.217386
12.550194	371.668000	3465.422513
12.548581	371.690000	3465.627641
12.546967	371.712000	3465.832768
12.545354	371.734000	3466.037895
12.543740	371.756000	3466.243023
12.542126	371.778000	3466.448150
12.540512	371.800000	3466.653278
12.538898	371.822000	3466.858405
12.537283	371.844000	3467.063533
12.535669	371.866000	3467.268660
12.534054	371.888000	3467.473787
12.532439	371.910000	3467.678915
12.530824	371.932000	3467.884042
12.529208	371.954000	3468.089170
12.527593	371.976000	3468.294297
12.525977	371.998000	3468.499424
12.524362	372.020000	3468.704552
12.522746	372.042000	3468.909679
12.521129	372.064000	3469.114807
12.519513	372.086000	3469.319934
12.517897	372.108000	3469.525062
12.516280	372.130000	3469.730189
12.514663	372.152000	3469.935316
12.513046	372.174000	3470.140444
12.511429	372.196000	3470.345571
12.509811	372.218000	3470.550699
12.508194	372.240000	3470.755826
12.506576	372.262000	3470.960953
12.504958	372.284000	3471.166081
12.503340	372.306000	3471.371208
12.501722	372.328000	3471.576336
12.500103	372.350000	3471.781463
12.498485	372.372000	3471.986590
12.496866	372.394000	3472.191718
12.495247	372.416000	3472.396845
12.493628	372.438000	3472.601973
12.492009	372.460000	3472.807100
12.490389	372.482000	3473.012228
12.488769	372.504000	3473.217355
12.487150	372.526000	3473.422482
12.485530	372.548000	3473.627610
12.483909	372.570000	3473.832737
12.482289	372.592000	3474.037865
12.480669	372.614000	3474.242992
12.479048	372.636000	3474.448119
12.477427	372.658000	3474.653247
12.475806	372.680000	3474.858374
12.474185	372.702000	3475.063502
12.472563	372.724000	3475.268629
12.470942	372.746000	3475.473756
12.469320	372.768000	3475.678884
12.467698	372.790000	3475.884011
12.466076	372.812000	3476.089139
12.464454	372.834000	3476.294266
12.462831	372.856000	3476.499394
12.461209	372.878000	3476.704521
12.459586	372.900000	3476.909648
12.457963	372.922000	3477.114776
12.456340	372.944000	3477.319903
12.454716	372.966000	3477.525031
12.453093	372.988000	3477.730158
12.451469	373.010000	3477.935285
12.449845	373.032000	3478.140413
12.448221	373.054000	3478.345540
12.446597	373.076000	3478.550668
12.444973	373.098000	3478.755795
12.443348	373.120000	3478.960923
12.441723	373.142000	3479.166050
12.440098	373.164000	3479.371177
12.438473	373.186000	3479.576305
12.436848	373.208000	3479.781432
12.435223	373.230000	3479.986560
12.433597	373.252000	3480.191687
12.431971	373.274000	3480.396814
12.430345	373.296000	3480.601942
12.428719	373.318000	3480.807069
12.427093	373.340000	3481.012197
12.425466	373.362000	3481.217324
12.423839	373.384000	3481.422451
12.422213	373.406000	3481.627579
12.420585	373.428000	3481.832706
12.418958	373.450000	3482.037834
12.417331	373.472000	3482.242961
12.415703	373.494000	3482.448089
12.414076	373.516000	3482.653216
12.412448	373.538000	3482.858343
12.410819	373.560000	3483.063471
12.409191	373.582000	3483.268598
12.407563	373.604000	3483.473726
12.405934	373.626000	3483.678853
12.404305	373.648000	3483.883980
12.402676	373.670000	3484.089108
12.401047	373.692000	3484.294235
12.399418	373.714000	3484.499363
12.397788	373.736000	3484.704490
12.396158	373.758000	3484.909617
12.394529	373.780000	3485.114745
12.392899	373.802000	3485.319872
12.391268	373.824000	3485.525000
12.389638	373.846000	3485.730127
12.388007	373.868000	3485.935255
12.386376	373.890000	3486.140382
12.384745	373.912000	3486.345509
12.383114	373.934000	3486.550637
12.381483	373.956000	3486.755764
12.379852	373.978000	3486.960892
12.378220	374.000000	3487.166019
12.376588	374.022000	3487.371146
12.374956	374.044000	3487.576274
12.373324	374.066000	3487.781401
12.371691	374.088000	3487.986529
12.370059	374.110000	3488.191656
12.368426	374.132000	3488.396784
12.366793	374.154000	3488.601911
12.365160	374.176000	3488.807038
12.363527	374.198000	3489.012166
12.361893	374.220000	3489.217293
12.360260	374.242000	3489.422421
12.358626	374.264000	3489.627548
12.356992	374.286000	3489.832675
12.355358	374.308000	3490.037803
12.353723	374.330000	3490.242930
12.352089	374.352000	3490.448058
12.350454	374.374000	3490.653185
12.348819	374.396000	3490.858312
12.347184	374.418000	3491.063440
12.345549	374.440000	3491.268567
12.343913	374.462000	3491.473695
12.342278	374.484000	3491.678822
12.340642	374.506000	3491.883950
12.339006	374.528000	3492.089077
12.337370	374.550000	3492.294204
12.335733	374.572000	3492.499332
12.334097	374.594000	3492.704459
12.332460	374.616000	3492.909587
12.330823	374.638000	3493.114714
12.329186	374.660000	3493.319841
12.327549	374.682000	3493.524969
12.325911	374.704000	3493.730096
12.324274	374.726000	3493.935224
12.322636	374.748000	3494.140351
12.320998	374.770000	3494.345478
12.319360	374.792000	3494.550606
12.317721	374.814000	3494.755733
12.316083	374.836000	3494.960861
12.314444	374.858000	3495.165988
12.312805	374.880000	3495.371116
12.311166	374.902000	3495.576243
12.309527	374.924000	3495.781370
12.307888	374.946000	3495.986498
12.306248	374.968000	3496.191625
12.304608	374.990000	3496.396753
12.302968	375.012000	3496.601880
12.301328	375.034000	3496.807007
12.299688	375.056000	3497.012135
12.298047	375.078000	3497.217262
12.296407	375.100000	3497.422390
12.294766	375.122000	3497.627517
12.293125	375.144000	3497.832644
12.291483	375.166000	3498.037772
12.289842	375.188000	3498.242899
12.288200	375.210000	3498.448027
12.286559	375.232000	3498.653154
12.284917	375.254000	3498.858282
12.283274	375.276000	3499.063409
12.281632	375.298000	3499.268536
12.279990	375.320000	3499.473664
12.278347	375.342000	3499.678791
12.276704	375.364000	3499.883919
12.275061	375.386000	3500.089046
12.273418	375.408000	3500.294173
12.271774	375.430000	3500.499301
12.270131	375.452000	3500.704428
12.268487	375.474000	3500.909556
12.266843	375.496000	3501.114683
12.265199	375.518000	3501.319811
12.263554	375.540000	3501.524938
12.261910	375.562000	3501.730065
12.260265	375.584000	3501.935193
12.258620	375.606000	3502.140320
12.256975	375.628000	3502.345448
12.255330	375.650000	3502.550575
12.253684	375.672000	3502.755702
12.252039	375.694000	3502.960830
12.250393	375.716000	3503.165957
12.248747	375.738000	3503.371085
12.247101	375.760000	3503.576212
12.245454	375.782000	3503.781339
12.243808	375.804000	3503.986467
12.242161	375.826000	3504.191594
12.240514	375.848000	3504.396722
12.238867	375.870000	3504.601849
12.237220	375.892000	3504.806977
12.235572	375.914000	3505.012104
12.233924	375.936000	3505.217231
12.232277	375.958000	3505.422359
12.230629	375.980000	3505.627486
12.228980	376.002000	3505.832614
12.227332	376.024000	3506.037741
12.225683	376.046000	3506.242868
12.224035	376.068000	3506.447996
12.222386	376.090000	3506.653123
12.220737	376.112000	3506.858251
12.219087	376.134000	3507.063378
12.217438	376.156000	3507.268505
12.215788	376.178000	3507.473633
12.214138	376.200000	3507.678760
12.212488	376.222000	3507.883888
12.210838	376.244000	3508.089015
12.209187	376.266000	3508.294143
12.207537	376.288000	3508.499270
12.205886	376.310000	3508.704397
12.204235	376.332000	3508.909525
12.202584	376.354000	3509.114652
12.200932	376.376000	3509.319780
12.199281	376.398000	3509.524907
12.197629	376.420000	3509.730034
12.195977	376.442000	3509.935162
12.194325	376.464000	3510.140289
12.192673	376.486000	3510.345417
12.191020	376.508000	3510.550544
12.189368	376.530000	3510.755672
12.187715	376.552000	3510.960799
12.186062	376.574000	3511.165926
12.184409	376.596000	3511.371054
12.182755	376.618000	3511.576181
12.181102	376.640000	3511.781309
12.179448	376.662000	3511.986436
12.177794	376.684000	3512.191563
12.176140	376.706000	3512.396691
12.174485	376.728000	3512.601818
12.172831	376.750000	3512.806946
12.171176	376.772000	3513.012073
12.169521	376.794000	3513.217200
12.167866	376.816000	3513.422328
12.166211	376.838000	3513.627455
12.164555	376.860000	3513.832583
12.162900	376.882000	3514.037710
12.161244	376.904000	3514.242838
12.159588	376.926000	3514.447965
12.157932	376.948000	3514.653092
12.156275	376.970000	3514.858220
12.154619	376.992000	3515.063347
12.152962	377.014000	3515.268475
12.151305	377.036000	3515.473602
12.149648	377.058000	3515.678729
12.147990	377.080000	3515.883857
12.146333	377.102000	3516.088984
12.144675	377.124000	3516.294112
12.143017	377.146000	3516.499239
12.141359	377.168000	3516.704366
12.139701	377.190000	3516.909494
12.138042	377.212000	3517.114621
12.136384	377.234000	3517.319749
12.134725	377.256000	3517.524876
12.133066	377.278000	3517.730004
12.131407	377.300000	3517.935131
12.129747	377.322000	3518.140258
12.128088	377.344000	3518.345386
12.126428	377.366000	3518.550513
12.124768	377.388000	3518.755641
12.123108	377.410000	3518.960768
12.121447	377.432000	3519.165895
12.119787	377.454000	3519.371023
12.118126	377.476000	3519.576150
12.116465	377.498000	3519.781278
12.114804	377.520000	3519.986405
12.113143	377.542000	3520.191532
12.111481	377.564000	3520.396660
12.109820	377.586000	3520.601787
12.108158	377.608000	3520.806915
12.106496	377.630000	3521.012042
12.104833	377.652000	3521.217170
12.103171	377.674000	3521.422297
12.101508	377.696000	3521.627424
12.099846	377.718000	3521.832552
12.098183	377.740000	3522.037679
12.096519	377.762000	3522.242807
12.094856	377.784000	3522.447934
12.093192	377.806000	3522.653061
12.091529	377.828000	3522.858189
12.089865	377.850000	3523.063316
12.088201	377.872000	3523.268444
12.086536	377.894000	3523.473571
12.084872	377.916000	3523.678699
12.083207	377.938000	3523.883826
12.081542	377.960000	3524.088953
12.079877	377.982000	3524.294081
12.078212	378.004000	3524.499208
12.076546	378.026000	3524.704336
12.074881	378.048000	3524.909463
12.073215	378.070000	3525.114590
12.071549	378.092000	3525.319718
12.069882	378.114000	3525.524845
12.068216	378.136000	3525.729973
12.066549	378.158000	3525.935100
12.064883	378.180000	3526.140227
12.063216	378.202000	3526.345355
12.061548	378.224000	3526.550482
12.059881	378.246000	3526.755610
12.058213	378.268000	3526.960737
12.056546	378.290000	3527.165865
12.054878	378.312000	3527.370992
12.053210	378.334000	3527.576119
12.051541	378.356000	3527.781247
12.049873	378.378000	3527.986374
12.048204	378.400000	3528.191502
12.046535	378.422000	3528.396629
12.044866	378.444000	3528.601756
12.043197	378.466000	3528.806884
12.041527	378.488000	3529.012011
12.039857	378.510000	3529.217139
12.038188	378.532000	3529.422266
12.036517	378.554000	3529.627393
12.034847	378.576000	3529.832521
12.033177	378.598000	3530.037648
12.031506	378.620000	3530.242776
12.029835	378.642000	3530.447903
12.028164	378.664000	3530.653031
12.026493	378.686000	3530.858158
12.024822	378.708000	3531.063285
12.023150	378.730000	3531.268413
12.021478	378.752000	3531.473540
12.019806	378.774000	3531.678668
12.018134	378.796000	3531.883795
12.016462	378.818000	3532.088922
12.014789	378.840000	3532.294050
12.013116	378.862000	3532.499177
12.011443	378.884000	3532.704305
12.009770	378.906000	3532.909432
12.008097	378.928000	3533.114560
12.006423	378.950000	3533.319687
12.004749	378.972000	3533.524814
12.003075	378.994000	3533.729942
12.001401	379.016000	3533.935069
11.999727	379.038000	3534.140197
11.998053	379.060000	3534.345324
11.996378	379.082000	3534.550451
11.994703	379.104000	3534.755579
11.993028	379.126000	3534.960706
11.991353	379.148000	3535.165834
11.989677	379.170000	3535.370961
11.988001	379.192000	3535.576088
11.986325	379.214000	3535.781216
11.984649	379.236000	3535.986343
11.982973	379.258000	3536.191471
11.981297	379.280000	3536.396598
11.979620	379.302000	3536.601726
11.977943	379.324000	3536.806853
11.976266	379.346000	3537.011980
11.974589	379.368000	3537.217108
11.972911	379.390000	3537.422235
11.971234	379.412000	3537.627363
11.969556	379.434000	3537.832490
11.967878	379.456000	3538.037617
11.966200	379.478000	3538.242745
11.964521	379.500000	3538.447872
11.962843	379.522000	3538.653000
11.961164	379.544000	3538.858127
11.959485	379.566000	3539.063254
11.957806	379.588000	3539.268382
11.956126	379.610000	3539.473509
11.954447	379.632000	3539.678637
11.952767	379.654000	3539.883764
11.951087	379.676000	3540.088892
11.949407	379.698000	3540.294019
11.947727	379.720000	3540.499146
11.946046	379.742000	3540.704274
11.944365	379.764000	3540.909401
11.942684	379.786000	3541.114529
11.941003	379.808000	3541.319656
11.939322	379.830000	3541.524783
11.937640	379.852000	3541.729911
11.935959	379.874000	3541.935038
11.934277	379.896000	3542.140166
11.932594	379.918000	3542.345293
11.930912	379.940000	3542.550421
11.929230	379.962000	3542.755548
11.927547	379.984000	3542.960675
11.925864	380.006000	3543.165803
11.924181	380.028000	3543.370930
11.922498	380.050000	3543.576058
11.920814	380.072000	3543.781185
11.919130	380.094000	3543.986312
11.917446	380.116000	3544.191440
11.915762	380.138000	3544.396567
11.914078	380.160000	3544.601695
11.912393	380.182000	3544.806822
11.910709	380.204000	3545.011949
11.909024	380.226000	3545.217077
11.907339	380.248000	3545.422204
11.905654	380.270000	3545.627332
11.903968	380.292000	3545.832459
11.902282	380.314000	3546.037587
11.900596	380.336000	3546.242714
11.898910	380.358000	3546.447841
11.897224	380.380000	3546.652969
11.895538	380.402000	3546.858096
11.893851	380.424000	3547.063224
11.892164	380.446000	3547.268351
11.890477	380.468000	3547.473478
11.888790	380.490000	3547.678606
11.887102	380.512000	3547.883733
11.885415	380.534000	3548.088861
11.883727	380.556000	3548.293988
11.882039	380.578000	3548.499115
11.880350	380.600000	3548.704243
11.878662	380.622000	3548.909370
11.876973	380.644000	3549.114498
11.875284	380.666000	3549.319625
11.873595	380.688000	3549.524753
11.871906	380.710000	3549.729880
11.870217	380.732000	3549.935007
11.868527	380.754000	3550.140135
11.866837	380.776000	3550.345262
11.865147	380.798000	3550.550390
11.863457	380.820000	3550.755517
11.861766	380.842000	3550.960644
11.860076	380.864000	3551.165772
11.858385	380.886000	3551.370899
11.856694	380.908000	3551.576027
11.855002	380.930000	3551.781154
11.853311	380.952000	3551.986281
11.851619	380.974000	3552.191409
11.849928	380.996000	3552.396536
11.848235	381.018000	3552.601664
11.846543	381.040000	3552.806791
11.844851	381.062000	3553.011919
11.843158	381.084000	3553.217046
11.841465	381.106000	3553.422173
11.839772	381.128000	3553.627301
11.838079	381.150000	3553.832428
11.836385	381.172000	3554.037556
11.834692	381.194000	3554.242683
11.832998	381.216000	3554.447810
11.831304	381.238000	3554.652938
11.829610	381.260000	3554.858065
11.827915	381.282000	3555.063193
11.826220	381.304000	3555.268320
11.824526	381.326000	3555.473448
11.822830	381.348000	3555.678575
11.821135	381.370000	3555.883702
11.819440	381.392000	3556.088830
11.817744	381.414000	3556.293957
11.816048	381.436000	3556.499085
11.814352	381.458000	3556.704212
11.812656	381.480000	3556.909339
11.810959	381.502000	3557.114467
11.809263	381.524000	3557.319594
11.807566	381.546000	3557.524722
11.805869	381.568000	3557.729849
11.804171	381.590000	3557.934976
11.802474	381.612000	3558.140104
11.800776	381.634000	3558.345231
11.799078	381.656000	3558.550359
11.797380	381.678000	3558.755486
11.795682	381.700000	3558.960614
11.793983	381.722000	3559.165741
11.792285	381.744000	3559.370868
11.790586	381.766000	3559.575996
11.788887	381.788000	3559.781123
11.787187	381.810000	3559.986251
11.785488	381.832000	3560.191378
11.783788	381.854000	3560.396505
11.782088	381.876000	3560.601633
11.780388	381.898000	3560.806760
11.778688	381.920000	3561.011888
11.776987	381.942000	3561.217015
11.775286	381.964000	3561.422142
11.773585	381.986000	3561.627270
11.771884	382.008000	3561.832397
11.770183	382.030000	3562.037525
11.768481	382.052000	3562.242652
11.766780	382.074000	3562.447780
11.765078	382.096000	3562.652907
11.763375	382.118000	3562.858034
11.761673	382.140000	3563.063162
11.759971	382.162000	3563.268289
11.758268	382.184000	3563.473417
11.756565	382.206000	3563.678544
11.754862	382.228000	3563.883671
11.753158	382.250000	3564.088799
11.751455	382.272000	3564.293926
11.749751	382.294000	3564.499054
11.748047	382.316000	3564.704181
11.746343	382.338000	3564.909309
11.744638	382.360000	3565.114436
11.742934	382.382000	3565.319563
11.741229	382.404000	3565.524691
11.739524	382.426000	3565.729818
11.737818	382.448000	3565.934946
11.736113	382.470000	3566.140073
11.734407	382.492000	3566.345200
11.732701	382.514000	3566.550328
11.730995	382.536000	3566.755455
11.729289	382.558000	3566.960583
11.727583	382.580000	3567.165710
11.725876	382.602000	3567.370837
11.724169	382.624000	3567.575965
11.722462	382.646000	3567.781092
11.720755	382.668000	3567.986220
11.719047	382.690000	3568.191347
11.717340	382.712000	3568.396475
11.715632	382.734000	3568.601602
11.713923	382.756000	3568.806729
11.712215	382.778000	3569.011857
11.710507	382.800000	3569.216984
11.708798	382.822000	3569.422112
11.707089	382.844000	3569.627239
11.705380	382.866000	3569.832366
11.703670	382.888000	3570.037494
11.701961	382.910000	3570.242621
11.700251	382.932000	3570.447749
11.698541	382.954000	3570.652876
11.696831	382.976000	3570.858003
11.695121	382.998000	3571.063131
11.693410	383.020000	3571.268258
11.691699	383.042000	3571.473386
11.689988	383.064000	3571.678513
11.688277	383.086000	3571.883641
11.686565	383.108000	3572.088768
11.684854	383.130000	3572.293895
11.683142	383.152000	3572.499023
11.681430	383.174000	3572.704150
11.679718	383.196000	3572.909278
11.678005	383.218000	3573.114405
11.676292	383.240000	3573.319532
11.674580	383.262000	3573.524660
11.672866	383.284000	3573.729787
11.671153	383.306000	3573.934915
11.669440	383.328000	3574.140042
11.667726	383.350000	3574.345170
11.666012	383.372000	3574.550297
11.664298	383.394000	3574.755424
11.662584	383.416000	3574.960552
11.660869	383.438000	3575.165679
11.659154	383.460000	3575.370807
11.657439	383.482000	3575.575934
11.655724	383.504000	3575.781061
11.654009	383.526000	3575.986189
11.652293	383.548000	3576.191316
11.650577	383.570000	3576.396444
11.648861	383.592000	3576.601571
11.647145	383.614000	3576.806698
11.645429	383.636000	3577.011826
11.643712	383.658000	3577.216953
11.641995	383.680000	3577.422081
11.640278	383.702000	3577.627208
11.638561	383.724000	3577.832336
11.636843	383.746000	3578.037463
11.635126	383.768000	3578.242590
11.633408	383.790000	3578.447718
11.631690	383.812000	3578.652845
11.629971	383.834000	3578.857973
11.628253	383.856000	3579.063100
11.626534	383.878000	3579.268227
11.624815	383.900000	3579.473355
11.623096	383.922000	3579.678482
11.621376	383.944000	3579.883610
11.619657	383.966000	3580.088737
11.617937	383.988000	3580.293864
11.616217	384.010000	3580.498992
11.614497	384.032000	3580.704119
11.612776	384.054000	3580.909247
11.611056	384.076000	3581.114374
11.609335	384.098000	3581.319502
11.607614	384.120000	3581.524629
11.605893	384.142000	3581.729756
11.604171	384.164000	3581.934884
11.602449	384.186000	3582.140011
11.600727	384.208000	3582.345139
11.599005	384.230000	3582.550266
11.597283	384.252000	3582.755393
11.595560	384.274000	3582.960521
11.593838	384.296000	3583.165648
11.592115	384.318000	3583.370776
11.590392	384.340000	3583.575903
11.588668	384.362000	3583.781030
11.586945	384.384000	3583.986158
11.585221	384.406000	3584.191285
11.583497	384.428000	3584.396413
11.581772	384.450000	3584.601540
11.580048	384.472000	3584.806668
11.578323	384.494000	3585.011795
11.576598	384.516000	3585.216922
11.574873	384.538000	3585.422050
11.573148	384.560000	3585.627177
11.571423	384.582000	3585.832305
11.569697	384.604000	3586.037432
11.567971	384.626000	3586.242559
11.566245	384.648000	3586.447687
11.564518	384.670000	3586.652814
11.562792	384.692000	3586.857942
11.561065	384.714000	3587.063069
11.559338	384.736000	3587.268197
11.557611	384.758000	3587.473324
11.555883	384.780000	3587.678451
11.554156	384.802000	3587.883579
11.552428	384.824000	3588.088706
11.550700	384.846000	3588.293834
11.548971	384.868000	3588.498961
11.547243	384.890000	3588.704088
11.545514	384.912000	3588.909216
11.543785	384.934000	3589.114343
11.542056	384.956000	3589.319471
11.540327	384.978000	3589.524598
11.538597	385.000000	3589.729725
11.536867	385.022000	3589.934853
11.535137	385.044000	3590.139980
11.533407	385.066000	3590.345108
11.531677	385.088000	3590.550235
11.529946	385.110000	3590.755363
11.528215	385.132000	3590.960490
11.526484	385.154000	3591.165617
11.524753	385.176000	3591.370745
11.523021	385.198000	3591.575872
11.521290	385.220000	3591.781000
11.519558	385.242000	3591.986127
11.517825	385.264000	3592.191254
11.516093	385.286000	3592.396382
11.514360	385.308000	3592.601509
11.512628	385.330000	3592.806637
11.510895	385.352000	3593.011764
11.509161	385.374000	3593.216891
11.507428	385.396000	3593.422019
11.505694	385.418000	3593.627146
11.503960	385.440000	3593.832274
11.502226	385.462000	3594.037401
11.500492	385.484000	3594.242529
11.498757	385.506000	3594.447656
11.497023	385.528000	3594.652783
11.495288	385.550000	3594.857911
11.493553	385.572000	3595.063038
11.491817	385.594000	3595.268166
11.490082	385.616000	3595.473293
11.488346	385.638000	3595.678420
11.486610	385.660000	3595.883548
11.484873	385.682000	3596.088675
11.483137	385.704000	3596.293803
11.481400	385.726000	3596.498930
11.479663	385.748000	3596.704058
11.477926	385.770000	3596.909185
11.476189	385.792000	3597.114312
11.474451	385.814000	3597.319440
11.472713	385.836000	3597.524567
11.470975	385.858000	3597.729695
11.469237	385.880000	3597.934822
11.467499	385.902000	3598.139949
11.465760	385.924000	3598.345077
11.464021	385.946000	3598.550204
11.462282	385.968000	3598.755332
11.460543	385.990000	3598.960459
11.458803	386.012000	3599.165586
11.457063	386.034000	3599.370714
11.455323	386.056000	3599.575841
11.453583	386.078000	3599.780969
11.451843	386.100000	3599.986096
11.450102	386.122000	3600.191224
11.448361	386.144000	3600.396351
11.446620	386.166000	3600.601478
11.444879	386.188000	3600.806606
11.443138	386.210000	3601.011733
11.441396	386.232000	3601.216861
11.439654	386.254000	3601.421988
11.437912	386.276000	3601.627115
11.436169	386.298000	3601.832243
11.434427	386.320000	3602.037370
11.432684	386.342000	3602.242498
11.430941	386.364000	3602.447625
11.429198	386.386000	3602.652752
11.427454	386.408000	3602.857880
11.425710	386.430000	3603.063007
11.423967	386.452000	3603.268135
11.422222	386.474000	3603.473262
11.420478	386.496000	3603.678390
11.418733	386.518000	3603.883517
11.416989	386.540000	3604.088644
11.415244	386.562000	3604.293772
11.413498	386.584000	3604.498899
11.411753	386.606000	3604.704027
11.410007	386.628000	3604.909154
11.408261	386.650000	3605.114281
11.406515	386.672000	3605.319409
11.404769	386.694000	3605.524536
11.403022	386.716000	3605.729664
11.401275	386.738000	3605.934791
11.399528	386.760000	3606.139918
11.397781	386.782000	3606.345046
11.396034	386.804000	3606.550173
11.394286	386.826000	3606.755301
11.392538	386.848000	3606.960428
11.390790	386.870000	3607.165556
11.389042	386.892000	3607.370683
11.387293	386.914000	3607.575810
11.385544	386.936000	3607.780938
11.383795	386.958000	3607.986065
11.382046	386.980000	3608.191193
11.380297	387.002000	3608.396320
11.378547	387.024000	3608.601447
11.376797	387.046000	3608.806575
11.375047	387.068000	3609.011702
11.373297	387.090000	3609.216830
11.371546	387.112000	3609.421957
11.369795	387.134000	3609.627085
11.368044	387.156000	3609.832212
11.366293	387.178000	3610.037339
11.364542	387.200000	3610.242467
11.362790	387.222000	3610.447594
11.361038	387.244000	3610.652722
11.359286	387.266000	3610.857849
11.357534	387.288000	3611.062976
11.355781	387.310000	3611.268104
11.354028	387.332000	3611.473231
11.352275	387.354000	3611.678359
11.350522	387.376000	3611.883486
11.348768	387.398000	3612.088613
11.347015	387.420000	3612.293741
11.345261	387.442000	3612.498868
11.343507	387.464000	3612.703996
11.341752	387.486000	3612.909123
11.339998	387.508000	3613.114251
11.338243	387.530000	3613.319378
11.336488	387.552000	3613.524505
11.334733	387.574000	3613.729633
11.332977	387.596000	3613.934760
11.331222	387.618000	3614.139888
11.329466	387.640000	3614.345015
11.327709	387.662000	3614.550142
11.325953	387.684000	3614.755270
11.324196	387.706000	3614.960397
11.322440	387.728000	3615.165525
11.320683	387.750000	3615.370652
11.318925	387.772000	3615.575779
11.317168	387.794000	3615.780907
11.315410	387.816000	3615.986034
11.313652	387.838000	3616.191162
11.311894	387.860000	3616.396289
11.310135	387.882000	3616.601417
11.308377	387.904000	3616.806544
11.306618	387.926000	3617.011671
11.304859	387.948000	3617.216799
11.303100	387.970000	3617.421926
11.301340	387.992000	3617.627054
11.299580	388.014000	3617.832181
11.297820	388.036000	3618.037308
11.296060	388.058000	3618.242436
11.294300	388.080000	3618.447563
11.292539	388.102000	3618.652691
11.290778	388.124000	3618.857818
11.289017	388.146000	3619.062946
11.287255	388.168000	3619.268073
11.285494	388.190000	3619.473200
11.283732	388.212000	3619.678328
11.281970	388.234000	3619.883455
11.280208	388.256000	3620.088583
11.278445	388.278000	3620.293710
11.276683	388.300000	3620.498837
11.274920	388.322000	3620.703965
11.273156	388.344000	3620.909092
11.271393	388.366000	3621.114220
11.269629	388.388000	3621.319347
11.267866	388.410000	3621.524474
11.266101	388.432000	3621.729602
11.264337	388.454000	3621.934729
11.262573	388.476000	3622.139857
11.260808	388.498000	3622.344984
11.259043	388.520000	3622.550112
11.257278	388.542000	3622.755239
11.255512	388.564000	3622.960366
11.253746	388.586000	3623.165494
11.251980	388.608000	3623.370621
11.250214	388.630000	3623.575749
11.248448	388.652000	3623.780876
11.246681	388.674000	3623.986003
11.244915	388.696000	3624.191131
11.243147	388.718000	3624.396258
11.241380	388.740000	3624.601386
11.239613	388.762000	3624.806513
11.237845	388.784000	3625.011640
11.236077	388.806000	3625.216768
11.234309	388.828000	3625.421895
11.232540	388.850000	3625.627023
11.230772	388.872000	3625.832150
11.229003	388.894000	3626.037278
11.227234	388.916000	3626.242405
11.225464	388.938000	3626.447532
11.223695	388.960000	3626.652660
11.221925	388.982000	3626.857787
11.220155	389.004000	3627.062915
11.218384	389.026000	3627.268042
11.216614	389.048000	3627.473169
11.214843	389.070000	3627.678297
11.213072	389.092000	3627.883424
11.211301	389.114000	3628.088552
11.209530	389.136000	3628.293679
11.207758	389.158000	3628.498807
11.205986	389.180000	3628.703934
11.204214	389.202000	3628.909061
11.202442	389.224000	3629.114189
11.200669	389.246000	3629.319316
11.198896	389.268000	3629.524444
11.197123	389.290000	3629.729571
11.195350	389.312000	3629.934698
11.193576	389.334000	3630.139826
11.191802	389.356000	3630.344953
11.190028	389.378000	3630.550081
11.188254	389.400000	3630.755208
11.186480	389.422000	3630.960335
11.184705	389.444000	3631.165463
11.182930	389.466000	3631.370590
11.181155	389.488000	3631.575718
11.179380	389.510000	3631.780845
11.177604	389.532000	3631.985973
11.175828	389.554000	3632.191100
11.174052	389.576000	3632.396227
11.172276	389.598000	3632.601355
11.170499	389.620000	3632.806482
11.168723	389.642000	3633.011610
11.166946	389.664000	3633.216737
11.165168	389.686000	3633.421864
11.163391	389.708000	3633.626992
11.161613	389.730000	3633.832119
11.159835	389.752000	3634.037247
11.158057	389.774000	3634.242374
11.156279	389.796000	3634.447501
11.154500	389.818000	3634.652629
11.152721	389.840000	3634.857756
11.150942	389.862000	3635.062884
11.149163	389.884000	3635.268011
11.147383	389.906000	3635.473139
11.145603	389.928000	3635.678266
11.143823	389.950000	3635.883393
11.142043	389.972000	3636.088521
11.140262	389.994000	3636.293648
11.138482	390.016000	3636.498776
11.136701	390.038000	3636.703903
11.134919	390.060000	3636.909030
11.133138	390.082000	3637.114158
11.131356	390.104000	3637.319285
11.129574	390.126000	3637.524413
11.127792	390.148000	3637.729540
11.126010	390.170000	3637.934667
11.124227	390.192000	3638.139795
11.122444	390.214000	3638.344922
11.120661	390.236000	3638.550050
11.118878	390.258000	3638.755177
11.117094	390.280000	3638.960305
11.115310	390.302000	3639.165432
11.113526	390.324000	3639.370559
11.111742	390.346000	3639.575687
11.109957	390.368000	3639.780814
11.108173	390.390000	3639.985942
11.106388	390.412000	3640.191069
11.104602	390.434000	3640.396196
11.102817	390.456000	3640.601324
11.101031	390.478000	3640.806451
11.099245	390.500000	3641.011579
11.097459	390.522000	3641.216706
11.095673	390.544000	3641.421834
11.093886	390.566000	3641.626961
11.092099	390.588000	3641.832088
11.090312	390.610000	3642.037216
11.088525	390.632000	3642.242343
11.086737	390.654000	3642.447471
11.084949	390.676000	3642.652598
11.083161	390.698000	3642.857725
11.081373	390.720000	3643.062853
11.079584	390.742000	3643.267980
11.077795	390.764000	3643.473108
11.076006	390.786000	3643.678235
11.074217	390.808000	3643.883362
11.072427	390.830000	3644.088490
11.070638	390.852000	3644.293617
11.068848	390.874000	3644.498745
11.067057	390.896000	3644.703872
11.065267	390.918000	3644.909000
11.063476	390.940000	3645.114127
11.061685	390.962000	3645.319254
11.059894	390.984000	3645.524382
11.058103	391.006000	3645.729509
11.056311	391.028000	3645.934637
11.054519	391.050000	3646.139764
11.052727	391.072000	3646.344891
11.050935	391.094000	3646.550019
11.049142	391.116000	3646.755146
11.047349	391.138000	3646.960274
11.045556	391.160000	3647.165401
11.043763	391.182000	3647.370528
11.041969	391.204000	3647.575656
11.040175	391.226000	3647.780783
11.038381	391.248000	3647.985911
11.036587	391.270000	3648.191038
11.034792	391.292000	3648.396166
11.032998	391.314000	3648.601293
11.031202	391.336000	3648.806420
11.029407	391.358000	3649.011548
11.027612	391.380000	3649.216675
11.025816	391.402000	3649.421803
11.024020	391.424000	3649.626930
11.022224	391.446000	3649.832057
11.020427	391.468000	3650.037185
11.018631	391.490000	3650.242312
11.016834	391.512000	3650.447440
11.015036	391.534000	3650.652567
11.013239	391.556000	3650.857695
11.011441	391.578000	3651.062822
11.009643	391.600000	3651.267949
11.007845	391.622000	3651.473077
11.006047	391.644000	3651.678204
11.004248	391.666000	3651.883332
11.002449	391.688000	3652.088459
11.000650	391.710000	3652.293586
10.998851	391.732000	3652.498714
10.997051	391.754000	3652.703841
10.995251	391.776000	3652.908969
10.993451	391.798000	3653.114096
10.991651	391.820000	3653.319223
10.989850	391.842000	3653.524351
10.988049	391.864000	3653.729478
10.986248	391.886000	3653.934606
10.984447	391.908000	3654.139733
10.982645	391.930000	3654.344861
10.980843	391.952000	3654.549988
10.979041	391.974000	3654.755115
10.977239	391.996000	3654.960243
10.975437	392.018000	3655.165370
10.973634	392.040000	3655.370498
10.971831	392.062000	3655.575625
10.970027	392.084000	3655.780752
10.968224	392.106000	3655.985880
10.966420	392.128000	3656.191007
10.964616	392.150000	3656.396135
10.962812	392.172000	3656.601262
10.961007	392.194000	3656.806389
10.959203	392.216000	3657.011517
10.957398	392.238000	3657.216644
10.955592	392.260000	3657.421772
10.953787	392.282000	3657.626899
10.951981	392.304000	3657.832027
10.950175	392.326000	3658.037154
10.948369	392.348000	3658.242281
10.946563	392.370000	3658.447409
10.944756	392.392000	3658.652536
10.942949	392.414000	3658.857664
10.941142	392.436000	3659.062791
10.939334	392.458000	3659.267918
10.937526	392.480000	3659.473046
10.935719	392.502000	3659.678173
10.933910	392.524000	3659.883301
10.932102	392.546000	3660.088428
10.930293	392.568000	3660.293555
10.928484	392.590000	3660.498683
10.926675	392.612000	3660.703810
10.924866	392.634000	3660.908938
10.923056	392.656000	3661.114065
10.921246	392.678000	3661.319193
10.919436	392.700000	3661.524320
10.917626	392.722000	3661.729447
10.915815	392.744000	3661.934575
10.914004	392.766000	3662.139702
10.912193	392.788000	3662.344830
10.910381	392.810000	3662.549957
10.908570	392.832000	3662.755084
10.906758	392.854000	3662.960212
10.904946	392.876000	3663.165339
10.903133	392.898000	3663.370467
10.901321	392.920000	3663.575594
10.899508	392.942000	3663.780722
10.897695	392.964000	3663.985849
10.895881	392.986000	3664.190976
10.894068	393.008000	3664.396104
10.892254	393.030000	3664.601231
10.890440	393.052000	3664.806359
10.888625	393.074000	3665.011486
10.886811	393.096000	3665.216613
10.884996	393.118000	3665.421741
10.883181	393.140000	3665.626868
10.881365	393.162000	3665.831996
10.879550	393.184000	3666.037123
10.877734	393.206000	3666.242250
10.875918	393.228000	3666.447378
10.874101	393.250000	3666.652505
10.872285	393.272000	3666.857633
10.870468	393.294000	3667.062760
10.868651	393.316000	3667.267888
10.866833	393.338000	3667.473015
10.865016	393.360000	3667.678142
10.863198	393.382000	3667.883270
10.861380	393.404000	3668.088397
10.859561	393.426000	3668.293525
10.857743	393.448000	3668.498652
10.855924	393.470000	3668.703779
10.854105	393.492000	3668.908907
10.852285	393.514000	3669.114034
10.850466	393.536000	3669.319162
10.848646	393.558000	3669.524289
10.846826	393.580000	3669.729416
10.845005	393.602000	3669.934544
10.843185	393.624000	3670.139671
10.841364	393.646000	3670.344799
10.839543	393.668000	3670.549926
10.837721	393.690000	3670.755054
10.835900	393.712000	3670.960181
10.834078	393.734000	3671.165308
10.832255	393.756000	3671.370436
10.830433	393.778000	3671.575563
10.828610	393.800000	3671.780691
10.826788	393.822000	3671.985818
10.824964	393.844000	3672.190945
10.823141	393.866000	3672.396073
10.821317	393.888000	3672.601200
10.819493	393.910000	3672.806328
10.817669	393.932000	3673.011455
10.815845	393.954000	3673.216583
10.814020	393.976000	3673.421710
10.812195	393.998000	3673.626837
10.810370	394.020000	3673.831965
10.808544	394.042000	3674.037092
10.806719	394.064000	3674.242220
10.804893	394.086000	3674.447347
10.803067	394.108000	3674.652474
10.801240	394.130000	3674.857602
10.799413	394.152000	3675.062729
10.797587	394.174000	3675.267857
10.795759	394.196000	3675.472984
10.793932	394.218000	3675.678111
10.792104	394.240000	3675.883239
10.790276	394.262000	3676.088366
10.788448	394.284000	3676.293494
10.786619	394.306000	3676.498621
10.784791	394.328000	3676.703749
10.782962	394.350000	3676.908876
10.781132	394.372000	3677.114003
10.779303	394.394000	3677.319131
10.777473	394.416000	3677.524258
10.775643	394.438000	3677.729386
10.773813	394.460000	3677.934513
10.771982	394.482000	3678.139640
10.770151	394.504000	3678.344768
10.768320	394.526000	3678.549895
10.766489	394.548000	3678.755023
10.764657	394.570000	3678.960150
10.762826	394.592000	3679.165277
10.760994	394.614000	3679.370405
10.759161	394.636000	3679.575532
10.757329	394.658000	3679.780660
10.755496	394.680000	3679.985787
10.753663	394.702000	3680.190915
10.751829	394.724000	3680.396042
10.749996	394.746000	3680.601169
10.748162	394.768000	3680.806297
10.746328	394.790000	3681.011424
10.744493	394.812000	3681.216552
10.742659	394.834000	3681.421679
10.740824	394.856000	3681.626806
10.738989	394.878000	3681.831934
10.737153	394.900000	3682.037061
10.735317	394.922000	3682.242189
10.733481	394.944000	3682.447316
10.731645	394.966000	3682.652444
10.729809	394.988000	3682.857571
10.727972	395.010000	3683.062698
10.726135	395.032000	3683.267826
10.724298	395.054000	3683.472953
10.722460	395.076000	3683.678081
10.720623	395.098000	3683.883208
10.718785	395.120000	3684.088335
10.716946	395.142000	3684.293463
10.715108	395.164000	3684.498590
10.713269	395.186000	3684.703718
10.711430	395.208000	3684.908845
10.709591	395.230000	3685.113972
10.707751	395.252000	3685.319100
10.705911	395.274000	3685.524227
10.704071	395.296000	3685.729355
10.702231	395.318000	3685.934482
10.700390	395.340000	3686.139610
10.698549	395.362000	3686.344737
10.696708	395.384000	3686.549864
10.694867	395.406000	3686.754992
10.693025	395.428000	3686.960119
10.691183	395.450000	3687.165247
10.689341	395.472000	3687.370374
10.687499	395.494000	3687.575501
10.685656	395.516000	3687.780629
10.683813	395.538000	3687.985756
10.681970	395.560000	3688.190884
10.680126	395.582000	3688.396011
10.678283	395.604000	3688.601138
10.676439	395.626000	3688.806266
10.674594	395.648000	3689.011393
10.672750	395.670000	3689.216521
10.670905	395.692000	3689.421648
10.669060	395.714000	3689.626776
10.667215	395.736000	3689.831903
10.665369	395.758000	3690.037030
10.663523	395.780000	3690.242158
10.661677	395.802000	3690.447285
10.659831	395.824000	3690.652413
10.657984	395.846000	3690.857540
10.656137	395.868000	3691.062667
10.654290	395.890000	3691.267795
10.652443	395.912000	3691.472922
10.650595	395.934000	3691.678050
10.648747	395.956000	3691.883177
10.646899	395.978000	3692.088304
10.645050	396.000000	3692.293432
10.643201	396.022000	3692.498559
10.641352	396.044000	3692.703687
10.639503	396.066000	3692.908814
10.637654	396.088000	3693.113942
10.635804	396.110000	3693.319069
10.633954	396.132000	3693.524196
10.632103	396.154000	3693.729324
10.630253	396.176000	3693.934451
10.628402	396.198000	3694.139579
10.626551	396.220000	3694.344706
10.624699	396.242000	3694.549833
10.622848	396.264000	3694.754961
10.620996	396.286000	3694.960088
10.619144	396.308000	3695.165216
10.617291	396.330000	3695.370343
10.615439	396.352000	3695.575471
10.613586	396.374000	3695.780598
10.611732	396.396000	3695.985725
10.609879	396.418000	3696.190853
10.608025	396.440000	3696.395980
10.606171	396.462000	3696.601108
10.604317	396.484000	3696.806235
10.602462	396.506000	3697.011362
10.600607	396.528000	3697.216490
10.598752	396.550000	3697.421617
10.596897	396.572000	3697.626745
10.595041	396.594000	3697.831872
10.593185	396.616000	3698.036999
10.591329	396.638000	3698.242127
10.589473	396.660000	3698.447254
10.587616	396.682000	3698.652382
10.585759	396.704000	3698.857509
10.583902	396.726000	3699.062637
10.582044	396.748000	3699.267764
10.580186	396.770000	3699.472891
10.578328	396.792000	3699.678019
10.576470	396.814000	3699.883146
10.574611	396.836000	3700.088274
10.572752	396.858000	3700.293401
10.570893	396.880000	3700.498528
10.569034	396.902000	3700.703656
10.567174	396.924000	3700.908783
10.565314	396.946000	3701.113911
10.563454	396.968000	3701.319038
10.561594	396.990000	3701.524165
10.559733	397.012000	3701.729293
10.557872	397.034000	3701.934420
10.556011	397.056000	3702.139548
10.554149	397.078000	3702.344675
10.552287	397.100000	3702.549803
10.550425	397.122000	3702.754930
10.548563	397.144000	3702.960057
10.546700	397.166000	3703.165185
10.544837	397.188000	3703.370312
10.542974	397.210000	3703.575440
10.541111	397.232000	3703.780567
10.539247	397.254000	3703.985694
10.537383	397.276000	3704.190822
10.535519	397.298000	3704.395949
10.533654	397.320000	3704.601077
10.531789	397.342000	3704.806204
10.529924	397.364000	3705.011332
10.528059	397.386000	3705.216459
10.526193	397.408000	3705.421586
10.524327	397.430000	3705.626714
10.522461	397.452000	3705.831841
10.520595	397.474000	3706.036969
10.518728	397.496000	3706.242096
10.516861	397.518000	3706.447223
10.514994	397.540000	3706.652351
10.513126	397.562000	3706.857478
10.511259	397.584000	3707.062606
10.509390	397.606000	3707.267733
10.507522	397.628000	3707.472860
10.505654	397.650000	3707.677988
10.503785	397.672000	3707.883115
10.501915	397.694000	3708.088243
10.500046	397.716000	3708.293370
10.498176	397.738000	3708.498498
10.496306	397.760000	3708.703625
10.494436	397.782000	3708.908752
10.492566	397.804000	3709.113880
10.490695	397.826000	3709.319007
10.488824	397.848000	3709.524135
10.486952	397.870000	3709.729262
10.485081	397.892000	3709.934389
10.483209	397.914000	3710.139517
10.481337	397.936000	3710.344644
10.479464	397.958000	3710.549772
10.477592	397.980000	3710.754899
10.475719	398.002000	3710.960026
10.473845	398.024000	3711.165154
10.471972	398.046000	3711.370281
10.470098	398.068000	3711.575409
10.468224	398.090000	3711.780536
10.466349	398.112000	3711.985664
10.464475	398.134000	3712.190791
10.462600	398.156000	3712.395918
10.460725	398.178000	3712.601046
10.458849	398.200000	3712.806173
10.456973	398.222000	3713.011301
10.455097	398.244000	3713.216428
10.453221	398.266000	3713.421555
10.451345	398.288000	3713.626683
10.449468	398.310000	3713.831810
10.447591	398.332000	3714.036938
10.445713	398.354000	3714.242065
10.443835	398.376000	3714.447192
10.441957	398.398000	3714.652320
10.440079	398.420000	3714.857447
10.438201	398.442000	3715.062575
10.436322	398.464000	3715.267702
10.434443	398.486000	3715.472830
10.432563	398.508000	3715.677957
10.430684	398.530000	3715.883084
10.428804	398.552000	3716.088212
10.426924	398.574000	3716.293339
10.425043	398.596000	3716.498467
10.423162	398.618000	3716.703594
10.421281	398.640000	3716.908721
10.419400	398.662000	3717.113849
10.417519	398.684000	3717.318976
10.415637	398.706000	3717.524104
10.413755	398.728000	3717.729231
10.411872	398.750000	3717.934359
10.409989	398.772000	3718.139486
10.408106	398.794000	3718.344613
10.406223	398.816000	3718.549741
10.404340	398.838000	3718.754868
10.402456	398.860000	3718.959996
10.400572	398.882000	3719.165123
10.398687	398.904000	3719.370250
10.396803	398.926000	3719.575378
10.394918	398.948000	3719.780505
10.393033	398.970000	3719.985633
10.391147	398.992000	3720.190760
10.389261	399.014000	3720.395887
10.387375	399.036000	3720.601015
10.385489	399.058000	3720.806142
10.383602	399.080000	3721.011270
10.381715	399.102000	3721.216397
10.379828	399.124000	3721.421525
10.377941	399.146000	3721.626652
10.376053	399.168000	3721.831779
10.374165	399.190000	3722.036907
10.372277	399.212000	3722.242034
10.370388	399.234000	3722.447162
10.368499	399.256000	3722.652289
10.366610	399.278000	3722.857416
10.364721	399.300000	3723.062544
10.362831	399.322000	3723.267671
10.360941	399.344000	3723.472799
10.359050	399.366000	3723.677926
10.357160	399.388000	3723.883053
10.355269	399.410000	3724.088181
10.353378	399.432000	3724.293308
10.351486	399.454000	3724.498436
10.349595	399.476000	3724.703563
10.347703	399.498000	3724.908691
10.345810	399.520000	3725.113818
10.343918	399.542000	3725.318945
10.342025	399.564000	3725.524073
10.340132	399.586000	3725.729200
10.338239	399.608000	3725.934328
10.336345	399.630000	3726.139455
10.334451	399.652000	3726.344582
10.332557	399.674000	3726.549710
10.330662	399.696000	3726.754837
10.328767	399.718000	3726.959965
10.326872	399.740000	3727.165092
10.324977	399.762000	3727.370220
10.323081	399.784000	3727.575347
10.321185	399.806000	3727.780474
10.319289	399.828000	3727.985602
10.317392	399.850000	3728.190729
10.315495	399.872000	3728.395857
10.313598	399.894000	3728.600984
10.311701	399.916000	3728.806111
10.309803	399.938000	3729.011239
10.307905	399.960000	3729.216366
10.306007	399.982000	3729.421494
10.304108	400.004000	3729.626621
10.302209	400.026000	3729.831748
10.300310	400.048000	3730.036876
10.298411	400.070000	3730.242003
10.296511	400.092000	3730.447131
10.294611	400.114000	3730.652258
10.292711	400.136000	3730.857386
10.290810	400.158000	3731.062513
10.288909	400.180000	3731.267640
10.287008	400.202000	3731.472768
10.285107	400.224000	3731.677895
10.283205	400.246000	3731.883023
10.281303	400.268000	3732.088150
10.279401	400.290000	3732.293277
10.277498	400.312000	3732.498405
10.275595	400.334000	3732.703532
10.273692	400.356000	3732.908660
10.271789	400.378000	3733.113787
10.269885	400.400000	3733.318914
10.267981	400.422000	3733.524042
10.266077	400.444000	3733.729169
10.264172	400.466000	3733.934297
10.262267	400.488000	3734.139424
10.260362	400.510000	3734.344552
10.258456	400.532000	3734.549679
10.256551	400.554000	3734.754806
10.254645	400.576000	3734.959934
10.252738	400.598000	3735.165061
10.250832	400.620000	3735.370189
10.248925	400.642000	3735.575316
10.247017	400.664000	3735.780443
10.245110	400.686000	3735.985571
10.243202	400.708000	3736.190698
10.241294	400.730000	3736.395826
10.239386	400.752000	3736.600953
10.237477	400.774000	3736.806081
10.235568	400.796000	3737.011208
10.233659	400.818000	3737.216335
10.231749	400.840000	3737.421463
10.229839	400.862000	3737.626590
10.227929	400.884000	3737.831718
10.226019	400.906000	3738.036845
10.224108	400.928000	3738.241972
10.222197	400.950000	3738.447100
10.220286	400.972000	3738.652227
10.218374	400.994000	3738.857355
10.216462	401.016000	3739.062482
10.214550	401.038000	3739.267609
10.212637	401.060000	3739.472737
10.210725	401.082000	3739.677864
10.208812	401.104000	3739.882992
10.206898	401.126000	3740.088119
10.204985	401.148000	3740.293247
10.203071	401.170000	3740.498374
10.201156	401.192000	3740.703501
10.199242	401.214000	3740.908629
10.197327	401.236000	3741.113756
10.195412	401.258000	3741.318884
10.193496	401.280000	3741.524011
10.191581	401.302000	3741.729138
10.189665	401.324000	3741.934266
10.187748	401.346000	3742.139393
10.185832	401.368000	3742.344521
10.183915	401.390000	3742.549648
10.181998	401.412000	3742.754775
10.180080	401.434000	3742.959903
10.178162	401.456000	3743.165030
10.176244	401.478000	3743.370158
10.174326	401.500000	3743.575285
10.172407	401.522000	3743.780413
10.170488	401.544000	3743.985540
10.168569	401.566000	3744.190667
10.166649	401.588000	3744.395795
10.164730	401.610000	3744.600922
10.162809	401.632000	3744.806050
10.160889	401.654000	3745.011177
10.158968	401.676000	3745.216304
10.157047	401.698000	3745.421432
10.155126	401.720000	3745.626559
10.153204	401.742000	3745.831687
10.151282	401.764000	3746.036814
10.149360	401.786000	3746.241941
10.147437	401.808000	3746.447069
10.145514	401.830000	3746.652196
10.143591	401.852000	3746.857324
10.141668	401.874000	3747.062451
10.139744	401.896000	3747.267579
10.137820	401.918000	3747.472706
10.135896	401.940000	3747.677833
10.133971	401.962000	3747.882961
10.132046	401.984000	3748.088088
10.130121	402.006000	3748.293216
10.128195	402.028000	3748.498343
10.126270	402.050000	3748.703470
10.124343	402.072000	3748.908598
10.122417	402.094000	3749.113725
10.120490	402.116000	3749.318853
10.118563	402.138000	3749.523980
10.116636	402.160000	3749.729108
10.114708	402.182000	3749.934235
10.112780	402.204000	3750.139362
10.110852	402.226000	3750.344490
10.108923	402.248000	3750.549617
10.106995	402.270000	3750.754745
10.105065	402.292000	3750.959872
10.103136	402.314000	3751.164999
10.101206	402.336000	3751.370127
10.099276	402.358000	3751.575254
10.097346	402.380000	3751.780382
10.095415	402.402000	3751.985509
10.093484	402.424000	3752.190636
10.091553	402.446000	3752.395764
10.089621	402.468000	3752.600891
10.087690	402.490000	3752.806019
10.085757	402.512000	3753.011146
10.083825	402.534000	3753.216274
10.081892	402.556000	3753.421401
10.079959	402.578000	3753.626528
10.078026	402.600000	3753.831656
10.076092	402.622000	3754.036783
10.074158	402.644000	3754.241911
10.072224	402.666000	3754.447038
10.070289	402.688000	3754.652165
10.068354	402.710000	3754.857293
10.066419	402.732000	3755.062420
10.064483	402.754000	3755.267548
10.062548	402.776000	3755.472675
10.060611	402.798000	3755.677802
10.058675	402.820000	3755.882930
10.056738	402.842000	3756.088057
10.054801	402.864000	3756.293185
10.052864	402.886000	3756.498312
10.050926	402.908000	3756.703440
10.048988	402.930000	3756.908567
10.047050	402.952000	3757.113694
10.045111	402.974000	3757.318822
10.043173	402.996000	3757.523949
10.041233	403.018000	3757.729077
10.039294	403.040000	3757.934204
10.037354	403.062000	3758.139331
10.035414	403.084000	3758.344459
10.033474	403.106000	3758.549586
10.031533	403.128000	3758.754714
10.029592	403.150000	3758.959841
10.027651	403.172000	3759.164969
10.025709	403.194000	3759.370096
10.023767	403.216000	3759.575223
10.021825	403.238000	3759.780351
10.019882	403.260000	3759.985478
10.017939	403.282000	3760.190606
10.015996	403.304000	3760.395733
10.014053	403.326000	3760.600860
10.012109	403.348000	3760.805988
10.010165	403.370000	3761.011115
10.008220	403.392000	3761.216243
10.006276	403.414000	3761.421370
10.004330	403.436000	3761.626497
10.002385	403.458000	3761.831625
10.000440	403.480000	3762.036752
9.998494	403.502000	3762.241880
9.996547	403.524000	3762.447007
9.994601	403.546000	3762.652135
9.992654	403.568000	3762.857262
9.990707	403.590000	3763.062389
9.988759	403.612000	3763.267517
9.986811	403.634000	3763.472644
9.984863	403.656000	3763.677772
9.982915	403.678000	3763.882899
9.980966	403.700000	3764.088026
9.979017	403.722000	3764.293154
9.977067	403.744000	3764.498281
9.975118	403.766000	3764.703409
9.973168	403.788000	3764.908536
9.971217	403.810000	3765.113663
9.969267	403.832000	3765.318791
9.967316	403.854000	3765.523918
9.965365	403.876000	3765.729046
9.963413	403.898000	3765.934173
9.961461	403.920000	3766.139301
9.959509	403.942000	3766.344428
9.957556	403.964000	3766.549555
9.955604	403.986000	3766.754683
9.953651	404.008000	3766.959810
9.951697	404.030000	3767.164938
9.949743	404.052000	3767.370065
9.947789	404.074000	3767.575192
9.945835	404.096000	3767.780320
9.943880	404.118000	3767.985447
9.941925	404.140000	3768.190575
9.939970	404.162000	3768.395702
9.938014	404.184000	3768.600829
9.936058	404.206000	3768.805957
9.934102	404.228000	3769.011084
9.932145	404.250000	3769.216212
9.930188	404.272000	3769.421339
9.928231	404.294000	3769.626467
9.926274	404.316000	3769.831594
9.924316	404.338000	3770.036721
9.922358	404.360000	3770.241849
9.920399	404.382000	3770.446976
9.918440	404.404000	3770.652104
9.916481	404.426000	3770.857231
9.914522	404.448000	3771.062358
9.912562	404.470000	3771.267486
9.910602	404.492000	3771.472613
9.908642	404.514000	3771.677741
9.906681	404.536000	3771.882868
9.904720	404.558000	3772.087996
9.902759	404.580000	3772.293123
9.900797	404.602000	3772.498250
9.898835	404.624000	3772.703378
9.896873	404.646000	3772.908505
9.894910	404.668000	3773.113633
9.892947	404.690000	3773.318760
9.890984	404.712000	3773.523887
9.889020	404.734000	3773.729015
9.887056	404.756000	3773.934142
9.885092	404.778000	3774.139270
9.883128	404.800000	3774.344397
9.881163	404.822000	3774.549524
9.879198	404.844000	3774.754652
9.877232	404.866000	3774.959779
9.875266	404.888000	3775.164907
9.873300	404.910000	3775.370034
9.871334	404.932000	3775.575162
9.869367	404.954000	3775.780289
9.867400	404.976000	3775.985416
9.865433	404.998000	3776.190544
9.863465	405.020000	3776.395671
9.861497	405.042000	3776.600799
9.859529	405.064000	3776.805926
9.857560	405.086000	3777.011053
9.855591	405.108000	3777.216181
9.853622	405.130000	3777.421308
9.851652	405.152000	3777.626436
9.849682	405.174000	3777.831563
9.847712	405.196000	3778.036690
9.845741	405.218000	3778.241818
9.843770	405.240000	3778.446945
9.841799	405.262000	3778.652073
9.839827	405.284000	3778.857200
9.837855	405.306000	3779.062328
9.835883	405.328000	3779.267455
9.833911	405.350000	3779.472582
9.831938	405.372000	3779.677710
9.829965	405.394000	3779.882837
9.827991	405.416000	3780.087965
9.826017	405.438000	3780.293092
9.824043	405.460000	3780.498219
9.822069	405.482000	3780.703347
9.820094	405.504000	3780.908474
9.818119	405.526000	3781.113602
9.816143	405.548000	3781.318729
9.814167	405.570000	3781.523857
9.812191	405.592000	3781.728984
9.810215	405.614000	3781.934111
9.808238	405.636000	3782.139239
9.806261	405.658000	3782.344366
9.804283	405.680000	3782.549494
9.802306	405.702000	3782.754621
9.800328	405.724000	3782.959748
9.798349	405.746000	3783.164876
9.796371	405.768000	3783.370003
9.794391	405.790000	3783.575131
9.792412	405.812000	3783.780258
9.790432	405.834000	3783.985385
9.788452	405.856000	3784.190513
9.786472	405.878000	3784.395640
9.784491	405.900000	3784.600768
9.782510	405.922000	3784.805895
9.780529	405.944000	3785.011023
9.778547	405.966000	3785.216150
9.776565	405.988000	3785.421277
9.774583	406.010000	3785.626405
9.772600	406.032000	3785.831532
9.770617	406.054000	3786.036660
9.768634	406.076000	3786.241787
9.766650	406.098000	3786.446914
9.764666	406.120000	3786.652042
9.762682	406.142000	3786.857169
9.760698	406.164000	3787.062297
9.758713	406.186000	3787.267424
9.756727	406.208000	3787.472551
9.754742	406.230000	3787.677679
9.752756	406.252000	3787.882806
9.750769	406.274000	3788.087934
9.748783	406.296000	3788.293061
9.746796	406.318000	3788.498189
9.744809	406.340000	3788.703316
9.742821	406.362000	3788.908443
9.740833	406.384000	3789.113571
9.738845	406.406000	3789.318698
9.736856	406.428000	3789.523826
9.734867	406.450000	3789.728953
9.732878	406.472000	3789.934080
9.730889	406.494000	3790.139208
9.728899	406.516000	3790.344335
9.726908	406.538000	3790.549463
9.724918	406.560000	3790.754590
9.722927	406.582000	3790.959718
9.720936	406.604000	3791.164845
9.718944	406.626000	3791.369972
9.716952	406.648000	3791.575100
9.714960	406.670000	3791.780227
9.712967	406.692000	3791.985355
9.710974	406.714000	3792.190482
9.708981	406.736000	3792.395609
9.706987	406.758000	3792.600737
9.704994	406.780000	3792.805864
9.702999	406.802000	3793.010992
9.701005	406.824000	3793.216119
9.699010	406.846000	3793.421246
9.697015	406.868000	3793.626374
9.695019	406.890000	3793.831501
9.693023	406.912000	3794.036629
9.691027	406.934000	3794.241756
9.689030	406.956000	3794.446884
9.687033	406.978000	3794.652011
9.685036	407.000000	3794.857138
9.683038	407.022000	3795.062266
9.681040	407.044000	3795.267393
9.679042	407.066000	3795.472521
9.677044	407.088000	3795.677648
9.675045	407.110000	3795.882775
9.673045	407.132000	3796.087903
9.671046	407.154000	3796.293030
9.669046	407.176000	3796.498158
9.667045	407.198000	3796.703285
9.665045	407.220000	3796.908412
9.663044	407.242000	3797.113540
9.661042	407.264000	3797.318667
9.659041	407.286000	3797.523795
9.657039	407.308000	3797.728922
9.655036	407.330000	3797.934050
9.653034	407.352000	3798.139177
9.651031	407.374000	3798.344304
9.649027	407.396000	3798.549432
9.647024	407.418000	3798.754559
9.645020	407.440000	3798.959687
9.643015	407.462000	3799.164814
9.641011	407.484000	3799.369941
9.639006	407.506000	3799.575069
9.637000	407.528000	3799.780196
9.634994	407.550000	3799.985324
9.632988	407.572000	3800.190451
9.630982	407.594000	3800.395578
9.628975	407.616000	3800.600706
9.626968	407.638000	3800.805833
9.624961	407.660000	3801.010961
9.622953	407.682000	3801.216088
9.620945	407.704000	3801.421216
9.618936	407.726000	3801.626343
9.616928	407.748000	3801.831470
9.614918	407.770000	3802.036598
9.612909	407.792000	3802.241725
9.610899	407.814000	3802.446853
9.608889	407.836000	3802.651980
9.606878	407.858000	3802.857107
9.604867	407.880000	3803.062235
9.602856	407.902000	3803.267362
9.600845	407.924000	3803.472490
9.598833	407.946000	3803.677617
9.596821	407.968000	3803.882745
9.594808	407.990000	3804.087872
9.592795	408.012000	3804.292999
9.590782	408.034000	3804.498127
9.588768	408.056000	3804.703254
9.586754	408.078000	3804.908382
9.584740	408.100000	3805.113509
9.582725	408.122000	3805.318636
9.580710	408.144000	3805.523764
9.578695	408.166000	3805.728891
9.576679	408.188000	3805.934019
9.574663	408.210000	3806.139146
9.572647	408.232000	3806.344273
9.570630	408.254000	3806.549401
9.568613	408.276000	3806.754528
9.566596	408.298000	3806.959656
9.564578	408.320000	3807.164783
9.562560	408.342000	3807.369911
9.560541	408.364000	3807.575038
9.558523	408.386000	3807.780165
9.556503	408.408000	3807.985293
9.554484	408.430000	3808.190420
9.552464	408.452000	3808.395548
9.550444	408.474000	3808.600675
9.548423	408.496000	3808.805802
9.546402	408.518000	3809.010930
9.544381	408.540000	3809.216057
9.542360	408.562000	3809.421185
9.540338	408.584000	3809.626312
9.538315	408.606000	3809.831439
9.536293	408.628000	3810.036567
9.534270	408.650000	3810.241694
9.532246	408.672000	3810.446822
9.530223	408.694000	3810.651949
9.528199	408.716000	3810.857077
9.526174	408.738000	3811.062204
9.524150	408.760000	3811.267331
9.522124	408.782000	3811.472459
9.520099	408.804000	3811.677586
9.518073	408.826000	3811.882714
9.516047	408.848000	3812.087841
9.514021	408.870000	3812.292968
9.511994	408.892000	3812.498096
9.509967	408.914000	3812.703223
9.507939	408.936000	3812.908351
9.505911	408.958000	3813.113478
9.503883	408.980000	3813.318606
9.501854	409.002000	3813.523733
9.499825	409.024000	3813.728860
9.497796	409.046000	3813.933988
9.495766	409.068000	3814.139115
9.493736	409.090000	3814.344243
9.491706	409.112000	3814.549370
9.489675	409.134000	3814.754497
9.487644	409.156000	3814.959625
9.485613	409.178000	3815.164752
9.483581	409.200000	3815.369880
9.481549	409.222000	3815.575007
9.479516	409.244000	3815.780134
9.477483	409.266000	3815.985262
9.475450	409.288000	3816.190389
9.473416	409.310000	3816.395517
9.471383	409.332000	3816.600644
9.469348	409.354000	3816.805772
9.467314	409.376000	3817.010899
9.465279	409.398000	3817.216026
9.463243	409.420000	3817.421154
9.461208	409.442000	3817.626281
9.459172	409.464000	3817.831409
9.457135	409.486000	3818.036536
9.455098	409.508000	3818.241663
9.453061	409.530000	3818.446791
9.451024	409.552000	3818.651918
9.448986	409.574000	3818.857046
9.446948	409.596000	3819.062173
9.444909	409.618000	3819.267300
9.442870	409.640000	3819.472428
9.440831	409.662000	3819.677555
9.438791	409.684000	3819.882683
9.436751	409.706000	3820.087810
9.434711	409.728000	3820.292938
9.432670	409.750000	3820.498065
9.430629	409.772000	3820.703192
9.428588	409.794000	3820.908320
9.426546	409.816000	3821.113447
9.424504	409.838000	3821.318575
9.422461	409.860000	3821.523702
9.420418	409.882000	3821.728829
9.418375	409.904000	3821.933957
9.416331	409.926000	3822.139084
9.414287	409.948000	3822.344212
9.412243	409.970000	3822.549339
9.410198	409.992000	3822.754466
9.408153	410.014000	3822.959594
9.406108	410.036000	3823.164721
9.404062	410.058000	3823.369849
9.402016	410.080000	3823.574976
9.399970	410.102000	3823.780104
9.397923	410.124000	3823.985231
9.395876	410.146000	3824.190358
9.393828	410.168000	3824.395486
9.391780	410.190000	3824.600613
9.389732	410.212000	3824.805741
9.387683	410.234000	3825.010868
9.385634	410.256000	3825.215995
9.383585	410.278000	3825.421123
9.381535	410.300000	3825.626250
9.379485	410.322000	3825.831378
9.377434	410.344000	3826.036505
9.375383	410.366000	3826.241633
9.373332	410.388000	3826.446760
9.371280	410.410000	3826.651887
9.369228	410.432000	3826.857015
9.367176	410.454000	3827.062142
9.365123	410.476000	3827.267270
9.363070	410.498000	3827.472397
9.361017	410.520000	3827.677524
9.358963	410.542000	3827.882652
9.356909	410.564000	3828.087779
9.354855	410.586000	3828.292907
9.352800	410.608000	3828.498034
9.350744	410.630000	3828.703161
9.348689	410.652000	3828.908289
9.346633	410.674000	3829.113416
9.344576	410.696000	3829.318544
9.342520	410.718000	3829.523671
9.340463	410.740000	3829.728799
9.338405	410.762000	3829.933926
9.336347	410.784000	3830.139053
9.334289	410.806000	3830.344181
9.332230	410.828000	3830.549308
9.330171	410.850000	3830.754436
9.328112	410.872000	3830.959563
9.326052	410.894000	3831.164690
9.323992	410.916000	3831.369818
9.321932	410.938000	3831.574945
9.319871	410.960000	3831.780073
9.317810	410.982000	3831.985200
9.315749	411.004000	3832.190327
9.313687	411.026000	3832.395455
9.311624	411.048000	3832.600582
9.309562	411.070000	3832.805710
9.307499	411.092000	3833.010837
9.305435	411.114000	3833.215965
9.303371	411.136000	3833.421092
9.301307	411.158000	3833.626219
9.299243	411.180000	3833.831347
9.297178	411.202000	3834.036474
9.295113	411.224000	3834.241602
9.293047	411.246000	3834.446729
9.290981	411.268000	3834.651856
9.288915	411.290000	3834.856984
9.286848	411.312000	3835.062111
9.284781	411.334000	3835.267239
9.282713	411.356000	3835.472366
9.280645	411.378000	3835.677494
9.278577	411.400000	3835.882621
9.276509	411.422000	3836.087748
9.274440	411.444000	3836.292876
9.272370	411.466000	3836.498003
9.270300	411.488000	3836.703131
9.268230	411.510000	3836.908258
9.266160	411.532000	3837.113385
9.264089	411.554000	3837.318513
9.262018	411.576000	3837.523640
9.259946	411.598000	3837.728768
9.257874	411.620000	3837.933895
9.255802	411.642000	3838.139022
9.253729	411.664000	3838.344150
9.251656	411.686000	3838.549277
9.249582	411.708000	3838.754405
9.247508	411.730000	3838.959532
9.245434	411.752000	3839.164660
9.243359	411.774000	3839.369787
9.241284	411.796000	3839.574914
9.239209	411.818000	3839.780042
9.237133	411.840000	3839.985169
9.235057	411.862000	3840.190297
9.232980	411.884000	3840.395424
9.230903	411.906000	3840.600551
9.228826	411.928000	3840.805679
9.226748	411.950000	3841.010806
9.224670	411.972000	3841.215934
9.222592	411.994000	3841.421061
9.220513	412.016000	3841.626188
9.218434	412.038000	3841.831316
9.216354	412.060000	3842.036443
9.214274	412.082000	3842.241571
9.212194	412.104000	3842.446698
9.210113	412.126000	3842.651826
9.208032	412.148000	3842.856953
9.205951	412.170000	3843.062080
9.203869	412.192000	3843.267208
9.201786	412.214000	3843.472335
9.199704	412.236000	3843.677463
9.197621	412.258000	3843.882590
9.195537	412.280000	3844.087717
9.193453	412.302000	3844.292845
9.191369	412.324000	3844.497972
9.189285	412.346000	3844.703100
9.187200	412.368000	3844.908227
9.185114	412.390000	3845.113355
9.183029	412.412000	3845.318482
9.180943	412.434000	3845.523609
9.178856	412.456000	3845.728737
9.176769	412.478000	3845.933864
9.174682	412.500000	3846.138992
9.172594	412.522000	3846.344119
9.170506	412.544000	3846.549246
9.168418	412.566000	3846.754374
9.166329	412.588000	3846.959501
9.164240	412.610000	3847.164629
9.162150	412.632000	3847.369756
9.160060	412.654000	3847.574883
9.157970	412.676000	3847.780011
9.155879	412.698000	3847.985138
9.153788	412.720000	3848.190266
9.151697	412.742000	3848.395393
9.149605	412.764000	3848.600521
9.147512	412.786000	3848.805648
9.145420	412.808000	3849.010775
9.143327	412.830000	3849.215903
9.141233	412.852000	3849.421030
9.139139	412.874000	3849.626158
9.137045	412.896000	3849.831285
9.134950	412.918000	3850.036412
9.132855	412.940000	3850.241540
9.130760	412.962000	3850.446667
9.128664	412.984000	3850.651795
9.126568	413.006000	3850.856922
9.124471	413.028000	3851.062049
9.122374	413.050000	3851.267177
9.120277	413.072000	3851.472304
9.118179	413.094000	3851.677432
9.116081	413.116000	3851.882559
9.113982	413.138000	3852.087687
9.111884	413.160000	3852.292814
9.109784	413.182000	3852.497941
9.107684	413.204000	3852.703069
9.105584	413.226000	3852.908196
9.103484	413.248000	3853.113324
9.101383	413.270000	3853.318451
9.099282	413.292000	3853.523578
9.097180	413.314000	3853.728706
9.095078	413.336000	3853.933833
9.092975	413.358000	3854.138961
9.090873	413.380000	3854.344088
9.088769	413.402000	3854.549215
9.086666	413.424000	3854.754343
9.084562	413.446000	3854.959470
9.082457	413.468000	3855.164598
9.080352	413.490000	3855.369725
9.078247	413.512000	3855.574853
9.076141	413.534000	3855.779980
9.074035	413.556000	3855.985107
9.071929	413.578000	3856.190235
9.069822	413.600000	3856.395362
9.067715	413.622000	3856.600490
9.065607	413.644000	3856.805617
9.063499	413.666000	3857.010744
9.061391	413.688000	3857.215872
9.059282	413.710000	3857.420999
9.057173	413.732000	3857.626127
9.055063	413.754000	3857.831254
9.052953	413.776000	3858.036382
9.050843	413.798000	3858.241509
9.048732	413.820000	3858.446636
9.046621	413.842000	3858.651764
9.044509	413.864000	3858.856891
9.042397	413.886000	3859.062019
9.040284	413.908000	3859.267146
9.038172	413.930000	3859.472273
9.036058	413.952000	3859.677401
9.033945	413.974000	3859.882528
9.031831	413.996000	3860.087656
9.029716	414.018000	3860.292783
9.027602	414.040000	3860.497910
9.025486	414.062000	3860.703038
9.023371	414.084000	3860.908165
9.021255	414.106000	3861.113293
9.019138	414.128000	3861.318420
9.017021	414.150000	3861.523548
9.014904	414.172000	3861.728675
9.012786	414.194000	3861.933802
9.010668	414.216000	3862.138930
9.008550	414.238000	3862.344057
9.006431	414.260000	3862.549185
9.004312	414.282000	3862.754312
9.002192	414.304000	3862.959439
9.000072	414.326000	3863.164567
8.997952	414.348000	3863.369694
8.995831	414.370000	3863.574822
8.993709	414.392000	3863.779949
8.991588	414.414000	3863.985076
8.989466	414.436000	3864.190204
8.987343	414.458000	3864.395331
8.985220	414.480000	3864.600459
8.983097	414.502000	3864.805586
8.980973	414.524000	3865.010714
8.978849	414.546000	3865.215841
8.976725	414.568000	3865.420968
8.974600	414.590000	3865.626096
8.972474	414.612000	3865.831223
8.970348	414.634000	3866.036351
8.968222	414.656000	3866.241478
8.966096	414.678000	3866.446605
8.963969	414.700000	3866.651733
8.961841	414.722000	3866.856860
8.959714	414.744000	3867.061988
8.957585	414.766000	3867.267115
8.955457	414.788000	3867.472243
8.953328	414.810000	3867.677370
8.951198	414.832000	3867.882497
8.949068	414.854000	3868.087625
8.946938	414.876000	3868.292752
8.944807	414.898000	3868.497880
8.942676	414.920000	3868.703007
8.940545	414.942000	3868.908134
8.938413	414.964000	3869.113262
8.936280	414.986000	3869.318389
8.934148	415.008000	3869.523517
8.932015	415.030000	3869.728644
8.929881	415.052000	3869.933771
8.927747	415.074000	3870.138899
8.925613	415.096000	3870.344026
8.923478	415.118000	3870.549154
8.921343	415.140000	3870.754281
8.919207	415.162000	3870.959409
8.917071	415.184000	3871.164536
8.914934	415.206000	3871.369663
8.912798	415.228000	3871.574791
8.910660	415.250000	3871.779918
8.908523	415.272000	3871.985046
8.906384	415.294000	3872.190173
8.904246	415.316000	3872.395300
8.902107	415.338000	3872.600428
8.899968	415.360000	3872.805555
8.897828	415.382000	3873.010683
8.895688	415.404000	3873.215810
8.893547	415.426000	3873.420937
8.891406	415.448000	3873.626065
8.889264	415.470000	3873.831192
8.887122	415.492000	3874.036320
8.884980	415.514000	3874.241447
8.882837	415.536000	3874.446575
8.880694	415.558000	3874.651702
8.878551	415.580000	3874.856829
8.876407	415.602000	3875.061957
8.874262	415.624000	3875.267084
8.872118	415.646000	3875.472212
8.869972	415.668000	3875.677339
8.867827	415.690000	3875.882466
8.865681	415.712000	3876.087594
8.863534	415.734000	3876.292721
8.861387	415.756000	3876.497849
8.859240	415.778000	3876.702976
8.857092	415.800000	3876.908103
8.854944	415.822000	3877.113231
8.852795	415.844000	3877.318358
8.850646	415.866000	3877.523486
8.848497	415.888000	3877.728613
8.846347	415.910000	3877.933741
8.844197	415.932000	3878.138868
8.842046	415.954000	3878.343995
8.839895	415.976000	3878.549123
8.837743	415.998000	3878.754250
8.835591	416.020000	3878.959378
8.833439	416.042000	3879.164505
8.831286	416.064000	3879.369632
8.829133	416.086000	3879.574760
8.826979	416.108000	3879.779887
8.824825	416.130000	3879.985015
8.822670	416.152000	3880.190142
8.820515	416.174000	3880.395270
8.818360	416.196000	3880.600397
8.816204	416.218000	3880.805524
8.814048	416.240000	3881.010652
8.811891	416.262000	3881.215779
8.809734	416.284000	3881.420907
8.807577	416.306000	3881.626034
8.805419	416.328000	3881.831161
8.803260	416.350000	3882.036289
8.801101	416.372000	3882.241416
8.798942	416.394000	3882.446544
8.796782	416.416000	3882.651671
8.794622	416.438000	3882.856798
8.792462	416.460000	3883.061926
8.790301	416.482000	3883.267053
8.788139	416.504000	3883.472181
8.785978	416.526000	3883.677308
8.783815	416.548000	3883.882436
8.781653	416.570000	3884.087563
8.779490	416.592000	3884.292690
8.777326	416.614000	3884.497818
8.775162	416.636000	3884.702945
8.772998	416.658000	3884.908073
8.770833	416.680000	3885.113200
8.768667	416.702000	3885.318327
8.766502	416.724000	3885.523455
8.764336	416.746000	3885.728582
8.762169	416.768000	3885.933710
8.760002	416.790000	3886.138837
8.757835	416.812000	3886.343964
8.755667	416.834000	3886.549092
8.753498	416.856000	3886.754219
8.751330	416.878000	3886.959347
8.749160	416.900000	3887.164474
8.746991	416.922000	3887.369602
8.744821	416.944000	3887.574729
8.742650	416.966000	3887.779856
8.740479	416.988000	3887.984984
8.738308	417.010000	3888.190111
8.736136	417.032000	3888.395239
8.733964	417.054000	3888.600366
8.731791	417.076000	3888.805493
8.729618	417.098000	3889.010621
8.727445	417.120000	3889.215748
8.725271	417.142000	3889.420876
8.723096	417.164000	3889.626003
8.720921	417.186000	3889.831131
8.718746	417.208000	3890.036258
8.716570	417.230000	3890.241385
8.714394	417.252000	3890.446513
8.712218	417.274000	3890.651640
8.710040	417.296000	3890.856768
8.707863	417.318000	3891.061895
8.705685	417.340000	3891.267022
8.703507	417.362000	3891.472150
8.701328	417.384000	3891.677277
8.699149	417.406000	3891.882405
8.696969	417.428000	3892.087532
8.694789	417.450000	3892.292659
8.692608	417.472000	3892.497787
8.690427	417.494000	3892.702914
8.688246	417.516000	3892.908042
8.686064	417.538000	3893.113169
8.683881	417.560000	3893.318297
8.681699	417.582000	3893.523424
8.679515	417.604000	3893.728551
8.677332	417.626000	3893.933679
8.675147	417.648000	3894.138806
8.672963	417.670000	3894.343934
8.670778	417.692000	3894.549061
8.668592	417.714000	3894.754188
8.666406	417.736000	3894.959316
8.664220	417.758000	3895.164443
8.662033	417.780000	3895.369571
8.659846	417.802000	3895.574698
8.657658	417.824000	3895.779825
8.655470	417.846000	3895.984953
8.653282	417.868000	3896.190080
8.651093	417.890000	3896.395208
8.648903	417.912000	3896.600335
8.646713	417.934000	3896.805463
8.644523	417.956000	3897.010590
8.642332	417.978000	3897.215717
8.640141	418.000000	3897.420845
8.637949	418.022000	3897.625972
8.635757	418.044000	3897.831100
8.633564	418.066000	3898.036227
8.631371	418.088000	3898.241354
8.629177	418.110000	3898.446482
8.626983	418.132000	3898.651609
8.624789	418.154000	3898.856737
8.622594	418.176000	3899.061864
8.620399	418.198000	3899.266992
8.618203	418.220000	3899.472119
8.616007	418.242000	3899.677246
8.613810	418.264000	3899.882374
8.611613	418.286000	3900.087501
8.609415	418.308000	3900.292629
8.607217	418.330000	3900.497756
8.605019	418.352000	3900.702883
8.602820	418.374000	3900.908011
8.600620	418.396000	3901.113138
8.598420	418.418000	3901.318266
8.596220	418.440000	3901.523393
8.594019	418.462000	3901.728520
8.591818	418.484000	3901.933648
8.589616	418.506000	3902.138775
8.587414	418.528000	3902.343903
8.585212	418.550000	3902.549030
8.583009	418.572000	3902.754158
8.580805	418.594000	3902.959285
8.578601	418.616000	3903.164412
8.576397	418.638000	3903.369540
8.574192	418.660000	3903.574667
8.571986	418.682000	3903.779795
8.569781	418.704000	3903.984922
8.567574	418.726000	3904.190049
8.565368	418.748000	3904.395177
8.563160	418.770000	3904.600304
8.560953	418.792000	3904.805432
8.558745	418.814000	3905.010559
8.556536	418.836000	3905.215686
8.554327	418.858000	3905.420814
8.552118	418.880000	3905.625941
8.549908	418.902000	3905.831069
8.547697	418.924000	3906.036196
8.545486	418.946000	3906.241324
8.543275	418.968000	3906.446451
8.541063	418.990000	3906.651578
8.538851	419.012000	3906.856706
8.536638	419.034000	3907.061833
8.534425	419.056000	3907.266961
8.532212	419.078000	3907.472088
8.529997	419.100000	3907.677215
8.527783	419.122000	3907.882343
8.525568	419.144000	3908.087470
8.523352	419.166000	3908.292598
8.521136	419.188000	3908.497725
8.518920	419.210000	3908.702852
8.516703	419.232000	3908.907980
8.514486	419.254000	3909.113107
8.512268	419.276000	3909.318235
8.510050	419.298000	3909.523362
8.507831	419.320000	3909.728490
8.505612	419.342000	3909.933617
8.503392	419.364000	3910.138744
8.501172	419.386000	3910.343872
8.498951	419.408000	3910.548999
8.496730	419.430000	3910.754127
8.494508	419.452000	3910.959254
8.492286	419.474000	3911.164381
8.490064	419.496000	3911.369509
8.487841	419.518000	3911.574636
8.485617	419.540000	3911.779764
8.483393	419.562000	3911.984891
8.481169	419.584000	3912.190019
8.478944	419.606000	3912.395146
8.476719	419.628000	3912.600273
8.474493	419.650000	3912.805401
8.472267	419.672000	3913.010528
8.470040	419.694000	3913.215656
8.467813	419.716000	3913.420783
8.465585	419.738000	3913.625910
8.463357	419.760000	3913.831038
8.461128	419.782000	3914.036165
8.458899	419.804000	3914.241293
8.456670	419.826000	3914.446420
8.454440	419.848000	3914.651547
8.452209	419.870000	3914.856675
8.449978	419.892000	3915.061802
8.447747	419.914000	3915.266930
8.445515	419.936000	3915.472057
8.443282	419.958000	3915.677185
8.441049	419.980000	3915.882312
8.438816	420.002000	3916.087439
8.436582	420.024000	3916.292567
8.434348	420.046000	3916.497694
8.432113	420.068000	3916.702822
8.429878	420.090000	3916.907949
8.427642	420.112000	3917.113076
8.425406	420.134000	3917.318204
8.423169	420.156000	3917.523331
8.420932	420.178000	3917.728459
8.418694	420.200000	3917.933586
8.416456	420.222000	3918.138713
8.414217	420.244000	3918.343841
8.411978	420.266000	3918.548968
8.409738	420.288000	3918.754096
8.407498	420.310000	3918.959223
8.405258	420.332000	3919.164351
8.403017	420.354000	3919.369478
8.400775	420.376000	3919.574605
8.398533	420.398000	3919.779733
8.396291	420.420000	3919.984860
8.394048	420.442000	3920.189988
8.391804	420.464000	3920.395115
8.389560	420.486000	3920.600242
8.387316	420.508000	3920.805370
8.385071	420.530000	3921.010497
8.382825	420.552000	3921.215625
8.380579	420.574000	3921.420752
8.378333	420.596000	3921.625880
8.376086	420.618000	3921.831007
8.373839	420.640000	3922.036134
8.371591	420.662000	3922.241262
8.369343	420.684000	3922.446389
8.367094	420.706000	3922.651517
8.364845	420.728000	3922.856644
8.362595	420.750000	3923.061771
8.360345	420.772000	3923.266899
8.358094	420.794000	3923.472026
8.355843	420.816000	3923.677154
8.353591	420.838000	3923.882281
8.351339	420.860000	3924.087408
8.349086	420.882000	3924.292536
8.346833	420.904000	3924.497663
8.344579	420.926000	3924.702791
8.342325	420.948000	3924.907918
8.340070	420.970000	3925.113046
8.337815	420.992000	3925.318173
8.335559	421.014000	3925.523300
8.333303	421.036000	3925.728428
8.331047	421.058000	3925.933555
8.328789	421.080000	3926.138683
8.326532	421.102000	3926.343810
8.324274	421.124000	3926.548937
8.322015	421.146000	3926.754065
8.319756	421.168000	3926.959192
8.317496	421.190000	3927.164320
8.315236	421.212000	3927.369447
8.312976	421.234000	3927.574574
8.310715	421.256000	3927.779702
8.308453	421.278000	3927.984829
8.306191	421.300000	3928.189957
8.303928	421.322000	3928.395084
8.301665	421.344000	3928.600212
8.299402	421.366000	3928.805339
8.297138	421.388000	3929.010466
8.294873	421.410000	3929.215594
8.292608	421.432000	3929.420721
8.290342	421.454000	3929.625849
8.288076	421.476000	3929.830976
8.285810	421.498000	3930.036103
8.283543	421.520000	3930.241231
8.281275	421.542000	3930.446358
8.279007	421.564000	3930.651486
8.276739	421.586000	3930.856613
8.274469	421.608000	3931.061740
8.272200	421.630000	3931.266868
8.269930	421.652000	3931.471995
8.267659	421.674000	3931.677123
8.265388	421.696000	3931.882250
8.263117	421.718000	3932.087378
8.260845	421.740000	3932.292505
8.258572	421.762000	3932.497632
8.256299	421.784000	3932.702760
8.254025	421.806000	3932.907887
8.251751	421.828000	3933.113015
8.249477	421.850000	3933.318142
8.247202	421.872000	3933.523269
8.244926	421.894000	3933.728397
8.242650	421.916000	3933.933524
8.240373	421.938000	3934.138652
8.238096	421.960000	3934.343779
8.235819	421.982000	3934.548907
8.233540	422.004000	3934.754034
8.231262	422.026000	3934.959161
8.228983	422.048000	3935.164289
8.226703	422.070000	3935.369416
8.224423	422.092000	3935.574544
8.222142	422.114000	3935.779671
8.219861	422.136000	3935.984798
8.217579	422.158000	3936.189926
8.215297	422.180000	3936.395053
8.213014	422.202000	3936.600181
8.210731	422.224000	3936.805308
8.208447	422.246000	3937.010435
8.206163	422.268000	3937.215563
8.203878	422.290000	3937.420690
8.201593	422.312000	3937.625818
8.199307	422.334000	3937.830945
8.197021	422.356000	3938.036073
8.194734	422.378000	3938.241200
8.192447	422.400000	3938.446327
8.190159	422.422000	3938.651455
8.187871	422.444000	3938.856582
8.185582	422.466000	3939.061710
8.183292	422.488000	3939.266837
8.181003	422.510000	3939.471964
8.178712	422.532000	3939.677092
8.176421	422.554000	3939.882219
8.174130	422.576000	3940.087347
8.171838	422.598000	3940.292474
8.169545	422.620000	3940.497601
8.167252	422.642000	3940.702729
8.164959	422.664000	3940.907856
8.162665	422.686000	3941.112984
8.160370	422.708000	3941.318111
8.158075	422.730000	3941.523239
8.155780	422.752000	3941.728366
8.153484	422.774000	3941.933493
8.151187	422.796000	3942.138621
8.148890	422.818000	3942.343748
8.146592	422.840000	3942.548876
8.144294	422.862000	3942.754003
8.141995	422.884000	3942.959130
8.139696	422.906000	3943.164258
8.137396	422.928000	3943.369385
8.135096	422.950000	3943.574513
8.132795	422.972000	3943.779640
8.130494	422.994000	3943.984768
8.128192	423.016000	3944.189895
8.125890	423.038000	3944.395022
8.123587	423.060000	3944.600150
8.121283	423.082000	3944.805277
8.118979	423.104000	3945.010405
8.116675	423.126000	3945.215532
8.114370	423.148000	3945.420659
8.112064	423.170000	3945.625787
8.109758	423.192000	3945.830914
8.107452	423.214000	3946.036042
8.105145	423.236000	3946.241169
8.102837	423.258000	3946.446296
8.100529	423.280000	3946.651424
8.098220	423.302000	3946.856551
8.095911	423.324000	3947.061679
8.093601	423.346000	3947.266806
8.091291	423.368000	3947.471934
8.088980	423.390000	3947.677061
8.086669	423.412000	3947.882188
8.084357	423.434000	3948.087316
8.082045	423.456000	3948.292443
8.079732	423.478000	3948.497571
8.077418	423.500000	3948.702698
8.075104	423.522000	3948.907825
8.072790	423.544000	3949.112953
8.070475	423.566000	3949.318080
8.068159	423.588000	3949.523208
8.065843	423.610000	3949.728335
8.063526	423.632000	3949.933462
8.061209	423.654000	3950.138590
8.058891	423.676000	3950.343717
8.056573	423.698000	3950.548845
8.054254	423.720000	3950.753972
8.051935	423.742000	3950.959100
8.049615	423.764000	3951.164227
8.047295	423.786000	3951.369354
8.044974	423.808000	3951.574482
8.042652	423.830000	3951.779609
8.040330	423.852000	3951.984737
8.038008	423.874000	3952.189864
8.035684	423.896000	3952.394991
8.033361	423.918000	3952.600119
8.031037	423.940000	3952.805246
8.028712	423.962000	3953.010374
8.026387	423.984000	3953.215501
8.024061	424.006000	3953.420629
8.021734	424.028000	3953.625756
8.019408	424.050000	3953.830883
8.017080	424.072000	3954.036011
8.014752	424.094000	3954.241138
8.012424	424.116000	3954.446266
8.010095	424.138000	3954.651393
8.007765	424.160000	3954.856520
8.005435	424.182000	3955.061648
8.003104	424.204000	3955.266775
8.000773	424.226000	3955.471903
7.998441	424.248000	3955.677030
7.996109	424.270000	3955.882157
7.993776	424.292000	3956.087285
7.991442	424.314000	3956.292412
7.989108	424.336000	3956.497540
7.986774	424.358000	3956.702667
7.984439	424.380000	3956.907795
7.982103	424.402000	3957.112922
7.979767	424.424000	3957.318049
7.977430	424.446000	3957.523177
7.975093	424.468000	3957.728304
7.972755	424.490000	3957.933432
7.970417	424.512000	3958.138559
7.968078	424.534000	3958.343686
7.965739	424.556000	3958.548814
7.963399	424.578000	3958.753941
7.961058	424.600000	3958.959069
7.958717	424.622000	3959.164196
7.956375	424.644000	3959.369323
7.954033	424.666000	3959.574451
7.951690	424.688000	3959.779578
7.949347	424.710000	3959.984706
7.947003	424.732000	3960.189833
7.944659	424.754000	3960.394961
7.942314	424.776000	3960.600088
7.939968	424.798000	3960.805215
7.937622	424.820000	3961.010343
7.935275	424.842000	3961.215470
7.932928	424.864000	3961.420598
7.930580	424.886000	3961.625725
7.928232	424.908000	3961.830852
7.925883	424.930000	3962.035980
7.923534	424.952000	3962.241107
7.921184	424.974000	3962.446235
7.918833	424.996000	3962.651362
7.916482	425.018000	3962.856489
7.914130	425.040000	3963.061617
7.911778	425.062000	3963.266744
7.909425	425.084000	3963.471872
7.907072	425.106000	3963.676999
7.904718	425.128000	3963.882127
7.902363	425.150000	3964.087254
7.900008	425.172000	3964.292381
7.897653	425.194000	3964.497509
7.895296	425.216000	3964.702636
7.892940	425.238000	3964.907764
7.890582	425.260000	3965.112891
7.888225	425.282000	3965.318018
7.885866	425.304000	3965.523146
7.883507	425.326000	3965.728273
7.881148	425.348000	3965.933401
7.878787	425.370000	3966.138528
7.876427	425.392000	3966.343656
7.874065	425.414000	3966.548783
7.871704	425.436000	3966.753910
7.869341	425.458000	3966.959038
7.866978	425.480000	3967.164165
7.864615	425.502000	3967.369293
7.862251	425.524000	3967.574420
7.859886	425.546000	3967.779547
7.857521	425.568000	3967.984675
7.855155	425.590000	3968.189802
7.852788	425.612000	3968.394930
7.850421	425.634000	3968.600057
7.848054	425.656000	3968.805184
7.845686	425.678000	3969.010312
7.843317	425.700000	3969.215439
7.840948	425.722000	3969.420567
7.838578	425.744000	3969.625694
7.836208	425.766000	3969.830822
7.833837	425.788000	3970.035949
7.831465	425.810000	3970.241076
7.829093	425.832000	3970.446204
7.826720	425.854000	3970.651331
7.824347	425.876000	3970.856459
7.821973	425.898000	3971.061586
7.819599	425.920000	3971.266713
7.817224	425.942000	3971.471841
7.814848	425.964000	3971.676968
7.812472	425.986000	3971.882096
7.810095	426.008000	3972.087223
7.807718	426.030000	3972.292350
7.805340	426.052000	3972.497478
7.802961	426.074000	3972.702605
7.800582	426.096000	3972.907733
7.798203	426.118000	3973.112860
7.795822	426.140000	3973.317988
7.793441	426.162000	3973.523115
7.791060	426.184000	3973.728242
7.788678	426.206000	3973.933370
7.786296	426.228000	3974.138497
7.783912	426.250000	3974.343625
7.781529	426.272000	3974.548752
7.779144	426.294000	3974.753879
7.776759	426.316000	3974.959007
7.774374	426.338000	3975.164134
7.771988	426.360000	3975.369262
7.769601	426.382000	3975.574389
7.767214	426.404000	3975.779517
7.764826	426.426000	3975.984644
7.762438	426.448000	3976.189771
7.760049	426.470000	3976.394899
7.757659	426.492000	3976.600026
7.755269	426.514000	3976.805154
7.752878	426.536000	3977.010281
7.750487	426.558000	3977.215408
7.748095	426.580000	3977.420536
7.745702	426.602000	3977.625663
7.743309	426.624000	3977.830791
7.740915	426.646000	3978.035918
7.738521	426.668000	3978.241045
7.736126	426.690000	3978.446173
7.733730	426.712000	3978.651300
7.731334	426.734000	3978.856428
7.728938	426.756000	3979.061555
7.726540	426.778000	3979.266683
7.724142	426.800000	3979.471810
7.721744	426.822000	3979.676937
7.719345	426.844000	3979.882065
7.716945	426.866000	3980.087192
7.714545	426.888000	3980.292320
7.712144	426.910000	3980.497447
7.709743	426.932000	3980.702574
7.707340	426.954000	3980.907702
7.704938	426.976000	3981.112829
7.702534	426.998000	3981.317957
7.700131	427.020000	3981.523084
7.697726	427.042000	3981.728211
7.695321	427.064000	3981.933339
7.692915	427.086000	3982.138466
7.690509	427.108000	3982.343594
7.688102	427.130000	3982.548721
7.685695	427.152000	3982.753849
7.683287	427.174000	3982.958976
7.680878	427.196000	3983.164103
7.678469	427.218000	3983.369231
7.676059	427.240000	3983.574358
7.673648	427.262000	3983.779486
7.671237	427.284000	3983.984613
7.668825	427.306000	3984.189740
7.666413	427.328000	3984.394868
7.664000	427.350000	3984.599995
7.661587	427.372000	3984.805123
7.659172	427.394000	3985.010250
7.656758	427.416000	3985.215377
7.654342	427.438000	3985.420505
7.651926	427.460000	3985.625632
7.649510	427.482000	3985.830760
7.647093	427.504000	3986.035887
7.644675	427.526000	3986.241015
7.642256	427.548000	3986.446142
7.639837	427.570000	3986.651269
7.637418	427.592000	3986.856397
7.634997	427.614000	3987.061524
7.634557	427.618000	3987.098820
7.634117	427.622000	3987.136116
7.633677	427.626000	3987.173412
7.633237	427.630000	3987.210708
7.632797	427.634000	3987.248004
7.632356	427.638000	3987.285300
7.631916	427.642000	3987.322595
7.631476	427.646000	3987.359891
7.631036	427.650000	3987.397187
7.630595	427.654000	3987.434483
7.630155	427.658000	3987.471779
7.629715	427.662000	3987.509075
7.629274	427.666000	3987.546371
7.628834	427.670000	3987.583667
7.628394	427.674000	3987.620963
7.627953	427.678000	3987.658259
7.627513	427.682000	3987.695554
7.627072	427.686000	3987.732850
7.626632	427.690000	3987.770146
7.626191	427.694000	3987.807442
7.625751	427.698000	3987.844738
7.625310	427.702000	3987.882034
7.624870	427.706000	3987.919330
7.624429	427.710000	3987.956626
7.623989	427.714000	3987.993922
7.623548	427.718000	3988.031217
7.623107	427.722000	3988.068513
7.622667	427.726000	3988.105809
7.622226	427.730000	3988.143105
7.621785	427.734000	3988.180401
7.621345	427.738000	3988.217697
7.620904	427.742000	3988.254993
7.620463	427.746000	3988.292289
7.620022	427.750000	3988.329585
7.619581	427.754000	3988.366880
7.619141	427.758000	3988.404176
7.618700	427.762000	3988.441472
7.618259	427.766000	3988.478768
7.617818	427.770000	3988.516064
7.617377	427.774000	3988.553360
7.616936	427.778000	3988.590656
7.616495	427.782000	3988.627952
7.616054	427.786000	3988.665248
7.615613	427.790000	3988.702544
7.615172	427.794000	3988.739839
7.614731	427.798000	3988.777135
7.614290	427.802000	3988.814431
7.613849	427.806000	3988.851727
7.613408	427.810000	3988.889023
7.612967	427.814000	3988.926319
7.612526	427.818000	3988.963615
7.612085	427.822000	3989.000911
7.611643	427.826000	3989.038207
7.611202	427.830000	3989.075502
7.610761	427.834000	3989.112798
7.610320	427.838000	3989.150094
7.609879	427.842000	3989.187390
7.609437	427.846000	3989.224686
7.608996	427.850000	3989.261982
7.608555	427.854000	3989.299278
7.608113	427.858000	3989.336574
7.607672	427.862000	3989.373870
7.607231	427.866000	3989.411165
7.606789	427.870000	3989.448461
7.606348	427.874000	3989.485757
7.605906	427.878000	3989.523053
7.605465	427.882000	3989.560349
7.605023	427.886000	3989.597645
7.604582	427.890000	3989.634941
7.604140	427.894000	3989.672237
7.603699	427.898000	3989.709533
7.603257	427.902000	3989.746829
7.602816	427.906000	3989.784124
7.602374	427.910000	3989.821420
7.601933	427.914000	3989.858716
7.601491	427.918000	3989.896012
7.601049	427.922000	3989.933308
7.600608	427.926000	3989.970604
7.600166	427.930000	3990.007900
7.599724	427.934000	3990.045196
7.599282	427.938000	3990.082492
7.598841	427.942000	3990.119787
7.598399	427.946000	3990.157083
7.597957	427.950000	3990.194379
7.597515	427.954000	3990.231675
7.597073	427.958000	3990.268971
7.596632	427.962000	3990.306267
7.596190	427.966000	3990.343563
7.595748	427.970000	3990.380859
7.595306	427.974000	3990.418155
7.594864	427.978000	3990.455451
7.594422	427.982000	3990.492746
7.593980	427.986000	3990.530042
7.593538	427.990000	3990.567338
7.593096	427.994000	3990.604634
7.592654	427.998000	3990.641930
7.592212	428.002000	3990.679226
7.591770	428.006000	3990.716522
7.591328	428.010000	3990.753818
7.590885	428.014000	3990.791114
7.590443	428.018000	3990.828409
7.590001	428.022000	3990.865705
7.589559	428.026000	3990.903001
7.589117	428.030000	3990.940297
7.588674	428.034000	3990.977593
7.588232	428.038000	3991.014889
7.587790	428.042000	3991.052185
7.587348	428.046000	3991.089481
7.586905	428.050000	3991.126777
7.586463	428.054000	3991.164072
7.586021	428.058000	3991.201368
7.585578	428.062000	3991.238664
7.585136	428.066000	3991.275960
7.584693	428.070000	3991.313256
7.584251	428.074000	3991.350552
7.583808	428.078000	3991.387848
7.583366	428.082000	3991.425144
7.582923	428.086000	3991.462440
7.582481	428.090000	3991.499736
7.582038	428.094000	3991.537031
7.581596	428.098000	3991.574327
7.581153	428.102000	3991.611623
7.580711	428.106000	3991.648919
7.580268	428.110000	3991.686215
7.579825	428.114000	3991.723511
7.579383	428.118000	3991.760807
7.578940	428.122000	3991.798103
7.578497	428.126000	3991.835399
7.578055	428.130000	3991.872694
7.577612	428.134000	3991.909990
7.577169	428.138000	3991.947286
7.576726	428.142000	3991.984582
7.576283	428.146000	3992.021878
7.575841	428.150000	3992.059174
7.575398	428.154000	3992.096470
7.574955	428.158000	3992.133766
7.574512	428.162000	3992.171062
7.574069	428.166000	3992.208357
7.573626	428.170000	3992.245653
7.573183	428.174000	3992.282949
7.572740	428.178000	3992.320245
7.572297	428.182000	3992.357541
7.571854	428.186000	3992.394837
7.571411	428.190000	3992.432133
7.570968	428.194000	3992.469429
7.570525	428.198000	3992.506725
7.570082	428.202000	3992.544021
7.569639	428.206000	3992.581316
7.569196	428.210000	3992.618612
7.568752	428.214000	3992.655908
7.568309	428.218000	3992.693204
7.567866	428.222000	3992.730500
7.567423	428.226000	3992.767796
7.566979	428.230000	3992.805092
7.566536	428.234000	3992.842388
7.566093	428.238000	3992.879684
7.565650	428.242000	3992.916979
7.565206	428.246000	3992.954275
7.564763	428.250000	3992.991571
7.564320	428.254000	3993.028867
7.563876	428.258000	3993.066163
7.563433	428.262000	3993.103459
7.562989	428.266000	3993.140755
7.562546	428.270000	3993.178051
7.562102	428.274000	3993.215347
7.561659	428.278000	3993.252642
7.561215	428.282000	3993.289938
7.560772	428.286000	3993.327234
7.560328	428.290000	3993.364530
7.559885	428.294000	3993.401826
7.559441	428.298000	3993.439122
7.558997	428.302000	3993.476418
7.558554	428.306000	3993.513714
7.558110	428.310000	3993.551010
7.557666	428.314000	3993.588306
7.557223	428.318000	3993.625601
7.556779	428.322000	3993.662897
7.556335	428.326000	3993.700193
7.555892	428.330000	3993.737489
7.555448	428.334000	3993.774785
7.555004	428.338000	3993.812081
7.554560	428.342000	3993.849377
7.554116	428.346000	3993.886673
7.553672	428.350000	3993.923969
7.553228	428.354000	3993.961264
7.552785	428.358000	3993.998560
7.552341	428.362000	3994.035856
7.551897	428.366000	3994.073152
7.551453	428.370000	3994.110448
7.551009	428.374000	3994.147744
7.550565	428.378000	3994.185040
7.550121	428.382000	3994.222336
7.549677	428.386000	3994.259632
7.549232	428.390000	3994.296928
7.548788	428.394000	3994.334223
7.548344	428.398000	3994.371519
7.547900	428.402000	3994.408815
7.547456	428.406000	3994.446111
7.547012	428.410000	3994.483407
7.546568	428.414000	3994.520703
7.546123	428.418000	3994.557999
7.545679	428.422000	3994.595295
7.545235	428.426000	3994.632591
7.544791	428.430000	3994.669886
7.544346	428.434000	3994.707182
7.543902	428.438000	3994.744478
7.543458	428.442000	3994.781774
7.543013	428.446000	3994.819070
7.542569	428.450000	3994.856366
7.542124	428.454000	3994.893662
7.541680	428.458000	3994.930958
7.541235	428.462000	3994.968254
7.540791	428.466000	3995.005549
7.540346	428.470000	3995.042845
7.539902	428.474000	3995.080141
7.539457	428.478000	3995.117437
7.539013	428.482000	3995.154733
7.538568	428.486000	3995.192029
7.538124	428.490000	3995.229325
7.537679	428.494000	3995.266621
7.537234	428.498000	3995.303917
7.536790	428.502000	3995.341213
7.536345	428.506000	3995.378508
7.535900	428.510000	3995.415804
7.535456	428.514000	3995.453100
7.535011	428.518000	3995.490396
7.534566	428.522000	3995.527692
7.534121	428.526000	3995.564988
7.533676	428.530000	3995.602284
7.533232	428.534000	3995.639580
7.532787	428.538000	3995.676876
7.532342	428.542000	3995.714171
7.531897	428.546000	3995.751467
7.531452	428.550000	3995.788763
7.531007	428.554000	3995.826059
7.530562	428.558000	3995.863355
7.530117	428.562000	3995.900651
7.529672	428.566000	3995.937947
7.529227	428.570000	3995.975243
7.528782	428.574000	3996.012539
7.528337	428.578000	3996.049834
7.527892	428.582000	3996.087130
7.527447	428.586000	3996.124426
7.527002	428.590000	3996.161722
7.526557	428.594000	3996.199018
7.526111	428.598000	3996.236314
7.525666	428.602000	3996.273610
7.525221	428.606000	3996.310906
7.524776	428.610000	3996.348202
7.524331	428.614000	3996.385498
7.523885	428.618000	3996.422793
7.523440	428.622000	3996.460089
7.522995	428.626000	3996.497385
7.522549	428.630000	3996.534681
7.522104	428.634000	3996.571977
7.521659	428.638000	3996.609273
7.521213	428.642000	3996.646569
7.520768	428.646000	3996.683865
7.520322	428.650000	3996.721161
7.519877	428.654000	3996.758456
7.519431	428.658000	3996.795752
7.518986	428.662000	3996.833048
7.518540	428.666000	3996.870344
7.518095	428.670000	3996.907640
7.517649	428.674000	3996.944936
7.517204	428.678000	3996.982232
7.516758	428.682000	3997.019528
7.516312	428.686000	3997.056824
7.515867	428.690000	3997.094119
7.515421	428.694000	3997.131415
7.514975	428.698000	3997.168711
7.514530	428.702000	3997.206007
7.514084	428.706000	3997.243303
7.513638	428.710000	3997.280599
7.513192	428.714000	3997.317895
7.512747	428.718000	3997.355191
7.512301	428.722000	3997.392487
7.511855	428.726000	3997.429783
7.511409	428.730000	3997.467078
7.510963	428.734000	3997.504374
7.510517	428.738000	3997.541670
7.510071	428.742000	3997.578966
7.509625	428.746000	3997.616262
7.509179	428.750000	3997.653558
7.508733	428.754000	3997.690854
7.508287	428.758000	3997.728150
7.507841	428.762000	3997.765446
7.507395	428.766000	3997.802741
7.506949	428.770000	3997.840037
7.506503	428.774000	3997.877333
7.506057	428.778000	3997.914629
7.505611	428.782000	3997.951925
7.505165	428.786000	3997.989221
7.504719	428.790000	3998.026517
7.504272	428.794000	3998.063813
7.503826	428.798000	3998.101109
7.503380	428.802000	3998.138405
7.502934	428.806000	3998.175700
7.502487	428.810000	3998.212996
7.502041	428.814000	3998.250292
7.501595	428.818000	3998.287588
7.501148	428.822000	3998.324884
7.500702	428.826000	3998.362180
7.500256	428.830000	3998.399476
7.499809	428.834000	3998.436772
7.499363	428.838000	3998.474068
7.498916	428.842000	3998.511363
7.498470	428.846000	3998.548659
7.498023	428.850000	3998.585955
7.497577	428.854000	3998.623251
7.497130	428.858000	3998.660547
7.496684	428.862000	3998.697843
7.496237	428.866000	3998.735139
7.495790	428.870000	3998.772435
7.495344	428.874000	3998.809731
7.494897	428.878000	3998.847026
7.494450	428.882000	3998.884322
7.494004	428.886000	3998.921618
7.493557	428.890000	3998.958914
7.493110	428.894000	3998.996210
7.492664	428.898000	3999.033506
7.492217	428.902000	3999.070802
7.491770	428.906000	3999.108098
7.491323	428.910000	3999.145394
7.490876	428.914000	3999.182690
7.490429	428.918000	3999.219985
7.489983	428.922000	3999.257281
7.489536	428.926000	3999.294577
7.489089	428.930000	3999.331873
7.488642	428.934000	3999.369169
7.488195	428.938000	3999.406465
7.487748	428.942000	3999.443761
7.487301	428.946000	3999.481057
7.486854	428.950000	3999.518353
7.486407	428.954000	3999.555648
7.485960	428.958000	3999.592944
7.485513	428.962000	3999.630240
7.485065	428.966000	3999.667536
7.484618	428.970000	3999.704832
7.484171	428.974000	3999.742128
7.483724	428.978000	3999.779424
7.483277	428.982000	3999.816720
7.482830	428.986000	3999.854016
7.482382	428.990000	3999.891311
7.481935	428.994000	3999.928607
7.481488	428.998000	3999.965903
7.481040	429.002000	4000.003199
7.480593	429.006000	4000.040495
7.480146	429.010000	4000.077791
7.479698	429.014000	4000.115087
7.479251	429.018000	4000.152383
7.478804	429.022000	4000.189679
7.478356	429.026000	4000.226975
7.477909	429.030000	4000.264270
7.477461	429.034000	4000.301566
7.477014	429.038000	4000.338862
7.476566	429.042000	4000.376158
7.476119	429.046000	4000.413454
7.475671	429.050000	4000.450750
7.475224	429.054000	4000.488046
7.474776	429.058000	4000.525342
7.474328	429.062000	4000.562638
7.473881	429.066000	4000.599933
7.473433	429.070000	4000.637229
7.472985	429.074000	4000.674525
7.472538	429.078000	4000.711821
7.472090	429.082000	4000.749117
7.471642	429.086000	4000.786413
7.471194	429.090000	4000.823709
7.470746	429.094000	4000.861005
7.470299	429.098000	4000.898301
7.469851	429.102000	4000.935597
7.469403	429.106000	4000.972892
7.468955	429.110000	4001.010188
7.468507	429.114000	4001.047484
7.468059	429.118000	4001.084780
7.467611	429.122000	4001.122076
7.467163	429.126000	4001.159372
7.466715	429.130000	4001.196668
7.466267	429.134000	4001.233964
7.465819	429.138000	4001.271260
7.465371	429.142000	4001.308555
7.464923	429.146000	4001.345851
7.464475	429.150000	4001.383147
7.464027	429.154000	4001.420443
7.463579	429.158000	4001.457739
7.463131	429.162000	4001.495035
7.462682	429.166000	4001.532331
7.462234	429.170000	4001.569627
7.461786	429.174000	4001.606923
7.461338	429.178000	4001.644218
7.460889	429.182000	4001.681514
7.460441	429.186000	4001.718810
7.459993	429.190000	4001.756106
7.459544	429.194000	4001.793402
7.459096	429.198000	4001.830698
7.458648	429.202000	4001.867994
7.458199	429.206000	4001.905290
7.457751	429.210000	4001.942586
7.457302	429.214000	4001.979882
7.456854	429.218000	4002.017177
7.456406	429.222000	4002.054473
7.455957	429.226000	4002.091769
7.455508	429.230000	4002.129065
7.455060	429.234000	4002.166361
7.454611	429.238000	4002.203657
7.454163	429.242000	4002.240953
7.453714	429.246000	4002.278249
7.453266	429.250000	4002.315545
7.452817	429.254000	4002.352840
7.452368	429.258000	4002.390136
7.451919	429.262000	4002.427432
7.451471	429.266000	4002.464728
7.451022	429.270000	4002.502024
7.450573	429.274000	4002.539320
7.450124	429.278000	4002.576616
7.449676	429.282000	4002.613912
7.449227	429.286000	4002.651208
7.448778	429.290000	4002.688503
7.448329	429.294000	4002.725799
7.447880	429.298000	4002.763095
7.447431	429.302000	4002.800391
7.446982	429.306000	4002.837687
7.446533	429.310000	4002.874983
7.446084	429.314000	4002.912279
7.445635	429.318000	4002.949575
7.445186	429.322000	4002.986871
7.444737	429.326000	4003.024167
7.444288	429.330000	4003.061462
7.443839	429.334000	4003.098758
7.443390	429.338000	4003.136054
7.442941	429.342000	4003.173350
7.442492	429.346000	4003.210646
7.442043	429.350000	4003.247942
7.441593	429.354000	4003.285238
7.441144	429.358000	4003.322534
7.440695	429.362000	4003.359830
7.440246	429.366000	4003.397125
7.439796	429.370000	4003.434421
7.439347	429.374000	4003.471717
7.438898	429.378000	4003.509013
7.438448	429.382000	4003.546309
7.437999	429.386000	4003.583605
7.437550	429.390000	4003.620901
7.437100	429.394000	4003.658197
7.436651	429.398000	4003.695493
7.436201	429.402000	4003.732788
7.435752	429.406000	4003.770084
7.435302	429.410000	4003.807380
7.434853	429.414000	4003.844676
7.434403	429.418000	4003.881972
7.433954	429.422000	4003.919268
7.433504	429.426000	4003.956564
7.433054	429.430000	4003.993860
7.432605	429.434000	4004.031156
7.432155	429.438000	4004.068452
7.431706	429.442000	4004.105747
7.431256	429.446000	4004.143043
7.430806	429.450000	4004.180339
7.430356	429.454000	4004.217635
7.429907	429.458000	4004.254931
7.429457	429.462000	4004.292227
7.429007	429.466000	4004.329523
7.428557	429.470000	4004.366819
7.428107	429.474000	4004.404115
7.427657	429.478000	4004.441410
7.427208	429.482000	4004.478706
7.426758	429.486000	4004.516002
7.426308	429.490000	4004.553298
7.425858	429.494000	4004.590594
7.425408	429.498000	4004.627890
7.424958	429.502000	4004.665186
7.424508	429.506000	4004.702482
7.424058	429.510000	4004.739778
7.423608	429.514000	4004.777074
7.423158	429.518000	4004.814369
7.422707	429.522000	4004.851665
7.422257	429.526000	4004.888961
7.421807	429.530000	4004.926257
7.421357	429.534000	4004.963553
7.420907	429.538000	4005.000849
7.420457	429.542000	4005.038145
7.420006	429.546000	4005.075441
7.419556	429.550000	4005.112737
7.419106	429.554000	4005.150032
7.418655	429.558000	4005.187328
7.418205	429.562000	4005.224624
7.417755	429.566000	4005.261920
7.417304	429.570000	4005.299216
7.416854	429.574000	4005.336512
7.416404	429.578000	4005.373808
7.415953	429.582000	4005.411104
7.415503	429.586000	4005.448400
7.415052	429.590000	4005.485695
7.414602	429.594000	4005.522991
7.414151	429.598000	4005.560287
7.413701	429.602000	4005.597583
7.413250	429.606000	4005.634879
7.412800	429.610000	4005.672175
7.412349	429.614000	4005.709471
7.411898	429.618000	4005.746767
7.411448	429.622000	4005.784063
7.410997	429.626000	4005.821359
7.410546	429.630000	4005.858654
7.410096	429.634000	4005.895950
7.409645	429.638000	4005.933246
7.409194	429.642000	4005.970542
7.408743	429.646000	4006.007838
7.408292	429.650000	4006.045134
7.407842	429.654000	4006.082430
7.407391	429.658000	4006.119726
7.406940	429.662000	4006.157022
7.406489	429.666000	4006.194317
7.406038	429.670000	4006.231613
7.405587	429.674000	4006.268909
7.405136	429.678000	4006.306205
7.404685	429.682000	4006.343501
7.404234	429.686000	4006.380797
7.403783	429.690000	4006.418093
7.403332	429.694000	4006.455389
7.402881	429.698000	4006.492685
7.402430	429.702000	4006.529980
7.401979	429.706000	4006.567276
7.401528	429.710000	4006.604572
7.401077	429.714000	4006.641868
7.400625	429.718000	4006.679164
7.400174	429.722000	4006.716460
7.399723	429.726000	4006.753756
7.399272	429.730000	4006.791052
7.398820	429.734000	4006.828348
7.398369	429.738000	4006.865644
7.397918	429.742000	4006.902939
7.397466	429.746000	4006.940235
7.397015	429.750000	4006.977531
7.396564	429.754000	4007.014827
7.396112	429.758000	4007.052123
7.395661	429.762000	4007.089419
7.395210	429.766000	4007.126715
7.394758	429.770000	4007.164011
7.394307	429.774000	4007.201307
7.393855	429.778000	4007.238602
7.393404	429.782000	4007.275898
7.392952	429.786000	4007.313194
7.392500	429.790000	4007.350490
7.392049	429.794000	4007.387786
7.391597	429.798000	4007.425082
7.391146	429.802000	4007.462378
7.390694	429.806000	4007.499674
7.390242	429.810000	4007.536970
7.389790	429.814000	4007.574266
7.389339	429.818000	4007.611561
7.388887	429.822000	4007.648857
7.388435	429.826000	4007.686153
7.387983	429.830000	4007.723449
7.387532	429.834000	4007.760745
7.387080	429.838000	4007.798041
7.386628	429.842000	4007.835337
7.386176	429.846000	4007.872633
7.385724	429.850000	4007.909929
7.385272	429.854000	4007.947224
7.384820	429.858000	4007.984520
7.384368	429.862000	4008.021816
7.383916	429.866000	4008.059112
7.383464	429.870000	4008.096408
7.383012	429.874000	4008.133704
7.382560	429.878000	4008.171000
7.382108	429.882000	4008.208296
7.381656	429.886000	4008.245592
7.381204	429.890000	4008.282887
7.380752	429.894000	4008.320183
7.380300	429.898000	4008.357479
7.379847	429.902000	4008.394775
7.379395	429.906000	4008.432071
7.378943	429.910000	4008.469367
7.378491	429.914000	4008.506663
7.378038	429.918000	4008.543959
7.377586	429.922000	4008.581255
7.377134	429.926000	4008.618551
7.376681	429.930000	4008.655846
7.376229	429.934000	4008.693142
7.375777	429.938000	4008.730438
7.375324	429.942000	4008.767734
7.374872	429.946000	4008.805030
7.374419	429.950000	4008.842326
7.373967	429.954000	4008.879622
7.373514	429.958000	4008.916918
7.373062	429.962000	4008.954214
7.372609	429.966000	4008.991509
7.372157	429.970000	4009.028805
7.371704	429.974000	4009.066101
7.371252	429.978000	4009.103397
7.370799	429.982000	4009.140693
7.370346	429.986000	4009.177989
7.369894	429.990000	4009.215285
7.369441	429.994000	4009.252581
7.368988	429.998000	4009.289877
7.368535	430.002000	4009.327172
7.368083	430.006000	4009.364468
7.367630	430.010000	4009.401764
7.367177	430.014000	4009.439060
7.366724	430.018000	4009.476356
7.366271	430.022000	4009.513652
7.365818	430.026000	4009.550948
7.365366	430.030000	4009.588244
7.364913	430.034000	4009.625540
7.364460	430.038000	4009.662836
7.364007	430.042000	4009.700131
7.363554	430.046000	4009.737427
7.363101	430.050000	4009.774723
7.362648	430.054000	4009.812019
7.362195	430.058000	4009.849315
7.361742	430.062000	4009.886611
7.361288	430.066000	4009.923907
7.360835	430.070000	4009.961203
7.360382	430.074000	4009.998499
7.359929	430.078000	4010.035794
7.359476	430.082000	4010.073090
7.359023	430.086000	4010.110386
7.358569	430.090000	4010.147682
7.358116	430.094000	4010.184978
7.357663	430.098000	4010.222274
7.357210	430.102000	4010.259570
7.356756	430.106000	4010.296866
7.356303	430.110000	4010.334162
7.355850	430.114000	4010.371457
7.355396	430.118000	4010.408753
7.354943	430.122000	4010.446049
7.354489	430.126000	4010.483345
7.354036	430.130000	4010.520641
7.353582	430.134000	4010.557937
7.353129	430.138000	4010.595233
7.352675	430.142000	4010.632529
7.352222	430.146000	4010.669825
7.351768	430.150000	4010.707121
7.351315	430.154000	4010.744416
7.350861	430.158000	4010.781712
7.350407	430.162000	4010.819008
7.349954	430.166000	4010.856304
7.349500	430.170000	4010.893600
7.349046	430.174000	4010.930896
7.348593	430.178000	4010.968192
7.348139	430.182000	4011.005488
7.347685	430.186000	4011.042784
7.347231	430.190000	4011.080079
7.346778	430.194000	4011.117375
7.346324	430.198000	4011.154671
7.345870	430.202000	4011.191967
7.345416	430.206000	4011.229263
7.344962	430.210000	4011.266559
7.344508	430.214000	4011.303855
7.344054	430.218000	4011.341151
7.343600	430.222000	4011.378447
7.343146	430.226000	4011.415743
7.342692	430.230000	4011.453038
7.342238	430.234000	4011.490334
7.341784	430.238000	4011.527630
7.341330	430.242000	4011.564926
7.340876	430.246000	4011.602222
7.340422	430.250000	4011.639518
7.339968	430.254000	4011.676814
7.339513	430.258000	4011.714110
7.339059	430.262000	4011.751406
7.338605	430.266000	4011.788701
7.338151	430.270000	4011.825997
7.337697	430.274000	4011.863293
7.337242	430.278000	4011.900589
7.336788	430.282000	4011.937885
7.336334	430.286000	4011.975181
7.335879	430.290000	4012.012477
7.335425	430.294000	4012.049773
7.334971	430.298000	4012.087069
7.334516	430.302000	4012.124364
7.334062	430.306000	4012.161660
7.333607	430.310000	4012.198956
7.333153	430.314000	4012.236252
7.332698	430.318000	4012.273548
7.332244	430.322000	4012.310844
7.331789	430.326000	4012.348140
7.331335	430.330000	4012.385436
7.330880	430.334000	4012.422732
7.330425	430.338000	4012.460028
7.329971	430.342000	4012.497323
7.329516	430.346000	4012.534619
7.329061	430.350000	4012.571915
7.328607	430.354000	4012.609211
7.328152	430.358000	4012.646507
7.327697	430.362000	4012.683803
7.327242	430.366000	4012.721099
7.326788	430.370000	4012.758395
7.326333	430.374000	4012.795691
7.325878	430.378000	4012.832986
7.325423	430.382000	4012.870282
7.324968	430.386000	4012.907578
7.324513	430.390000	4012.944874
7.324058	430.394000	4012.982170
7.323603	430.398000	4013.019466
7.323148	430.402000	4013.056762
7.322693	430.406000	4013.094058
7.322238	430.410000	4013.131354
7.321783	430.414000	4013.168649
7.321328	430.418000	4013.205945
7.320873	430.422000	4013.243241
7.320418	430.426000	4013.280537
7.319963	430.430000	4013.317833
7.319508	430.434000	4013.355129
7.319053	430.438000	4013.392425
7.318597	430.442000	4013.429721
7.318142	430.446000	4013.467017
7.317687	430.450000	4013.504313
7.317232	430.454000	4013.541608
7.316776	430.458000	4013.578904
7.316321	430.462000	4013.616200
7.315866	430.466000	4013.653496
7.315410	430.470000	4013.690792
7.314955	430.474000	4013.728088
7.314500	430.478000	4013.765384
7.314044	430.482000	4013.802680
7.313589	430.486000	4013.839976
7.313133	430.490000	4013.877271
7.312678	430.494000	4013.914567
7.312222	430.498000	4013.951863
7.311767	430.502000	4013.989159
7.311311	430.506000	4014.026455
7.310856	430.510000	4014.063751
7.310400	430.514000	4014.101047
7.309944	430.518000	4014.138343
7.309489	430.522000	4014.175639
7.309033	430.526000	4014.212935
7.308577	430.530000	4014.250230
7.308122	430.534000	4014.287526
7.307666	430.538000	4014.324822
7.307210	430.542000	4014.362118
7.306754	430.546000	4014.399414
7.306298	430.550000	4014.436710
7.305843	430.554000	4014.474006
7.305387	430.558000	4014.511302
7.304931	430.562000	4014.548598
7.304475	430.566000	4014.585893
7.304019	430.570000	4014.623189
7.303563	430.574000	4014.660485
7.303107	430.578000	4014.697781
7.302651	430.582000	4014.735077
7.302195	430.586000	4014.772373
7.301739	430.590000	4014.809669
7.301283	430.594000	4014.846965
7.300827	430.598000	4014.884261
7.300371	430.602000	4014.921556
7.299915	430.606000	4014.958852
7.299459	430.610000	4014.996148
7.299002	430.614000	4015.033444
7.298546	430.618000	4015.070740
7.298090	430.622000	4015.108036
7.297634	430.626000	4015.145332
7.297177	430.630000	4015.182628
7.296721	430.634000	4015.219924
7.296265	430.638000	4015.257220
7.295808	430.642000	4015.294515
7.295352	430.646000	4015.331811
7.294896	430.650000	4015.369107
7.294439	430.654000	4015.406403
7.293983	430.658000	4015.443699
7.293526	430.662000	4015.480995
7.293070	430.666000	4015.518291
7.292613	430.670000	4015.555587
7.292157	430.674000	4015.592883
7.291700	430.678000	4015.630178
7.291244	430.682000	4015.667474
7.290787	430.686000	4015.704770
7.290331	430.690000	4015.742066
7.289874	430.694000	4015.779362
7.289417	430.698000	4015.816658
7.288961	430.702000	4015.853954
7.288504	430.706000	4015.891250
7.288047	430.710000	4015.928546
7.287591	430.714000	4015.965841
7.287134	430.718000	4016.003137
7.286677	430.722000	4016.040433
7.286220	430.726000	4016.077729
7.285763	430.730000	4016.115025
7.285307	430.734000	4016.152321
7.284850	430.738000	4016.189617
7.284393	430.742000	4016.226913
7.283936	430.746000	4016.264209
7.283479	430.750000	4016.301505
7.283022	430.754000	4016.338800
7.282565	430.758000	4016.376096
7.282108	430.762000	4016.413392
7.281651	430.766000	4016.450688
7.281194	430.770000	4016.487984
7.280737	430.774000	4016.525280
7.280280	430.778000	4016.562576
7.279822	430.782000	4016.599872
7.279365	430.786000	4016.637168
7.278908	430.790000	4016.674463
7.278451	430.794000	4016.711759
7.277994	430.798000	4016.749055
7.277536	430.802000	4016.786351
7.277079	430.806000	4016.823647
7.276622	430.810000	4016.860943
7.276165	430.814000	4016.898239
7.275707	430.818000	4016.935535
7.275250	430.822000	4016.972831
7.274792	430.826000	4017.010126
7.274335	430.830000	4017.047422
7.273878	430.834000	4017.084718
7.273420	430.838000	4017.122014
7.272963	430.842000	4017.159310
7.272505	430.846000	4017.196606
7.272048	430.850000	4017.233902
7.271590	430.854000	4017.271198
7.271133	430.858000	4017.308494
7.270675	430.862000	4017.345790
7.270217	430.866000	4017.383085
7.269760	430.870000	4017.420381
7.269302	430.874000	4017.457677
7.268844	430.878000	4017.494973
7.268387	430.882000	4017.532269
7.267929	430.886000	4017.569565
7.267471	430.890000	4017.606861
7.267013	430.894000	4017.644157
7.266556	430.898000	4017.681453
7.266098	430.902000	4017.718748
7.265640	430.906000	4017.756044
7.265182	430.910000	4017.793340
7.264724	430.914000	4017.830636
7.264266	430.918000	4017.867932
7.263808	430.922000	4017.905228
7.263350	430.926000	4017.942524
7.262892	430.930000	4017.979820
7.262434	430.934000	4018.017116
7.261976	430.938000	4018.054412
7.261518	430.942000	4018.091707
7.261060	430.946000	4018.129003
7.260602	430.950000	4018.166299
7.260144	430.954000	4018.203595
7.259686	430.958000	4018.240891
7.259228	430.962000	4018.278187
7.258770	430.966000	4018.315483
7.258311	430.970000	4018.352779
7.257853	430.974000	4018.390075
7.257395	430.978000	4018.427370
7.256937	430.982000	4018.464666
7.256478	430.986000	4018.501962
7.256020	430.990000	4018.539258
7.255562	430.994000	4018.576554
7.255103	430.998000	4018.613850
7.254645	431.002000	4018.651146
7.254187	431.006000	4018.688442
7.253728	431.010000	4018.725738
7.253270	431.014000	4018.763033
7.252811	431.018000	4018.800329
7.252353	431.022000	4018.837625
7.251894	431.026000	4018.874921
7.251436	431.030000	4018.912217
7.250977	431.034000	4018.949513
7.250518	431.038000	4018.986809
7.250060	431.042000	4019.024105
7.249601	431.046000	4019.061401
7.249142	431.050000	4019.098697
7.248684	431.054000	4019.135992
7.248225	431.058000	4019.173288
7.247766	431.062000	4019.210584
7.247308	431.066000	4019.247880
7.246849	431.070000	4019.285176
7.246390	431.074000	4019.322472
7.245931	431.078000	4019.359768
7.245472	431.082000	4019.397064
7.245013	431.086000	4019.434360
7.244554	431.090000	4019.471655
7.244096	431.094000	4019.508951
7.243637	431.098000	4019.546247
7.243178	431.102000	4019.583543
7.242719	431.106000	4019.620839
7.242260	431.110000	4019.658135
7.241801	431.114000	4019.695431
7.241341	431.118000	4019.732727
7.240882	431.122000	4019.770023
7.240423	431.126000	4019.807318
7.239964	431.130000	4019.844614
7.239505	431.134000	4019.881910
7.239046	431.138000	4019.919206
7.238587	431.142000	4019.956502
7.238127	431.146000	4019.993798
7.237668	431.150000	4020.031094
7.237209	431.154000	4020.068390
7.236750	431.158000	4020.105686
7.236290	431.162000	4020.142982
7.235831	431.166000	4020.180277
7.235372	431.170000	4020.217573
7.234912	431.174000	4020.254869
7.234453	431.178000	4020.292165
7.233993	431.182000	4020.329461
7.233534	431.186000	4020.366757
7.233074	431.190000	4020.404053
7.232615	431.194000	4020.441349
7.232155	431.198000	4020.478645
7.231696	431.202000	4020.515940
7.231236	431.206000	4020.553236
7.230777	431.210000	4020.590532
7.230317	431.214000	4020.627828
7.229857	431.218000	4020.665124
7.229398	431.222000	4020.702420
7.228938	431.226000	4020.739716
7.228478	431.230000	4020.777012
7.228019	431.234000	4020.814308
7.227559	431.238000	4020.851604
7.227099	431.242000	4020.888899
7.226639	431.246000	4020.926195
7.226179	431.250000	4020.963491
7.225720	431.254000	4021.000787
7.225260	431.258000	4021.038083
7.224800	431.262000	4021.075379
7.224340	431.266000	4021.112675
7.223880	431.270000	4021.149971
7.223420	431.274000	4021.187267
7.222960	431.278000	4021.224562
7.222500	431.282000	4021.261858
7.222040	431.286000	4021.299154
7.221580	431.290000	4021.336450
7.221120	431.294000	4021.373746
7.220660	431.298000	4021.411042
7.220200	431.302000	4021.448338
7.219739	431.306000	4021.485634
7.219279	431.310000	4021.522930
7.218819	431.314000	4021.560225
7.218359	431.318000	4021.597521
7.217899	431.322000	4021.634817
7.217438	431.326000	4021.672113
7.216978	431.330000	4021.709409
7.216518	431.334000	4021.746705
7.216057	431.338000	4021.784001
7.215597	431.342000	4021.821297
7.215137	431.346000	4021.858593
7.214676	431.350000	4021.895889
7.214216	431.354000	4021.933184
7.213755	431.358000	4021.970480
7.213295	431.362000	4022.007776
7.212834	431.366000	4022.045072
7.212374	431.370000	4022.082368
7.211913	431.374000	4022.119664
7.211453	431.378000	4022.156960
7.210992	431.382000	4022.194256
7.210531	431.386000	4022.231552
7.210071	431.390000	4022.268847
7.209610	431.394000	4022.306143
7.209149	431.398000	4022.343439
7.208689	431.402000	4022.380735
7.208228	431.406000	4022.418031
7.207767	431.410000	4022.455327
7.207306	431.414000	4022.492623
7.206846	431.418000	4022.529919
7.206385	431.422000	4022.567215
7.205924	431.426000	4022.604510
7.205463	431.430000	4022.641806
7.205002	431.434000	4022.679102
7.204541	431.438000	4022.716398
7.204080	431.442000	4022.753694
7.203619	431.446000	4022.790990
7.203158	431.450000	4022.828286
7.202697	431.454000	4022.865582
7.202236	431.458000	4022.902878
7.201775	431.462000	4022.940174
7.201314	431.466000	4022.977469
7.200853	431.470000	4023.014765
7.200392	431.474000	4023.052061
7.199931	431.478000	4023.089357
7.199469	431.482000	4023.126653
7.199008	431.486000	4023.163949
7.198547	431.490000	4023.201245
7.198086	431.494000	4023.238541
7.197624	431.498000	4023.275837
7.197163	431.502000	4023.313132
7.196702	431.506000	4023.350428
7.196240	431.510000	4023.387724
7.195779	431.514000	4023.425020
7.195318	431.518000	4023.462316
7.194856	431.522000	4023.499612
7.194395	431.526000	4023.536908
7.193933	431.530000	4023.574204
7.193472	431.534000	4023.611500
7.193010	431.538000	4023.648795
7.192549	431.542000	4023.686091
7.192087	431.546000	4023.723387
7.191626	431.550000	4023.760683
7.191164	431.554000	4023.797979
7.190702	431.558000	4023.835275
7.190241	431.562000	4023.872571
7.189779	431.566000	4023.909867
7.189317	431.570000	4023.947163
7.188856	431.574000	4023.984459
7.188394	431.578000	4024.021754
7.187932	431.582000	4024.059050
7.187470	431.586000	4024.096346
7.187009	431.590000	4024.133642
7.186547	431.594000	4024.170938
7.186085	431.598000	4024.208234
7.185623	431.602000	4024.245530
7.185161	431.606000	4024.282826
7.184699	431.610000	4024.320122
7.184237	431.614000	4024.357417
7.183775	431.618000	4024.394713
7.183313	431.622000	4024.432009
7.182851	431.626000	4024.469305
7.182389	431.630000	4024.506601
7.181927	431.634000	4024.543897
7.181465	431.638000	4024.581193
7.181003	431.642000	4024.618489
7.180541	431.646000	4024.655785
7.180078	431.650000	4024.693081
7.179616	431.654000	4024.730376
7.179154	431.658000	4024.767672
7.178692	431.662000	4024.804968
7.178230	431.666000	4024.842264
7.177767	431.670000	4024.879560
7.177305	431.674000	4024.916856
7.176843	431.678000	4024.954152
7.176380	431.682000	4024.991448
7.175918	431.686000	4025.028744
7.175455	431.690000	4025.066039
7.174993	431.694000	4025.103335
7.174531	431.698000	4025.140631
7.174068	431.702000	4025.177927
7.173606	431.706000	4025.215223
7.173143	431.710000	4025.252519
7.172680	431.714000	4025.289815
7.172218	431.718000	4025.327111
7.171755	431.722000	4025.364407
7.171293	431.726000	4025.401702
7.170830	431.730000	4025.438998
7.170367	431.734000	4025.476294
7.169905	431.738000	4025.513590
7.169442	431.742000	4025.550886
7.168979	431.746000	4025.588182
7.168516	431.750000	4025.625478
7.168054	431.754000	4025.662774
7.167591	431.758000	4025.700070
7.167128	431.762000	4025.737366
7.166665	431.766000	4025.774661
7.166202	431.770000	4025.811957
7.165739	431.774000	4025.849253
7.165276	431.778000	4025.886549
7.164813	431.782000	4025.923845
7.164350	431.786000	4025.961141
7.163887	431.790000	4025.998437
7.163424	431.794000	4026.035733
7.162961	431.798000	4026.073029
7.162498	431.802000	4026.110324
7.162035	431.806000	4026.147620
7.161572	431.810000	4026.184916
7.161109	431.814000	4026.222212
7.160646	431.818000	4026.259508
7.160183	431.822000	4026.296804
7.159719	431.826000	4026.334100
7.159256	431.830000	4026.371396
7.158793	431.834000	4026.408692
7.158330	431.838000	4026.445987
7.157866	431.842000	4026.483283
7.157403	431.846000	4026.520579
7.156940	431.850000	4026.557875
7.156476	431.854000	4026.595171
7.156013	431.858000	4026.632467
7.155549	431.862000	4026.669763
7.155086	431.866000	4026.707059
7.154622	431.870000	4026.744355
7.154159	431.874000	4026.781651
7.153695	431.878000	4026.818946
7.153232	431.882000	4026.856242
7.152768	431.886000	4026.893538
7.152305	431.890000	4026.930834
7.151841	431.894000	4026.968130
7.151377	431.898000	4027.005426
7.150914	431.902000	4027.042722
7.150450	431.906000	4027.080018
7.149986	431.910000	4027.117314
7.149523	431.914000	4027.154609
7.149059	431.918000	4027.191905
7.148595	431.922000	4027.229201
7.148131	431.926000	4027.266497
7.147667	431.930000	4027.303793
7.147203	431.934000	4027.341089
7.146740	431.938000	4027.378385
7.146276	431.942000	4027.415681
7.145812	431.946000	4027.452977
7.145348	431.950000	4027.490272
7.144884	431.954000	4027.527568
7.144420	431.958000	4027.564864
7.143956	431.962000	4027.602160
7.143492	431.966000	4027.639456
7.143028	431.970000	4027.676752
7.142564	431.974000	4027.714048
7.142099	431.978000	4027.751344
7.141635	431.982000	4027.788640
7.141171	431.986000	4027.825936
7.140707	431.990000	4027.863231
7.140243	431.994000	4027.900527
7.139778	431.998000	4027.937823
7.139314	432.002000	4027.975119
7.138850	432.006000	4028.012415
7.138386	432.010000	4028.049711
7.137921	432.014000	4028.087007
7.137457	432.018000	4028.124303
7.136992	432.022000	4028.161599
7.136528	432.026000	4028.198894
7.136064	432.030000	4028.236190
7.135599	432.034000	4028.273486
7.135135	432.038000	4028.310782
7.134670	432.042000	4028.348078
7.134206	432.046000	4028.385374
7.133741	432.050000	4028.422670
7.133276	432.054000	4028.459966
7.132812	432.058000	4028.497262
7.132347	432.062000	4028.534558
7.131883	432.066000	4028.571853
7.131418	432.070000	4028.609149
7.130953	432.074000	4028.646445
7.130488	432.078000	4028.683741
7.130024	432.082000	4028.721037
7.129559	432.086000	4028.758333
7.129094	432.090000	4028.795629
7.128629	432.094000	4028.832925
7.128164	432.098000	4028.870221
7.127700	432.102000	4028.907516
7.127235	432.106000	4028.944812
7.126770	432.110000	4028.982108
7.126305	432.114000	4029.019404
7.125840	432.118000	4029.056700
7.125375	432.122000	4029.093996
7.124910	432.126000	4029.131292
7.124445	432.130000	4029.168588
7.123980	432.134000	4029.205884
7.123515	432.138000	4029.243179
7.123050	432.142000	4029.280475
7.122584	432.146000	4029.317771
7.122119	432.150000	4029.355067
7.121654	432.154000	4029.392363
7.121189	432.158000	4029.429659
7.120724	432.162000	4029.466955
7.120258	432.166000	4029.504251
7.119793	432.170000	4029.541547
7.119328	432.174000	4029.578843
7.118863	432.178000	4029.616138
7.118397	432.182000	4029.653434
7.117932	432.186000	4029.690730
7.117466	432.190000	4029.728026
7.117001	432.194000	4029.765322
7.116536	432.198000	4029.802618
7.116070	432.202000	4029.839914
7.115605	432.206000	4029.877210
7.115139	432.210000	4029.914506
7.114673	432.214000	4029.951801
7.114208	432.218000	4029.989097
7.113742	432.222000	4030.026393
7.113277	432.226000	4030.063689
7.112811	432.230000	4030.100985
7.112345	432.234000	4030.138281
7.111880	432.238000	4030.175577
7.111414	432.242000	4030.212873
7.110948	432.246000	4030.250169
7.110482	432.250000	4030.287464
7.110017	432.254000	4030.324760
7.109551	432.258000	4030.362056
7.109085	432.262000	4030.399352
7.108619	432.266000	4030.436648
7.108153	432.270000	4030.473944
7.107687	432.274000	4030.511240
7.107221	432.278000	4030.548536
7.106755	432.282000	4030.585832
7.106290	432.286000	4030.623128
7.105824	432.290000	4030.660423
7.105357	432.294000	4030.697719
7.104891	432.298000	4030.735015
7.104425	432.302000	4030.772311
7.103959	432.306000	4030.809607
7.103493	432.310000	4030.846903
7.103027	432.314000	4030.884199
7.102561	432.318000	4030.921495
7.102095	432.322000	4030.958791
7.101628	432.326000	4030.996086
7.101162	432.330000	4031.033382
7.100696	432.334000	4031.070678
7.100230	432.338000	4031.107974
7.099763	432.342000	4031.145270
7.099297	432.346000	4031.182566
7.098831	432.350000	4031.219862
7.098364	432.354000	4031.257158
7.097898	432.358000	4031.294454
7.097431	432.362000	4031.331750
7.096965	432.366000	4031.369045
7.096498	432.370000	4031.406341
7.096032	432.374000	4031.443637
7.095565	432.378000	4031.480933
7.095099	432.382000	4031.518229
7.094632	432.386000	4031.555525
7.094165	432.390000	4031.592821
7.093699	432.394000	4031.630117
7.093232	432.398000	4031.667413
7.092765	432.402000	4031.704708
7.092299	432.406000	4031.742004
7.091832	432.410000	4031.779300
7.091365	432.414000	4031.816596
7.090898	432.418000	4031.853892
7.090432	432.422000	4031.891188
7.089965	432.426000	4031.928484
7.089498	432.430000	4031.965780
7.089031	432.434000	4032.003076
7.088564	432.438000	4032.040371
7.088097	432.442000	4032.077667
7.087630	432.446000	4032.114963
7.087163	432.450000	4032.152259
7.086696	432.454000	4032.189555
7.086229	432.458000	4032.226851
7.085762	432.462000	4032.264147
7.085295	432.466000	4032.301443
7.084828	432.470000	4032.338739
7.084361	432.474000	4032.376035
7.083894	432.478000	4032.413330
7.083427	432.482000	4032.450626
7.082959	432.486000	4032.487922
7.082492	432.490000	4032.525218
7.082025	432.494000	4032.562514
7.081558	432.498000	4032.599810
7.081090	432.502000	4032.637106
7.080623	432.506000	4032.674402
7.080156	432.510000	4032.711698
7.079688	432.514000	4032.748993
7.079221	432.518000	4032.786289
7.078754	432.522000	4032.823585
7.078286	432.526000	4032.860881
7.077819	432.530000	4032.898177
7.077351	432.534000	4032.935473
7.076884	432.538000	4032.972769
7.076416	432.542000	4033.010065
7.075949	432.546000	4033.047361
7.075481	432.550000	4033.084656
7.075013	432.554000	4033.121952
7.074546	432.558000	4033.159248
7.074078	432.562000	4033.196544
7.073610	432.566000	4033.233840
7.073143	432.570000	4033.271136
7.072675	432.574000	4033.308432
7.072207	432.578000	4033.345728
7.071739	432.582000	4033.383024
7.071272	432.586000	4033.420320
7.070804	432.590000	4033.457615
7.070336	432.594000	4033.494911
7.069868	432.598000	4033.532207
7.069400	432.602000	4033.569503
7.068932	432.606000	4033.606799
7.068464	432.610000	4033.644095
7.067996	432.614000	4033.681391
7.067528	432.618000	4033.718687
7.067060	432.622000	4033.755983
7.066592	432.626000	4033.793278
7.066124	432.630000	4033.830574
7.065656	432.634000	4033.867870
7.065188	432.638000	4033.905166
7.064720	432.642000	4033.942462
7.064251	432.646000	4033.979758
7.063783	432.650000	4034.017054
7.063315	432.654000	4034.054350
7.062847	432.658000	4034.091646
7.062378	432.662000	4034.128941
7.061910	432.666000	4034.166237
7.061442	432.670000	4034.203533
7.060973	432.674000	4034.240829
7.060505	432.678000	4034.278125
7.060037	432.682000	4034.315421
7.059568	432.686000	4034.352717
7.059100	432.690000	4034.390013
7.058631	432.694000	4034.427309
7.058163	432.698000	4034.464605
7.057694	432.702000	4034.501900
7.057226	432.706000	4034.539196
7.056757	432.710000	4034.576492
7.056289	432.714000	4034.613788
7.055820	432.718000	4034.651084
7.055351	432.722000	4034.688380
7.054883	432.726000	4034.725676
7.054414	432.730000	4034.762972
7.053945	432.734000	4034.800268
7.053476	432.738000	4034.837563
7.053008	432.742000	4034.874859
7.052539	432.746000	4034.912155
7.052070	432.750000	4034.949451
7.051601	432.754000	4034.986747
7.051132	432.758000	4035.024043
7.050663	432.762000	4035.061339
7.050194	432.766000	4035.098635
7.049726	432.770000	4035.135931
7.049257	432.774000	4035.173227
7.048788	432.778000	4035.210522
7.048319	432.782000	4035.247818
7.047850	432.786000	4035.285114
7.047380	432.790000	4035.322410
7.046911	432.794000	4035.359706
7.046442	432.798000	4035.397002
7.045973	432.802000	4035.434298
7.045504	432.806000	4035.471594
7.045035	432.810000	4035.508890
7.044566	432.814000	4035.546185
7.044096	432.818000	4035.583481
7.043627	432.822000	4035.620777
7.043158	432.826000	4035.658073
7.042688	432.830000	4035.695369
7.042219	432.834000	4035.732665
7.041750	432.838000	4035.769961
7.041280	432.842000	4035.807257
7.040811	432.846000	4035.844553
7.040341	432.850000	4035.881848
7.039872	432.854000	4035.919144
7.039402	432.858000	4035.956440
7.038933	432.862000	4035.993736
7.038463	432.866000	4036.031032
7.037994	432.870000	4036.068328
7.037524	432.874000	4036.105624
7.037055	432.878000	4036.142920
7.036585	432.882000	4036.180216
7.036115	432.886000	4036.217512
7.035646	432.890000	4036.254807
7.035176	432.894000	4036.292103
7.034706	432.898000	4036.329399
7.034236	432.902000	4036.366695
7.033767	432.906000	4036.403991
7.033297	432.910000	4036.441287
7.032827	432.914000	4036.478583
7.032357	432.918000	4036.515879
7.031887	432.922000	4036.553175
7.031417	432.926000	4036.590470
7.030947	432.930000	4036.627766
7.030477	432.934000	4036.665062
7.030007	432.938000	4036.702358
7.029537	432.942000	4036.739654
7.029067	432.946000	4036.776950
7.028597	432.950000	4036.814246
7.028127	432.954000	4036.851542
7.027657	432.958000	4036.888838
7.027187	432.962000	4036.926133
7.026717	432.966000	4036.963429
7.026247	432.970000	4037.000725
7.025776	432.974000	4037.038021
7.025306	432.978000	4037.075317
7.024836	432.982000	4037.112613
7.024366	432.986000	4037.149909
7.023895	432.990000	4037.187205
7.023425	432.994000	4037.224501
7.022955	432.998000	4037.261797
7.022484	433.002000	4037.299092
7.022014	433.006000	4037.336388
7.021543	433.010000	4037.373684
7.021073	433.014000	4037.410980
7.020602	433.018000	4037.448276
7.020132	433.022000	4037.485572
7.019661	433.026000	4037.522868
7.019191	433.030000	4037.560164
7.018720	433.034000	4037.597460
7.018250	433.038000	4037.634755
7.017779	433.042000	4037.672051
7.017308	433.046000	4037.709347
7.016838	433.050000	4037.746643
7.016367	433.054000	4037.783939
7.015896	433.058000	4037.821235
7.015425	433.062000	4037.858531
7.014955	433.066000	4037.895827
7.014484	433.070000	4037.933123
7.014013	433.074000	4037.970419
7.013542	433.078000	4038.007714
7.013071	433.082000	4038.045010
7.012600	433.086000	4038.082306
7.012129	433.090000	4038.119602
7.011658	433.094000	4038.156898
7.011187	433.098000	4038.194194
7.010716	433.102000	4038.231490
7.010245	433.106000	4038.268786
7.009774	433.110000	4038.306082
7.009303	433.114000	4038.343377
7.008832	433.118000	4038.380673
7.008361	433.122000	4038.417969
7.007890	433.126000	4038.455265
7.007419	433.130000	4038.492561
7.006947	433.134000	4038.529857
7.006476	433.138000	4038.567153
7.006005	433.142000	4038.604449
7.005534	433.146000	4038.641745
7.005062	433.150000	4038.679040
7.004591	433.154000	4038.716336
7.004120	433.158000	4038.753632
7.003648	433.162000	4038.790928
7.003177	433.166000	4038.828224
7.002705	433.170000	4038.865520
7.002234	433.174000	4038.902816
7.001762	433.178000	4038.940112
7.001291	433.182000	4038.977408
7.000819	433.186000	4039.014704
7.000348	433.190000	4039.051999
6.999876	433.194000	4039.089295
6.999405	433.198000	4039.126591
6.998933	433.202000	4039.163887
6.998461	433.206000	4039.201183
6.997990	433.210000	4039.238479
6.997518	433.214000	4039.275775
6.997046	433.218000	4039.313071
6.996574	433.222000	4039.350367
6.996103	433.226000	4039.387662
6.995631	433.230000	4039.424958
6.995159	433.234000	4039.462254
6.994687	433.238000	4039.499550
6.994215	433.242000	4039.536846
6.993743	433.246000	4039.574142
6.993271	433.250000	4039.611438
6.992799	433.254000	4039.648734
6.992327	433.258000	4039.686030
6.991855	433.262000	4039.723325
6.991383	433.266000	4039.760621
6.990911	433.270000	4039.797917
6.990439	433.274000	4039.835213
6.989967	433.278000	4039.872509
6.989495	433.282000	4039.909805
6.989023	433.286000	4039.947101
6.988550	433.290000	4039.984397
6.988078	433.294000	4040.021693
6.987606	433.298000	4040.058989
6.987134	433.302000	4040.096284
6.986661	433.306000	4040.133580
6.986189	433.310000	4040.170876
6.985717	433.314000	4040.208172
6.985244	433.318000	4040.245468
6.984772	433.322000	4040.282764
6.984299	433.326000	4040.320060
6.983827	433.330000	4040.357356
6.983355	433.334000	4040.394652
6.982882	433.338000	4040.431947
6.982410	433.342000	4040.469243
6.981937	433.346000	4040.506539
6.981464	433.350000	4040.543835
6.980992	433.354000	4040.581131
6.980519	433.358000	4040.618427
6.980046	433.362000	4040.655723
6.979574	433.366000	4040.693019
6.979101	433.370000	4040.730315
6.978628	433.374000	4040.767610
6.978156	433.378000	4040.804906
6.977683	433.382000	4040.842202
6.977210	433.386000	4040.879498
6.976737	433.390000	4040.916794
6.976264	433.394000	4040.954090
6.975791	433.398000	4040.991386
6.975319	433.402000	4041.028682
6.974846	433.406000	4041.065978
6.974373	433.410000	4041.103274
6.973900	433.414000	4041.140569
6.973427	433.418000	4041.177865
6.972954	433.422000	4041.215161
6.972481	433.426000	4041.252457
6.972008	433.430000	4041.289753
6.971534	433.434000	4041.327049
6.971061	433.438000	4041.364345
6.970588	433.442000	4041.401641
6.970115	433.446000	4041.438937
6.969642	433.450000	4041.476232
6.969168	433.454000	4041.513528
6.968695	433.458000	4041.550824
6.968222	433.462000	4041.588120
6.967749	433.466000	4041.625416
6.967275	433.470000	4041.662712
6.966802	433.474000	4041.700008
6.966328	433.478000	4041.737304
6.965855	433.482000	4041.774600
6.965382	433.486000	4041.811896
6.964908	433.490000	4041.849191
6.964435	433.494000	4041.886487
6.963961	433.498000	4041.923783
6.963488	433.502000	4041.961079
6.963014	433.506000	4041.998375
6.962540	433.510000	4042.035671
6.962067	433.514000	4042.072967
6.961593	433.518000	4042.110263
6.961120	433.522000	4042.147559
6.960646	433.526000	4042.184854
6.960172	433.530000	4042.222150
6.959698	433.534000	4042.259446
6.959225	433.538000	4042.296742
6.958751	433.542000	4042.334038
6.958277	433.546000	4042.371334
6.957803	433.550000	4042.408630
6.957329	433.554000	4042.445926
6.956855	433.558000	4042.483222
6.956381	433.562000	4042.520517
6.955907	433.566000	4042.557813
6.955433	433.570000	4042.595109
6.954959	433.574000	4042.632405
6.954485	433.578000	4042.669701
6.954011	433.582000	4042.706997
6.953537	433.586000	4042.744293
6.953063	433.590000	4042.781589
6.952589	433.594000	4042.818885
6.952115	433.598000	4042.856181
6.951641	433.602000	4042.893476
6.951167	433.606000	4042.930772
6.950692	433.610000	4042.968068
6.950218	433.614000	4043.005364
6.949744	433.618000	4043.042660
6.949269	433.622000	4043.079956
6.948795	433.626000	4043.117252
6.948321	433.630000	4043.154548
6.947846	433.634000	4043.191844
6.947372	433.638000	4043.229139
6.946897	433.642000	4043.266435
6.946423	433.646000	4043.303731
6.945949	433.650000	4043.341027
6.945474	433.654000	4043.378323
6.944999	433.658000	4043.415619
6.944525	433.662000	4043.452915
6.944050	433.666000	4043.490211
6.943576	433.670000	4043.527507
6.943101	433.674000	4043.564802
6.942626	433.678000	4043.602098
6.942152	433.682000	4043.639394
6.941677	433.686000	4043.676690
6.941202	433.690000	4043.713986
6.940727	433.694000	4043.751282
6.940253	433.698000	4043.788578
6.939778	433.702000	4043.825874
6.939303	433.706000	4043.863170
6.938828	433.710000	4043.900466
6.938353	433.714000	4043.937761
6.937878	433.718000	4043.975057
6.937403	433.722000	4044.012353
6.936928	433.726000	4044.049649
6.936453	433.730000	4044.086945
6.935978	433.734000	4044.124241
6.935503	433.738000	4044.161537
6.935028	433.742000	4044.198833
6.934553	433.746000	4044.236129
6.934078	433.750000	4044.273424
6.933603	433.754000	4044.310720
6.933128	433.758000	4044.348016
6.932652	433.762000	4044.385312
6.932177	433.766000	4044.422608
6.931702	433.770000	4044.459904
6.931227	433.774000	4044.497200
6.930751	433.778000	4044.534496
6.930276	433.782000	4044.571792
6.929801	433.786000	4044.609088
6.929325	433.790000	4044.646383
6.928850	433.794000	4044.683679
6.928374	433.798000	4044.720975
6.927899	433.802000	4044.758271
6.927423	433.806000	4044.795567
6.926948	433.810000	4044.832863
6.926472	433.814000	4044.870159
6.925997	433.818000	4044.907455
6.925521	433.822000	4044.944751
6.925045	433.826000	4044.982046
6.924570	433.830000	4045.019342
6.924094	433.834000	4045.056638
6.923618	433.838000	4045.093934
6.923143	433.842000	4045.131230
6.922667	433.846000	4045.168526
6.922191	433.850000	4045.205822
6.921715	433.854000	4045.243118
6.921240	433.858000	4045.280414
6.920764	433.862000	4045.317709
6.920288	433.866000	4045.355005
6.919812	433.870000	4045.392301
6.919336	433.874000	4045.429597
6.918860	433.878000	4045.466893
6.918384	433.882000	4045.504189
6.917908	433.886000	4045.541485
6.917432	433.890000	4045.578781
6.916956	433.894000	4045.616077
6.916480	433.898000	4045.653373
6.916004	433.902000	4045.690668
6.915528	433.906000	4045.727964
6.915051	433.910000	4045.765260
6.914575	433.914000	4045.802556
6.914099	433.918000	4045.839852
6.913623	433.922000	4045.877148
6.913146	433.926000	4045.914444
6.912670	433.930000	4045.951740
6.912194	433.934000	4045.989036
6.911717	433.938000	4046.026331
6.911241	433.942000	4046.063627
6.910765	433.946000	4046.100923
6.910288	433.950000	4046.138219
6.909812	433.954000	4046.175515
6.909335	433.958000	4046.212811
6.908859	433.962000	4046.250107
6.908382	433.966000	4046.287403
6.907906	433.970000	4046.324699
6.907429	433.974000	4046.361994
6.906952	433.978000	4046.399290
6.906476	433.982000	4046.436586
6.905999	433.986000	4046.473882
6.905523	433.990000	4046.511178
6.905046	433.994000	4046.548474
6.904569	433.998000	4046.585770
6.904092	434.002000	4046.623066
6.903615	434.006000	4046.660362
6.903139	434.010000	4046.697658
6.902662	434.014000	4046.734953
6.902185	434.018000	4046.772249
6.901708	434.022000	4046.809545
6.901231	434.026000	4046.846841
6.900754	434.030000	4046.884137
6.900277	434.034000	4046.921433
6.899800	434.038000	4046.958729
6.899323	434.042000	4046.996025
6.898846	434.046000	4047.033321
6.898369	434.050000	4047.070616
6.897892	434.054000	4047.107912
6.897415	434.058000	4047.145208
6.896938	434.062000	4047.182504
6.896460	434.066000	4047.219800
6.895983	434.070000	4047.257096
6.895506	434.074000	4047.294392
6.895029	434.078000	4047.331688
6.894551	434.082000	4047.368984
6.894074	434.086000	4047.406279
6.893597	434.090000	4047.443575
6.893119	434.094000	4047.480871
6.892642	434.098000	4047.518167
6.892165	434.102000	4047.555463
6.891687	434.106000	4047.592759
6.891210	434.110000	4047.630055
6.890732	434.114000	4047.667351
6.890255	434.118000	4047.704647
6.889777	434.122000	4047.741943
6.889300	434.126000	4047.779238
6.888822	434.130000	4047.816534
6.888344	434.134000	4047.853830
6.887867	434.138000	4047.891126
6.887389	434.142000	4047.928422
6.886911	434.146000	4047.965718
6.886434	434.150000	4048.003014
6.885956	434.154000	4048.040310
6.885478	434.158000	4048.077606
6.885000	434.162000	4048.114901
6.884522	434.166000	4048.152197
6.884044	434.170000	4048.189493
6.883567	434.174000	4048.226789
6.883089	434.178000	4048.264085
6.882611	434.182000	4048.301381
6.882133	434.186000	4048.338677
6.881655	434.190000	4048.375973
6.881177	434.194000	4048.413269
6.880699	434.198000	4048.450565
6.880221	434.202000	4048.487860
6.879742	434.206000	4048.525156
6.879264	434.210000	4048.562452
6.878786	434.214000	4048.599748
6.878308	434.218000	4048.637044
6.877830	434.222000	4048.674340
6.877352	434.226000	4048.711636
6.876873	434.230000	4048.748932
6.876395	434.234000	4048.786228
6.875917	434.238000	4048.823523
6.875438	434.242000	4048.860819
6.874960	434.246000	4048.898115
6.874482	434.250000	4048.935411
6.874003	434.254000	4048.972707
6.873525	434.258000	4049.010003
6.873046	434.262000	4049.047299
6.872568	434.266000	4049.084595
6.872089	434.270000	4049.121891
6.871611	434.274000	4049.159186
6.871132	434.278000	4049.196482
6.870654	434.282000	4049.233778
6.870175	434.286000	4049.271074
6.869696	434.290000	4049.308370
6.869218	434.294000	4049.345666
6.868739	434.298000	4049.382962
6.868260	434.302000	4049.420258
6.867781	434.306000	4049.457554
6.867303	434.310000	4049.494850
6.866824	434.314000	4049.532145
6.866345	434.318000	4049.569441
6.865866	434.322000	4049.606737
6.865387	434.326000	4049.644033
6.864908	434.330000	4049.681329
6.864429	434.334000	4049.718625
6.863950	434.338000	4049.755921
6.863471	434.342000	4049.793217
6.862992	434.346000	4049.830513
6.862513	434.350000	4049.867808
6.862034	434.354000	4049.905104
6.861555	434.358000	4049.942400
6.861076	434.362000	4049.979696
6.860597	434.366000	4050.016992
6.860118	434.370000	4050.054288
6.859638	434.374000	4050.091584
6.859159	434.378000	4050.128880
6.858680	434.382000	4050.166176
6.858201	434.386000	4050.203471
6.857721	434.390000	4050.240767
6.857242	434.394000	4050.278063
6.856763	434.398000	4050.315359
6.856283	434.402000	4050.352655
6.855804	434.406000	4050.389951
6.855324	434.410000	4050.427247
6.854845	434.414000	4050.464543
6.854365	434.418000	4050.501839
6.853886	434.422000	4050.539135
6.853406	434.426000	4050.576430
6.852927	434.430000	4050.613726
6.852447	434.434000	4050.651022
6.851967	434.438000	4050.688318
6.851488	434.442000	4050.725614
6.851008	434.446000	4050.762910
6.850528	434.450000	4050.800206
6.850049	434.454000	4050.837502
6.849569	434.458000	4050.874798
6.849089	434.462000	4050.912093
6.848609	434.466000	4050.949389
6.848129	434.470000	4050.986685
6.847649	434.474000	4051.023981
6.847170	434.478000	4051.061277
6.846690	434.482000	4051.098573
6.846210	434.486000	4051.135869
6.845730	434.490000	4051.173165
6.845250	434.494000	4051.210461
6.844770	434.498000	4051.247756
6.844290	434.502000	4051.285052
6.843810	434.506000	4051.322348
6.843329	434.510000	4051.359644
6.842849	434.514000	4051.396940
6.842369	434.518000	4051.434236
6.841889	434.522000	4051.471532
6.841409	434.526000	4051.508828
6.840928	434.530000	4051.546124
6.840448	434.534000	4051.583420
6.839968	434.538000	4051.620715
6.839488	434.542000	4051.658011
6.839007	434.546000	4051.695307
6.838527	434.550000	4051.732603
6.838046	434.554000	4051.769899
6.837566	434.558000	4051.807195
6.837086	434.562000	4051.844491
6.836605	434.566000	4051.881787
6.836125	434.570000	4051.919083
6.835644	434.574000	4051.956378
6.835163	434.578000	4051.993674
6.834683	434.582000	4052.030970
6.834202	434.586000	4052.068266
6.833722	434.590000	4052.105562
6.833241	434.594000	4052.142858
6.832760	434.598000	4052.180154
6.832279	434.602000	4052.217450
6.831799	434.606000	4052.254746
6.831318	434.610000	4052.292042
6.830837	434.614000	4052.329337
6.830356	434.618000	4052.366633
6.829875	434.622000	4052.403929
6.829395	434.626000	4052.441225
6.828914	434.630000	4052.478521
6.828433	434.634000	4052.515817
6.827952	434.638000	4052.553113
6.827471	434.642000	4052.590409
6.826990	434.646000	4052.627705
6.826509	434.650000	4052.665000
6.826028	434.654000	4052.702296
6.825546	434.658000	4052.739592
6.825065	434.662000	4052.776888
6.824584	434.666000	4052.814184
6.824103	434.670000	4052.851480
6.823622	434.674000	4052.888776
6.823141	434.678000	4052.926072
6.822659	434.682000	4052.963368
6.822178	434.686000	4053.000663
6.821697	434.690000	4053.037959
6.821215	434.694000	4053.075255
6.820734	434.698000	4053.112551
6.820253	434.702000	4053.149847
6.819771	434.706000	4053.187143
6.819290	434.710000	4053.224439
6.818808	434.714000	4053.261735
6.818327	434.718000	4053.299031
6.817845	434.722000	4053.336327
6.817364	434.726000	4053.373622
6.816882	434.730000	4053.410918
6.816400	434.734000	4053.448214
6.815919	434.738000	4053.485510
6.815437	434.742000	4053.522806
6.814955	434.746000	4053.560102
6.814474	434.750000	4053.597398
6.813992	434.754000	4053.634694
6.813510	434.758000	4053.671990
6.813028	434.762000	4053.709285
6.812547	434.766000	4053.746581
6.812065	434.770000	4053.783877
6.811583	434.774000	4053.821173
6.811101	434.778000	4053.858469
6.810619	434.782000	4053.895765
6.810137	434.786000	4053.933061
6.809655	434.790000	4053.970357
6.809173	434.794000	4054.007653
6.808691	434.798000	4054.044948
6.808209	434.802000	4054.082244
6.807727	434.806000	4054.119540
6.807245	434.810000	4054.156836
6.806762	434.814000	4054.194132
6.806280	434.818000	4054.231428
6.805798	434.822000	4054.268724
6.805316	434.826000	4054.306020
6.804834	434.830000	4054.343316
6.804351	434.834000	4054.380612
6.803869	434.838000	4054.417907
6.803387	434.842000	4054.455203
6.802904	434.846000	4054.492499
6.802422	434.850000	4054.529795
6.801939	434.854000	4054.567091
6.801457	434.858000	4054.604387
6.800975	434.862000	4054.641683
6.800492	434.866000	4054.678979
6.800009	434.870000	4054.716275
6.799527	434.874000	4054.753570
6.799044	434.878000	4054.790866
6.798562	434.882000	4054.828162
6.798079	434.886000	4054.865458
6.797596	434.890000	4054.902754
6.797114	434.894000	4054.940050
6.796631	434.898000	4054.977346
6.796148	434.902000	4055.014642
6.795665	434.906000	4055.051938
6.795183	434.910000	4055.089234
6.794700	434.914000	4055.126529
6.794217	434.918000	4055.163825
6.793734	434.922000	4055.201121
6.793251	434.926000	4055.238417
6.792768	434.930000	4055.275713
6.792285	434.934000	4055.313009
6.791802	434.938000	4055.350305
6.791319	434.942000	4055.387601
6.790836	434.946000	4055.424897
6.790353	434.950000	4055.462192
6.789870	434.954000	4055.499488
6.789387	434.958000	4055.536784
6.788904	434.962000	4055.574080
6.788421	434.966000	4055.611376
6.787937	434.970000	4055.648672
6.787454	434.974000	4055.685968
6.786971	434.978000	4055.723264
6.786488	434.982000	4055.760560
6.786004	434.986000	4055.797855
6.785521	434.990000	4055.835151
6.785038	434.994000	4055.872447
6.784554	434.998000	4055.909743
6.784071	435.002000	4055.947039
6.783587	435.006000	4055.984335
6.783104	435.010000	4056.021631
6.782620	435.014000	4056.058927
6.782137	435.018000	4056.096223
6.781653	435.022000	4056.133519
6.781170	435.026000	4056.170814
6.780686	435.030000	4056.208110
6.780202	435.034000	4056.245406
6.779719	435.038000	4056.282702
6.779235	435.042000	4056.319998
6.778751	435.046000	4056.357294
6.778268	435.050000	4056.394590
6.777784	435.054000	4056.431886
6.777300	435.058000	4056.469182
6.776816	435.062000	4056.506477
6.776332	435.066000	4056.543773
6.775848	435.070000	4056.581069
6.775364	435.074000	4056.618365
6.774880	435.078000	4056.655661
6.774397	435.082000	4056.692957
6.773913	435.086000	4056.730253
6.773428	435.090000	4056.767549
6.772944	435.094000	4056.804845
6.772460	435.098000	4056.842140
6.771976	435.102000	4056.879436
6.771492	435.106000	4056.916732
6.771008	435.110000	4056.954028
6.770524	435.114000	4056.991324
6.770040	435.118000	4057.028620
6.769555	435.122000	4057.065916
6.769071	435.126000	4057.103212
6.768587	435.130000	4057.140508
6.768102	435.134000	4057.177804
6.767618	435.138000	4057.215099
6.767134	435.142000	4057.252395
6.766649	435.146000	4057.289691
6.766165	435.150000	4057.326987
6.765680	435.154000	4057.364283
6.765196	435.158000	4057.401579
6.764711	435.162000	4057.438875
6.764227	435.166000	4057.476171
6.763742	435.170000	4057.513467
6.763258	435.174000	4057.550762
6.762773	435.178000	4057.588058
6.762288	435.182000	4057.625354
6.761804	435.186000	4057.662650
6.761319	435.190000	4057.699946
6.760834	435.194000	4057.737242
6.760349	435.198000	4057.774538
6.759865	435.202000	4057.811834
6.759380	435.206000	4057.849130
6.758895	435.210000	4057.886425
6.758410	435.214000	4057.923721
6.757925	435.218000	4057.961017
6.757440	435.222000	4057.998313
6.756955	435.226000	4058.035609
6.756470	435.230000	4058.072905
6.755985	435.234000	4058.110201
6.755500	435.238000	4058.147497
6.755015	435.242000	4058.184793
6.754530	435.246000	4058.222089
6.754045	435.250000	4058.259384
6.753560	435.254000	4058.296680
6.753075	435.258000	4058.333976
6.752589	435.262000	4058.371272
6.752104	435.266000	4058.408568
6.751619	435.270000	4058.445864
6.751134	435.274000	4058.483160
6.750648	435.278000	4058.520456
6.750163	435.282000	4058.557752
6.749678	435.286000	4058.595047
6.749192	435.290000	4058.632343
6.748707	435.294000	4058.669639
6.748221	435.298000	4058.706935
6.747736	435.302000	4058.744231
6.747250	435.306000	4058.781527
6.746765	435.310000	4058.818823
6.746279	435.314000	4058.856119
6.745794	435.318000	4058.893415
6.745308	435.322000	4058.930711
6.744822	435.326000	4058.968006
6.744337	435.330000	4059.005302
6.743851	435.334000	4059.042598
6.743365	435.338000	4059.079894
6.742879	435.342000	4059.117190
6.742394	435.346000	4059.154486
6.741908	435.350000	4059.191782
6.741422	435.354000	4059.229078
6.740936	435.358000	4059.266374
6.740450	435.362000	4059.303669
6.739964	435.366000	4059.340965
6.739478	435.370000	4059.378261
6.738992	435.374000	4059.415557
6.738506	435.378000	4059.452853
6.738020	435.382000	4059.490149
6.737534	435.386000	4059.527445
6.737048	435.390000	4059.564741
6.736562	435.394000	4059.602037
6.736076	435.398000	4059.639332
6.735590	435.402000	4059.676628
6.735104	435.406000	4059.713924
6.734617	435.410000	4059.751220
6.734131	435.414000	4059.788516
6.733645	435.418000	4059.825812
6.733159	435.422000	4059.863108
6.732672	435.426000	4059.900404
6.732186	435.430000	4059.937700
6.731699	435.434000	4059.974996
6.731213	435.438000	4060.012291
6.730727	435.442000	4060.049587
6.730240	435.446000	4060.086883
6.729754	435.450000	4060.124179
6.729267	435.454000	4060.161475
6.728780	435.458000	4060.198771
6.728294	435.462000	4060.236067
6.727807	435.466000	4060.273363
6.727321	435.470000	4060.310659
6.726834	435.474000	4060.347954
6.726347	435.478000	4060.385250
6.725860	435.482000	4060.422546
6.725374	435.486000	4060.459842
6.724887	435.490000	4060.497138
6.724400	435.494000	4060.534434
6.723913	435.498000	4060.571730
6.723426	435.502000	4060.609026
6.722940	435.506000	4060.646322
6.722453	435.510000	4060.683617
6.721966	435.514000	4060.720913
6.721479	435.518000	4060.758209
6.720992	435.522000	4060.795505
6.720505	435.526000	4060.832801
6.720018	435.530000	4060.870097
6.719530	435.534000	4060.907393
6.719043	435.538000	4060.944689
6.718556	435.542000	4060.981985
6.718069	435.546000	4061.019281
6.717582	435.550000	4061.056576
6.717095	435.554000	4061.093872
6.716607	435.558000	4061.131168
6.716120	435.562000	4061.168464
6.715633	435.566000	4061.205760
6.715145	435.570000	4061.243056
6.714658	435.574000	4061.280352
6.714171	435.578000	4061.317648
6.713683	435.582000	4061.354944
6.713196	435.586000	4061.392239
6.712708	435.590000	4061.429535
6.712221	435.594000	4061.466831
6.711733	435.598000	4061.504127
6.711246	435.602000	4061.541423
6.710758	435.606000	4061.578719
6.710270	435.610000	4061.616015
6.709783	435.614000	4061.653311
6.709295	435.618000	4061.690607
6.708807	435.622000	4061.727903
6.708320	435.626000	4061.765198
6.707832	435.630000	4061.802494
6.707344	435.634000	4061.839790
6.706856	435.638000	4061.877086
6.706368	435.642000	4061.914382
6.705881	435.646000	4061.951678
6.705393	435.650000	4061.988974
6.704905	435.654000	4062.026270
6.704417	435.658000	4062.063566
6.703929	435.662000	4062.100861
6.703441	435.666000	4062.138157
6.702953	435.670000	4062.175453
6.702465	435.674000	4062.212749
6.701977	435.678000	4062.250045
6.701488	435.682000	4062.287341
6.701000	435.686000	4062.324637
6.700512	435.690000	4062.361933
6.700024	435.694000	4062.399229
6.699536	435.698000	4062.436524
6.699047	435.702000	4062.473820
6.698559	435.706000	4062.511116
6.698071	435.710000	4062.548412
6.697582	435.714000	4062.585708
6.697094	435.718000	4062.623004
6.696606	435.722000	4062.660300
6.696117	435.726000	4062.697596
6.695629	435.730000	4062.734892
6.695140	435.734000	4062.772188
6.694652	435.738000	4062.809483
6.694163	435.742000	4062.846779
6.693675	435.746000	4062.884075
6.693186	435.750000	4062.921371
6.692697	435.754000	4062.958667
6.692209	435.758000	4062.995963
6.691720	435.762000	4063.033259
6.691231	435.766000	4063.070555
6.690743	435.770000	4063.107851
6.690254	435.774000	4063.145146
6.689765	435.778000	4063.182442
6.689276	435.782000	4063.219738
6.688787	435.786000	4063.257034
6.688298	435.790000	4063.294330
6.687810	435.794000	4063.331626
6.687321	435.798000	4063.368922
6.686832	435.802000	4063.406218
6.686343	435.806000	4063.443514
6.685854	435.810000	4063.480809
6.685365	435.814000	4063.518105
6.684875	435.818000	4063.555401
6.684386	435.822000	4063.592697
6.683897	435.826000	4063.629993
6.683408	435.830000	4063.667289
6.682919	435.834000	4063.704585
6.682430	435.838000	4063.741881
6.681940	435.842000	4063.779177
6.681451	435.846000	4063.816473
6.680962	435.850000	4063.853768
6.680472	435.854000	4063.891064
6.679983	435.858000	4063.928360
6.679494	435.862000	4063.965656
6.679004	435.866000	4064.002952
6.678515	435.870000	4064.040248
6.678025	435.874000	4064.077544
6.677536	435.878000	4064.114840
6.677046	435.882000	4064.152136
6.676557	435.886000	4064.189431
6.676067	435.890000	4064.226727
6.675578	435.894000	4064.264023
6.675088	435.898000	4064.301319
6.674598	435.902000	4064.338615
6.674109	435.906000	4064.375911
6.673619	435.910000	4064.413207
6.673129	435.914000	4064.450503
6.672639	435.918000	4064.487799
6.672149	435.922000	4064.525094
6.671660	435.926000	4064.562390
6.671170	435.930000	4064.599686
6.670680	435.934000	4064.636982
6.670190	435.938000	4064.674278
6.669700	435.942000	4064.711574
6.669210	435.946000	4064.748870
6.668720	435.950000	4064.786166
6.668230	435.954000	4064.823462
6.667740	435.958000	4064.860758
6.667250	435.962000	4064.898053
6.666760	435.966000	4064.935349
6.666269	435.970000	4064.972645
6.665779	435.974000	4065.009941
6.665289	435.978000	4065.047237
6.664799	435.982000	4065.084533
6.664308	435.986000	4065.121829
6.663818	435.990000	4065.159125
6.663328	435.994000	4065.196421
6.662837	435.998000	4065.233716
6.662347	436.002000	4065.271012
6.661857	436.006000	4065.308308
6.661366	436.010000	4065.345604
6.660876	436.014000	4065.382900
6.660385	436.018000	4065.420196
6.659895	436.022000	4065.457492
6.659404	436.026000	4065.494788
6.658914	436.030000	4065.532084
6.658423	436.034000	4065.569380
6.657932	436.038000	4065.606675
6.657442	436.042000	4065.643971
6.656951	436.046000	4065.681267
6.656460	436.050000	4065.718563
6.655969	436.054000	4065.755859
6.655479	436.058000	4065.793155
6.654988	436.062000	4065.830451
6.654497	436.066000	4065.867747
6.654006	436.070000	4065.905043
6.653515	436.074000	4065.942338
6.653024	436.078000	4065.979634
6.652533	436.082000	4066.016930
6.652042	436.086000	4066.054226
6.651551	436.090000	4066.091522
6.651060	436.094000	4066.128818
6.650569	436.098000	4066.166114
6.650078	436.102000	4066.203410
6.649587	436.106000	4066.240706
6.649096	436.110000	4066.278001
6.648605	436.114000	4066.315297
6.648113	436.118000	4066.352593
6.647622	436.122000	4066.389889
6.647131	436.126000	4066.427185
6.646640	436.130000	4066.464481
6.646148	436.134000	4066.501777
6.645657	436.138000	4066.539073
6.645166	436.142000	4066.576369
6.644674	436.146000	4066.613665
6.644183	436.150000	4066.650960
6.643691	436.154000	4066.688256
6.643200	436.158000	4066.725552
6.642708	436.162000	4066.762848
6.642217	436.166000	4066.800144
6.641725	436.170000	4066.837440
6.641233	436.174000	4066.874736
6.640742	436.178000	4066.912032
6.640250	436.182000	4066.949328
6.639758	436.186000	4066.986623
6.639267	436.190000	4067.023919
6.638775	436.194000	4067.061215
6.638283	436.198000	4067.098511
6.637791	436.202000	4067.135807
6.637299	436.206000	4067.173103
6.636808	436.210000	4067.210399
6.636316	436.214000	4067.247695
6.635824	436.218000	4067.284991
6.635332	436.222000	4067.322286
6.634840	436.226000	4067.359582
6.634348	436.230000	4067.396878
6.633856	436.234000	4067.434174
6.633364	436.238000	4067.471470
6.632872	436.242000	4067.508766
6.632379	436.246000	4067.546062
6.631887	436.250000	4067.583358
6.631395	436.254000	4067.620654
6.630903	436.258000	4067.657950
6.630411	436.262000	4067.695245
6.629918	436.266000	4067.732541
6.629426	436.270000	4067.769837
6.628934	436.274000	4067.807133
6.628441	436.278000	4067.844429
6.627949	436.282000	4067.881725
6.627456	436.286000	4067.919021
6.626964	436.290000	4067.956317
6.626472	436.294000	4067.993613
6.625979	436.298000	4068.030908
6.625486	436.302000	4068.068204
6.624994	436.306000	4068.105500
6.624501	436.310000	4068.142796
6.624009	436.314000	4068.180092
6.623516	436.318000	4068.217388
6.623023	436.322000	4068.254684
6.622531	436.326000	4068.291980
6.622038	436.330000	4068.329276
6.621545	436.334000	4068.366572
6.621052	436.338000	4068.403867
6.620560	436.342000	4068.441163
6.620067	436.346000	4068.478459
6.619574	436.350000	4068.515755
6.619081	436.354000	4068.553051
6.618588	436.358000	4068.590347
6.618095	436.362000	4068.627643
6.617602	436.366000	4068.664939
6.617109	436.370000	4068.702235
6.616616	436.374000	4068.739530
6.616123	436.378000	4068.776826
6.615630	436.382000	4068.814122
6.615137	436.386000	4068.851418
6.614643	436.390000	4068.888714
6.614150	436.394000	4068.926010
6.613657	436.398000	4068.963306
6.613164	436.402000	4069.000602
6.612670	436.406000	4069.037898
6.612177	436.410000	4069.075193
6.611684	436.414000	4069.112489
6.611190	436.418000	4069.149785
6.610697	436.422000	4069.187081
6.610203	436.426000	4069.224377
6.609710	436.430000	4069.261673
6.609217	436.434000	4069.298969
6.608723	436.438000	4069.336265
6.608229	436.442000	4069.373561
6.607736	436.446000	4069.410857
6.607242	436.450000	4069.448152
6.606749	436.454000	4069.485448
6.606255	436.458000	4069.522744
6.605761	436.462000	4069.560040
6.605268	436.466000	4069.597336
6.604774	436.470000	4069.634632
6.604280	436.474000	4069.671928
6.603786	436.478000	4069.709224
6.603292	436.482000	4069.746520
6.602798	436.486000	4069.783815
6.602305	436.490000	4069.821111
6.601811	436.494000	4069.858407
6.601317	436.498000	4069.895703
6.600823	436.502000	4069.932999
6.600329	436.506000	4069.970295
6.599835	436.510000	4070.007591
6.599341	436.514000	4070.044887
6.598846	436.518000	4070.082183
6.598352	436.522000	4070.119478
6.597858	436.526000	4070.156774
6.597364	436.530000	4070.194070
6.596870	436.534000	4070.231366
6.596375	436.538000	4070.268662
6.595881	436.542000	4070.305958
6.595387	436.546000	4070.343254
6.594893	436.550000	4070.380550
6.594398	436.554000	4070.417846
6.593904	436.558000	4070.455142
6.593409	436.562000	4070.492437
6.592915	436.566000	4070.529733
6.592420	436.570000	4070.567029
6.591926	436.574000	4070.604325
6.591431	436.578000	4070.641621
6.590937	436.582000	4070.678917
6.590442	436.586000	4070.716213
6.589948	436.590000	4070.753509
6.589453	436.594000	4070.790805
6.588958	436.598000	4070.828100
6.588463	436.602000	4070.865396
6.587969	436.606000	4070.902692
6.587474	436.610000	4070.939988
6.586979	436.614000	4070.977284
6.586484	436.618000	4071.014580
6.585989	436.622000	4071.051876
6.585495	436.626000	4071.089172
6.585000	436.630000	4071.126468
6.584505	436.634000	4071.163763
6.584010	436.638000	4071.201059
6.583515	436.642000	4071.238355
6.583020	436.646000	4071.275651
6.582525	436.650000	4071.312947
6.582029	436.654000	4071.350243
6.581534	436.658000	4071.387539
6.581039	436.662000	4071.424835
6.580544	436.666000	4071.462131
6.580049	436.670000	4071.499427
6.579554	436.674000	4071.536722
6.579058	436.678000	4071.574018
6.578563	436.682000	4071.611314
6.578068	436.686000	4071.648610
6.577572	436.690000	4071.685906
6.577077	436.694000	4071.723202
6.576581	436.698000	4071.760498
6.576086	436.702000	4071.797794
6.575591	436.706000	4071.835090
6.575095	436.710000	4071.872385
6.574599	436.714000	4071.909681
6.574104	436.718000	4071.946977
6.573608	436.722000	4071.984273
6.573113	436.726000	4072.021569
6.572617	436.730000	4072.058865
6.572121	436.734000	4072.096161
6.571626	436.738000	4072.133457
6.571130	436.742000	4072.170753
6.570634	436.746000	4072.208049
6.570138	436.750000	4072.245344
6.569642	436.754000	4072.282640
6.569147	436.758000	4072.319936
6.568651	436.762000	4072.357232
6.568155	436.766000	4072.394528
6.567659	436.770000	4072.431824
6.567163	436.774000	4072.469120
6.566667	436.778000	4072.506416
6.566171	436.782000	4072.543712
6.565675	436.786000	4072.581007
6.565179	436.790000	4072.618303
6.564682	436.794000	4072.655599
6.564186	436.798000	4072.692895
6.563690	436.802000	4072.730191
6.563194	436.806000	4072.767487
6.562698	436.810000	4072.804783
6.562201	436.814000	4072.842079
6.561705	436.818000	4072.879375
6.561209	436.822000	4072.916670
6.560712	436.826000	4072.953966
6.560216	436.830000	4072.991262
6.559720	436.834000	4073.028558
6.559223	436.838000	4073.065854
6.558727	436.842000	4073.103150
6.558230	436.846000	4073.140446
6.557734	436.850000	4073.177742
6.557237	436.854000	4073.215038
6.556740	436.858000	4073.252334
6.556244	436.862000	4073.289629
6.555747	436.866000	4073.326925
6.555250	436.870000	4073.364221
6.554754	436.874000	4073.401517
6.554257	436.878000	4073.438813
6.553760	436.882000	4073.476109
6.553263	436.886000	4073.513405
6.552766	436.890000	4073.550701
6.552270	436.894000	4073.587997
6.551773	436.898000	4073.625292
6.551276	436.902000	4073.662588
6.550779	436.906000	4073.699884
6.550282	436.910000	4073.737180
6.549785	436.914000	4073.774476
6.549288	436.918000	4073.811772
6.548791	436.922000	4073.849068
6.548294	436.926000	4073.886364
6.547796	436.930000	4073.923660
6.547299	436.934000	4073.960955
6.546802	436.938000	4073.998251
6.546305	436.942000	4074.035547
6.545808	436.946000	4074.072843
6.545310	436.950000	4074.110139
6.544813	436.954000	4074.147435
6.544316	436.958000	4074.184731
6.543818	436.962000	4074.222027
6.543321	436.966000	4074.259323
6.542823	436.970000	4074.296619
6.542326	436.974000	4074.333914
6.541828	436.978000	4074.371210
6.541331	436.982000	4074.408506
6.540833	436.986000	4074.445802
6.540336	436.990000	4074.483098
6.539838	436.994000	4074.520394
6.539341	436.998000	4074.557690
6.538843	437.002000	4074.594986
6.538345	437.006000	4074.632282
6.537847	437.010000	4074.669577
6.537350	437.014000	4074.706873
6.536852	437.018000	4074.744169
6.536354	437.022000	4074.781465
6.535856	437.026000	4074.818761
6.535358	437.030000	4074.856057
6.534860	437.034000	4074.893353
6.534363	437.038000	4074.930649
6.533865	437.042000	4074.967945
6.533367	437.046000	4075.005241
6.532868	437.050000	4075.042536
6.532370	437.054000	4075.079832
6.531872	437.058000	4075.117128
6.531374	437.062000	4075.154424
6.530876	437.066000	4075.191720
6.530378	437.070000	4075.229016
6.529880	437.074000	4075.266312
6.529381	437.078000	4075.303608
6.528883	437.082000	4075.340904
6.528385	437.086000	4075.378199
6.527887	437.090000	4075.415495
6.527388	437.094000	4075.452791
6.526890	437.098000	4075.490087
6.526391	437.102000	4075.527383
6.525893	437.106000	4075.564679
6.525394	437.110000	4075.601975
6.524896	437.114000	4075.639271
6.524397	437.118000	4075.676567
6.523899	437.122000	4075.713862
6.523400	437.126000	4075.751158
6.522902	437.130000	4075.788454
6.522403	437.134000	4075.825750
6.521904	437.138000	4075.863046
6.521406	437.142000	4075.900342
6.520907	437.146000	4075.937638
6.520408	437.150000	4075.974934
6.519909	437.154000	4076.012230
6.519410	437.158000	4076.049526
6.518911	437.162000	4076.086821
6.518413	437.166000	4076.124117
6.517914	437.170000	4076.161413
6.517415	437.174000	4076.198709
6.516916	437.178000	4076.236005
6.516417	437.182000	4076.273301
6.515918	437.186000	4076.310597
6.515419	437.190000	4076.347893
6.514919	437.194000	4076.385189
6.514420	437.198000	4076.422484
6.513921	437.202000	4076.459780
6.513422	437.206000	4076.497076
6.512923	437.210000	4076.534372
6.512423	437.214000	4076.571668
6.511924	437.218000	4076.608964
6.511425	437.222000	4076.646260
6.510925	437.226000	4076.683556
6.510426	437.230000	4076.720852
6.509927	437.234000	4076.758147
6.509427	437.238000	4076.795443
6.508928	437.242000	4076.832739
6.508428	437.246000	4076.870035
6.507929	437.250000	4076.907331
6.507429	437.254000	4076.944627
6.506930	437.258000	4076.981923
6.506430	437.262000	4077.019219
6.505930	437.266000	4077.056515
6.505431	437.270000	4077.093811
6.504931	437.274000	4077.131106
6.504431	437.278000	4077.168402
6.503931	437.282000	4077.205698
6.503432	437.286000	4077.242994
6.502932	437.290000	4077.280290
6.502432	437.294000	4077.317586
6.501932	437.298000	4077.354882
6.501432	437.302000	4077.392178
6.500932	437.306000	4077.429474
6.500432	437.310000	4077.466769
6.499932	437.314000	4077.504065
6.499432	437.318000	4077.541361
6.498932	437.322000	4077.578657
6.498432	437.326000	4077.615953
6.497932	437.330000	4077.653249
6.497432	437.334000	4077.690545
6.496931	437.338000	4077.727841
6.496431	437.342000	4077.765137
6.495931	437.346000	4077.802432
6.495431	437.350000	4077.839728
6.494930	437.354000	4077.877024
6.494430	437.358000	4077.914320
6.493929	437.362000	4077.951616
6.493429	437.366000	4077.988912
6.492929	437.370000	4078.026208
6.492428	437.374000	4078.063504
6.491928	437.378000	4078.100800
6.491427	437.382000	4078.138096
6.490927	437.386000	4078.175391
6.490426	437.390000	4078.212687
6.489925	437.394000	4078.249983
6.489425	437.398000	4078.287279
6.488924	437.402000	4078.324575
6.488423	437.406000	4078.361871
6.487923	437.410000	4078.399167
6.487422	437.414000	4078.436463
6.486921	437.418000	4078.473759
6.486420	437.422000	4078.511054
6.485919	437.426000	4078.548350
6.485418	437.430000	4078.585646
6.484917	437.434000	4078.622942
6.484416	437.438000	4078.660238
6.483915	437.442000	4078.697534
6.483414	437.446000	4078.734830
6.482913	437.450000	4078.772126
6.482412	437.454000	4078.809422
6.481911	437.458000	4078.846718
6.481410	437.462000	4078.884013
6.480909	437.466000	4078.921309
6.480408	437.470000	4078.958605
6.479906	437.474000	4078.995901
6.479405	437.478000	4079.033197
6.478904	437.482000	4079.070493
6.478403	437.486000	4079.107789
6.477901	437.490000	4079.145085
6.477400	437.494000	4079.182381
6.476898	437.498000	4079.219676
6.476397	437.502000	4079.256972
6.475896	437.506000	4079.294268
6.475394	437.510000	4079.331564
6.474892	437.514000	4079.368860
6.474391	437.518000	4079.406156
6.473889	437.522000	4079.443452
6.473388	437.526000	4079.480748
6.472886	437.530000	4079.518044
6.472384	437.534000	4079.555339
6.471883	437.538000	4079.592635
6.471381	437.542000	4079.629931
6.470879	437.546000	4079.667227
6.470377	437.550000	4079.704523
6.469875	437.554000	4079.741819
6.469374	437.558000	4079.779115
6.468872	437.562000	4079.816411
6.468370	437.566000	4079.853707
6.467868	437.570000	4079.891003
6.467366	437.574000	4079.928298
6.466864	437.578000	4079.965594
6.466362	437.582000	4080.002890
6.465860	437.586000	4080.040186
6.465357	437.590000	4080.077482
6.464855	437.594000	4080.114778
6.464353	437.598000	4080.152074
6.463851	437.602000	4080.189370
6.463349	437.606000	4080.226666
6.462846	437.610000	4080.263961
6.462344	437.614000	4080.301257
6.461842	437.618000	4080.338553
6.461339	437.622000	4080.375849
6.460837	437.626000	4080.413145
6.460335	437.630000	4080.450441
6.459832	437.634000	4080.487737
6.459330	437.638000	4080.525033
6.458827	437.642000	4080.562329
6.458325	437.646000	4080.599624
6.457822	437.650000	4080.636920
6.457319	437.654000	4080.674216
6.456817	437.658000	4080.711512
6.456314	437.662000	4080.748808
6.455811	437.666000	4080.786104
6.455309	437.670000	4080.823400
6.454806	437.674000	4080.860696
6.454303	437.678000	4080.897992
6.453800	437.682000	4080.935288
6.453297	437.686000	4080.972583
6.452794	437.690000	4081.009879
6.452292	437.694000	4081.047175
6.451789	437.698000	4081.084471
6.451286	437.702000	4081.121767
6.450783	437.706000	4081.159063
6.450280	437.710000	4081.196359
6.449777	437.714000	4081.233655
6.449273	437.718000	4081.270951
6.448770	437.722000	4081.308246
6.448267	437.726000	4081.345542
6.447764	437.730000	4081.382838
6.447261	437.734000	4081.420134
6.446757	437.738000	4081.457430
6.446254	437.742000	4081.494726
6.445751	437.746000	4081.532022
6.445247	437.750000	4081.569318
6.444744	437.754000	4081.606614
6.444241	437.758000	4081.643909
6.443737	437.762000	4081.681205
6.443234	437.766000	4081.718501
6.442730	437.770000	4081.755797
6.442227	437.774000	4081.793093
6.441723	437.778000	4081.830389
6.441220	437.782000	4081.867685
6.440716	437.786000	4081.904981
6.440212	437.790000	4081.942277
6.439709	437.794000	4081.979573
6.439205	437.798000	4082.016868
6.438701	437.802000	4082.054164
6.438197	437.806000	4082.091460
6.437693	437.810000	4082.128756
6.437190	437.814000	4082.166052
6.436686	437.818000	4082.203348
6.436182	437.822000	4082.240644
6.435678	437.826000	4082.277940
6.435174	437.830000	4082.315236
6.434670	437.834000	4082.352531
6.434166	437.838000	4082.389827
6.433662	437.842000	4082.427123
6.433158	437.846000	4082.464419
6.432654	437.850000	4082.501715
6.432149	437.854000	4082.539011
6.431645	437.858000	4082.576307
6.431141	437.862000	4082.613603
6.430637	437.866000	4082.650899
6.430133	437.870000	4082.688195
6.429628	437.874000	4082.725490
6.429124	437.878000	4082.762786
6.428619	437.882000	4082.800082
6.428115	437.886000	4082.837378
6.427611	437.890000	4082.874674
6.427106	437.894000	4082.911970
6.426602	437.898000	4082.949266
6.426097	437.902000	4082.986562
6.425593	437.906000	4083.023858
6.425088	437.910000	4083.061153
6.424583	437.914000	4083.098449
6.424079	437.918000	4083.135745
6.423574	437.922000	4083.173041
6.423069	437.926000	4083.210337
6.422565	437.930000	4083.247633
6.422060	437.934000	4083.284929
6.421555	437.938000	4083.322225
6.421050	437.942000	4083.359521
6.420545	437.946000	4083.396816
6.420040	437.950000	4083.434112
6.419535	437.954000	4083.471408
6.419030	437.958000	4083.508704
6.418525	437.962000	4083.546000
6.418020	437.966000	4083.583296
6.417515	437.970000	4083.620592
6.417010	437.974000	4083.657888
6.416505	437.978000	4083.695184
6.416000	437.982000	4083.732480
6.415495	437.986000	4083.769775
6.414990	437.990000	4083.807071
6.414484	437.994000	4083.844367
6.413979	437.998000	4083.881663
6.413474	438.002000	4083.918959
6.412968	438.006000	4083.956255
6.412463	438.010000	4083.993551
6.411958	438.014000	4084.030847
6.411452	438.018000	4084.068143
6.410947	438.022000	4084.105438
6.410441	438.026000	4084.142734
6.409936	438.030000	4084.180030
6.409430	438.034000	4084.217326
6.408925	438.038000	4084.254622
6.408419	438.042000	4084.291918
6.407913	438.046000	4084.329214
6.407408	438.050000	4084.366510
6.406902	438.054000	4084.403806
6.406396	438.058000	4084.441101
6.405890	438.062000	4084.478397
6.405385	438.066000	4084.515693
6.404879	438.070000	4084.552989
6.404373	438.074000	4084.590285
6.403867	438.078000	4084.627581
6.403361	438.082000	4084.664877
6.402855	438.086000	4084.702173
6.402349	438.090000	4084.739469
6.401843	438.094000	4084.776765
6.401337	438.098000	4084.814060
6.400831	438.102000	4084.851356
6.400325	438.106000	4084.888652
6.399819	438.110000	4084.925948
6.399312	438.114000	4084.963244
6.398806	438.118000	4085.000540
6.398300	438.122000	4085.037836
6.397794	438.126000	4085.075132
6.397287	438.130000	4085.112428
6.396781	438.134000	4085.149723
6.396275	438.138000	4085.187019
6.395768	438.142000	4085.224315
6.395262	438.146000	4085.261611
6.394755	438.150000	4085.298907
6.394249	438.154000	4085.336203
6.393742	438.158000	4085.373499
6.393236	438.162000	4085.410795
6.392729	438.166000	4085.448091
6.392222	438.170000	4085.485387
6.391716	438.174000	4085.522682
6.391209	438.178000	4085.559978
6.390702	438.182000	4085.597274
6.390196	438.186000	4085.634570
6.389689	438.190000	4085.671866
6.389182	438.194000	4085.709162
6.388675	438.198000	4085.746458
6.388168	438.202000	4085.783754
6.387661	438.206000	4085.821050
6.387154	438.210000	4085.858345
6.386647	438.214000	4085.895641
6.386140	438.218000	4085.932937
6.385633	438.222000	4085.970233
6.385126	438.226000	4086.007529
6.384619	438.230000	4086.044825
6.384112	438.234000	4086.082121
6.383605	438.238000	4086.119417
6.383098	438.242000	4086.156713
6.382590	438.246000	4086.194008
6.382083	438.250000	4086.231304
6.381576	438.254000	4086.268600
6.381069	438.258000	4086.305896
6.380561	438.262000	4086.343192
6.380054	438.266000	4086.380488
6.379546	438.270000	4086.417784
6.379039	438.274000	4086.455080
6.378531	438.278000	4086.492376
6.378024	438.282000	4086.529672
6.377516	438.286000	4086.566967
6.377009	438.290000	4086.604263
6.376501	438.294000	4086.641559
6.375994	438.298000	4086.678855
6.375486	438.302000	4086.716151
6.374978	438.306000	4086.753447
6.374470	438.310000	4086.790743
6.373963	438.314000	4086.828039
6.373455	438.318000	4086.865335
6.372947	438.322000	4086.902630
6.372439	438.326000	4086.939926
6.371931	438.330000	4086.977222
6.371423	438.334000	4087.014518
6.370915	438.338000	4087.051814
6.370407	438.342000	4087.089110
6.369899	438.346000	4087.126406
6.369391	438.350000	4087.163702
6.368883	438.354000	4087.200998
6.368375	438.358000	4087.238293
6.367867	438.362000	4087.275589
6.367359	438.366000	4087.312885
6.366851	438.370000	4087.350181
6.366342	438.374000	4087.387477
6.365834	438.378000	4087.424773
6.365326	438.382000	4087.462069
6.364817	438.386000	4087.499365
6.364309	438.390000	4087.536661
6.363801	438.394000	4087.573957
6.363292	438.398000	4087.611252
6.362784	438.402000	4087.648548
6.362275	438.406000	4087.685844
6.361767	438.410000	4087.723140
6.361258	438.414000	4087.760436
6.360749	438.418000	4087.797732
6.360241	438.422000	4087.835028
6.359732	438.426000	4087.872324
6.359223	438.430000	4087.909620
6.358715	438.434000	4087.946915
6.358206	438.438000	4087.984211
6.357697	438.442000	4088.021507
6.357188	438.446000	4088.058803
6.356680	438.450000	4088.096099
6.356171	438.454000	4088.133395
6.355662	438.458000	4088.170691
6.355153	438.462000	4088.207987
6.354644	438.466000	4088.245283
6.354135	438.470000	4088.282578
6.353626	438.474000	4088.319874
6.353117	438.478000	4088.357170
6.352608	438.482000	4088.394466
6.352098	438.486000	4088.431762
6.351589	438.490000	4088.469058
6.351080	438.494000	4088.506354
6.350571	438.498000	4088.543650
6.350062	438.502000	4088.580946
6.349552	438.506000	4088.618242
6.349043	438.510000	4088.655537
6.348534	438.514000	4088.692833
6.348024	438.518000	4088.730129
6.347515	438.522000	4088.767425
6.347005	438.526000	4088.804721
6.346496	438.530000	4088.842017
6.345986	438.534000	4088.879313
6.345477	438.538000	4088.916609
6.344967	438.542000	4088.953905
6.344457	438.546000	4088.991200
6.343948	438.550000	4089.028496
6.343438	438.554000	4089.065792
6.342928	438.558000	4089.103088
6.342419	438.562000	4089.140384
6.341909	438.566000	4089.177680
6.341399	438.570000	4089.214976
6.340889	438.574000	4089.252272
6.340379	438.578000	4089.289568
6.339869	438.582000	4089.326864
6.339359	438.586000	4089.364159
6.338849	438.590000	4089.401455
6.338339	438.594000	4089.438751
6.337829	438.598000	4089.476047
6.337319	438.602000	4089.513343
6.336809	438.606000	4089.550639
6.336299	438.610000	4089.587935
6.335789	438.614000	4089.625231
6.335279	438.618000	4089.662527
6.334768	438.622000	4089.699822
6.334258	438.626000	4089.737118
6.333748	438.630000	4089.774414
6.333238	438.634000	4089.811710
6.332727	438.638000	4089.849006
6.332217	438.642000	4089.886302
6.331706	438.646000	4089.923598
6.331196	438.650000	4089.960894
6.330685	438.654000	4089.998190
6.330175	438.658000	4090.035485
6.329664	438.662000	4090.072781
6.329154	438.666000	4090.110077
6.328643	438.670000	4090.147373
6.328132	438.674000	4090.184669
6.327622	438.678000	4090.221965
6.327111	438.682000	4090.259261
6.326600	438.686000	4090.296557
6.326090	438.690000	4090.333853
6.325579	438.694000	4090.371149
6.325068	438.698000	4090.408444
6.324557	438.702000	4090.445740
6.324046	438.706000	4090.483036
6.323535	438.710000	4090.520332
6.323024	438.714000	4090.557628
6.322513	438.718000	4090.594924
6.322002	438.722000	4090.632220
6.321491	438.726000	4090.669516
6.320980	438.730000	4090.706812
6.320469	438.734000	4090.744107
6.319958	438.738000	4090.781403
6.319446	438.742000	4090.818699
6.318935	438.746000	4090.855995
6.318424	438.750000	4090.893291
6.317913	438.754000	4090.930587
6.317401	438.758000	4090.967883
6.316890	438.762000	4091.005179
6.316378	438.766000	4091.042475
6.315867	438.770000	4091.079770
6.315356	438.774000	4091.117066
6.314844	438.778000	4091.154362
6.314333	438.782000	4091.191658
6.313821	438.786000	4091.228954
6.313309	438.790000	4091.266250
6.312798	438.794000	4091.303546
6.312286	438.798000	4091.340842
6.311774	438.802000	4091.378138
6.311263	438.806000	4091.415434
6.310751	438.810000	4091.452729
6.310239	438.814000	4091.490025
6.309727	438.818000	4091.527321
6.309215	438.822000	4091.564617
6.308704	438.826000	4091.601913
6.308192	438.830000	4091.639209
6.307680	438.834000	4091.676505
6.307168	438.838000	4091.713801
6.306656	438.842000	4091.751097
6.306144	438.846000	4091.788392
6.305632	438.850000	4091.825688
6.305119	438.854000	4091.862984
6.304607	438.858000	4091.900280
6.304095	438.862000	4091.937576
6.303583	438.866000	4091.974872
6.303071	438.870000	4092.012168
6.302558	438.874000	4092.049464
6.302046	438.878000	4092.086760
6.301534	438.882000	4092.124056
6.301021	438.886000	4092.161351
6.300509	438.890000	4092.198647
6.299996	438.894000	4092.235943
6.299484	438.898000	4092.273239
6.298971	438.902000	4092.310535
6.298459	438.906000	4092.347831
6.297946	438.910000	4092.385127
6.297434	438.914000	4092.422423
6.296921	438.918000	4092.459719
6.296408	438.922000	4092.497014
6.295896	438.926000	4092.534310
6.295383	438.930000	4092.571606
6.294870	438.934000	4092.608902
6.294357	438.938000	4092.646198
6.293845	438.942000	4092.683494
6.293332	438.946000	4092.720790
6.292819	438.950000	4092.758086
6.292306	438.954000	4092.795382
6.291793	438.958000	4092.832677
6.291280	438.962000	4092.869973
6.290767	438.966000	4092.907269
6.290254	438.970000	4092.944565
6.289741	438.974000	4092.981861
6.289228	438.978000	4093.019157
6.288714	438.982000	4093.056453
6.288201	438.986000	4093.093749
6.287688	438.990000	4093.131045
6.287175	438.994000	4093.168341
6.286661	438.998000	4093.205636
6.286148	439.002000	4093.242932
6.285635	439.006000	4093.280228
6.285121	439.010000	4093.317524
6.284608	439.014000	4093.354820
6.284094	439.018000	4093.392116
6.283581	439.022000	4093.429412
6.283067	439.026000	4093.466708
6.282554	439.030000	4093.504004
6.282040	439.034000	4093.541299
6.281527	439.038000	4093.578595
6.281013	439.042000	4093.615891
6.280499	439.046000	4093.653187
6.279986	439.050000	4093.690483
6.279472	439.054000	4093.727779
6.278958	439.058000	4093.765075
6.278444	439.062000	4093.802371
6.277930	439.066000	4093.839667
6.277416	439.070000	4093.876962
6.276903	439.074000	4093.914258
6.276389	439.078000	4093.951554
6.275875	439.082000	4093.988850
6.275361	439.086000	4094.026146
6.274847	439.090000	4094.063442
6.274332	439.094000	4094.100738
6.273818	439.098000	4094.138034
6.273304	439.102000	4094.175330
6.272790	439.106000	4094.212626
6.272276	439.110000	4094.249921
6.271761	439.114000	4094.287217
6.271247	439.118000	4094.324513
6.270733	439.122000	4094.361809
6.270219	439.126000	4094.399105
6.269704	439.130000	4094.436401
6.269190	439.134000	4094.473697
6.268675	439.138000	4094.510993
6.268161	439.142000	4094.548289
6.267646	439.146000	4094.585584
6.267132	439.150000	4094.622880
6.266617	439.154000	4094.660176
6.266103	439.158000	4094.697472
6.265588	439.162000	4094.734768
6.265073	439.166000	4094.772064
6.264558	439.170000	4094.809360
6.264044	439.174000	4094.846656
6.263529	439.178000	4094.883952
6.263014	439.182000	4094.921247
6.262499	439.186000	4094.958543
6.261984	439.190000	4094.995839
6.261469	439.194000	4095.033135
6.260955	439.198000	4095.070431
6.260440	439.202000	4095.107727
6.259925	439.206000	4095.145023
6.259409	439.210000	4095.182319
6.258894	439.214000	4095.219615
6.258379	439.218000	4095.256911
6.257864	439.222000	4095.294206
6.257349	439.226000	4095.331502
6.256834	439.230000	4095.368798
6.256318	439.234000	4095.406094
6.255803	439.238000	4095.443390
6.255288	439.242000	4095.480686
6.254773	439.246000	4095.517982
6.254257	439.250000	4095.555278
6.253742	439.254000	4095.592574
6.253226	439.258000	4095.629869
6.252711	439.262000	4095.667165
6.252195	439.266000	4095.704461
6.251680	439.270000	4095.741757
6.251164	439.274000	4095.779053
6.250649	439.278000	4095.816349
6.250133	439.282000	4095.853645
6.249617	439.286000	4095.890941
6.249102	439.290000	4095.928237
6.248586	439.294000	4095.965533
6.248070	439.298000	4096.002828
6.247554	439.302000	4096.040124
6.247038	439.306000	4096.077420
6.246522	439.310000	4096.114716
6.246007	439.314000	4096.152012
6.245491	439.318000	4096.189308
6.244975	439.322000	4096.226604
6.244459	439.326000	4096.263900
6.243943	439.330000	4096.301196
6.243426	439.334000	4096.338491
6.242910	439.338000	4096.375787
6.242394	439.342000	4096.413083
6.241878	439.346000	4096.450379
6.241362	439.350000	4096.487675
6.240846	439.354000	4096.524971
6.240329	439.358000	4096.562267
6.239813	439.362000	4096.599563
6.239297	439.366000	4096.636859
6.238780	439.370000	4096.674154
6.238264	439.374000	4096.711450
6.237747	439.378000	4096.748746
6.237231	439.382000	4096.786042
6.236714	439.386000	4096.823338
6.236198	439.390000	4096.860634
6.235681	439.394000	4096.897930
6.235165	439.398000	4096.935226
6.234648	439.402000	4096.972522
6.234131	439.406000	4097.009818
6.233615	439.410000	4097.047113
6.233098	439.414000	4097.084409
6.232581	439.418000	4097.121705
6.232064	439.422000	4097.159001
6.231547	439.426000	4097.196297
6.231030	439.430000	4097.233593
6.230514	439.434000	4097.270889
6.229997	439.438000	4097.308185
6.229480	439.442000	4097.345481
6.228963	439.446000	4097.382776
6.228446	439.450000	4097.420072
6.227928	439.454000	4097.457368
6.227411	439.458000	4097.494664
6.226894	439.462000	4097.531960
6.226377	439.466000	4097.569256
6.225860	439.470000	4097.606552
6.225343	439.474000	4097.643848
6.224825	439.478000	4097.681144
6.224308	439.482000	4097.718439
6.223791	439.486000	4097.755735
6.223273	439.490000	4097.793031
6.222756	439.494000	4097.830327
6.222238	439.498000	4097.867623
6.221721	439.502000	4097.904919
6.221203	439.506000	4097.942215
6.220686	439.510000	4097.979511
6.220168	439.514000	4098.016807
6.219650	439.518000	4098.054103
6.219133	439.522000	4098.091398
6.218615	439.526000	4098.128694
6.218097	439.530000	4098.165990
6.217580	439.534000	4098.203286
6.217062	439.538000	4098.240582
6.216544	439.542000	4098.277878
6.216026	439.546000	4098.315174
6.215508	439.550000	4098.352470
6.214990	439.554000	4098.389766
6.214472	439.558000	4098.427061
6.213954	439.562000	4098.464357
6.213436	439.566000	4098.501653
6.212918	439.570000	4098.538949
6.212400	439.574000	4098.576245
6.211882	439.578000	4098.613541
6.211364	439.582000	4098.650837
6.210846	439.586000	4098.688133
6.210327	439.590000	4098.725429
6.209809	439.594000	4098.762725
6.209291	439.598000	4098.800020
6.208773	439.602000	4098.837316
6.208254	439.606000	4098.874612
6.207736	439.610000	4098.911908
6.207217	439.614000	4098.949204
6.206699	439.618000	4098.986500
6.206180	439.622000	4099.023796
6.205662	439.626000	4099.061092
6.205143	439.630000	4099.098388
6.204625	439.634000	4099.135683
6.204106	439.638000	4099.172979
6.203587	439.642000	4099.210275
6.203069	439.646000	4099.247571
6.202550	439.650000	4099.284867
6.202031	439.654000	4099.322163
6.201512	439.658000	4099.359459
6.200993	439.662000	4099.396755
6.200474	439.666000	4099.434051
6.199956	439.670000	4099.471346
6.199437	439.674000	4099.508642
6.198918	439.678000	4099.545938
6.198399	439.682000	4099.583234
6.197880	439.686000	4099.620530
6.197360	439.690000	4099.657826
6.196841	439.694000	4099.695122
6.196322	439.698000	4099.732418
6.195803	439.702000	4099.769714
6.195284	439.706000	4099.807010
6.194765	439.710000	4099.844305
6.194245	439.714000	4099.881601
6.193726	439.718000	4099.918897
6.193207	439.722000	4099.956193
6.192687	439.726000	4099.993489
6.192168	439.730000	4100.030785
6.191648	439.734000	4100.068081
6.191129	439.738000	4100.105377
6.190609	439.742000	4100.142673
6.190090	439.746000	4100.179968
6.189570	439.750000	4100.217264
6.189051	439.754000	4100.254560
6.188531	439.758000	4100.291856
6.188011	439.762000	4100.329152
6.187491	439.766000	4100.366448
6.186972	439.770000	4100.403744
6.186452	439.774000	4100.441040
6.185932	439.778000	4100.478336
6.185412	439.782000	4100.515631
6.184892	439.786000	4100.552927
6.184372	439.790000	4100.590223
6.183852	439.794000	4100.627519
6.183332	439.798000	4100.664815
6.182812	439.802000	4100.702111
6.182292	439.806000	4100.739407
6.181772	439.810000	4100.776703
6.181252	439.814000	4100.813999
6.180732	439.818000	4100.851295
6.180212	439.822000	4100.888590
6.179691	439.826000	4100.925886
6.179171	439.830000	4100.963182
6.178651	439.834000	4101.000478
6.178130	439.838000	4101.037774
6.177610	439.842000	4101.075070
6.177090	439.846000	4101.112366
6.176569	439.850000	4101.149662
6.176049	439.854000	4101.186958
6.175528	439.858000	4101.224253
6.175008	439.862000	4101.261549
6.174487	439.866000	4101.298845
6.173966	439.870000	4101.336141
6.173446	439.874000	4101.373437
6.172925	439.878000	4101.410733
6.172404	439.882000	4101.448029
6.171883	439.886000	4101.485325
6.171363	439.890000	4101.522621
6.170842	439.894000	4101.559916
6.170321	439.898000	4101.597212
6.169800	439.902000	4101.634508
6.169279	439.906000	4101.671804
6.168758	439.910000	4101.709100
6.168237	439.914000	4101.746396
6.167716	439.918000	4101.783692
6.167195	439.922000	4101.820988
6.166674	439.926000	4101.858284
6.166153	439.930000	4101.895580
6.165632	439.934000	4101.932875
6.165110	439.938000	4101.970171
6.164589	439.942000	4102.007467
6.164068	439.946000	4102.044763
6.163547	439.950000	4102.082059
6.163025	439.954000	4102.119355
6.162504	439.958000	4102.156651
6.161982	439.962000	4102.193947
6.161461	439.966000	4102.231243
6.160940	439.970000	4102.268538
6.160418	439.974000	4102.305834
6.159896	439.978000	4102.343130
6.159375	439.982000	4102.380426
6.158853	439.986000	4102.417722
6.158332	439.990000	4102.455018
6.157810	439.994000	4102.492314
6.157288	439.998000	4102.529610
6.156766	440.002000	4102.566906
6.156245	440.006000	4102.604202
6.155723	440.010000	4102.641497
6.155201	440.014000	4102.678793
6.154679	440.018000	4102.716089
6.154157	440.022000	4102.753385
6.153635	440.026000	4102.790681
6.153113	440.030000	4102.827977
6.152591	440.034000	4102.865273
6.152069	440.038000	4102.902569
6.151547	440.042000	4102.939865
6.151025	440.046000	4102.977160
6.150503	440.050000	4103.014456
6.149980	440.054000	4103.051752
6.149458	440.058000	4103.089048
6.148936	440.062000	4103.126344
6.148413	440.066000	4103.163640
6.147891	440.070000	4103.200936
6.147369	440.074000	4103.238232
6.146846	440.078000	4103.275528
6.146324	440.082000	4103.312823
6.145801	440.086000	4103.350119
6.145279	440.090000	4103.387415
6.144756	440.094000	4103.424711
6.144234	440.098000	4103.462007
6.143711	440.102000	4103.499303
6.143188	440.106000	4103.536599
6.142666	440.110000	4103.573895
6.142143	440.114000	4103.611191
6.141620	440.118000	4103.648487
6.141097	440.122000	4103.685782
6.140575	440.126000	4103.723078
6.140052	440.130000	4103.760374
6.139529	440.134000	4103.797670
6.139006	440.138000	4103.834966
6.138483	440.142000	4103.872262
6.137960	440.146000	4103.909558
6.137437	440.150000	4103.946854
6.136914	440.154000	4103.984150
6.136391	440.158000	4104.021445
6.135867	440.162000	4104.058741
6.135344	440.166000	4104.096037
6.134821	440.170000	4104.133333
6.134298	440.174000	4104.170629
6.133774	440.178000	4104.207925
6.133251	440.182000	4104.245221
6.132728	440.186000	4104.282517
6.132204	440.190000	4104.319813
6.131681	440.194000	4104.357108
6.131157	440.198000	4104.394404
6.130634	440.202000	4104.431700
6.130110	440.206000	4104.468996
6.129587	440.210000	4104.506292
6.129063	440.214000	4104.543588
6.128540	440.218000	4104.580884
6.128016	440.222000	4104.618180
6.127492	440.226000	4104.655476
6.126968	440.230000	4104.692772
6.126445	440.234000	4104.730067
6.125921	440.238000	4104.767363
6.125397	440.242000	4104.804659
6.124873	440.246000	4104.841955
6.124349	440.250000	4104.879251
6.123825	440.254000	4104.916547
6.123301	440.258000	4104.953843
6.122777	440.262000	4104.991139
6.122253	440.266000	4105.028435
6.121729	440.270000	4105.065730
6.121205	440.274000	4105.103026
6.120681	440.278000	4105.140322
6.120157	440.282000	4105.177618
6.119632	440.286000	4105.214914
6.119108	440.290000	4105.252210
6.118584	440.294000	4105.289506
6.118059	440.298000	4105.326802
6.117535	440.302000	4105.364098
6.117011	440.306000	4105.401394
6.116486	440.310000	4105.438689
6.115962	440.314000	4105.475985
6.115437	440.318000	4105.513281
6.114913	440.322000	4105.550577
6.114388	440.326000	4105.587873
6.113863	440.330000	4105.625169
6.113339	440.334000	4105.662465
6.112814	440.338000	4105.699761
6.112289	440.342000	4105.737057
6.111765	440.346000	4105.774352
6.111240	440.350000	4105.811648
6.110715	440.354000	4105.848944
6.110190	440.358000	4105.886240
6.109665	440.362000	4105.923536
6.109140	440.366000	4105.960832
6.108615	440.370000	4105.998128
6.108090	440.374000	4106.035424
6.107565	440.378000	4106.072720
6.107040	440.382000	4106.110015
6.106515	440.386000	4106.147311
6.105990	440.390000	4106.184607
6.105465	440.394000	4106.221903
6.104939	440.398000	4106.259199
6.104414	440.402000	4106.296495
6.103889	440.406000	4106.333791
6.103363	440.410000	4106.371087
6.102838	440.414000	4106.408383
6.102313	440.418000	4106.445679
6.101787	440.422000	4106.482974
6.101262	440.426000	4106.520270
6.100736	440.430000	4106.557566
6.100211	440.434000	4106.594862
6.099685	440.438000	4106.632158
6.099160	440.442000	4106.669454
6.098634	440.446000	4106.706750
6.098108	440.450000	4106.744046
6.097583	440.454000	4106.781342
6.097057	440.458000	4106.818637
6.096531	440.462000	4106.855933
6.096005	440.466000	4106.893229
6.095479	440.470000	4106.930525
6.094953	440.474000	4106.967821
6.094427	440.478000	4107.005117
6.093901	440.482000	4107.042413
6.093375	440.486000	4107.079709
6.092849	440.490000	4107.117005
6.092323	440.494000	4107.154300
6.091797	440.498000	4107.191596
6.091271	440.502000	4107.228892
6.090745	440.506000	4107.266188
6.090219	440.510000	4107.303484
6.089692	440.514000	4107.340780
6.089166	440.518000	4107.378076
6.088640	440.522000	4107.415372
6.088113	440.526000	4107.452668
6.087587	440.530000	4107.489964
6.087061	440.534000	4107.527259
6.086534	440.538000	4107.564555
6.086008	440.542000	4107.601851
6.085481	440.546000	4107.639147
6.084955	440.550000	4107.676443
6.084428	440.554000	4107.713739
6.083901	440.558000	4107.751035
6.083375	440.562000	4107.788331
6.082848	440.566000	4107.825627
6.082321	440.570000	4107.862922
6.081794	440.574000	4107.900218
6.081268	440.578000	4107.937514
6.080741	440.582000	4107.974810
6.080214	440.586000	4108.012106
6.079687	440.590000	4108.049402
6.079160	440.594000	4108.086698
6.078633	440.598000	4108.123994
6.078106	440.602000	4108.161290
6.077579	440.606000	4108.198585
6.077052	440.610000	4108.235881
6.076525	440.614000	4108.273177
6.075997	440.618000	4108.310473
6.075470	440.622000	4108.347769
6.074943	440.626000	4108.385065
6.074416	440.630000	4108.422361
6.073888	440.634000	4108.459657
6.073361	440.638000	4108.496953
6.072834	440.642000	4108.534249
6.072306	440.646000	4108.571544
6.071779	440.650000	4108.608840
6.071251	440.654000	4108.646136
6.070724	440.658000	4108.683432
6.070196	440.662000	4108.720728
6.069668	440.666000	4108.758024
6.069141	440.670000	4108.795320
6.068613	440.674000	4108.832616
6.068085	440.678000	4108.869912
6.067558	440.682000	4108.907207
6.067030	440.686000	4108.944503
6.066502	440.690000	4108.981799
6.065974	440.694000	4109.019095
6.065446	440.698000	4109.056391
6.064918	440.702000	4109.093687
6.064390	440.706000	4109.130983
6.063862	440.710000	4109.168279
6.063334	440.714000	4109.205575
6.062806	440.718000	4109.242871
6.062278	440.722000	4109.280166
6.061750	440.726000	4109.317462
6.061222	440.730000	4109.354758
6.060694	440.734000	4109.392054
6.060165	440.738000	4109.429350
6.059637	440.742000	4109.466646
6.059109	440.746000	4109.503942
6.058580	440.750000	4109.541238
6.058052	440.754000	4109.578534
6.057523	440.758000	4109.615829
6.056995	440.762000	4109.653125
6.056466	440.766000	4109.690421
6.055938	440.770000	4109.727717
6.055409	440.774000	4109.765013
6.054881	440.778000	4109.802309
6.054352	440.782000	4109.839605
6.053823	440.786000	4109.876901
6.053295	440.790000	4109.914197
6.052766	440.794000	4109.951492
6.052237	440.798000	4109.988788
6.051708	440.802000	4110.026084
6.051179	440.806000	4110.063380
6.050651	440.810000	4110.100676
6.050122	440.814000	4110.137972
6.049593	440.818000	4110.175268
6.049064	440.822000	4110.212564
6.048535	440.826000	4110.249860
6.048005	440.830000	4110.287156
6.047476	440.834000	4110.324451
6.046947	440.838000	4110.361747
6.046418	440.842000	4110.399043
6.045889	440.846000	4110.436339
6.045359	440.850000	4110.473635
6.044830	440.854000	4110.510931
6.044301	440.858000	4110.548227
6.043771	440.862000	4110.585523
6.043242	440.866000	4110.622819
6.042713	440.870000	4110.660114
6.042183	440.874000	4110.697410
6.041654	440.878000	4110.734706
6.041124	440.882000	4110.772002
6.040594	440.886000	4110.809298
6.040065	440.890000	4110.846594
6.039535	440.894000	4110.883890
6.039005	440.898000	4110.921186
6.038476	440.902000	4110.958482
6.037946	440.906000	4110.995777
6.037416	440.910000	4111.033073
6.036886	440.914000	4111.070369
6.036356	440.918000	4111.107665
6.035826	440.922000	4111.144961
6.035297	440.926000	4111.182257
6.034767	440.930000	4111.219553
6.034237	440.934000	4111.256849
6.033706	440.938000	4111.294145
6.033176	440.942000	4111.331441
6.032646	440.946000	4111.368736
6.032116	440.950000	4111.406032
6.031586	440.954000	4111.443328
6.031056	440.958000	4111.480624
6.030525	440.962000	4111.517920
6.029995	440.966000	4111.555216
6.029465	440.970000	4111.592512
6.028934	440.974000	4111.629808
6.028404	440.978000	4111.667104
6.027873	440.982000	4111.704399
6.027343	440.986000	4111.741695
6.026812	440.990000	4111.778991
6.026282	440.994000	4111.816287
6.025751	440.998000	4111.853583
6.025220	441.002000	4111.890879
6.024690	441.006000	4111.928175
6.024159	441.010000	4111.965471
6.023628	441.014000	4112.002767
6.023097	441.018000	4112.040062
6.022567	441.022000	4112.077358
6.022036	441.026000	4112.114654
6.021505	441.030000	4112.151950
6.020974	441.034000	4112.189246
6.020443	441.038000	4112.226542
6.019912	441.042000	4112.263838
6.019381	441.046000	4112.301134
6.018850	441.050000	4112.338430
6.018319	441.054000	4112.375726
6.017788	441.058000	4112.413021
6.017256	441.062000	4112.450317
6.016725	441.066000	4112.487613
6.016194	441.070000	4112.524909
6.015663	441.074000	4112.562205
6.015131	441.078000	4112.599501
6.014600	441.082000	4112.636797
6.014068	441.086000	4112.674093
6.013537	441.090000	4112.711389
6.013005	441.094000	4112.748684
6.012474	441.098000	4112.785980
6.011942	441.102000	4112.823276
6.011411	441.106000	4112.860572
6.010879	441.110000	4112.897868
6.010347	441.114000	4112.935164
6.009816	441.118000	4112.972460
6.009284	441.122000	4113.009756
6.008752	441.126000	4113.047052
6.008220	441.130000	4113.084348
6.007689	441.134000	4113.121643
6.007157	441.138000	4113.158939
6.006625	441.142000	4113.196235
6.006093	441.146000	4113.233531
6.005561	441.150000	4113.270827
6.005029	441.154000	4113.308123
6.004497	441.158000	4113.345419
6.003964	441.162000	4113.382715
6.003432	441.166000	4113.420011
6.002900	441.170000	4113.457306
6.002368	441.174000	4113.494602
6.001836	441.178000	4113.531898
6.001303	441.182000	4113.569194
6.000771	441.186000	4113.606490
6.000239	441.190000	4113.643786
5.999706	441.194000	4113.681082
5.999174	441.198000	4113.718378
5.998641	441.202000	4113.755674
5.998109	441.206000	4113.792969
5.997576	441.210000	4113.830265
5.997044	441.214000	4113.867561
5.996511	441.218000	4113.904857
5.995978	441.222000	4113.942153
5.995446	441.226000	4113.979449
5.994913	441.230000	4114.016745
5.994380	441.234000	4114.054041
5.993847	441.238000	4114.091337
5.993314	441.242000	4114.128633
5.992782	441.246000	4114.165928
5.992249	441.250000	4114.203224
5.991716	441.254000	4114.240520
5.991183	441.258000	4114.277816
5.990650	441.262000	4114.315112
5.990117	441.266000	4114.352408
5.989583	441.270000	4114.389704
5.989050	441.274000	4114.427000
5.988517	441.278000	4114.464296
5.987984	441.282000	4114.501591
5.987451	441.286000	4114.538887
5.986917	441.290000	4114.576183
5.986384	441.294000	4114.613479
5.985851	441.298000	4114.650775
5.985317	441.302000	4114.688071
5.984784	441.306000	4114.725367
5.984250	441.310000	4114.762663
5.983717	441.314000	4114.799959
5.983183	441.318000	4114.837254
5.982650	441.322000	4114.874550
5.982116	441.326000	4114.911846
5.981582	441.330000	4114.949142
5.981049	441.334000	4114.986438
5.980515	441.338000	4115.023734
5.979981	441.342000	4115.061030
5.979447	441.346000	4115.098326
5.978913	441.350000	4115.135622
5.978380	441.354000	4115.172918
5.977846	441.358000	4115.210213
5.977312	441.362000	4115.247509
5.976778	441.366000	4115.284805
5.976244	441.370000	4115.322101
5.975710	441.374000	4115.359397
5.975175	441.378000	4115.396693
5.974641	441.382000	4115.433989
5.974107	441.386000	4115.471285
5.973573	441.390000	4115.508581
5.973039	441.394000	4115.545876
5.972504	441.398000	4115.583172
5.971970	441.402000	4115.620468
5.971436	441.406000	4115.657764
5.970901	441.410000	4115.695060
5.970367	441.414000	4115.732356
5.969832	441.418000	4115.769652
5.969298	441.422000	4115.806948
5.968763	441.426000	4115.844244
5.968229	441.430000	4115.881540
5.967694	441.434000	4115.918835
5.967159	441.438000	4115.956131
5.966624	441.442000	4115.993427
5.966090	441.446000	4116.030723
5.965555	441.450000	4116.068019
5.965020	441.454000	4116.105315
5.964485	441.458000	4116.142611
5.963950	441.462000	4116.179907
5.963415	441.466000	4116.217203
5.962880	441.470000	4116.254498
5.962345	441.474000	4116.291794
5.961810	441.478000	4116.329090
5.961275	441.482000	4116.366386
5.960740	441.486000	4116.403682
5.960205	441.490000	4116.440978
5.959670	441.494000	4116.478274
5.959135	441.498000	4116.515570
5.958599	441.502000	4116.552866
5.958064	441.506000	4116.590161
5.957529	441.510000	4116.627457
5.956993	441.514000	4116.664753
5.956458	441.518000	4116.702049
5.955922	441.522000	4116.739345
5.955387	441.526000	4116.776641
5.954851	441.530000	4116.813937
5.954316	441.534000	4116.851233
5.953780	441.538000	4116.888529
5.953245	441.542000	4116.925825
5.952709	441.546000	4116.963120
5.952173	441.550000	4117.000416
5.951637	441.554000	4117.037712
5.951102	441.558000	4117.075008
5.950566	441.562000	4117.112304
5.950030	441.566000	4117.149600
5.949494	441.570000	4117.186896
5.948958	441.574000	4117.224192
5.948422	441.578000	4117.261488
5.947886	441.582000	4117.298783
5.947350	441.586000	4117.336079
5.946814	441.590000	4117.373375
5.946278	441.594000	4117.410671
5.945741	441.598000	4117.447967
5.945205	441.602000	4117.485263
5.944669	441.606000	4117.522559
5.944133	441.610000	4117.559855
5.943596	441.614000	4117.597151
5.943060	441.618000	4117.634446
5.942524	441.622000	4117.671742
5.941987	441.626000	4117.709038
5.941451	441.630000	4117.746334
5.940914	441.634000	4117.783630
5.940378	441.638000	4117.820926
5.939841	441.642000	4117.858222
5.939304	441.646000	4117.895518
5.938768	441.650000	4117.932814
5.938231	441.654000	4117.970110
5.937694	441.658000	4118.007405
5.937158	441.662000	4118.044701
5.936621	441.666000	4118.081997
5.936084	441.670000	4118.119293
5.935547	441.674000	4118.156589
5.935010	441.678000	4118.193885
5.934473	441.682000	4118.231181
5.933936	441.686000	4118.268477
5.933399	441.690000	4118.305773
5.932862	441.694000	4118.343068
5.932325	441.698000	4118.380364
5.931788	441.702000	4118.417660
5.931250	441.706000	4118.454956
5.930713	441.710000	4118.492252
5.930176	441.714000	4118.529548
5.929639	441.718000	4118.566844
5.929101	441.722000	4118.604140
5.928564	441.726000	4118.641436
5.928026	441.730000	4118.678731
5.927489	441.734000	4118.716027
5.926951	441.738000	4118.753323
5.926414	441.742000	4118.790619
5.925876	441.746000	4118.827915
5.925339	441.750000	4118.865211
5.924801	441.754000	4118.902507
5.924263	441.758000	4118.939803
5.923726	441.762000	4118.977099
5.923188	441.766000	4119.014395
5.922650	441.770000	4119.051690
5.922112	441.774000	4119.088986
5.921574	441.778000	4119.126282
5.921036	441.782000	4119.163578
5.920498	441.786000	4119.200874
5.919960	441.790000	4119.238170
5.919422	441.794000	4119.275466
5.918884	441.798000	4119.312762
5.918346	441.802000	4119.350058
5.917808	441.806000	4119.387353
5.917270	441.810000	4119.424649
5.916732	441.814000	4119.461945
5.916193	441.818000	4119.499241
5.915655	441.822000	4119.536537
5.915117	441.826000	4119.573833
5.914578	441.830000	4119.611129
5.914040	441.834000	4119.648425
5.913502	441.838000	4119.685721
5.912963	441.842000	4119.723017
5.912425	441.846000	4119.760312
5.911886	441.850000	4119.797608
5.911347	441.854000	4119.834904
5.910809	441.858000	4119.872200
5.910270	441.862000	4119.909496
5.909731	441.866000	4119.946792
5.909193	441.870000	4119.984088
5.908654	441.874000	4120.021384
5.908115	441.878000	4120.058680
5.907576	441.882000	4120.095975
5.907037	441.886000	4120.133271
5.906498	441.890000	4120.170567
5.905959	441.894000	4120.207863
5.905420	441.898000	4120.245159
5.904881	441.902000	4120.282455
5.904342	441.906000	4120.319751
5.903803	441.910000	4120.357047
5.903264	441.914000	4120.394343
5.902724	441.918000	4120.431638
5.902185	441.922000	4120.468934
5.901646	441.926000	4120.506230
5.901107	441.930000	4120.543526
5.900567	441.934000	4120.580822
5.900028	441.938000	4120.618118
5.899488	441.942000	4120.655414
5.898949	441.946000	4120.692710
5.898409	441.950000	4120.730006
5.897870	441.954000	4120.767302
5.897330	441.958000	4120.804597
5.896790	441.962000	4120.841893
5.896251	441.966000	4120.879189
5.895711	441.970000	4120.916485
5.895171	441.974000	4120.953781
5.894631	441.978000	4120.991077
5.894092	441.982000	4121.028373
5.893552	441.986000	4121.065669
5.893012	441.990000	4121.102965
5.892472	441.994000	4121.140260
5.891932	441.998000	4121.177556
5.891392	442.002000	4121.214852
5.890852	442.006000	4121.252148
5.890312	442.010000	4121.289444
5.889772	442.014000	4121.326740
5.889231	442.018000	4121.364036
5.888691	442.022000	4121.401332
5.888151	442.026000	4121.438628
5.887611	442.030000	4121.475923
5.887070	442.034000	4121.513219
5.886530	442.038000	4121.550515
5.885989	442.042000	4121.587811
5.885449	442.046000	4121.625107
5.884909	442.050000	4121.662403
5.884368	442.054000	4121.699699
5.883827	442.058000	4121.736995
5.883287	442.062000	4121.774291
5.882746	442.066000	4121.811587
5.882205	442.070000	4121.848882
5.881665	442.074000	4121.886178
5.881124	442.078000	4121.923474
5.880583	442.082000	4121.960770
5.880042	442.086000	4121.998066
5.879501	442.090000	4122.035362
5.878961	442.094000	4122.072658
5.878420	442.098000	4122.109954
5.877879	442.102000	4122.147250
5.877338	442.106000	4122.184545
5.876796	442.110000	4122.221841
5.876255	442.114000	4122.259137
5.875714	442.118000	4122.296433
5.875173	442.122000	4122.333729
5.874632	442.126000	4122.371025
5.874091	442.130000	4122.408321
5.873549	442.134000	4122.445617
5.873008	442.138000	4122.482913
5.872467	442.142000	4122.520209
5.871925	442.146000	4122.557504
5.871384	442.150000	4122.594800
5.870842	442.154000	4122.632096
5.870301	442.158000	4122.669392
5.869759	442.162000	4122.706688
5.869217	442.166000	4122.743984
5.868676	442.170000	4122.781280
5.868134	442.174000	4122.818576
5.867592	442.178000	4122.855872
5.867051	442.182000	4122.893167
5.866509	442.186000	4122.930463
5.865967	442.190000	4122.967759
5.865425	442.194000	4123.005055
5.864883	442.198000	4123.042351
5.864341	442.202000	4123.079647
5.863799	442.206000	4123.116943
5.863257	442.210000	4123.154239
5.862715	442.214000	4123.191535
5.862173	442.218000	4123.228830
5.861631	442.222000	4123.266126
5.861088	442.226000	4123.303422
5.860546	442.230000	4123.340718
5.860004	442.234000	4123.378014
5.859462	442.238000	4123.415310
5.858919	442.242000	4123.452606
5.858377	442.246000	4123.489902
5.857834	442.250000	4123.527198
5.857292	442.254000	4123.564494
5.856749	442.258000	4123.601789
5.856207	442.262000	4123.639085
5.855664	442.266000	4123.676381
5.855122	442.270000	4123.713677
5.854579	442.274000	4123.750973
5.854036	442.278000	4123.788269
5.853493	442.282000	4123.825565
5.852951	442.286000	4123.862861
5.852408	442.290000	4123.900157
5.851865	442.294000	4123.937452
5.851322	442.298000	4123.974748
5.850779	442.302000	4124.012044
5.850236	442.306000	4124.049340
5.849693	442.310000	4124.086636
5.849150	442.314000	4124.123932
5.848607	442.318000	4124.161228
5.848064	442.322000	4124.198524
5.847521	442.326000	4124.235820
5.846977	442.330000	4124.273115
5.846434	442.334000	4124.310411
5.845891	442.338000	4124.347707
5.845348	442.342000	4124.385003
5.844804	442.346000	4124.422299
5.844261	442.350000	4124.459595
5.843717	442.354000	4124.496891
5.843174	442.358000	4124.534187
5.842630	442.362000	4124.571483
5.842087	442.366000	4124.608779
5.841543	442.370000	4124.646074
5.840999	442.374000	4124.683370
5.840456	442.378000	4124.720666
5.839912	442.382000	4124.757962
5.839368	442.386000	4124.795258
5.838824	442.390000	4124.832554
5.838281	442.394000	4124.869850
5.837737	442.398000	4124.907146
5.837193	442.402000	4124.944442
5.836649	442.406000	4124.981737
5.836105	442.410000	4125.019033
5.835561	442.414000	4125.056329
5.835017	442.418000	4125.093625
5.834472	442.422000	4125.130921
5.833928	442.426000	4125.168217
5.833384	442.430000	4125.205513
5.832840	442.434000	4125.242809
5.832296	442.438000	4125.280105
5.831751	442.442000	4125.317400
5.831207	442.446000	4125.354696
5.830662	442.450000	4125.391992
5.830118	442.454000	4125.429288
5.829574	442.458000	4125.466584
5.829029	442.462000	4125.503880
5.828484	442.466000	4125.541176
5.827940	442.470000	4125.578472
5.827395	442.474000	4125.615768
5.826851	442.478000	4125.653064
5.826306	442.482000	4125.690359
5.825761	442.486000	4125.727655
5.825216	442.490000	4125.764951
5.824671	442.494000	4125.802247
5.824127	442.498000	4125.839543
5.823582	442.502000	4125.876839
5.823037	442.506000	4125.914135
5.822492	442.510000	4125.951431
5.821947	442.514000	4125.988727
5.821402	442.518000	4126.026022
5.820856	442.522000	4126.063318
5.820311	442.526000	4126.100614
5.819766	442.530000	4126.137910
5.819221	442.534000	4126.175206
5.818676	442.538000	4126.212502
5.818130	442.542000	4126.249798
5.817585	442.546000	4126.287094
5.817039	442.550000	4126.324390
5.816494	442.554000	4126.361686
5.815949	442.558000	4126.398981
5.815403	442.562000	4126.436277
5.814857	442.566000	4126.473573
5.814312	442.570000	4126.510869
5.813766	442.574000	4126.548165
5.813221	442.578000	4126.585461
5.812675	442.582000	4126.622757
5.812129	442.586000	4126.660053
5.811583	442.590000	4126.697349
5.811037	442.594000	4126.734644
5.810492	442.598000	4126.771940
5.809946	442.602000	4126.809236
5.809400	442.606000	4126.846532
5.808854	442.610000	4126.883828
5.808308	442.614000	4126.921124
5.807762	442.618000	4126.958420
5.807216	442.622000	4126.995716
5.806669	442.626000	4127.033012
5.806123	442.630000	4127.070307
5.805577	442.634000	4127.107603
5.805031	442.638000	4127.144899
5.804484	442.642000	4127.182195
5.803938	442.646000	4127.219491
5.803392	442.650000	4127.256787
5.802845	442.654000	4127.294083
5.802299	442.658000	4127.331379
5.801752	442.662000	4127.368675
5.801206	442.666000	4127.405971
5.800659	442.670000	4127.443266
5.800112	442.674000	4127.480562
5.799566	442.678000	4127.517858
5.799019	442.682000	4127.555154
5.798472	442.686000	4127.592450
5.797925	442.690000	4127.629746
5.797379	442.694000	4127.667042
5.796832	442.698000	4127.704338
5.796285	442.702000	4127.741634
5.795738	442.706000	4127.778929
5.795191	442.710000	4127.816225
5.794644	442.714000	4127.853521
5.794097	442.718000	4127.890817
5.793550	442.722000	4127.928113
5.793002	442.726000	4127.965409
5.792455	442.730000	4128.002705
5.791908	442.734000	4128.040001
5.791361	442.738000	4128.077297
5.790813	442.742000	4128.114592
5.790266	442.746000	4128.151888
5.789719	442.750000	4128.189184
5.789171	442.754000	4128.226480
5.788624	442.758000	4128.263776
5.788076	442.762000	4128.301072
5.787529	442.766000	4128.338368
5.786981	442.770000	4128.375664
5.786433	442.774000	4128.412960
5.785886	442.778000	4128.450256
5.785338	442.782000	4128.487551
5.784790	442.786000	4128.524847
5.784242	442.790000	4128.562143
5.783695	442.794000	4128.599439
5.783147	442.798000	4128.636735
5.782599	442.802000	4128.674031
5.782051	442.806000	4128.711327
5.781503	442.810000	4128.748623
5.780955	442.814000	4128.785919
5.780407	442.818000	4128.823214
5.779859	442.822000	4128.860510
5.779310	442.826000	4128.897806
5.778762	442.830000	4128.935102
5.778214	442.834000	4128.972398
5.777666	442.838000	4129.009694
5.777117	442.842000	4129.046990
5.776569	442.846000	4129.084286
5.776021	442.850000	4129.121582
5.775472	442.854000	4129.158878
5.774924	442.858000	4129.196173
5.774375	442.862000	4129.233469
5.773827	442.866000	4129.270765
5.773278	442.870000	4129.308061
5.772729	442.874000	4129.345357
5.772181	442.878000	4129.382653
5.771632	442.882000	4129.419949
5.771083	442.886000	4129.457245
5.770534	442.890000	4129.494541
5.769985	442.894000	4129.531836
5.769437	442.898000	4129.569132
5.768888	442.902000	4129.606428
5.768339	442.906000	4129.643724
5.767790	442.910000	4129.681020
5.767241	442.914000	4129.718316
5.766691	442.918000	4129.755612
5.766142	442.922000	4129.792908
5.765593	442.926000	4129.830204
5.765044	442.930000	4129.867499
5.764495	442.934000	4129.904795
5.763945	442.938000	4129.942091
5.763396	442.942000	4129.979387
5.762847	442.946000	4130.016683
5.762297	442.950000	4130.053979
5.761748	442.954000	4130.091275
5.761198	442.958000	4130.128571
5.760649	442.962000	4130.165867
5.760099	442.966000	4130.203163
5.759550	442.970000	4130.240458
5.759000	442.974000	4130.277754
5.758450	442.978000	4130.315050
5.757900	442.982000	4130.352346
5.757351	442.986000	4130.389642
5.756801	442.990000	4130.426938
5.756251	442.994000	4130.464234
5.755701	442.998000	4130.501530
5.755151	443.002000	4130.538826
5.754601	443.006000	4130.576121
5.754051	443.010000	4130.613417
5.753501	443.014000	4130.650713
5.752951	443.018000	4130.688009
5.752401	443.022000	4130.725305
5.751850	443.026000	4130.762601
5.751300	443.030000	4130.799897
5.750750	443.034000	4130.837193
5.750200	443.038000	4130.874489
5.749649	443.042000	4130.911784
5.749099	443.046000	4130.949080
5.748548	443.050000	4130.986376
5.747998	443.054000	4131.023672
5.747447	443.058000	4131.060968
5.746897	443.062000	4131.098264
5.746346	443.066000	4131.135560
5.745796	443.070000	4131.172856
5.745245	443.074000	4131.210152
5.744694	443.078000	4131.247448
5.744143	443.082000	4131.284743
5.743593	443.086000	4131.322039
5.743042	443.090000	4131.359335
5.742491	443.094000	4131.396631
5.741940	443.098000	4131.433927
5.741389	443.102000	4131.471223
5.740838	443.106000	4131.508519
5.740287	443.110000	4131.545815
5.739736	443.114000	4131.583111
5.739185	443.118000	4131.620406
5.738633	443.122000	4131.657702
5.738082	443.126000	4131.694998
5.737531	443.130000	4131.732294
5.736980	443.134000	4131.769590
5.736428	443.138000	4131.806886
5.735877	443.142000	4131.844182
5.735325	443.146000	4131.881478
5.734774	443.150000	4131.918774
5.734222	443.154000	4131.956069
5.733671	443.158000	4131.993365
5.733119	443.162000	4132.030661
5.732568	443.166000	4132.067957
5.732016	443.170000	4132.105253
5.731464	443.174000	4132.142549
5.730913	443.178000	4132.179845
5.730361	443.182000	4132.217141
5.729809	443.186000	4132.254437
5.729257	443.190000	4132.291733
5.728705	443.194000	4132.329028
5.728153	443.198000	4132.366324
5.727601	443.202000	4132.403620
5.727049	443.206000	4132.440916
5.726497	443.210000	4132.478212
5.725945	443.214000	4132.515508
5.725393	443.218000	4132.552804
5.724840	443.222000	4132.590100
5.724288	443.226000	4132.627396
5.723736	443.230000	4132.664691
5.723184	443.234000	4132.701987
5.722631	443.238000	4132.739283
5.722079	443.242000	4132.776579
5.721526	443.246000	4132.813875
5.720974	443.250000	4132.851171
5.720421	443.254000	4132.888467
5.719869	443.258000	4132.925763
5.719316	443.262000	4132.963059
5.718763	443.266000	4133.000355
5.718211	443.270000	4133.037650
5.717658	443.274000	4133.074946
5.717105	443.278000	4133.112242
5.716552	443.282000	4133.149538
5.715999	443.286000	4133.186834
5.715446	443.290000	4133.224130
5.714893	443.294000	4133.261426
5.714340	443.298000	4133.298722
5.713787	443.302000	4133.336018
5.713234	443.306000	4133.373313
5.712681	443.310000	4133.410609
5.712128	443.314000	4133.447905
5.711575	443.318000	4133.485201
5.711022	443.322000	4133.522497
5.710468	443.326000	4133.559793
5.709915	443.330000	4133.597089
5.709362	443.334000	4133.634385
5.708808	443.338000	4133.671681
5.708255	443.342000	4133.708976
5.707701	443.346000	4133.746272
5.707148	443.350000	4133.783568
5.706594	443.354000	4133.820864
5.706040	443.358000	4133.858160
5.705487	443.362000	4133.895456
5.704933	443.366000	4133.932752
5.704379	443.370000	4133.970048
5.703826	443.374000	4134.007344
5.703272	443.378000	4134.044640
5.702718	443.382000	4134.081935
5.702164	443.386000	4134.119231
5.701610	443.390000	4134.156527
5.701056	443.394000	4134.193823
5.700502	443.398000	4134.231119
5.699948	443.402000	4134.268415
5.699394	443.406000	4134.305711
5.698839	443.410000	4134.343007
5.698285	443.414000	4134.380303
5.697731	443.418000	4134.417598
5.697177	443.422000	4134.454894
5.696622	443.426000	4134.492190
5.696068	443.430000	4134.529486
5.695514	443.434000	4134.566782
5.694959	443.438000	4134.604078
5.694405	443.442000	4134.641374
5.693850	443.446000	4134.678670
5.693295	443.450000	4134.715966
5.692741	443.454000	4134.753261
5.692186	443.458000	4134.790557
5.691631	443.462000	4134.827853
5.691077	443.466000	4134.865149
5.690522	443.470000	4134.902445
5.689967	443.474000	4134.939741
5.689412	443.478000	4134.977037
5.688857	443.482000	4135.014333
5.688302	443.486000	4135.051629
5.687747	443.490000	4135.088925
5.687192	443.494000	4135.126220
5.686637	443.498000	4135.163516
5.686082	443.502000	4135.200812
5.685527	443.506000	4135.238108
5.684972	443.510000	4135.275404
5.684416	443.514000	4135.312700
5.683861	443.518000	4135.349996
5.683306	443.522000	4135.387292
5.682750	443.526000	4135.424588
5.682195	443.530000	4135.461883
5.681639	443.534000	4135.499179
5.681084	443.538000	4135.536475
5.680528	443.542000	4135.573771
5.679973	443.546000	4135.611067
5.679417	443.550000	4135.648363
5.678861	443.554000	4135.685659
5.678306	443.558000	4135.722955
5.677750	443.562000	4135.760251
5.677194	443.566000	4135.797546
5.676638	443.570000	4135.834842
5.676082	443.574000	4135.872138
5.675526	443.578000	4135.909434
5.674970	443.582000	4135.946730
5.674414	443.586000	4135.984026
5.673858	443.590000	4136.021322
5.673302	443.594000	4136.058618
5.672746	443.598000	4136.095914
5.672190	443.602000	4136.133210
5.671634	443.606000	4136.170505
5.671077	443.610000	4136.207801
5.670521	443.614000	4136.245097
5.669965	443.618000	4136.282393
5.669408	443.622000	4136.319689
5.668852	443.626000	4136.356985
5.668295	443.630000	4136.394281
5.667739	443.634000	4136.431577
5.667182	443.638000	4136.468873
5.666626	443.642000	4136.506168
5.666069	443.646000	4136.543464
5.665512	443.650000	4136.580760
5.664956	443.654000	4136.618056
5.664399	443.658000	4136.655352
5.663842	443.662000	4136.692648
5.663285	443.666000	4136.729944
5.662728	443.670000	4136.767240
5.662171	443.674000	4136.804536
5.661614	443.678000	4136.841832
5.661057	443.682000	4136.879127
5.660500	443.686000	4136.916423
5.659943	443.690000	4136.953719
5.659386	443.694000	4136.991015
5.658829	443.698000	4137.028311
5.658271	443.702000	4137.065607
5.657714	443.706000	4137.102903
5.657157	443.710000	4137.140199
5.656599	443.714000	4137.177495
5.656042	443.718000	4137.214790
5.655484	443.722000	4137.252086
5.654927	443.726000	4137.289382
5.654369	443.730000	4137.326678
5.653812	443.734000	4137.363974
5.653254	443.738000	4137.401270
5.652696	443.742000	4137.438566
5.652139	443.746000	4137.475862
5.651581	443.750000	4137.513158
5.651023	443.754000	4137.550453
5.650465	443.758000	4137.587749
5.649907	443.762000	4137.625045
5.649349	443.766000	4137.662341
5.648791	443.770000	4137.699637
5.648233	443.774000	4137.736933
5.647675	443.778000	4137.774229
5.647117	443.782000	4137.811525
5.646559	443.786000	4137.848821
5.646001	443.790000	4137.886117
5.645443	443.794000	4137.923412
5.644884	443.798000	4137.960708
5.644326	443.802000	4137.998004
5.643768	443.806000	4138.035300
5.643209	443.810000	4138.072596
5.642651	443.814000	4138.109892
5.642092	443.818000	4138.147188
5.641534	443.822000	4138.184484
5.640975	443.826000	4138.221780
5.640417	443.830000	4138.259075
5.639858	443.834000	4138.296371
5.639299	443.838000	4138.333667
5.638741	443.842000	4138.370963
5.638182	443.846000	4138.408259
5.637623	443.850000	4138.445555
5.637064	443.854000	4138.482851
5.636505	443.858000	4138.520147
5.635946	443.862000	4138.557443
5.635387	443.866000	4138.594738
5.634828	443.870000	4138.632034
5.634269	443.874000	4138.669330
5.633710	443.878000	4138.706626
5.633151	443.882000	4138.743922
5.632591	443.886000	4138.781218
5.632032	443.890000	4138.818514
5.631473	443.894000	4138.855810
5.630914	443.898000	4138.893106
5.630354	443.902000	4138.930402
5.629795	443.906000	4138.967697
5.629235	443.910000	4139.004993
5.628676	443.914000	4139.042289
5.628116	443.918000	4139.079585
5.627556	443.922000	4139.116881
5.626997	443.926000	4139.154177
5.626437	443.930000	4139.191473
5.625877	443.934000	4139.228769
5.625318	443.938000	4139.266065
5.624758	443.942000	4139.303360
5.624198	443.946000	4139.340656
5.623638	443.950000	4139.377952
5.623078	443.954000	4139.415248
5.622518	443.958000	4139.452544
5.621958	443.962000	4139.489840
5.621398	443.966000	4139.527136
5.620838	443.970000	4139.564432
5.620278	443.974000	4139.601728
5.619717	443.978000	4139.639024
5.619157	443.982000	4139.676319
5.618597	443.986000	4139.713615
5.618036	443.990000	4139.750911
5.617476	443.994000	4139.788207
5.616916	443.998000	4139.825503
5.616355	444.002000	4139.862799
5.615795	444.006000	4139.900095
5.615234	444.010000	4139.937391
5.614674	444.014000	4139.974687
5.614113	444.018000	4140.011982
5.613552	444.022000	4140.049278
5.612991	444.026000	4140.086574
5.612431	444.030000	4140.123870
5.611870	444.034000	4140.161166
5.611309	444.038000	4140.198462
5.610748	444.042000	4140.235758
5.610187	444.046000	4140.273054
5.609626	444.050000	4140.310350
5.609065	444.054000	4140.347645
5.608504	444.058000	4140.384941
5.607943	444.062000	4140.422237
5.607382	444.066000	4140.459533
5.606820	444.070000	4140.496829
5.606259	444.074000	4140.534125
5.605698	444.078000	4140.571421
5.605137	444.082000	4140.608717
5.604575	444.086000	4140.646013
5.604014	444.090000	4140.683309
5.603452	444.094000	4140.720604
5.602891	444.098000	4140.757900
5.602329	444.102000	4140.795196
5.601768	444.106000	4140.832492
5.601206	444.110000	4140.869788
5.600644	444.114000	4140.907084
5.600082	444.118000	4140.944380
5.599521	444.122000	4140.981676
5.598959	444.126000	4141.018972
5.598397	444.130000	4141.056267
5.597835	444.134000	4141.093563
5.597273	444.138000	4141.130859
5.596711	444.142000	4141.168155
5.596149	444.146000	4141.205451
5.595587	444.150000	4141.242747
5.595025	444.154000	4141.280043
5.594463	444.158000	4141.317339
5.593900	444.162000	4141.354635
5.593338	444.166000	4141.391930
5.592776	444.170000	4141.429226
5.592214	444.174000	4141.466522
5.591651	444.178000	4141.503818
5.591089	444.182000	4141.541114
5.590526	444.186000	4141.578410
5.589964	444.190000	4141.615706
5.589401	444.194000	4141.653002
5.588838	444.198000	4141.690298
5.588276	444.202000	4141.727594
5.587713	444.206000	4141.764889
5.587150	444.210000	4141.802185
5.586588	444.214000	4141.839481
5.586025	444.218000	4141.876777
5.585462	444.222000	4141.914073
5.584899	444.226000	4141.951369
5.584336	444.230000	4141.988665
5.583773	444.234000	4142.025961
5.583210	444.238000	4142.063257
5.582647	444.242000	4142.100552
5.582084	444.246000	4142.137848
5.581521	444.250000	4142.175144
5.580957	444.254000	4142.212440
5.580394	444.258000	4142.249736
5.579831	444.262000	4142.287032
5.579267	444.266000	4142.324328
5.578704	444.270000	4142.361624
5.578140	444.274000	4142.398920
5.577577	444.278000	4142.436215
5.577013	444.282000	4142.473511
5.576450	444.286000	4142.510807
5.575886	444.290000	4142.548103
5.575323	444.294000	4142.585399
5.574759	444.298000	4142.622695
5.574195	444.302000	4142.659991
5.573631	444.306000	4142.697287
5.573067	444.310000	4142.734583
5.572504	444.314000	4142.771879
5.571940	444.318000	4142.809174
5.571376	444.322000	4142.846470
5.570812	444.326000	4142.883766
5.570248	444.330000	4142.921062
5.569683	444.334000	4142.958358
5.569119	444.338000	4142.995654
5.568555	444.342000	4143.032950
5.567991	444.346000	4143.070246
5.567427	444.350000	4143.107542
5.566862	444.354000	4143.144837
5.566298	444.358000	4143.182133
5.565733	444.362000	4143.219429
5.565169	444.366000	4143.256725
5.564604	444.370000	4143.294021
5.564040	444.374000	4143.331317
5.563475	444.378000	4143.368613
5.562911	444.382000	4143.405909
5.562346	444.386000	4143.443205
5.561781	444.390000	4143.480501
5.561216	444.394000	4143.517796
5.560652	444.398000	4143.555092
5.560087	444.402000	4143.592388
5.559522	444.406000	4143.629684
5.558957	444.410000	4143.666980
5.558392	444.414000	4143.704276
5.557827	444.418000	4143.741572
5.557262	444.422000	4143.778868
5.556697	444.426000	4143.816164
5.556131	444.430000	4143.853459
5.555566	444.434000	4143.890755
5.555001	444.438000	4143.928051
5.554436	444.442000	4143.965347
5.553870	444.446000	4144.002643
5.553305	444.450000	4144.039939
5.552739	444.454000	4144.077235
5.552174	444.458000	4144.114531
5.551608	444.462000	4144.151827
5.551043	444.466000	4144.189122
5.550477	444.470000	4144.226418
5.549911	444.474000	4144.263714
5.549346	444.478000	4144.301010
5.548780	444.482000	4144.338306
5.548214	444.486000	4144.375602
5.547648	444.490000	4144.412898
5.547082	444.494000	4144.450194
5.546517	444.498000	4144.487490
5.545951	444.502000	4144.524786
5.545385	444.506000	4144.562081
5.544818	444.510000	4144.599377
5.544252	444.514000	4144.636673
5.543686	444.518000	4144.673969
5.543120	444.522000	4144.711265
5.542554	444.526000	4144.748561
5.541987	444.530000	4144.785857
5.541421	444.534000	4144.823153
5.540855	444.538000	4144.860449
5.540288	444.542000	4144.897744
5.539722	444.546000	4144.935040
5.539155	444.550000	4144.972336
5.538589	444.554000	4145.009632
5.538022	444.558000	4145.046928
5.537455	444.562000	4145.084224
5.536889	444.566000	4145.121520
5.536322	444.570000	4145.158816
5.535755	444.574000	4145.196112
5.535188	444.578000	4145.233407
5.534621	444.582000	4145.270703
5.534055	444.586000	4145.307999
5.533488	444.590000	4145.345295
5.532921	444.594000	4145.382591
5.532354	444.598000	4145.419887
5.531786	444.602000	4145.457183
5.531219	444.606000	4145.494479
5.530652	444.610000	4145.531775
5.530085	444.614000	4145.569071
5.529518	444.618000	4145.606366
5.528950	444.622000	4145.643662
5.528383	444.626000	4145.680958
5.527815	444.630000	4145.718254
5.527248	444.634000	4145.755550
5.526680	444.638000	4145.792846
5.526113	444.642000	4145.830142
5.525545	444.646000	4145.867438
5.524978	444.650000	4145.904734
5.524410	444.654000	4145.942029
5.523842	444.658000	4145.979325
5.523274	444.662000	4146.016621
5.522707	444.666000	4146.053917
5.522139	444.670000	4146.091213
5.521571	444.674000	4146.128509
5.521003	444.678000	4146.165805
5.520435	444.682000	4146.203101
5.519867	444.686000	4146.240397
5.519299	444.690000	4146.277693
5.518731	444.694000	4146.314988
5.518162	444.698000	4146.352284
5.517594	444.702000	4146.389580
5.517026	444.706000	4146.426876
5.516458	444.710000	4146.464172
5.515889	444.714000	4146.501468
5.515321	444.718000	4146.538764
5.514752	444.722000	4146.576060
5.514184	444.726000	4146.613356
5.513615	444.730000	4146.650651
5.513047	444.734000	4146.687947
5.512478	444.738000	4146.725243
5.511909	444.742000	4146.762539
5.511341	444.746000	4146.799835
5.510772	444.750000	4146.837131
5.510203	444.754000	4146.874427
5.509634	444.758000	4146.911723
5.509065	444.762000	4146.949019
5.508496	444.766000	4146.986314
5.507927	444.770000	4147.023610
5.507358	444.774000	4147.060906
5.506789	444.778000	4147.098202
5.506220	444.782000	4147.135498
5.505651	444.786000	4147.172794
5.505082	444.790000	4147.210090
5.504512	444.794000	4147.247386
5.503943	444.798000	4147.284682
5.503374	444.802000	4147.321978
5.502804	444.806000	4147.359273
5.502235	444.810000	4147.396569
5.501665	444.814000	4147.433865
5.501096	444.818000	4147.471161
5.500526	444.822000	4147.508457
5.499956	444.826000	4147.545753
5.499387	444.830000	4147.583049
5.498817	444.834000	4147.620345
5.498247	444.838000	4147.657641
5.497677	444.842000	4147.694936
5.497107	444.846000	4147.732232
5.496538	444.850000	4147.769528
5.495968	444.854000	4147.806824
5.495398	444.858000	4147.844120
5.494828	444.862000	4147.881416
5.494257	444.866000	4147.918712
5.493687	444.870000	4147.956008
5.493117	444.874000	4147.993304
5.492547	444.878000	4148.030599
5.491977	444.882000	4148.067895
5.491406	444.886000	4148.105191
5.490836	444.890000	4148.142487
5.490265	444.894000	4148.179783
5.489695	444.898000	4148.217079
5.489124	444.902000	4148.254375
5.488554	444.906000	4148.291671
5.487983	444.910000	4148.328967
5.487413	444.914000	4148.366263
5.486842	444.918000	4148.403558
5.486271	444.922000	4148.440854
5.485700	444.926000	4148.478150
5.485130	444.930000	4148.515446
5.484559	444.934000	4148.552742
5.483988	444.938000	4148.590038
5.483417	444.942000	4148.627334
5.482846	444.946000	4148.664630
5.482275	444.950000	4148.701926
5.481704	444.954000	4148.739221
5.481132	444.958000	4148.776517
5.480561	444.962000	4148.813813
5.479990	444.966000	4148.851109
5.479419	444.970000	4148.888405
5.478847	444.974000	4148.925701
5.478276	444.978000	4148.962997
5.477705	444.982000	4149.000293
5.477133	444.986000	4149.037589
5.476562	444.990000	4149.074884
5.475990	444.994000	4149.112180
5.475418	444.998000	4149.149476
5.474847	445.002000	4149.186772
5.474275	445.006000	4149.224068
5.473703	445.010000	4149.261364
5.473131	445.014000	4149.298660
5.472560	445.018000	4149.335956
5.471988	445.022000	4149.373252
5.471416	445.026000	4149.410548
5.470844	445.030000	4149.447843
5.470272	445.034000	4149.485139
5.469700	445.038000	4149.522435
5.469128	445.042000	4149.559731
5.468555	445.046000	4149.597027
5.467983	445.050000	4149.634323
5.467411	445.054000	4149.671619
5.466839	445.058000	4149.708915
5.466266	445.062000	4149.746211
5.465694	445.066000	4149.783506
5.465121	445.070000	4149.820802
5.464549	445.074000	4149.858098
5.463976	445.078000	4149.895394
5.463404	445.082000	4149.932690
5.462831	445.086000	4149.969986
5.462258	445.090000	4150.007282
5.461686	445.094000	4150.044578
5.461113	445.098000	4150.081874
5.460540	445.102000	4150.119170
5.459967	445.106000	4150.156465
5.459394	445.110000	4150.193761
5.458821	445.114000	4150.231057
5.458248	445.118000	4150.268353
5.457675	445.122000	4150.305649
5.457102	445.126000	4150.342945
5.456529	445.130000	4150.380241
5.455956	445.134000	4150.417537
5.455383	445.138000	4150.454833
5.454809	445.142000	4150.492128
5.454236	445.146000	4150.529424
5.453663	445.150000	4150.566720
5.453089	445.154000	4150.604016
5.452516	445.158000	4150.641312
5.451942	445.162000	4150.678608
5.451369	445.166000	4150.715904
5.450795	445.170000	4150.753200
5.450221	445.174000	4150.790496
5.449648	445.178000	4150.827791
5.449074	445.182000	4150.865087
5.448500	445.186000	4150.902383
5.447926	445.190000	4150.939679
5.447352	445.194000	4150.976975
5.446778	445.198000	4151.014271
5.446204	445.202000	4151.051567
5.445630	445.206000	4151.088863
5.445056	445.210000	4151.126159
5.444482	445.214000	4151.163455
5.443908	445.218000	4151.200750
5.443334	445.222000	4151.238046
5.442760	445.226000	4151.275342
5.442185	445.230000	4151.312638
5.441611	445.234000	4151.349934
5.441036	445.238000	4151.387230
5.440462	445.242000	4151.424526
5.439888	445.246000	4151.461822
5.439313	445.250000	4151.499118
5.438738	445.254000	4151.536413
5.438164	445.258000	4151.573709
5.437589	445.262000	4151.611005
5.437014	445.266000	4151.648301
5.436440	445.270000	4151.685597
5.435865	445.274000	4151.722893
5.435290	445.278000	4151.760189
5.434715	445.282000	4151.797485
5.434140	445.286000	4151.834781
5.433565	445.290000	4151.872076
5.432990	445.294000	4151.909372
5.432415	445.298000	4151.946668
5.431840	445.302000	4151.983964
5.431264	445.306000	4152.021260
5.430689	445.310000	4152.058556
5.430114	445.314000	4152.095852
5.429538	445.318000	4152.133148
5.428963	445.322000	4152.170444
5.428388	445.326000	4152.207740
5.427812	445.330000	4152.245035
5.427237	445.334000	4152.282331
5.426661	445.338000	4152.319627
5.426085	445.342000	4152.356923
5.425510	445.346000	4152.394219
5.424934	445.350000	4152.431515
5.424358	445.354000	4152.468811
5.423782	445.358000	4152.506107
5.423207	445.362000	4152.543403
5.422631	445.366000	4152.580698
5.422055	445.370000	4152.617994
5.421479	445.374000	4152.655290
5.420903	445.378000	4152.692586
5.420327	445.382000	4152.729882
5.419750	445.386000	4152.767178
5.419174	445.390000	4152.804474
5.418598	445.394000	4152.841770
5.418022	445.398000	4152.879066
5.417445	445.402000	4152.916362
5.416869	445.406000	4152.953657
5.416292	445.410000	4152.990953
5.415716	445.414000	4153.028249
5.415139	445.418000	4153.065545
5.414563	445.422000	4153.102841
5.413986	445.426000	4153.140137
5.413410	445.430000	4153.177433
5.412833	445.434000	4153.214729
5.412256	445.438000	4153.252025
5.411679	445.442000	4153.289320
5.411102	445.446000	4153.326616
5.410526	445.450000	4153.363912
5.409949	445.454000	4153.401208
5.409372	445.458000	4153.438504
5.408795	445.462000	4153.475800
5.408217	445.466000	4153.513096
5.407640	445.470000	4153.550392
5.407063	445.474000	4153.587688
5.406486	445.478000	4153.624983
5.405909	445.482000	4153.662279
5.405331	445.486000	4153.699575
5.404754	445.490000	4153.736871
5.404176	445.494000	4153.774167
5.403599	445.498000	4153.811463
5.403021	445.502000	4153.848759
5.402444	445.506000	4153.886055
5.401866	445.510000	4153.923351
5.401289	445.514000	4153.960647
5.400711	445.518000	4153.997942
5.400133	445.522000	4154.035238
5.399555	445.526000	4154.072534
5.398977	445.530000	4154.109830
5.398399	445.534000	4154.147126
5.397821	445.538000	4154.184422
5.397243	445.542000	4154.221718
5.396665	445.546000	4154.259014
5.396087	445.550000	4154.296310
5.395509	445.554000	4154.333605
5.394931	445.558000	4154.370901
5.394353	445.562000	4154.408197
5.393774	445.566000	4154.445493
5.393196	445.570000	4154.482789
5.392618	445.574000	4154.520085
5.392039	445.578000	4154.557381
5.391461	445.582000	4154.594677
5.390882	445.586000	4154.631973
5.390304	445.590000	4154.669268
5.389725	445.594000	4154.706564
5.389146	445.598000	4154.743860
5.388568	445.602000	4154.781156
5.387989	445.606000	4154.818452
5.387410	445.610000	4154.855748
5.386831	445.614000	4154.893044
5.386252	445.618000	4154.930340
5.385673	445.622000	4154.967636
5.385094	445.626000	4155.004932
5.384515	445.630000	4155.042227
5.383936	445.634000	4155.079523
5.383357	445.638000	4155.116819
5.382778	445.642000	4155.154115
5.382199	445.646000	4155.191411
5.381619	445.650000	4155.228707
5.381040	445.654000	4155.266003
5.380460	445.658000	4155.303299
5.379881	445.662000	4155.340595
5.379302	445.666000	4155.377890
5.378722	445.670000	4155.415186
5.378142	445.674000	4155.452482
5.377563	445.678000	4155.489778
5.376983	445.682000	4155.527074
5.376403	445.686000	4155.564370
5.375824	445.690000	4155.601666
5.375244	445.694000	4155.638962
5.374664	445.698000	4155.676258
5.374084	445.702000	4155.713553
5.373504	445.706000	4155.750849
5.372924	445.710000	4155.788145
5.372344	445.714000	4155.825441
5.371764	445.718000	4155.862737
5.371184	445.722000	4155.900033
5.370603	445.726000	4155.937329
5.370023	445.730000	4155.974625
5.369443	445.734000	4156.011921
5.368862	445.738000	4156.049217
5.368282	445.742000	4156.086512
5.367702	445.746000	4156.123808
5.367121	445.750000	4156.161104
5.366540	445.754000	4156.198400
5.365960	445.758000	4156.235696
5.365379	445.762000	4156.272992
5.364799	445.766000	4156.310288
5.364218	445.770000	4156.347584
5.363637	445.774000	4156.384880
5.363056	445.778000	4156.422175
5.362475	445.782000	4156.459471
5.361894	445.786000	4156.496767
5.361313	445.790000	4156.534063
5.360732	445.794000	4156.571359
5.360151	445.798000	4156.608655
5.359570	445.802000	4156.645951
5.358989	445.806000	4156.683247
5.358408	445.810000	4156.720543
5.357826	445.814000	4156.757839
5.357245	445.818000	4156.795134
5.356664	445.822000	4156.832430
5.356082	445.826000	4156.869726
5.355501	445.830000	4156.907022
5.354919	445.834000	4156.944318
5.354338	445.838000	4156.981614
5.353756	445.842000	4157.018910
5.353174	445.846000	4157.056206
5.352593	445.850000	4157.093502
5.352011	445.854000	4157.130797
5.351429	445.858000	4157.168093
5.350847	445.862000	4157.205389
5.350265	445.866000	4157.242685
5.349683	445.870000	4157.279981
5.349101	445.874000	4157.317277
5.348519	445.878000	4157.354573
5.347937	445.882000	4157.391869
5.347355	445.886000	4157.429165
5.346773	445.890000	4157.466460
5.346190	445.894000	4157.503756
5.345608	445.898000	4157.541052
5.345026	445.902000	4157.578348
5.344443	445.906000	4157.615644
5.343861	445.910000	4157.652940
5.343278	445.914000	4157.690236
5.342696	445.918000	4157.727532
5.342113	445.922000	4157.764828
5.341531	445.926000	4157.802124
5.340948	445.930000	4157.839419
5.340365	445.934000	4157.876715
5.339782	445.938000	4157.914011
5.339199	445.942000	4157.951307
5.338617	445.946000	4157.988603
5.338034	445.950000	4158.025899
5.337451	445.954000	4158.063195
5.336868	445.958000	4158.100491
5.336284	445.962000	4158.137787
5.335701	445.966000	4158.175082
5.335118	445.970000	4158.212378
5.334535	445.974000	4158.249674
5.333952	445.978000	4158.286970
5.333368	445.982000	4158.324266
5.332785	445.986000	4158.361562
5.332201	445.990000	4158.398858
5.331618	445.994000	4158.436154
5.331034	445.998000	4158.473450
5.330451	446.002000	4158.510745
5.329867	446.006000	4158.548041
5.329284	446.010000	4158.585337
5.328700	446.014000	4158.622633
5.328116	446.018000	4158.659929
5.327532	446.022000	4158.697225
5.326948	446.026000	4158.734521
5.326364	446.030000	4158.771817
5.325780	446.034000	4158.809113
5.325196	446.038000	4158.846409
5.324612	446.042000	4158.883704
5.324028	446.046000	4158.921000
5.323444	446.050000	4158.958296
5.322860	446.054000	4158.995592
5.322275	446.058000	4159.032888
5.321691	446.062000	4159.070184
5.321107	446.066000	4159.107480
5.320522	446.070000	4159.144776
5.319938	446.074000	4159.182072
5.319353	446.078000	4159.219367
5.318769	446.082000	4159.256663
5.318184	446.086000	4159.293959
5.317599	446.090000	4159.331255
5.317015	446.094000	4159.368551
5.316430	446.098000	4159.405847
5.315845	446.102000	4159.443143
5.315260	446.106000	4159.480439
5.314675	446.110000	4159.517735
5.314090	446.114000	4159.555031
5.313505	446.118000	4159.592326
5.312920	446.122000	4159.629622
5.312335	446.126000	4159.666918
5.311750	446.130000	4159.704214
5.311165	446.134000	4159.741510
5.310579	446.138000	4159.778806
5.309994	446.142000	4159.816102
5.309409	446.146000	4159.853398
5.308823	446.150000	4159.890694
5.308238	446.154000	4159.927989
5.307652	446.158000	4159.965285
5.307067	446.162000	4160.002581
5.306481	446.166000	4160.039877
5.305896	446.170000	4160.077173
5.305310	446.174000	4160.114469
5.304724	446.178000	4160.151765
5.304138	446.182000	4160.189061
5.303552	446.186000	4160.226357
5.302966	446.190000	4160.263652
5.302380	446.194000	4160.300948
5.301794	446.198000	4160.338244
5.301208	446.202000	4160.375540
5.300622	446.206000	4160.412836
5.300036	446.210000	4160.450132
5.299450	446.214000	4160.487428
5.298864	446.218000	4160.524724
5.298277	446.222000	4160.562020
5.297691	446.226000	4160.599316
5.297105	446.230000	4160.636611
5.296518	446.234000	4160.673907
5.295932	446.238000	4160.711203
5.295345	446.242000	4160.748499
5.294758	446.246000	4160.785795
5.294172	446.250000	4160.823091
5.293585	446.254000	4160.860387
5.292998	446.258000	4160.897683
5.292411	446.262000	4160.934979
5.291825	446.266000	4160.972274
5.291238	446.270000	4161.009570
5.290651	446.274000	4161.046866
5.290064	446.278000	4161.084162
5.289477	446.282000	4161.121458
5.288889	446.286000	4161.158754
5.288302	446.290000	4161.196050
5.287715	446.294000	4161.233346
5.287128	446.298000	4161.270642
5.286540	446.302000	4161.307937
5.285953	446.306000	4161.345233
5.285366	446.310000	4161.382529
5.284778	446.314000	4161.419825
5.284191	446.318000	4161.457121
5.283603	446.322000	4161.494417
5.283015	446.326000	4161.531713
5.282428	446.330000	4161.569009
5.281840	446.334000	4161.606305
5.281252	446.338000	4161.643601
5.280664	446.342000	4161.680896
5.280077	446.346000	4161.718192
5.279489	446.350000	4161.755488
5.278901	446.354000	4161.792784
5.278313	446.358000	4161.830080
5.277725	446.362000	4161.867376
5.277136	446.366000	4161.904672
5.276548	446.370000	4161.941968
5.275960	446.374000	4161.979264
5.275372	446.378000	4162.016559
5.274783	446.382000	4162.053855
5.274195	446.386000	4162.091151
5.273607	446.390000	4162.128447
5.273018	446.394000	4162.165743
5.272430	446.398000	4162.203039
5.271841	446.402000	4162.240335
5.271252	446.406000	4162.277631
5.270664	446.410000	4162.314927
5.270075	446.414000	4162.352222
5.269486	446.418000	4162.389518
5.268897	446.422000	4162.426814
5.268309	446.426000	4162.464110
5.267720	446.430000	4162.501406
5.267131	446.434000	4162.538702
5.266542	446.438000	4162.575998
5.265952	446.442000	4162.613294
5.265363	446.446000	4162.650590
5.264774	446.450000	4162.687886
5.264185	446.454000	4162.725181
5.263596	446.458000	4162.762477
5.263006	446.462000	4162.799773
5.262417	446.466000	4162.837069
5.261827	446.470000	4162.874365
5.261238	446.474000	4162.911661
5.260648	446.478000	4162.948957
5.260059	446.482000	4162.986253
5.259469	446.486000	4163.023549
5.258879	446.490000	4163.060844
5.258290	446.494000	4163.098140
5.257700	446.498000	4163.135436
5.257110	446.502000	4163.172732
5.256520	446.506000	4163.210028
5.255930	446.510000	4163.247324
5.255340	446.514000	4163.284620
5.254750	446.518000	4163.321916
5.254160	446.522000	4163.359212
5.253570	446.526000	4163.396508
5.252980	446.530000	4163.433803
5.252389	446.534000	4163.471099
5.251799	446.538000	4163.508395
5.251209	446.542000	4163.545691
5.250618	446.546000	4163.582987
5.250028	446.550000	4163.620283
5.249437	446.554000	4163.657579
5.248847	446.558000	4163.694875
5.248256	446.562000	4163.732171
5.247665	446.566000	4163.769466
5.247075	446.570000	4163.806762
5.246484	446.574000	4163.844058
5.245893	446.578000	4163.881354
5.245302	446.582000	4163.918650
5.244711	446.586000	4163.955946
5.244120	446.590000	4163.993242
5.243529	446.594000	4164.030538
5.242938	446.598000	4164.067834
5.242347	446.602000	4164.105129
5.241756	446.606000	4164.142425
5.241165	446.610000	4164.179721
5.240573	446.614000	4164.217017
5.239982	446.618000	4164.254313
5.239391	446.622000	4164.291609
5.238799	446.626000	4164.328905
5.238208	446.630000	4164.366201
5.237616	446.634000	4164.403497
5.237025	446.638000	4164.440793
5.236433	446.642000	4164.478088
5.235841	446.646000	4164.515384
5.235250	446.650000	4164.552680
5.234658	446.654000	4164.589976
5.234066	446.658000	4164.627272
5.233474	446.662000	4164.664568
5.232882	446.666000	4164.701864
5.232290	446.670000	4164.739160
5.231698	446.674000	4164.776456
5.231106	446.678000	4164.813751
5.230514	446.682000	4164.851047
5.229922	446.686000	4164.888343
5.229329	446.690000	4164.925639
5.228737	446.694000	4164.962935
5.228145	446.698000	4165.000231
5.227552	446.702000	4165.037527
5.226960	446.706000	4165.074823
5.226367	446.710000	4165.112119
5.225775	446.714000	4165.149414
5.225182	446.718000	4165.186710
5.224589	446.722000	4165.224006
5.223997	446.726000	4165.261302
5.223404	446.730000	4165.298598
5.222811	446.734000	4165.335894
5.222218	446.738000	4165.373190
5.221625	446.742000	4165.410486
5.221032	446.746000	4165.447782
5.220439	446.750000	4165.485078
5.219846	446.754000	4165.522373
5.219253	446.758000	4165.559669
5.218660	446.762000	4165.596965
5.218067	446.766000	4165.634261
5.217473	446.770000	4165.671557
5.216880	446.774000	4165.708853
5.216286	446.778000	4165.746149
5.215693	446.782000	4165.783445
5.215099	446.786000	4165.820741
5.214506	446.790000	4165.858036
5.213912	446.794000	4165.895332
5.213319	446.798000	4165.932628
5.212725	446.802000	4165.969924
5.212131	446.806000	4166.007220
5.211537	446.810000	4166.044516
5.210943	446.814000	4166.081812
5.210350	446.818000	4166.119108
5.209756	446.822000	4166.156404
5.209162	446.826000	4166.193699
5.208567	446.830000	4166.230995
5.207973	446.834000	4166.268291
5.207379	446.838000	4166.305587
5.206785	446.842000	4166.342883
5.206191	446.846000	4166.380179
5.205596	446.850000	4166.417475
5.205002	446.854000	4166.454771
5.204407	446.858000	4166.492067
5.203813	446.862000	4166.529363
5.203218	446.866000	4166.566658
5.202624	446.870000	4166.603954
5.202029	446.874000	4166.641250
5.201434	446.878000	4166.678546
5.200840	446.882000	4166.715842
5.200245	446.886000	4166.753138
5.199650	446.890000	4166.790434
5.199055	446.894000	4166.827730
5.198460	446.898000	4166.865026
5.197865	446.902000	4166.902321
5.197270	446.906000	4166.939617
5.196675	446.910000	4166.976913
5.196080	446.914000	4167.014209
5.195485	446.918000	4167.051505
5.194889	446.922000	4167.088801
5.194294	446.926000	4167.126097
5.193699	446.930000	4167.163393
5.193103	446.934000	4167.200689
5.192508	446.938000	4167.237985
5.191912	446.942000	4167.275280
5.191316	446.946000	4167.312576
5.190721	446.950000	4167.349872
5.190125	446.954000	4167.387168
5.189529	446.958000	4167.424464
5.188934	446.962000	4167.461760
5.188338	446.966000	4167.499056
5.187742	446.970000	4167.536352
5.187146	446.974000	4167.573648
5.186550	446.978000	4167.610943
5.185954	446.982000	4167.648239
5.185358	446.986000	4167.685535
5.184761	446.990000	4167.722831
5.184165	446.994000	4167.760127
5.183569	446.998000	4167.797423
5.182973	447.002000	4167.834719
5.182376	447.006000	4167.872015
5.181780	447.010000	4167.909311
5.181183	447.014000	4167.946606
5.180587	447.018000	4167.983902
5.179990	447.022000	4168.021198
5.179394	447.026000	4168.058494
5.178797	447.030000	4168.095790
5.178200	447.034000	4168.133086
5.177603	447.038000	4168.170382
5.177006	447.042000	4168.207678
5.176409	447.046000	4168.244974
5.175812	447.050000	4168.282270
5.175215	447.054000	4168.319565
5.174618	447.058000	4168.356861
5.174021	447.062000	4168.394157
5.173424	447.066000	4168.431453
5.172827	447.070000	4168.468749
5.172230	447.074000	4168.506045
5.171632	447.078000	4168.543341
5.171035	447.082000	4168.580637
5.170437	447.086000	4168.617933
5.169840	447.090000	4168.655228
5.169242	447.094000	4168.692524
5.168645	447.098000	4168.729820
5.168047	447.102000	4168.767116
5.167449	447.106000	4168.804412
5.166852	447.110000	4168.841708
5.166254	447.114000	4168.879004
5.165656	447.118000	4168.916300
5.165058	447.122000	4168.953596
5.164460	447.126000	4168.990891
5.163862	447.130000	4169.028187
5.163264	447.134000	4169.065483
5.162666	447.138000	4169.102779
5.162068	447.142000	4169.140075
5.161469	447.146000	4169.177371
5.160871	447.150000	4169.214667
5.160273	447.154000	4169.251963
5.159674	447.158000	4169.289259
5.159076	447.162000	4169.326555
5.158477	447.166000	4169.363850
5.157879	447.170000	4169.401146
5.157280	447.174000	4169.438442
5.156681	447.178000	4169.475738
5.156083	447.182000	4169.513034
5.155484	447.186000	4169.550330
5.154885	447.190000	4169.587626
5.154286	447.194000	4169.624922
5.153687	447.198000	4169.662218
5.153088	447.202000	4169.699513
5.152489	447.206000	4169.736809
5.151890	447.210000	4169.774105
5.151291	447.214000	4169.811401
5.150692	447.218000	4169.848697
5.150093	447.222000	4169.885993
5.149493	447.226000	4169.923289
5.148894	447.230000	4169.960585
5.148295	447.234000	4169.997881
5.147695	447.238000	4170.035177
5.147096	447.242000	4170.072472
5.146496	447.246000	4170.109768
5.145896	447.250000	4170.147064
5.145297	447.254000	4170.184360
5.144697	447.258000	4170.221656
5.144097	447.262000	4170.258952
5.143497	447.266000	4170.296248
5.142897	447.270000	4170.333544
5.142297	447.274000	4170.370840
5.141697	447.278000	4170.408135
5.141097	447.282000	4170.445431
5.140497	447.286000	4170.482727
5.139897	447.290000	4170.520023
5.139297	447.294000	4170.557319
5.138696	447.298000	4170.594615
5.138096	447.302000	4170.631911
5.137496	447.306000	4170.669207
5.136895	447.310000	4170.706503
5.136295	447.314000	4170.743798
5.135694	447.318000	4170.781094
5.135094	447.322000	4170.818390
5.134493	447.326000	4170.855686
5.133892	447.330000	4170.892982
5.133292	447.334000	4170.930278
5.132691	447.338000	4170.967574
5.132090	447.342000	4171.004870
5.131489	447.346000	4171.042166
5.130888	447.350000	4171.079462
5.130287	447.354000	4171.116757
5.129686	447.358000	4171.154053
5.129085	447.362000	4171.191349
5.128483	447.366000	4171.228645
5.127882	447.370000	4171.265941
5.127281	447.374000	4171.303237
5.126680	447.378000	4171.340533
5.126078	447.382000	4171.377829
5.125477	447.386000	4171.415125
5.124875	447.390000	4171.452420
5.124274	447.394000	4171.489716
5.123672	447.398000	4171.527012
5.123070	447.402000	4171.564308
5.122469	447.406000	4171.601604
5.121867	447.410000	4171.638900
5.121265	447.414000	4171.676196
5.120663	447.418000	4171.713492
5.120061	447.422000	4171.750788
5.119459	447.426000	4171.788083
5.118857	447.430000	4171.825379
5.118255	447.434000	4171.862675
5.117653	447.438000	4171.899971
5.117050	447.442000	4171.937267
5.116448	447.446000	4171.974563
5.115846	447.450000	4172.011859
5.115243	447.454000	4172.049155
5.114641	447.458000	4172.086451
5.114038	447.462000	4172.123747
5.113436	447.466000	4172.161042
5.112833	447.470000	4172.198338
5.112231	447.474000	4172.235634
5.111628	447.478000	4172.272930
5.111025	447.482000	4172.310226
5.110422	447.486000	4172.347522
5.109819	447.490000	4172.384818
5.109217	447.494000	4172.422114
5.108614	447.498000	4172.459410
5.108010	447.502000	4172.496705
5.107407	447.506000	4172.534001
5.106804	447.510000	4172.571297
5.106201	447.514000	4172.608593
5.105598	447.518000	4172.645889
5.104994	447.522000	4172.683185
5.104391	447.526000	4172.720481
5.103788	447.530000	4172.757777
5.103184	447.534000	4172.795073
5.102581	447.538000	4172.832368
5.101977	447.542000	4172.869664
5.101373	447.546000	4172.906960
5.100770	447.550000	4172.944256
5.100166	447.554000	4172.981552
5.099562	447.558000	4173.018848
5.098958	447.562000	4173.056144
5.098354	447.566000	4173.093440
5.097750	447.570000	4173.130736
5.097146	447.574000	4173.168032
5.096542	447.578000	4173.205327
5.095938	447.582000	4173.242623
5.095334	447.586000	4173.279919
5.094730	447.590000	4173.317215
5.094125	447.594000	4173.354511
5.093521	447.598000	4173.391807
5.092916	447.602000	4173.429103
5.092312	447.606000	4173.466399
5.091707	447.610000	4173.503695
5.091103	447.614000	4173.540990
5.090498	447.618000	4173.578286
5.089894	447.622000	4173.615582
5.089289	447.626000	4173.652878
5.088684	447.630000	4173.690174
5.088079	447.634000	4173.727470
5.087474	447.638000	4173.764766
5.086869	447.642000	4173.802062
5.086264	447.646000	4173.839358
5.085659	447.650000	4173.876654
5.085054	447.654000	4173.913949
5.084449	447.658000	4173.951245
5.083844	447.662000	4173.988541
5.083238	447.666000	4174.025837
5.082633	447.670000	4174.063133
5.082028	447.674000	4174.100429
5.081422	447.678000	4174.137725
5.080817	447.682000	4174.175021
5.080211	447.686000	4174.212317
5.079605	447.690000	4174.249612
5.079000	447.694000	4174.286908
5.078394	447.698000	4174.324204
5.077788	447.702000	4174.361500
5.077182	447.706000	4174.398796
5.076576	447.710000	4174.436092
5.075970	447.714000	4174.473388
5.075364	447.718000	4174.510684
5.074758	447.722000	4174.547980
5.074152	447.726000	4174.585275
5.073546	447.730000	4174.622571
5.072940	447.734000	4174.659867
5.072333	447.738000	4174.697163
5.071727	447.742000	4174.734459
5.071121	447.746000	4174.771755
5.070514	447.750000	4174.809051
5.069908	447.754000	4174.846347
5.069301	447.758000	4174.883643
5.068694	447.762000	4174.920939
5.068088	447.766000	4174.958234
5.067481	447.770000	4174.995530
5.066874	447.774000	4175.032826
5.066267	447.778000	4175.070122
5.065660	447.782000	4175.107418
5.065053	447.786000	4175.144714
5.064446	447.790000	4175.182010
5.063839	447.794000	4175.219306
5.063232	447.798000	4175.256602
5.062625	447.802000	4175.293897
5.062018	447.806000	4175.331193
5.061410	447.810000	4175.368489
5.060803	447.814000	4175.405785
5.060196	447.818000	4175.443081
5.059588	447.822000	4175.480377
5.058981	447.826000	4175.517673
5.058373	447.830000	4175.554969
5.057765	447.834000	4175.592265
5.057158	447.838000	4175.629560
5.056550	447.842000	4175.666856
5.055942	447.846000	4175.704152
5.055334	447.850000	4175.741448
5.054726	447.854000	4175.778744
5.054118	447.858000	4175.816040
5.053510	447.862000	4175.853336
5.052902	447.866000	4175.890632
5.052294	447.870000	4175.927928
5.051686	447.874000	4175.965224
5.051078	447.878000	4176.002519
5.050469	447.882000	4176.039815
5.049861	447.886000	4176.077111
5.049253	447.890000	4176.114407
5.048644	447.894000	4176.151703
5.048036	447.898000	4176.188999
5.047427	447.902000	4176.226295
5.046818	447.906000	4176.263591
5.046210	447.910000	4176.300887
5.045601	447.914000	4176.338182
5.044992	447.918000	4176.375478
5.044383	447.922000	4176.412774
5.043774	447.926000	4176.450070
5.043165	447.930000	4176.487366
5.042556	447.934000	4176.524662
5.041947	447.938000	4176.561958
5.041338	447.942000	4176.599254
5.040729	447.946000	4176.636550
5.040120	447.950000	4176.673846
5.039510	447.954000	4176.711141
5.038901	447.958000	4176.748437
5.038291	447.962000	4176.785733
5.037682	447.966000	4176.823029
5.037072	447.970000	4176.860325
5.036463	447.974000	4176.897621
5.035853	447.978000	4176.934917
5.035243	447.982000	4176.972213
5.034634	447.986000	4177.009509
5.034024	447.990000	4177.046804
5.033414	447.994000	4177.084100
5.032804	447.998000	4177.121396
5.032194	448.002000	4177.158692
5.031584	448.006000	4177.195988
5.030974	448.010000	4177.233284
5.030363	448.014000	4177.270580
5.029753	448.018000	4177.307876
5.029143	448.022000	4177.345172
5.028533	448.026000	4177.382467
5.027922	448.030000	4177.419763
5.027312	448.034000	4177.457059
5.026701	448.038000	4177.494355
5.026091	448.042000	4177.531651
5.025480	448.046000	4177.568947
5.024869	448.050000	4177.606243
5.024259	448.054000	4177.643539
5.023648	448.058000	4177.680835
5.023037	448.062000	4177.718131
5.022426	448.066000	4177.755426
5.021815	448.070000	4177.792722
5.021204	448.074000	4177.830018
5.020593	448.078000	4177.867314
5.019982	448.082000	4177.904610
5.019371	448.086000	4177.941906
5.018759	448.090000	4177.979202
5.018148	448.094000	4178.016498
5.017537	448.098000	4178.053794
5.016925	448.102000	4178.091089
5.016314	448.106000	4178.128385
5.015702	448.110000	4178.165681
5.015091	448.114000	4178.202977
5.014479	448.118000	4178.240273
5.013867	448.122000	4178.277569
5.013255	448.126000	4178.314865
5.012644	448.130000	4178.352161
5.012032	448.134000	4178.389457
5.011420	448.138000	4178.426752
5.010808	448.142000	4178.464048
5.010196	448.146000	4178.501344
5.009584	448.150000	4178.538640
5.008971	448.154000	4178.575936
5.008359	448.158000	4178.613232
5.007747	448.162000	4178.650528
5.007135	448.166000	4178.687824
5.006522	448.170000	4178.725120
5.005910	448.174000	4178.762416
5.005297	448.178000	4178.799711
5.004685	448.182000	4178.837007
5.004072	448.186000	4178.874303
5.003459	448.190000	4178.911599
5.002847	448.194000	4178.948895
5.002234	448.198000	4178.986191
5.001621	448.202000	4179.023487
5.001008	448.206000	4179.060783
5.000395	448.210000	4179.098079
4.999782	448.214000	4179.135374
4.999169	448.218000	4179.172670
4.998556	448.222000	4179.209966
4.997943	448.226000	4179.247262
4.997329	448.230000	4179.284558
4.996716	448.234000	4179.321854
4.996103	448.238000	4179.359150
4.995489	448.242000	4179.396446
4.994876	448.246000	4179.433742
4.994262	448.250000	4179.471037
4.993649	448.254000	4179.508333
4.993035	448.258000	4179.545629
4.992421	448.262000	4179.582925
4.991807	448.266000	4179.620221
4.991193	448.270000	4179.657517
4.990580	448.274000	4179.694813
4.989966	448.278000	4179.732109
4.989352	448.282000	4179.769405
4.988738	448.286000	4179.806701
4.988123	448.290000	4179.843996
4.987509	448.294000	4179.881292
4.986895	448.298000	4179.918588
4.986281	448.302000	4179.955884
4.985666	448.306000	4179.993180
4.985052	448.310000	4180.030476
4.984437	448.314000	4180.067772
4.983823	448.318000	4180.105068
4.983208	448.322000	4180.142364
4.982594	448.326000	4180.179659
4.981979	448.330000	4180.216955
4.981364	448.334000	4180.254251
4.980749	448.338000	4180.291547
4.980134	448.342000	4180.328843
4.979519	448.346000	4180.366139
4.978904	448.350000	4180.403435
4.978289	448.354000	4180.440731
4.977674	448.358000	4180.478027
4.977059	448.362000	4180.515323
4.976444	448.366000	4180.552618
4.975829	448.370000	4180.589914
4.975213	448.374000	4180.627210
4.974598	448.378000	4180.664506
4.973982	448.382000	4180.701802
4.973367	448.386000	4180.739098
4.972751	448.390000	4180.776394
4.972136	448.394000	4180.813690
4.971520	448.398000	4180.850986
4.970904	448.402000	4180.888281
4.970288	448.406000	4180.925577
4.969672	448.410000	4180.962873
4.969057	448.414000	4181.000169
4.968441	448.418000	4181.037465
4.967824	448.422000	4181.074761
4.967208	448.426000	4181.112057
4.966592	448.430000	4181.149353
4.965976	448.434000	4181.186649
4.965360	448.438000	4181.223944
4.964743	448.442000	4181.261240
4.964127	448.446000	4181.298536
4.963510	448.450000	4181.335832
4.962894	448.454000	4181.373128
4.962277	448.458000	4181.410424
4.961661	448.462000	4181.447720
4.961044	448.466000	4181.485016
4.960427	448.470000	4181.522312
4.959810	448.474000	4181.559608
4.959194	448.478000	4181.596903
4.958577	448.482000	4181.634199
4.957960	448.486000	4181.671495
4.957343	448.490000	4181.708791
4.956726	448.494000	4181.746087
4.956108	448.498000	4181.783383
4.955491	448.502000	4181.820679
4.954874	448.506000	4181.857975
4.954257	448.510000	4181.895271
4.953639	448.514000	4181.932566
4.953022	448.518000	4181.969862
4.952404	448.522000	4182.007158
4.951787	448.526000	4182.044454
4.951169	448.530000	4182.081750
4.950551	448.534000	4182.119046
4.949933	448.538000	4182.156342
4.949316	448.542000	4182.193638
4.948698	448.546000	4182.230934
4.948080	448.550000	4182.268229
4.947462	448.554000	4182.305525
4.946844	448.558000	4182.342821
4.946226	448.562000	4182.380117
4.945608	448.566000	4182.417413
4.944989	448.570000	4182.454709
4.944371	448.574000	4182.492005
4.943753	448.578000	4182.529301
4.943134	448.582000	4182.566597
4.942516	448.586000	4182.603893
4.941897	448.590000	4182.641188
4.941279	448.594000	4182.678484
4.940660	448.598000	4182.715780
4.940041	448.602000	4182.753076
4.939423	448.606000	4182.790372
4.938804	448.610000	4182.827668
4.938185	448.614000	4182.864964
4.937566	448.618000	4182.902260
4.936947	448.622000	4182.939556
4.936328	448.626000	4182.976851
4.935709	448.630000	4183.014147
4.935090	448.634000	4183.051443
4.934470	448.638000	4183.088739
4.933851	448.642000	4183.126035
4.933232	448.646000	4183.163331
4.932612	448.650000	4183.200627
4.931993	448.654000	4183.237923
4.931373	448.658000	4183.275219
4.930754	448.662000	4183.312515
4.930134	448.666000	4183.349810
4.929514	448.670000	4183.387106
4.928895	448.674000	4183.424402
4.928275	448.678000	4183.461698
4.927655	448.682000	4183.498994
4.927035	448.686000	4183.536290
4.926415	448.690000	4183.573586
4.925795	448.694000	4183.610882
4.925175	448.698000	4183.648178
4.924554	448.702000	4183.685473
4.923934	448.706000	4183.722769
4.923314	448.710000	4183.760065
4.922694	448.714000	4183.797361
4.922073	448.718000	4183.834657
4.921453	448.722000	4183.871953
4.920832	448.726000	4183.909249
4.920211	448.730000	4183.946545
4.919591	448.734000	4183.983841
4.918970	448.738000	4184.021136
4.918349	448.742000	4184.058432
4.917728	448.746000	4184.095728
4.917108	448.750000	4184.133024
4.916487	448.754000	4184.170320
4.915866	448.758000	4184.207616
4.915244	448.762000	4184.244912
4.914623	448.766000	4184.282208
4.914002	448.770000	4184.319504
4.913381	448.774000	4184.356800
4.912760	448.778000	4184.394095
4.912138	448.782000	4184.431391
4.911517	448.786000	4184.468687
4.910895	448.790000	4184.505983
4.910274	448.794000	4184.543279
4.909652	448.798000	4184.580575
4.909030	448.802000	4184.617871
4.908409	448.806000	4184.655167
4.907787	448.810000	4184.692463
4.907165	448.814000	4184.729758
4.906543	448.818000	4184.767054
4.905921	448.822000	4184.804350
4.905299	448.826000	4184.841646
4.904677	448.830000	4184.878942
4.904055	448.834000	4184.916238
4.903432	448.838000	4184.953534
4.902810	448.842000	4184.990830
4.902188	448.846000	4185.028126
4.901565	448.850000	4185.065421
4.900943	448.854000	4185.102717
4.900320	448.858000	4185.140013
4.899698	448.862000	4185.177309
4.899075	448.866000	4185.214605
4.898452	448.870000	4185.251901
4.897830	448.874000	4185.289197
4.897207	448.878000	4185.326493
4.896584	448.882000	4185.363789
4.895961	448.886000	4185.401085
4.895338	448.890000	4185.438380
4.894715	448.894000	4185.475676
4.894092	448.898000	4185.512972
4.893468	448.902000	4185.550268
4.892845	448.906000	4185.587564
4.892222	448.910000	4185.624860
4.891598	448.914000	4185.662156
4.890975	448.918000	4185.699452
4.890352	448.922000	4185.736748
4.889728	448.926000	4185.774043
4.889104	448.930000	4185.811339
4.888481	448.934000	4185.848635
4.887857	448.938000	4185.885931
4.887233	448.942000	4185.923227
4.886609	448.946000	4185.960523
4.885985	448.950000	4185.997819
4.885361	448.954000	4186.035115
4.884737	448.958000	4186.072411
4.884113	448.962000	4186.109706
4.883489	448.966000	4186.147002
4.882865	448.970000	4186.184298
4.882240	448.974000	4186.221594
4.881616	448.978000	4186.258890
4.880992	448.982000	4186.296186
4.880367	448.986000	4186.333482
4.879743	448.990000	4186.370778
4.879118	448.994000	4186.408074
4.878493	448.998000	4186.445370
4.877869	449.002000	4186.482665
4.877244	449.006000	4186.519961
4.876619	449.010000	4186.557257
4.875994	449.014000	4186.594553
4.875369	449.018000	4186.631849
4.874744	449.022000	4186.669145
4.874119	449.026000	4186.706441
4.873494	449.030000	4186.743737
4.872869	449.034000	4186.781033
4.872243	449.038000	4186.818328
4.871618	449.042000	4186.855624
4.870993	449.046000	4186.892920
4.870367	449.050000	4186.930216
4.869742	449.054000	4186.967512
4.869116	449.058000	4187.004808
4.868490	449.062000	4187.042104
4.867865	449.066000	4187.079400
4.867239	449.070000	4187.116696
4.866613	449.074000	4187.153992
4.865987	449.078000	4187.191287
4.865361	449.082000	4187.228583
4.864735	449.086000	4187.265879
4.864109	449.090000	4187.303175
4.863483	449.094000	4187.340471
4.862857	449.098000	4187.377767
4.862231	449.102000	4187.415063
4.861604	449.106000	4187.452359
4.860978	449.110000	4187.489655
4.860352	449.114000	4187.526950
4.859725	449.118000	4187.564246
4.859098	449.122000	4187.601542
4.858472	449.126000	4187.638838
4.857845	449.130000	4187.676134
4.857218	449.134000	4187.713430
4.856592	449.138000	4187.750726
4.855965	449.142000	4187.788022
4.855338	449.146000	4187.825318
4.854711	449.150000	4187.862613
4.854084	449.154000	4187.899909
4.853457	449.158000	4187.937205
4.852829	449.162000	4187.974501
4.852202	449.166000	4188.011797
4.851575	449.170000	4188.049093
4.850947	449.174000	4188.086389
4.850320	449.178000	4188.123685
4.849693	449.182000	4188.160981
4.849065	449.186000	4188.198277
4.848437	449.190000	4188.235572
4.847810	449.194000	4188.272868
4.847182	449.198000	4188.310164
4.846554	449.202000	4188.347460
4.845926	449.206000	4188.384756
4.845298	449.210000	4188.422052
4.844670	449.214000	4188.459348
4.844042	449.218000	4188.496644
4.843414	449.222000	4188.533940
4.842786	449.226000	4188.571235
4.842158	449.230000	4188.608531
4.841530	449.234000	4188.645827
4.840901	449.238000	4188.683123
4.840273	449.242000	4188.720419
4.839644	449.246000	4188.757715
4.839016	449.250000	4188.795011
4.838387	449.254000	4188.832307
4.837758	449.258000	4188.869603
4.837130	449.262000	4188.906898
4.836501	449.266000	4188.944194
4.835872	449.270000	4188.981490
4.835243	449.274000	4189.018786
4.834614	449.278000	4189.056082
4.833985	449.282000	4189.093378
4.833356	449.286000	4189.130674
4.832727	449.290000	4189.167970
4.832098	449.294000	4189.205266
4.831468	449.298000	4189.242562
4.830839	449.302000	4189.279857
4.830209	449.306000	4189.317153
4.829580	449.310000	4189.354449
4.828950	449.314000	4189.391745
4.828321	449.318000	4189.429041
4.827691	449.322000	4189.466337
4.827061	449.326000	4189.503633
4.826432	449.330000	4189.540929
4.825802	449.334000	4189.578225
4.825172	449.338000	4189.615520
4.824542	449.342000	4189.652816
4.823912	449.346000	4189.690112
4.823282	449.350000	4189.727408
4.822651	449.354000	4189.764704
4.822021	449.358000	4189.802000
4.821391	449.362000	4189.839296
4.820761	449.366000	4189.876592
4.820130	449.370000	4189.913888
4.819500	449.374000	4189.951184
4.818869	449.378000	4189.988479
4.818238	449.382000	4190.025775
4.817608	449.386000	4190.063071
4.816977	449.390000	4190.100367
4.816346	449.394000	4190.137663
4.815715	449.398000	4190.174959
4.815084	449.402000	4190.212255
4.814453	449.406000	4190.249551
4.813822	449.410000	4190.286847
4.813191	449.414000	4190.324142
4.812560	449.418000	4190.361438
4.811929	449.422000	4190.398734
4.811297	449.426000	4190.436030
4.810666	449.430000	4190.473326
4.810035	449.434000	4190.510622
4.809403	449.438000	4190.547918
4.808772	449.442000	4190.585214
4.808140	449.446000	4190.622510
4.807508	449.450000	4190.659805
4.806877	449.454000	4190.697101
4.806245	449.458000	4190.734397
4.805613	449.462000	4190.771693
4.804981	449.466000	4190.808989
4.804349	449.470000	4190.846285
4.803717	449.474000	4190.883581
4.803085	449.478000	4190.920877
4.802452	449.482000	4190.958173
4.801820	449.486000	4190.995469
4.801188	449.490000	4191.032764
4.800555	449.494000	4191.070060
4.799923	449.498000	4191.107356
4.799291	449.502000	4191.144652
4.798658	449.506000	4191.181948
4.798025	449.510000	4191.219244
4.797393	449.514000	4191.256540
4.796760	449.518000	4191.293836
4.796127	449.522000	4191.331132
4.795494	449.526000	4191.368427
4.794861	449.530000	4191.405723
4.794228	449.534000	4191.443019
4.793595	449.538000	4191.480315
4.792962	449.542000	4191.517611
4.792329	449.546000	4191.554907
4.791695	449.550000	4191.592203
4.791062	449.554000	4191.629499
4.790429	449.558000	4191.666795
4.789795	449.562000	4191.704090
4.789162	449.566000	4191.741386
4.788528	449.570000	4191.778682
4.787894	449.574000	4191.815978
4.787261	449.578000	4191.853274
4.786627	449.582000	4191.890570
4.785993	449.586000	4191.927866
4.785359	449.590000	4191.965162
4.784725	449.594000	4192.002458
4.784091	449.598000	4192.039754
4.783457	449.602000	4192.077049
4.782823	449.606000	4192.114345
4.782188	449.610000	4192.151641
4.781554	449.614000	4192.188937
4.780920	449.618000	4192.226233
4.780285	449.622000	4192.263529
4.779651	449.626000	4192.300825
4.779016	449.630000	4192.338121
4.778382	449.634000	4192.375417
4.777747	449.638000	4192.412712
4.777112	449.642000	4192.450008
4.776477	449.646000	4192.487304
4.775843	449.650000	4192.524600
4.775208	449.654000	4192.561896
4.774573	449.658000	4192.599192
4.773937	449.662000	4192.636488
4.773302	449.666000	4192.673784
4.772667	449.670000	4192.711080
4.772032	449.674000	4192.748375
4.771397	449.678000	4192.785671
4.770761	449.682000	4192.822967
4.770126	449.686000	4192.860263
4.769490	449.690000	4192.897559
4.768855	449.694000	4192.934855
4.768219	449.698000	4192.972151
4.767583	449.702000	4193.009447
4.766947	449.706000	4193.046743
4.766312	449.710000	4193.084039
4.765676	449.714000	4193.121334
4.765040	449.718000	4193.158630
4.764404	449.722000	4193.195926
4.763767	449.726000	4193.233222
4.763131	449.730000	4193.270518
4.762495	449.734000	4193.307814
4.761859	449.738000	4193.345110
4.761222	449.742000	4193.382406
4.760586	449.746000	4193.419702
4.759949	449.750000	4193.456997
4.759313	449.754000	4193.494293
4.758676	449.758000	4193.531589
4.758040	449.762000	4193.568885
4.757403	449.766000	4193.606181
4.756766	449.770000	4193.643477
4.756129	449.774000	4193.680773
4.755492	449.778000	4193.718069
4.754855	449.782000	4193.755365
4.754218	449.786000	4193.792661
4.753581	449.790000	4193.829956
4.752944	449.794000	4193.867252
4.752306	449.798000	4193.904548
4.751669	449.802000	4193.941844
4.751032	449.806000	4193.979140
4.750394	449.810000	4194.016436
4.749757	449.814000	4194.053732
4.749119	449.818000	4194.091028
4.748481	449.822000	4194.128324
4.747844	449.826000	4194.165619
4.747206	449.830000	4194.202915
4.746568	449.834000	4194.240211
4.745930	449.838000	4194.277507
4.745292	449.842000	4194.314803
4.744654	449.846000	4194.352099
4.744016	449.850000	4194.389395
4.743378	449.854000	4194.426691
4.742739	449.858000	4194.463987
4.742101	449.862000	4194.501282
4.741463	449.866000	4194.538578
4.740824	449.870000	4194.575874
4.740186	449.874000	4194.613170
4.739547	449.878000	4194.650466
4.738908	449.882000	4194.687762
4.738270	449.886000	4194.725058
4.737631	449.890000	4194.762354
4.736992	449.894000	4194.799650
4.736353	449.898000	4194.836946
4.735714	449.902000	4194.874241
4.735075	449.906000	4194.911537
4.734436	449.910000	4194.948833
4.733797	449.914000	4194.986129
4.733158	449.918000	4195.023425
4.732518	449.922000	4195.060721
4.731879	449.926000	4195.098017
4.731240	449.930000	4195.135313
4.730600	449.934000	4195.172609
4.729960	449.938000	4195.209904
4.729321	449.942000	4195.247200
4.728681	449.946000	4195.284496
4.728041	449.950000	4195.321792
4.727402	449.954000	4195.359088
4.726762	449.958000	4195.396384
4.726122	449.962000	4195.433680
4.725482	449.966000	4195.470976
4.724842	449.970000	4195.508272
4.724201	449.974000	4195.545567
4.723561	449.978000	4195.582863
4.722921	449.982000	4195.620159
4.722280	449.986000	4195.657455
4.721640	449.990000	4195.694751
4.721000	449.994000	4195.732047
4.720359	449.998000	4195.769343
4.719718	450.002000	4195.806639
4.719078	450.006000	4195.843935
4.718437	450.010000	4195.881231
4.717796	450.014000	4195.918526
4.717155	450.018000	4195.955822
4.716514	450.022000	4195.993118
4.715873	450.026000	4196.030414
4.715232	450.030000	4196.067710
4.714591	450.034000	4196.105006
4.713950	450.038000	4196.142302
4.713308	450.042000	4196.179598
4.712667	450.046000	4196.216894
4.712026	450.050000	4196.254189
4.711384	450.054000	4196.291485
4.710743	450.058000	4196.328781
4.710101	450.062000	4196.366077
4.709459	450.066000	4196.403373
4.708818	450.070000	4196.440669
4.708176	450.074000	4196.477965
4.707534	450.078000	4196.515261
4.706892	450.082000	4196.552557
4.706250	450.086000	4196.589852
4.705608	450.090000	4196.627148
4.704966	450.094000	4196.664444
4.704323	450.098000	4196.701740
4.703681	450.102000	4196.739036
4.703039	450.106000	4196.776332
4.702396	450.110000	4196.813628
4.701754	450.114000	4196.850924
4.701111	450.118000	4196.888220
4.700469	450.122000	4196.925516
4.699826	450.126000	4196.962811
4.699183	450.130000	4197.000107
4.698540	450.134000	4197.037403
4.697897	450.138000	4197.074699
4.697254	450.142000	4197.111995
4.696611	450.146000	4197.149291
4.695968	450.150000	4197.186587
4.695325	450.154000	4197.223883
4.694682	450.158000	4197.261179
4.694039	450.162000	4197.298474
4.693395	450.166000	4197.335770
4.692752	450.170000	4197.373066
4.692108	450.174000	4197.410362
4.691465	450.178000	4197.447658
4.690821	450.182000	4197.484954
4.690177	450.186000	4197.522250
4.689534	450.190000	4197.559546
4.688890	450.194000	4197.596842
4.688246	450.198000	4197.634138
4.687602	450.202000	4197.671433
4.686958	450.206000	4197.708729
4.686314	450.210000	4197.746025
4.685670	450.214000	4197.783321
4.685025	450.218000	4197.820617
4.684381	450.222000	4197.857913
4.683737	450.226000	4197.895209
4.683092	450.230000	4197.932505
4.682448	450.234000	4197.969801
4.681803	450.238000	4198.007096
4.681159	450.242000	4198.044392
4.680514	450.246000	4198.081688
4.679869	450.250000	4198.118984
4.679224	450.254000	4198.156280
4.678579	450.258000	4198.193576
4.677934	450.262000	4198.230872
4.677289	450.266000	4198.268168
4.676644	450.270000	4198.305464
4.675999	450.274000	4198.342759
4.675354	450.278000	4198.380055
4.674709	450.282000	4198.417351
4.674063	450.286000	4198.454647
4.673418	450.290000	4198.491943
4.672772	450.294000	4198.529239
4.672127	450.298000	4198.566535
4.671481	450.302000	4198.603831
4.670835	450.306000	4198.641127
4.670189	450.310000	4198.678423
4.669544	450.314000	4198.715718
4.668898	450.318000	4198.753014
4.668252	450.322000	4198.790310
4.667606	450.326000	4198.827606
4.666959	450.330000	4198.864902
4.666313	450.334000	4198.902198
4.665667	450.338000	4198.939494
4.665021	450.342000	4198.976790
4.664374	450.346000	4199.014086
4.663728	450.350000	4199.051381
4.663081	450.354000	4199.088677
4.662435	450.358000	4199.125973
4.661788	450.362000	4199.163269
4.661141	450.366000	4199.200565
4.660494	450.370000	4199.237861
4.659847	450.374000	4199.275157
4.659201	450.378000	4199.312453
4.658554	450.382000	4199.349749
4.657906	450.386000	4199.387044
4.657259	450.390000	4199.424340
4.656612	450.394000	4199.461636
4.655965	450.398000	4199.498932
4.655317	450.402000	4199.536228
4.654670	450.406000	4199.573524
4.654022	450.410000	4199.610820
4.653375	450.414000	4199.648116
4.652727	450.418000	4199.685412
4.652080	450.422000	4199.722708
4.651432	450.426000	4199.760003
4.650784	450.430000	4199.797299
4.650136	450.434000	4199.834595
4.649488	450.438000	4199.871891
4.648840	450.442000	4199.909187
4.648192	450.446000	4199.946483
4.647544	450.450000	4199.983779
4.646895	450.454000	4200.021075
4.646247	450.458000	4200.058371
4.645599	450.462000	4200.095666
4.644950	450.466000	4200.132962
4.644302	450.470000	4200.170258
4.643653	450.474000	4200.207554
4.643005	450.478000	4200.244850
4.642356	450.482000	4200.282146
4.641707	450.486000	4200.319442
4.641058	450.490000	4200.356738
4.640409	450.494000	4200.394034
4.639760	450.498000	4200.431330
4.639111	450.502000	4200.468625
4.638462	450.506000	4200.505921
4.637813	450.510000	4200.543217
4.637163	450.514000	4200.580513
4.636514	450.518000	4200.617809
4.635865	450.522000	4200.655105
4.635215	450.526000	4200.692401
4.634566	450.530000	4200.729697
4.633916	450.534000	4200.766993
4.633266	450.538000	4200.804288
4.632616	450.542000	4200.841584
4.631967	450.546000	4200.878880
4.631317	450.550000	4200.916176
4.630667	450.554000	4200.953472
4.630017	450.558000	4200.990768
4.629367	450.562000	4201.028064
4.628716	450.566000	4201.065360
4.628066	450.570000	4201.102656
4.627416	450.574000	4201.139951
4.626765	450.578000	4201.177247
4.626115	450.582000	4201.214543
4.625464	450.586000	4201.251839
4.624814	450.590000	4201.289135
4.624163	450.594000	4201.326431
4.623512	450.598000	4201.363727
4.622862	450.602000	4201.401023
4.622211	450.606000	4201.438319
4.621560	450.610000	4201.475615
4.620909	450.614000	4201.512910
4.620258	450.618000	4201.550206
4.619606	450.622000	4201.587502
4.618955	450.626000	4201.624798
4.618304	450.630000	4201.662094
4.617653	450.634000	4201.699390
4.617001	450.638000	4201.736686
4.616350	450.642000	4201.773982
4.615698	450.646000	4201.811278
4.615046	450.650000	4201.848573
4.614395	450.654000	4201.885869
4.613743	450.658000	4201.923165
4.613091	450.662000	4201.960461
4.612439	450.666000	4201.997757
4.611787	450.670000	4202.035053
4.611135	450.674000	4202.072349
4.610483	450.678000	4202.109645
4.609831	450.682000	4202.146941
4.609178	450.686000	4202.184236
4.608526	450.690000	4202.221532
4.607874	450.694000	4202.258828
4.607221	450.698000	4202.296124
4.606569	450.702000	4202.333420
4.605916	450.706000	4202.370716
4.605263	450.710000	4202.408012
4.604611	450.714000	4202.445308
4.603958	450.718000	4202.482604
4.603305	450.722000	4202.519900
4.602652	450.726000	4202.557195
4.601999	450.730000	4202.594491
4.601346	450.734000	4202.631787
4.600692	450.738000	4202.669083
4.600039	450.742000	4202.706379
4.599386	450.746000	4202.743675
4.598732	450.750000	4202.780971
4.598079	450.754000	4202.818267
4.597425	450.758000	4202.855563
4.596772	450.762000	4202.892858
4.596118	450.766000	4202.930154
4.595464	450.770000	4202.967450
4.594810	450.774000	4203.004746
4.594157	450.778000	4203.042042
4.593503	450.782000	4203.079338
4.592849	450.786000	4203.116634
4.592194	450.790000	4203.153930
4.591540	450.794000	4203.191226
4.590886	450.798000	4203.228521
4.590232	450.802000	4203.265817
4.589577	450.806000	4203.303113
4.588923	450.810000	4203.340409
4.588268	450.814000	4203.377705
4.587614	450.818000	4203.415001
4.586959	450.822000	4203.452297
4.586304	450.826000	4203.489593
4.585649	450.830000	4203.526889
4.584995	450.834000	4203.564185
4.584340	450.838000	4203.601480
4.583685	450.842000	4203.638776
4.583029	450.846000	4203.676072
4.582374	450.850000	4203.713368
4.581719	450.854000	4203.750664
4.581064	450.858000	4203.787960
4.580408	450.862000	4203.825256
4.579753	450.866000	4203.862552
4.579097	450.870000	4203.899848
4.578442	450.874000	4203.937143
4.577786	450.878000	4203.974439
4.577130	450.882000	4204.011735
4.576475	450.886000	4204.049031
4.575819	450.890000	4204.086327
4.575163	450.894000	4204.123623
4.574507	450.898000	4204.160919
4.573851	450.902000	4204.198215
4.573194	450.906000	4204.235511
4.572538	450.910000	4204.272807
4.571882	450.914000	4204.310102
4.571225	450.918000	4204.347398
4.570569	450.922000	4204.384694
4.569912	450.926000	4204.421990
4.569256	450.930000	4204.459286
4.568599	450.934000	4204.496582
4.567942	450.938000	4204.533878
4.567286	450.942000	4204.571174
4.566629	450.946000	4204.608470
4.565972	450.950000	4204.645765
4.565315	450.954000	4204.683061
4.564658	450.958000	4204.720357
4.564000	450.962000	4204.757653
4.563343	450.966000	4204.794949
4.562686	450.970000	4204.832245
4.562028	450.974000	4204.869541
4.561371	450.978000	4204.906837
4.560713	450.982000	4204.944133
4.560056	450.986000	4204.981428
4.559398	450.990000	4205.018724
4.558740	450.994000	4205.056020
4.558083	450.998000	4205.093316
4.557425	451.002000	4205.130612
4.556767	451.006000	4205.167908
4.556109	451.010000	4205.205204
4.555451	451.014000	4205.242500
4.554792	451.018000	4205.279796
4.554134	451.022000	4205.317092
4.553476	451.026000	4205.354387
4.552817	451.030000	4205.391683
4.552159	451.034000	4205.428979
4.551500	451.038000	4205.466275
4.550842	451.042000	4205.503571
4.550183	451.046000	4205.540867
4.549524	451.050000	4205.578163
4.548866	451.054000	4205.615459
4.548207	451.058000	4205.652755
4.547548	451.062000	4205.690050
4.546889	451.066000	4205.727346
4.546229	451.070000	4205.764642
4.545570	451.074000	4205.801938
4.544911	451.078000	4205.839234
4.544252	451.082000	4205.876530
4.543592	451.086000	4205.913826
4.542933	451.090000	4205.951122
4.542273	451.094000	4205.988418
4.541614	451.098000	4206.025713
4.540954	451.102000	4206.063009
4.540294	451.106000	4206.100305
4.539634	451.110000	4206.137601
4.538974	451.114000	4206.174897
4.538314	451.118000	4206.212193
4.537654	451.122000	4206.249489
4.536994	451.126000	4206.286785
4.536334	451.130000	4206.324081
4.535674	451.134000	4206.361377
4.535013	451.138000	4206.398672
4.534353	451.142000	4206.435968
4.533692	451.146000	4206.473264
4.533032	451.150000	4206.510560
4.532371	451.154000	4206.547856
4.531710	451.158000	4206.585152
4.531050	451.162000	4206.622448
4.530389	451.166000	4206.659744
4.529728	451.170000	4206.697040
4.529067	451.174000	4206.734335
4.528406	451.178000	4206.771631
4.527745	451.182000	4206.808927
4.527083	451.186000	4206.846223
4.526422	451.190000	4206.883519
4.525761	451.194000	4206.920815
4.525099	451.198000	4206.958111
4.524438	451.202000	4206.995407
4.523776	451.206000	4207.032703
4.523114	451.210000	4207.069999
4.522453	451.214000	4207.107294
4.521791	451.218000	4207.144590
4.521129	451.222000	4207.181886
4.520467	451.226000	4207.219182
4.519805	451.230000	4207.256478
4.519143	451.234000	4207.293774
4.518481	451.238000	4207.331070
4.517818	451.242000	4207.368366
4.517156	451.246000	4207.405662
4.516494	451.250000	4207.442957
4.515831	451.254000	4207.480253
4.515168	451.258000	4207.517549
4.514506	451.262000	4207.554845
4.513843	451.266000	4207.592141
4.513180	451.270000	4207.629437
4.512517	451.274000	4207.666733
4.511855	451.278000	4207.704029
4.511192	451.282000	4207.741325
4.510528	451.286000	4207.778620
4.509865	451.290000	4207.815916
4.509202	451.294000	4207.853212
4.508539	451.298000	4207.890508
4.507875	451.302000	4207.927804
4.507212	451.306000	4207.965100
4.506548	451.310000	4208.002396
4.505885	451.314000	4208.039692
4.505221	451.318000	4208.076988
4.504557	451.322000	4208.114284
4.503894	451.326000	4208.151579
4.503230	451.330000	4208.188875
4.502566	451.334000	4208.226171
4.501902	451.338000	4208.263467
4.501238	451.342000	4208.300763
4.500573	451.346000	4208.338059
4.499909	451.350000	4208.375355
4.499245	451.354000	4208.412651
4.498580	451.358000	4208.449947
4.497916	451.362000	4208.487242
4.497251	451.366000	4208.524538
4.496587	451.370000	4208.561834
4.495922	451.374000	4208.599130
4.495257	451.378000	4208.636426
4.494592	451.382000	4208.673722
4.493928	451.386000	4208.711018
4.493263	451.390000	4208.748314
4.492597	451.394000	4208.785610
4.491932	451.398000	4208.822905
4.491267	451.402000	4208.860201
4.490602	451.406000	4208.897497
4.489936	451.410000	4208.934793
4.489271	451.414000	4208.972089
4.488605	451.418000	4209.009385
4.487940	451.422000	4209.046681
4.487274	451.426000	4209.083977
4.486608	451.430000	4209.121273
4.485943	451.434000	4209.158569
4.485277	451.438000	4209.195864
4.484611	451.442000	4209.233160
4.483945	451.446000	4209.270456
4.483278	451.450000	4209.307752
4.482612	451.454000	4209.345048
4.481946	451.458000	4209.382344
4.481280	451.462000	4209.419640
4.480613	451.466000	4209.456936
4.479947	451.470000	4209.494232
4.479280	451.474000	4209.531527
4.478614	451.478000	4209.568823
4.477947	451.482000	4209.606119
4.477280	451.486000	4209.643415
4.476613	451.490000	4209.680711
4.475946	451.494000	4209.718007
4.475279	451.498000	4209.755303
4.474612	451.502000	4209.792599
4.473945	451.506000	4209.829895
4.473278	451.510000	4209.867190
4.472610	451.514000	4209.904486
4.471943	451.518000	4209.941782
4.471275	451.522000	4209.979078
4.470608	451.526000	4210.016374
4.469940	451.530000	4210.053670
4.469272	451.534000	4210.090966
4.468605	451.538000	4210.128262
4.467937	451.542000	4210.165558
4.467269	451.546000	4210.202854
4.466601	451.550000	4210.240149
4.465933	451.554000	4210.277445
4.465265	451.558000	4210.314741
4.464596	451.562000	4210.352037
4.463928	451.566000	4210.389333
4.463260	451.570000	4210.426629
4.462591	451.574000	4210.463925
4.461923	451.578000	4210.501221
4.461254	451.582000	4210.538517
4.460585	451.586000	4210.575812
4.459917	451.590000	4210.613108
4.459248	451.594000	4210.650404
4.458579	451.598000	4210.687700
4.457910	451.602000	4210.724996
4.457241	451.606000	4210.762292
4.456572	451.610000	4210.799588
4.455902	451.614000	4210.836884
4.455233	451.618000	4210.874180
4.454564	451.622000	4210.911476
4.453894	451.626000	4210.948771
4.453225	451.630000	4210.986067
4.452555	451.634000	4211.023363
4.451886	451.638000	4211.060659
4.451216	451.642000	4211.097955
4.450546	451.646000	4211.135251
4.449876	451.650000	4211.172547
4.449206	451.654000	4211.209843
4.448536	451.658000	4211.247139
4.447866	451.662000	4211.284434
4.447196	451.666000	4211.321730
4.446525	451.670000	4211.359026
4.445855	451.674000	4211.396322
4.445185	451.678000	4211.433618
4.444514	451.682000	4211.470914
4.443843	451.686000	4211.508210
4.443173	451.690000	4211.545506
4.442502	451.694000	4211.582802
4.441831	451.698000	4211.620097
4.441160	451.702000	4211.657393
4.440489	451.706000	4211.694689
4.439818	451.710000	4211.731985
4.439147	451.714000	4211.769281
4.438476	451.718000	4211.806577
4.437805	451.722000	4211.843873
4.437133	451.726000	4211.881169
4.436462	451.730000	4211.918465
4.435790	451.734000	4211.955761
4.435119	451.738000	4211.993056
4.434447	451.742000	4212.030352
4.433775	451.746000	4212.067648
4.433103	451.750000	4212.104944
4.432432	451.754000	4212.142240
4.431760	451.758000	4212.179536
4.431088	451.762000	4212.216832
4.430415	451.766000	4212.254128
4.429743	451.770000	4212.291424
4.429071	451.774000	4212.328719
4.428399	451.778000	4212.366015
4.427726	451.782000	4212.403311
4.427054	451.786000	4212.440607
4.426381	451.790000	4212.477903
4.425708	451.794000	4212.515199
4.425036	451.798000	4212.552495
4.424363	451.802000	4212.589791
4.423690	451.806000	4212.627087
4.423017	451.810000	4212.664382
4.422344	451.814000	4212.701678
4.421671	451.818000	4212.738974
4.420997	451.822000	4212.776270
4.420324	451.826000	4212.813566
4.419651	451.830000	4212.850862
4.418977	451.834000	4212.888158
4.418304	451.838000	4212.925454
4.417630	451.842000	4212.962750
4.416956	451.846000	4213.000046
4.416283	451.850000	4213.037341
4.415609	451.854000	4213.074637
4.414935	451.858000	4213.111933
4.414261	451.862000	4213.149229
4.413587	451.866000	4213.186525
4.412913	451.870000	4213.223821
4.412239	451.874000	4213.261117
4.411564	451.878000	4213.298413
4.410890	451.882000	4213.335709
4.410215	451.886000	4213.373004
4.409541	451.890000	4213.410300
4.408866	451.894000	4213.447596
4.408192	451.898000	4213.484892
4.407517	451.902000	4213.522188
4.406842	451.906000	4213.559484
4.406167	451.910000	4213.596780
4.405492	451.914000	4213.634076
4.404817	451.918000	4213.671372
4.404142	451.922000	4213.708668
4.403466	451.926000	4213.745963
4.402791	451.930000	4213.783259
4.402116	451.934000	4213.820555
4.401440	451.938000	4213.857851
4.400765	451.942000	4213.895147
4.400089	451.946000	4213.932443
4.399413	451.950000	4213.969739
4.398738	451.954000	4214.007035
4.398062	451.958000	4214.044331
4.397386	451.962000	4214.081626
4.396710	451.966000	4214.118922
4.396034	451.970000	4214.156218
4.395357	451.974000	4214.193514
4.394681	451.978000	4214.230810
4.394005	451.982000	4214.268106
4.393328	451.986000	4214.305402
4.392652	451.990000	4214.342698
4.391975	451.994000	4214.379994
4.391299	451.998000	4214.417289
4.390622	452.002000	4214.454585
4.389945	452.006000	4214.491881
4.389268	452.010000	4214.529177
4.388591	452.014000	4214.566473
4.387914	452.018000	4214.603769
4.387237	452.022000	4214.641065
4.386560	452.026000	4214.678361
4.385883	452.030000	4214.715657
4.385205	452.034000	4214.752953
4.384528	452.038000	4214.790248
4.383850	452.042000	4214.827544
4.383173	452.046000	4214.864840
4.382495	452.050000	4214.902136
4.381817	452.054000	4214.939432
4.381139	452.058000	4214.976728
4.380461	452.062000	4215.014024
4.379783	452.066000	4215.051320
4.379105	452.070000	4215.088616
4.378427	452.074000	4215.125911
4.377749	452.078000	4215.163207
4.377071	452.082000	4215.200503
4.376392	452.086000	4215.237799
4.375714	452.090000	4215.275095
4.375035	452.094000	4215.312391
4.374357	452.098000	4215.349687
4.373678	452.102000	4215.386983
4.372999	452.106000	4215.424279
4.372320	452.110000	4215.461574
4.371641	452.114000	4215.498870
4.370962	452.118000	4215.536166
4.370283	452.122000	4215.573462
4.369604	452.126000	4215.610758
4.368925	452.130000	4215.648054
4.368245	452.134000	4215.685350
4.367566	452.138000	4215.722646
4.366886	452.142000	4215.759942
4.366207	452.146000	4215.797238
4.365527	452.150000	4215.834533
4.364847	452.154000	4215.871829
4.364168	452.158000	4215.909125
4.363488	452.162000	4215.946421
4.362808	452.166000	4215.983717
4.362128	452.170000	4216.021013
4.361447	452.174000	4216.058309
4.360767	452.178000	4216.095605
4.360087	452.182000	4216.132901
4.359406	452.186000	4216.170196
4.358726	452.190000	4216.207492
4.358045	452.194000	4216.244788
4.357365	452.198000	4216.282084
4.356684	452.202000	4216.319380
4.356003	452.206000	4216.356676
4.355322	452.210000	4216.393972
4.354642	452.214000	4216.431268
4.353960	452.218000	4216.468564
4.353279	452.222000	4216.505859
4.352598	452.226000	4216.543155
4.351917	452.230000	4216.580451
4.351236	452.234000	4216.617747
4.350554	452.238000	4216.655043
4.349873	452.242000	4216.692339
4.349191	452.246000	4216.729635
4.348509	452.250000	4216.766931
4.347828	452.254000	4216.804227
4.347146	452.258000	4216.841523
4.346464	452.262000	4216.878818
4.345782	452.266000	4216.916114
4.345100	452.270000	4216.953410
4.344418	452.274000	4216.990706
4.343735	452.278000	4217.028002
4.343053	452.282000	4217.065298
4.342371	452.286000	4217.102594
4.341688	452.290000	4217.139890
4.341006	452.294000	4217.177186
4.340323	452.298000	4217.214481
4.339640	452.302000	4217.251777
4.338957	452.306000	4217.289073
4.338274	452.310000	4217.326369
4.337591	452.314000	4217.363665
4.336908	452.318000	4217.400961
4.336225	452.322000	4217.438257
4.335542	452.326000	4217.475553
4.334859	452.330000	4217.512849
4.334175	452.334000	4217.550145
4.333492	452.338000	4217.587440
4.332808	452.342000	4217.624736
4.332125	452.346000	4217.662032
4.331441	452.350000	4217.699328
4.330757	452.354000	4217.736624
4.330073	452.358000	4217.773920
4.329389	452.362000	4217.811216
4.328705	452.366000	4217.848512
4.328021	452.370000	4217.885808
4.327337	452.374000	4217.923103
4.326653	452.378000	4217.960399
4.325968	452.382000	4217.997695
4.325284	452.386000	4218.034991
4.324599	452.390000	4218.072287
4.323915	452.394000	4218.109583
4.323230	452.398000	4218.146879
4.322545	452.402000	4218.184175
4.321861	452.406000	4218.221471
4.321176	452.410000	4218.258766
4.320491	452.414000	4218.296062
4.319806	452.418000	4218.333358
4.319120	452.422000	4218.370654
4.318435	452.426000	4218.407950
4.317750	452.430000	4218.445246
4.317064	452.434000	4218.482542
4.316379	452.438000	4218.519838
4.315693	452.442000	4218.557134
4.315008	452.446000	4218.594430
4.314322	452.450000	4218.631725
4.313636	452.454000	4218.669021
4.312950	452.458000	4218.706317
4.312264	452.462000	4218.743613
4.311578	452.466000	4218.780909
4.310892	452.470000	4218.818205
4.310206	452.474000	4218.855501
4.309519	452.478000	4218.892797
4.308833	452.482000	4218.930093
4.308146	452.486000	4218.967388
4.307460	452.490000	4219.004684
4.306773	452.494000	4219.041980
4.306086	452.498000	4219.079276
4.305400	452.502000	4219.116572
4.304713	452.506000	4219.153868
4.304026	452.510000	4219.191164
4.303339	452.514000	4219.228460
4.302651	452.518000	4219.265756
4.301964	452.522000	4219.303051
4.301277	452.526000	4219.340347
4.300590	452.530000	4219.377643
4.299902	452.534000	4219.414939
4.299214	452.538000	4219.452235
4.298527	452.542000	4219.489531
4.297839	452.546000	4219.526827
4.297151	452.550000	4219.564123
4.296463	452.554000	4219.601419
4.295775	452.558000	4219.638715
4.295087	452.562000	4219.676010
4.294399	452.566000	4219.713306
4.293711	452.570000	4219.750602
4.293023	452.574000	4219.787898
4.292334	452.578000	4219.825194
4.291646	452.582000	4219.862490
4.290957	452.586000	4219.899786
4.290269	452.590000	4219.937082
4.289580	452.594000	4219.974378
4.288891	452.598000	4220.011673
4.288202	452.602000	4220.048969
4.287513	452.606000	4220.086265
4.286824	452.610000	4220.123561
4.286135	452.614000	4220.160857
4.285446	452.618000	4220.198153
4.284756	452.622000	4220.235449
4.284067	452.626000	4220.272745
4.283377	452.630000	4220.310041
4.282688	452.634000	4220.347336
4.281998	452.638000	4220.384632
4.281309	452.642000	4220.421928
4.280619	452.646000	4220.459224
4.279929	452.650000	4220.496520
4.279239	452.654000	4220.533816
4.278549	452.658000	4220.571112
4.277859	452.662000	4220.608408
4.277168	452.666000	4220.645704
4.276478	452.670000	4220.683000
4.275788	452.674000	4220.720295
4.275097	452.678000	4220.757591
4.274407	452.682000	4220.794887
4.273716	452.686000	4220.832183
4.273025	452.690000	4220.869479
4.272334	452.694000	4220.906775
4.271643	452.698000	4220.944071
4.270952	452.702000	4220.981367
4.270261	452.706000	4221.018663
4.269570	452.710000	4221.055958
4.268879	452.714000	4221.093254
4.268188	452.718000	4221.130550
4.267496	452.722000	4221.167846
4.266805	452.726000	4221.205142
4.266113	452.730000	4221.242438
4.265421	452.734000	4221.279734
4.264730	452.738000	4221.317030
4.264038	452.742000	4221.354326
4.263346	452.746000	4221.391622
4.262654	452.750000	4221.428917
4.261962	452.754000	4221.466213
4.261270	452.758000	4221.503509
4.260577	452.762000	4221.540805
4.259885	452.766000	4221.578101
4.259193	452.770000	4221.615397
4.258500	452.774000	4221.652693
4.257807	452.778000	4221.689989
4.257115	452.782000	4221.727285
4.256422	452.786000	4221.764580
4.255729	452.790000	4221.801876
4.255036	452.794000	4221.839172
4.254343	452.798000	4221.876468
4.253650	452.802000	4221.913764
4.252957	452.806000	4221.951060
4.252264	452.810000	4221.988356
4.251570	452.814000	4222.025652
4.250877	452.818000	4222.062948
4.250183	452.822000	4222.100243
4.249490	452.826000	4222.137539
4.248796	452.830000	4222.174835
4.248102	452.834000	4222.212131
4.247408	452.838000	4222.249427
4.246714	452.842000	4222.286723
4.246020	452.846000	4222.324019
4.245326	452.850000	4222.361315
4.244632	452.854000	4222.398611
4.243938	452.858000	4222.435907
4.243243	452.862000	4222.473202
4.242549	452.866000	4222.510498
4.241854	452.870000	4222.547794
4.241160	452.874000	4222.585090
4.240465	452.878000	4222.622386
4.239770	452.882000	4222.659682
4.239075	452.886000	4222.696978
4.238380	452.890000	4222.734274
4.237685	452.894000	4222.771570
4.236990	452.898000	4222.808865
4.236295	452.902000	4222.846161
4.235599	452.906000	4222.883457
4.234904	452.910000	4222.920753
4.234208	452.914000	4222.958049
4.233513	452.918000	4222.995345
4.232817	452.922000	4223.032641
4.232121	452.926000	4223.069937
4.231425	452.930000	4223.107233
4.230730	452.934000	4223.144528
4.230033	452.938000	4223.181824
4.229337	452.942000	4223.219120
4.228641	452.946000	4223.256416
4.227945	452.950000	4223.293712
4.227249	452.954000	4223.331008
4.226552	452.958000	4223.368304
4.225856	452.962000	4223.405600
4.225159	452.966000	4223.442896
4.224462	452.970000	4223.480192
4.223765	452.974000	4223.517487
4.223069	452.978000	4223.554783
4.222372	452.982000	4223.592079
4.221674	452.986000	4223.629375
4.220977	452.990000	4223.666671
4.220280	452.994000	4223.703967
4.219583	452.998000	4223.741263
4.218885	453.002000	4223.778559
4.218188	453.006000	4223.815855
4.217490	453.010000	4223.853150
4.216793	453.014000	4223.890446
4.216095	453.018000	4223.927742
4.215397	453.022000	4223.965038
4.214699	453.026000	4224.002334
4.214001	453.030000	4224.039630
4.213303	453.034000	4224.076926
4.212605	453.038000	4224.114222
4.211907	453.042000	4224.151518
4.211208	453.046000	4224.188814
4.210510	453.050000	4224.226109
4.209811	453.054000	4224.263405
4.209113	453.058000	4224.300701
4.208414	453.062000	4224.337997
4.207715	453.066000	4224.375293
4.207016	453.070000	4224.412589
4.206317	453.074000	4224.449885
4.205618	453.078000	4224.487181
4.204919	453.082000	4224.524477
4.204220	453.086000	4224.561772
4.203520	453.090000	4224.599068
4.202821	453.094000	4224.636364
4.202122	453.098000	4224.673660
4.201422	453.102000	4224.710956
4.200722	453.106000	4224.748252
4.200022	453.110000	4224.785548
4.199323	453.114000	4224.822844
4.198623	453.118000	4224.860140
4.197923	453.122000	4224.897435
4.197223	453.126000	4224.934731
4.196522	453.130000	4224.972027
4.195822	453.134000	4225.009323
4.195122	453.138000	4225.046619
4.194421	453.142000	4225.083915
4.193721	453.146000	4225.121211
4.193020	453.150000	4225.158507
4.192319	453.154000	4225.195803
4.191618	453.158000	4225.233099
4.190918	453.162000	4225.270394
4.190217	453.166000	4225.307690
4.189516	453.170000	4225.344986
4.188814	453.174000	4225.382282
4.188113	453.178000	4225.419578
4.187412	453.182000	4225.456874
4.186710	453.186000	4225.494170
4.186009	453.190000	4225.531466
4.185307	453.194000	4225.568762
4.184605	453.198000	4225.606057
4.183904	453.202000	4225.643353
4.183202	453.206000	4225.680649
4.182500	453.210000	4225.717945
4.181798	453.214000	4225.755241
4.181096	453.218000	4225.792537
4.180393	453.222000	4225.829833
4.179691	453.226000	4225.867129
4.178989	453.230000	4225.904425
4.178286	453.234000	4225.941720
4.177584	453.238000	4225.979016
4.176881	453.242000	4226.016312
4.176178	453.246000	4226.053608
4.175475	453.250000	4226.090904
4.174772	453.254000	4226.128200
4.174069	453.258000	4226.165496
4.173366	453.262000	4226.202792
4.172663	453.266000	4226.240088
4.171960	453.270000	4226.277384
4.171256	453.274000	4226.314679
4.170553	453.278000	4226.351975
4.169849	453.282000	4226.389271
4.169146	453.286000	4226.426567
4.168442	453.290000	4226.463863
4.167738	453.294000	4226.501159
4.167034	453.298000	4226.538455
4.166330	453.302000	4226.575751
4.165626	453.306000	4226.613047
4.164922	453.310000	4226.650342
4.164218	453.314000	4226.687638
4.163513	453.318000	4226.724934
4.162809	453.322000	4226.762230
4.162104	453.326000	4226.799526
4.161400	453.330000	4226.836822
4.160695	453.334000	4226.874118
4.159990	453.338000	4226.911414
4.159285	453.342000	4226.948710
4.158580	453.346000	4226.986005
4.157875	453.350000	4227.023301
4.157170	453.354000	4227.060597
4.156465	453.358000	4227.097893
4.155759	453.362000	4227.135189
4.155054	453.366000	4227.172485
4.154348	453.370000	4227.209781
4.153643	453.374000	4227.247077
4.152937	453.378000	4227.284373
4.152231	453.382000	4227.321669
4.151525	453.386000	4227.358964
4.150819	453.390000	4227.396260
4.150113	453.394000	4227.433556
4.149407	453.398000	4227.470852
4.148701	453.402000	4227.508148
4.147994	453.406000	4227.545444
4.147288	453.410000	4227.582740
4.146581	453.414000	4227.620036
4.145875	453.418000	4227.657332
4.145168	453.422000	4227.694627
4.144461	453.426000	4227.731923
4.143754	453.430000	4227.769219
4.143047	453.434000	4227.806515
4.142340	453.438000	4227.843811
4.141633	453.442000	4227.881107
4.140926	453.446000	4227.918403
4.140218	453.450000	4227.955699
4.139511	453.454000	4227.992995
4.138804	453.458000	4228.030291
4.138096	453.462000	4228.067586
4.137388	453.466000	4228.104882
4.136680	453.470000	4228.142178
4.135972	453.474000	4228.179474
4.135265	453.478000	4228.216770
4.134556	453.482000	4228.254066
4.133848	453.486000	4228.291362
4.133140	453.490000	4228.328658
4.132432	453.494000	4228.365954
4.131723	453.498000	4228.403249
4.131015	453.502000	4228.440545
4.130306	453.506000	4228.477841
4.129597	453.510000	4228.515137
4.128889	453.514000	4228.552433
4.128180	453.518000	4228.589729
4.127471	453.522000	4228.627025
4.126762	453.526000	4228.664321
4.126052	453.530000	4228.701617
4.125343	453.534000	4228.738912
4.124634	453.538000	4228.776208
4.123924	453.542000	4228.813504
4.123215	453.546000	4228.850800
4.122505	453.550000	4228.888096
4.121796	453.554000	4228.925392
4.121086	453.558000	4228.962688
4.120376	453.562000	4228.999984
4.119666	453.566000	4229.037280
4.118956	453.570000	4229.074576
4.118246	453.574000	4229.111871
4.117535	453.578000	4229.149167
4.116825	453.582000	4229.186463
4.116114	453.586000	4229.223759
4.115404	453.590000	4229.261055
4.114693	453.594000	4229.298351
4.113983	453.598000	4229.335647
4.113272	453.602000	4229.372943
4.112561	453.606000	4229.410239
4.111850	453.610000	4229.447534
4.111139	453.614000	4229.484830
4.110428	453.618000	4229.522126
4.109716	453.622000	4229.559422
4.109005	453.626000	4229.596718
4.108293	453.630000	4229.634014
4.107582	453.634000	4229.671310
4.106870	453.638000	4229.708606
4.106158	453.642000	4229.745902
4.105447	453.646000	4229.783197
4.104735	453.650000	4229.820493
4.104023	453.654000	4229.857789
4.103311	453.658000	4229.895085
4.102598	453.662000	4229.932381
4.101886	453.666000	4229.969677
4.101174	453.670000	4230.006973
4.100461	453.674000	4230.044269
4.099749	453.678000	4230.081565
4.099036	453.682000	4230.118861
4.098323	453.686000	4230.156156
4.097610	453.690000	4230.193452
4.096897	453.694000	4230.230748
4.096184	453.698000	4230.268044
4.095471	453.702000	4230.305340
4.094758	453.706000	4230.342636
4.094045	453.710000	4230.379932
4.093331	453.714000	4230.417228
4.092618	453.718000	4230.454524
4.091904	453.722000	4230.491819
4.091190	453.726000	4230.529115
4.090477	453.730000	4230.566411
4.089763	453.734000	4230.603707
4.089049	453.738000	4230.641003
4.088335	453.742000	4230.678299
4.087620	453.746000	4230.715595
4.086906	453.750000	4230.752891
4.086192	453.754000	4230.790187
4.085477	453.758000	4230.827483
4.084763	453.762000	4230.864778
4.084048	453.766000	4230.902074
4.083333	453.770000	4230.939370
4.082619	453.774000	4230.976666
4.081904	453.778000	4231.013962
4.081189	453.782000	4231.051258
4.080474	453.786000	4231.088554
4.079758	453.790000	4231.125850
4.079043	453.794000	4231.163146
4.078328	453.798000	4231.200441
4.077612	453.802000	4231.237737
4.076897	453.806000	4231.275033
4.076181	453.810000	4231.312329
4.075465	453.814000	4231.349625
4.074749	453.818000	4231.386921
4.074033	453.822000	4231.424217
4.073317	453.826000	4231.461513
4.072601	453.830000	4231.498809
4.071885	453.834000	4231.536104
4.071169	453.838000	4231.573400
4.070452	453.842000	4231.610696
4.069736	453.846000	4231.647992
4.069019	453.850000	4231.685288
4.068302	453.854000	4231.722584
4.067586	453.858000	4231.759880
4.066869	453.862000	4231.797176
4.066152	453.866000	4231.834472
4.065435	453.870000	4231.871768
4.064717	453.874000	4231.909063
4.064000	453.878000	4231.946359
4.063283	453.882000	4231.983655
4.062565	453.886000	4232.020951
4.061848	453.890000	4232.058247
4.061130	453.894000	4232.095543
4.060412	453.898000	4232.132839
4.059694	453.902000	4232.170135
4.058977	453.906000	4232.207431
4.058259	453.910000	4232.244726
4.057540	453.914000	4232.282022
4.056822	453.918000	4232.319318
4.056104	453.922000	4232.356614
4.055385	453.926000	4232.393910
4.054667	453.930000	4232.431206
4.053948	453.934000	4232.468502
4.053230	453.938000	4232.505798
4.052511	453.942000	4232.543094
4.051792	453.946000	4232.580389
4.051073	453.950000	4232.617685
4.050354	453.954000	4232.654981
4.049635	453.958000	4232.692277
4.048915	453.962000	4232.729573
4.048196	453.966000	4232.766869
4.047476	453.970000	4232.804165
4.046757	453.974000	4232.841461
4.046037	453.978000	4232.878757
4.045318	453.982000	4232.916053
4.044598	453.986000	4232.953348
4.043878	453.990000	4232.990644
4.043158	453.994000	4233.027940
4.042438	453.998000	4233.065236
4.041717	454.002000	4233.102532
4.040997	454.006000	4233.139828
4.040277	454.010000	4233.177124
4.039556	454.014000	4233.214420
4.038835	454.018000	4233.251716
4.038115	454.022000	4233.289011
4.037394	454.026000	4233.326307
4.036673	454.030000	4233.363603
4.035952	454.034000	4233.400899
4.035231	454.038000	4233.438195
4.034510	454.042000	4233.475491
4.033788	454.046000	4233.512787
4.033067	454.050000	4233.550083
4.032345	454.054000	4233.587379
4.031624	454.058000	4233.624674
4.030902	454.062000	4233.661970
4.030180	454.066000	4233.699266
4.029458	454.070000	4233.736562
4.028736	454.074000	4233.773858
4.028014	454.078000	4233.811154
4.027292	454.082000	4233.848450
4.026570	454.086000	4233.885746
4.025848	454.090000	4233.923042
4.025125	454.094000	4233.960338
4.024403	454.098000	4233.997633
4.023680	454.102000	4234.034929
4.022957	454.106000	4234.072225
4.022234	454.110000	4234.109521
4.021511	454.114000	4234.146817
4.020788	454.118000	4234.184113
4.020065	454.122000	4234.221409
4.019342	454.126000	4234.258705
4.018619	454.130000	4234.296001
4.017895	454.134000	4234.333296
4.017172	454.138000	4234.370592
4.016448	454.142000	4234.407888
4.015724	454.146000	4234.445184
4.015000	454.150000	4234.482480
4.014277	454.154000	4234.519776
4.013553	454.158000	4234.557072
4.012828	454.162000	4234.594368
4.012104	454.166000	4234.631664
4.011380	454.170000	4234.668960
4.010655	454.174000	4234.706255
4.009931	454.178000	4234.743551
4.009206	454.182000	4234.780847
4.008482	454.186000	4234.818143
4.007757	454.190000	4234.855439
4.007032	454.194000	4234.892735
4.006307	454.198000	4234.930031
4.005582	454.202000	4234.967327
4.004857	454.206000	4235.004623
4.004131	454.210000	4235.041918
4.003406	454.214000	4235.079214
4.002680	454.218000	4235.116510
4.001955	454.222000	4235.153806
4.001229	454.226000	4235.191102
4.000503	454.230000	4235.228398
3.999778	454.234000	4235.265694
3.999052	454.238000	4235.302990
3.998325	454.242000	4235.340286
3.997599	454.246000	4235.377581
3.996873	454.250000	4235.414877
3.996147	454.254000	4235.452173
3.995420	454.258000	4235.489469
3.994694	454.262000	4235.526765
3.993967	454.266000	4235.564061
3.993240	454.270000	4235.601357
3.992513	454.274000	4235.638653
3.991786	454.278000	4235.675949
3.991059	454.282000	4235.713245
3.990332	454.286000	4235.750540
3.989605	454.290000	4235.787836
3.988877	454.294000	4235.825132
3.988150	454.298000	4235.862428
3.987422	454.302000	4235.899724
3.986695	454.306000	4235.937020
3.985967	454.310000	4235.974316
3.985239	454.314000	4236.011612
3.984511	454.318000	4236.048908
3.983783	454.322000	4236.086203
3.983055	454.326000	4236.123499
3.982327	454.330000	4236.160795
3.981598	454.334000	4236.198091
3.980870	454.338000	4236.235387
3.980141	454.342000	4236.272683
3.979413	454.346000	4236.309979
3.978684	454.350000	4236.347275
3.977955	454.354000	4236.384571
3.977226	454.358000	4236.421866
3.976497	454.362000	4236.459162
3.975768	454.366000	4236.496458
3.975038	454.370000	4236.533754
3.974309	454.374000	4236.571050
3.973580	454.378000	4236.608346
3.972850	454.382000	4236.645642
3.972120	454.386000	4236.682938
3.971391	454.390000	4236.720234
3.970661	454.394000	4236.757530
3.969931	454.398000	4236.794825
3.969201	454.402000	4236.832121
3.968471	454.406000	4236.869417
3.967740	454.410000	4236.906713
3.967010	454.414000	4236.944009
3.966279	454.418000	4236.981305
3.965549	454.422000	4237.018601
3.964818	454.426000	4237.055897
3.964087	454.430000	4237.093193
3.963357	454.434000	4237.130488
3.962626	454.438000	4237.167784
3.961895	454.442000	4237.205080
3.961163	454.446000	4237.242376
3.960432	454.450000	4237.279672
3.959701	454.454000	4237.316968
3.958969	454.458000	4237.354264
3.958238	454.462000	4237.391560
3.957506	454.466000	4237.428856
3.956774	454.470000	4237.466152
3.956042	454.474000	4237.503447
3.955310	454.478000	4237.540743
3.954578	454.482000	4237.578039
3.953846	454.486000	4237.615335
3.953114	454.490000	4237.652631
3.952381	454.494000	4237.689927
3.951649	454.498000	4237.727223
3.950916	454.502000	4237.764519
3.950184	454.506000	4237.801815
3.949451	454.510000	4237.839110
3.948718	454.514000	4237.876406
3.947985	454.518000	4237.913702
3.947252	454.522000	4237.950998
3.946519	454.526000	4237.988294
3.945785	454.530000	4238.025590
3.945052	454.534000	4238.062886
3.944318	454.538000	4238.100182
3.943585	454.542000	4238.137478
3.942851	454.546000	4238.174773
3.942117	454.550000	4238.212069
3.941383	454.554000	4238.249365
3.940649	454.558000	4238.286661
3.939915	454.562000	4238.323957
3.939181	454.566000	4238.361253
3.938447	454.570000	4238.398549
3.937712	454.574000	4238.435845
3.936978	454.578000	4238.473141
3.936243	454.582000	4238.510437
3.935508	454.586000	4238.547732
3.934774	454.590000	4238.585028
3.934039	454.594000	4238.622324
3.933304	454.598000	4238.659620
3.932568	454.602000	4238.696916
3.931833	454.606000	4238.734212
3.931098	454.610000	4238.771508
3.930362	454.614000	4238.808804
3.929627	454.618000	4238.846100
3.928891	454.622000	4238.883395
3.928155	454.626000	4238.920691
3.927420	454.630000	4238.957987
3.926684	454.634000	4238.995283
3.925948	454.638000	4239.032579
3.925211	454.642000	4239.069875
3.924475	454.646000	4239.107171
3.923739	454.650000	4239.144467
3.923002	454.654000	4239.181763
3.922266	454.658000	4239.219058
3.921529	454.662000	4239.256354
3.920792	454.666000	4239.293650
3.920055	454.670000	4239.330946
3.919318	454.674000	4239.368242
3.918581	454.678000	4239.405538
3.917844	454.682000	4239.442834
3.917107	454.686000	4239.480130
3.916369	454.690000	4239.517426
3.915632	454.694000	4239.554722
3.914894	454.698000	4239.592017
3.914156	454.702000	4239.629313
3.913419	454.706000	4239.666609
3.912681	454.710000	4239.703905
3.911943	454.714000	4239.741201
3.911204	454.718000	4239.778497
3.910466	454.722000	4239.815793
3.909728	454.726000	4239.853089
3.908989	454.730000	4239.890385
3.908251	454.734000	4239.927680
3.907512	454.738000	4239.964976
3.906773	454.742000	4240.002272
3.906035	454.746000	4240.039568
3.905296	454.750000	4240.076864
3.904556	454.754000	4240.114160
3.903817	454.758000	4240.151456
3.903078	454.762000	4240.188752
3.902339	454.766000	4240.226048
3.901599	454.770000	4240.263343
3.900860	454.774000	4240.300639
3.900120	454.778000	4240.337935
3.899380	454.782000	4240.375231
3.898640	454.786000	4240.412527
3.897900	454.790000	4240.449823
3.897160	454.794000	4240.487119
3.896420	454.798000	4240.524415
3.895679	454.802000	4240.561711
3.894939	454.806000	4240.599007
3.894198	454.810000	4240.636302
3.893458	454.814000	4240.673598
3.892717	454.818000	4240.710894
3.891976	454.822000	4240.748190
3.891235	454.826000	4240.785486
3.890494	454.830000	4240.822782
3.889753	454.834000	4240.860078
3.889012	454.838000	4240.897374
3.888270	454.842000	4240.934670
3.887529	454.846000	4240.971965
3.886787	454.850000	4241.009261
3.886045	454.854000	4241.046557
3.885304	454.858000	4241.083853
3.884562	454.862000	4241.121149
3.883820	454.866000	4241.158445
3.883078	454.870000	4241.195741
3.882335	454.874000	4241.233037
3.881593	454.878000	4241.270333
3.880851	454.882000	4241.307629
3.880108	454.886000	4241.344924
3.879365	454.890000	4241.382220
3.878623	454.894000	4241.419516
3.877880	454.898000	4241.456812
3.877137	454.902000	4241.494108
3.876394	454.906000	4241.531404
3.875650	454.910000	4241.568700
3.874907	454.914000	4241.605996
3.874164	454.918000	4241.643292
3.873420	454.922000	4241.680587
3.872677	454.926000	4241.717883
3.871933	454.930000	4241.755179
3.871189	454.934000	4241.792475
3.870445	454.938000	4241.829771
3.869701	454.942000	4241.867067
3.868957	454.946000	4241.904363
3.868213	454.950000	4241.941659
3.867468	454.954000	4241.978955
3.866724	454.958000	4242.016250
3.865979	454.962000	4242.053546
3.865235	454.966000	4242.090842
3.864490	454.970000	4242.128138
3.863745	454.974000	4242.165434
3.863000	454.978000	4242.202730
3.862255	454.982000	4242.240026
3.861510	454.986000	4242.277322
3.860764	454.990000	4242.314618
3.860019	454.994000	4242.351914
3.859273	454.998000	4242.389209
3.858528	455.002000	4242.426505
3.857782	455.006000	4242.463801
3.857036	455.010000	4242.501097
3.856290	455.014000	4242.538393
3.855544	455.018000	4242.575689
3.854798	455.022000	4242.612985
3.854052	455.026000	4242.650281
3.853305	455.030000	4242.687577
3.852559	455.034000	4242.724872
3.851812	455.038000	4242.762168
3.851065	455.042000	4242.799464
3.850319	455.046000	4242.836760
3.849572	455.050000	4242.874056
3.848825	455.054000	4242.911352
3.848077	455.058000	4242.948648
3.847330	455.062000	4242.985944
3.846583	455.066000	4243.023240
3.845835	455.070000	4243.060535
3.845088	455.074000	4243.097831
3.844340	455.078000	4243.135127
3.843592	455.082000	4243.172423
3.842844	455.086000	4243.209719
3.842096	455.090000	4243.247015
3.841348	455.094000	4243.284311
3.840600	455.098000	4243.321607
3.839852	455.102000	4243.358903
3.839103	455.106000	4243.396199
3.838354	455.110000	4243.433494
3.837606	455.114000	4243.470790
3.836857	455.118000	4243.508086
3.836108	455.122000	4243.545382
3.835359	455.126000	4243.582678
3.834610	455.130000	4243.619974
3.833861	455.134000	4243.657270
3.833111	455.138000	4243.694566
3.832362	455.142000	4243.731862
3.831612	455.146000	4243.769157
3.830863	455.150000	4243.806453
3.830113	455.154000	4243.843749
3.829363	455.158000	4243.881045
3.828613	455.162000	4243.918341
3.827863	455.166000	4243.955637
3.827113	455.170000	4243.992933
3.826363	455.174000	4244.030229
3.825612	455.178000	4244.067525
3.824862	455.182000	4244.104821
3.824111	455.186000	4244.142116
3.823360	455.190000	4244.179412
3.822609	455.194000	4244.216708
3.821858	455.198000	4244.254004
3.821107	455.202000	4244.291300
3.820356	455.206000	4244.328596
3.819605	455.210000	4244.365892
3.818853	455.214000	4244.403188
3.818102	455.218000	4244.440484
3.817350	455.222000	4244.477779
3.816599	455.226000	4244.515075
3.815847	455.230000	4244.552371
3.815095	455.234000	4244.589667
3.814343	455.238000	4244.626963
3.813590	455.242000	4244.664259
3.812838	455.246000	4244.701555
3.812086	455.250000	4244.738851
3.811333	455.254000	4244.776147
3.810581	455.258000	4244.813442
3.809828	455.262000	4244.850738
3.809075	455.266000	4244.888034
3.808322	455.270000	4244.925330
3.807569	455.274000	4244.962626
3.806816	455.278000	4244.999922
3.806063	455.282000	4245.037218
3.805309	455.286000	4245.074514
3.804556	455.290000	4245.111810
3.803802	455.294000	4245.149106
3.803048	455.298000	4245.186401
3.802294	455.302000	4245.223697
3.801540	455.306000	4245.260993
3.800786	455.310000	4245.298289
3.800032	455.314000	4245.335585
3.799278	455.318000	4245.372881
3.798524	455.322000	4245.410177
3.797769	455.326000	4245.447473
3.797014	455.330000	4245.484769
3.796260	455.334000	4245.522064
3.795505	455.338000	4245.559360
3.794750	455.342000	4245.596656
3.793995	455.346000	4245.633952
3.793240	455.350000	4245.671248
3.792484	455.354000	4245.708544
3.791729	455.358000	4245.745840
3.790973	455.362000	4245.783136
3.790218	455.366000	4245.820432
3.789462	455.370000	4245.857727
3.788706	455.374000	4245.895023
3.787950	455.378000	4245.932319
3.787194	455.382000	4245.969615
3.786438	455.386000	4246.006911
3.785682	455.390000	4246.044207
3.784925	455.394000	4246.081503
3.784169	455.398000	4246.118799
3.783412	455.402000	4246.156095
3.782655	455.406000	4246.193391
3.781898	455.410000	4246.230686
3.781141	455.414000	4246.267982
3.780384	455.418000	4246.305278
3.779627	455.422000	4246.342574
3.778870	455.426000	4246.379870
3.778112	455.430000	4246.417166
3.777355	455.434000	4246.454462
3.776597	455.438000	4246.491758
3.775839	455.442000	4246.529054
3.775081	455.446000	4246.566349
3.774323	455.450000	4246.603645
3.773565	455.454000	4246.640941
3.772807	455.458000	4246.678237
3.772049	455.462000	4246.715533
3.771290	455.466000	4246.752829
3.770532	455.470000	4246.790125
3.769773	455.474000	4246.827421
3.769014	455.478000	4246.864717
3.768255	455.482000	4246.902012
3.767496	455.486000	4246.939308
3.766737	455.490000	4246.976604
3.765978	455.494000	4247.013900
3.765218	455.498000	4247.051196
3.764459	455.502000	4247.088492
3.763699	455.506000	4247.125788
3.762940	455.510000	4247.163084
3.762180	455.514000	4247.200380
3.761420	455.518000	4247.237676
3.760660	455.522000	4247.274971
3.759900	455.526000	4247.312267
3.759139	455.530000	4247.349563
3.758379	455.534000	4247.386859
3.757619	455.538000	4247.424155
3.756858	455.542000	4247.461451
3.756097	455.546000	4247.498747
3.755336	455.550000	4247.536043
3.754575	455.554000	4247.573339
3.753814	455.558000	4247.610634
3.753053	455.562000	4247.647930
3.752292	455.566000	4247.685226
3.751530	455.570000	4247.722522
3.750769	455.574000	4247.759818
3.750007	455.578000	4247.797114
3.749245	455.582000	4247.834410
3.748484	455.586000	4247.871706
3.747722	455.590000	4247.909002
3.746959	455.594000	4247.946298
3.746197	455.598000	4247.983593
3.745435	455.602000	4248.020889
3.744672	455.606000	4248.058185
3.743910	455.610000	4248.095481
3.743147	455.614000	4248.132777
3.742384	455.618000	4248.170073
3.741621	455.622000	4248.207369
3.740858	455.626000	4248.244665
3.740095	455.630000	4248.281961
3.739332	455.634000	4248.319256
3.738569	455.638000	4248.356552
3.737805	455.642000	4248.393848
3.737041	455.646000	4248.431144
3.736278	455.650000	4248.468440
3.735514	455.654000	4248.505736
3.734750	455.658000	4248.543032
3.733986	455.662000	4248.580328
3.733222	455.666000	4248.617624
3.732457	455.670000	4248.654919
3.731693	455.674000	4248.692215
3.730928	455.678000	4248.729511
3.730164	455.682000	4248.766807
3.729399	455.686000	4248.804103
3.728634	455.690000	4248.841399
3.727869	455.694000	4248.878695
3.727104	455.698000	4248.915991
3.726339	455.702000	4248.953287
3.725573	455.706000	4248.990583
3.724808	455.710000	4249.027878
3.724042	455.714000	4249.065174
3.723276	455.718000	4249.102470
3.722511	455.722000	4249.139766
3.721745	455.726000	4249.177062
3.720979	455.730000	4249.214358
3.720212	455.734000	4249.251654
3.719446	455.738000	4249.288950
3.718680	455.742000	4249.326246
3.717913	455.746000	4249.363541
3.717146	455.750000	4249.400837
3.716380	455.754000	4249.438133
3.715613	455.758000	4249.475429
3.714846	455.762000	4249.512725
3.714079	455.766000	4249.550021
3.713311	455.770000	4249.587317
3.712544	455.774000	4249.624613
3.711777	455.778000	4249.661909
3.711009	455.782000	4249.699204
3.710241	455.786000	4249.736500
3.709473	455.790000	4249.773796
3.708706	455.794000	4249.811092
3.707937	455.798000	4249.848388
3.707169	455.802000	4249.885684
3.706401	455.806000	4249.922980
3.705633	455.810000	4249.960276
3.704864	455.814000	4249.997572
3.704095	455.818000	4250.034868
3.703327	455.822000	4250.072163
3.702558	455.826000	4250.109459
3.701789	455.830000	4250.146755
3.701020	455.834000	4250.184051
3.700250	455.838000	4250.221347
3.699481	455.842000	4250.258643
3.698711	455.846000	4250.295939
3.697942	455.850000	4250.333235
3.697172	455.854000	4250.370531
3.696402	455.858000	4250.407826
3.695632	455.862000	4250.445122
3.694862	455.866000	4250.482418
3.694092	455.870000	4250.519714
3.693322	455.874000	4250.557010
3.692551	455.878000	4250.594306
3.691781	455.882000	4250.631602
3.691010	455.886000	4250.668898
3.690239	455.890000	4250.706194
3.689468	455.894000	4250.743489
3.688697	455.898000	4250.780785
3.687926	455.902000	4250.818081
3.687155	455.906000	4250.855377
3.686383	455.910000	4250.892673
3.685612	455.914000	4250.929969
3.684840	455.918000	4250.967265
3.684068	455.922000	4251.004561
3.683297	455.926000	4251.041857
3.682525	455.930000	4251.079153
3.681753	455.934000	4251.116448
3.680980	455.938000	4251.153744
3.680208	455.942000	4251.191040
3.679435	455.946000	4251.228336
3.678663	455.950000	4251.265632
3.677890	455.954000	4251.302928
3.677117	455.958000	4251.340224
3.676344	455.962000	4251.377520
3.675571	455.966000	4251.414816
3.674798	455.970000	4251.452111
3.674025	455.974000	4251.489407
3.673251	455.978000	4251.526703
3.672478	455.982000	4251.563999
3.671704	455.986000	4251.601295
3.670930	455.990000	4251.638591
3.670156	455.994000	4251.675887
3.669382	455.998000	4251.713183
3.668608	456.002000	4251.750479
3.667834	456.006000	4251.787775
3.667059	456.010000	4251.825070
3.666285	456.014000	4251.862366
3.665510	456.018000	4251.899662
3.664735	456.022000	4251.936958
3.663960	456.026000	4251.974254
3.663185	456.030000	4252.011550
3.662410	456.034000	4252.048846
3.661635	456.038000	4252.086142
3.660860	456.042000	4252.123438
3.660084	456.046000	4252.160733
3.659309	456.050000	4252.198029
3.658533	456.054000	4252.235325
3.657757	456.058000	4252.272621
3.656981	456.062000	4252.309917
3.656205	456.066000	4252.347213
3.655429	456.070000	4252.384509
3.654652	456.074000	4252.421805
3.653876	456.078000	4252.459101
3.653099	456.082000	4252.496396
3.652322	456.086000	4252.533692
3.651546	456.090000	4252.570988
3.650769	456.094000	4252.608284
3.649991	456.098000	4252.645580
3.649214	456.102000	4252.682876
3.648437	456.106000	4252.720172
3.647659	456.110000	4252.757468
3.646882	456.114000	4252.794764
3.646104	456.118000	4252.832060
3.645326	456.122000	4252.869355
3.644548	456.126000	4252.906651
3.643770	456.130000	4252.943947
3.642992	456.134000	4252.981243
3.642214	456.138000	4253.018539
3.641435	456.142000	4253.055835
3.640657	456.146000	4253.093131
3.639878	456.150000	4253.130427
3.639099	456.154000	4253.167723
3.638320	456.158000	4253.205018
3.637541	456.162000	4253.242314
3.636762	456.166000	4253.279610
3.635983	456.170000	4253.316906
3.635203	456.174000	4253.354202
3.634424	456.178000	4253.391498
3.633644	456.182000	4253.428794
3.632864	456.186000	4253.466090
3.632084	456.190000	4253.503386
3.631304	456.194000	4253.540681
3.630524	456.198000	4253.577977
3.629744	456.202000	4253.615273
3.628963	456.206000	4253.652569
3.628183	456.210000	4253.689865
3.627402	456.214000	4253.727161
3.626621	456.218000	4253.764457
3.625840	456.222000	4253.801753
3.625059	456.226000	4253.839049
3.624278	456.230000	4253.876345
3.623497	456.234000	4253.913640
3.622715	456.238000	4253.950936
3.621934	456.242000	4253.988232
3.621152	456.246000	4254.025528
3.620370	456.250000	4254.062824
3.619588	456.254000	4254.100120
3.618806	456.258000	4254.137416
3.618024	456.262000	4254.174712
3.617242	456.266000	4254.212008
3.616459	456.270000	4254.249303
3.615677	456.274000	4254.286599
3.614894	456.278000	4254.323895
3.614111	456.282000	4254.361191
3.613328	456.286000	4254.398487
3.612545	456.290000	4254.435783
3.611762	456.294000	4254.473079
3.610979	456.298000	4254.510375
3.610195	456.302000	4254.547671
3.609412	456.306000	4254.584967
3.608628	456.310000	4254.622262
3.607844	456.314000	4254.659558
3.607060	456.318000	4254.696854
3.606276	456.322000	4254.734150
3.605492	456.326000	4254.771446
3.604708	456.330000	4254.808742
3.603923	456.334000	4254.846038
3.603139	456.338000	4254.883334
3.602354	456.342000	4254.920630
3.601569	456.346000	4254.957925
3.600784	456.350000	4254.995221
3.599999	456.354000	4255.032517
3.599214	456.358000	4255.069813
3.598429	456.362000	4255.107109
3.597643	456.366000	4255.144405
3.596858	456.370000	4255.181701
3.596072	456.374000	4255.218997
3.595286	456.378000	4255.256293
3.594500	456.382000	4255.293588
3.593714	456.386000	4255.330884
3.592928	456.390000	4255.368180
3.592142	456.394000	4255.405476
3.591355	456.398000	4255.442772
3.590568	456.402000	4255.480068
3.589782	456.406000	4255.517364
3.588995	456.410000	4255.554660
3.588208	456.414000	4255.591956
3.587421	456.418000	4255.629252
3.586633	456.422000	4255.666547
3.585846	456.426000	4255.703843
3.585059	456.430000	4255.741139
3.584271	456.434000	4255.778435
3.583483	456.438000	4255.815731
3.582695	456.442000	4255.853027
3.581907	456.446000	4255.890323
3.581119	456.450000	4255.927619
3.580331	456.454000	4255.964915
3.579543	456.458000	4256.002210
3.578754	456.462000	4256.039506
3.577965	456.466000	4256.076802
3.577177	456.470000	4256.114098
3.576388	456.474000	4256.151394
3.575599	456.478000	4256.188690
3.574809	456.482000	4256.225986
3.574020	456.486000	4256.263282
3.573231	456.490000	4256.300578
3.572441	456.494000	4256.337873
3.571651	456.498000	4256.375169
3.570862	456.502000	4256.412465
3.570072	456.506000	4256.449761
3.569282	456.510000	4256.487057
3.568491	456.514000	4256.524353
3.567701	456.518000	4256.561649
3.566911	456.522000	4256.598945
3.566120	456.526000	4256.636241
3.565329	456.530000	4256.673537
3.564538	456.534000	4256.710832
3.563748	456.538000	4256.748128
3.562956	456.542000	4256.785424
3.562165	456.546000	4256.822720
3.561374	456.550000	4256.860016
3.560582	456.554000	4256.897312
3.559791	456.558000	4256.934608
3.558999	456.562000	4256.971904
3.558207	456.566000	4257.009200
3.557415	456.570000	4257.046495
3.556623	456.574000	4257.083791
3.555831	456.578000	4257.121087
3.555038	456.582000	4257.158383
3.554246	456.586000	4257.195679
3.553453	456.590000	4257.232975
3.552660	456.594000	4257.270271
3.551867	456.598000	4257.307567
3.551074	456.602000	4257.344863
3.550281	456.606000	4257.382158
3.549488	456.610000	4257.419454
3.548694	456.614000	4257.456750
3.547901	456.618000	4257.494046
3.547107	456.622000	4257.531342
3.546313	456.626000	4257.568638
3.545519	456.630000	4257.605934
3.544725	456.634000	4257.643230
3.543931	456.638000	4257.680526
3.543136	456.642000	4257.717822
3.542342	456.646000	4257.755117
3.541547	456.650000	4257.792413
3.540752	456.654000	4257.829709
3.539957	456.658000	4257.867005
3.539162	456.662000	4257.904301
3.538367	456.666000	4257.941597
3.537572	456.670000	4257.978893
3.536776	456.674000	4258.016189
3.535981	456.678000	4258.053485
3.535185	456.682000	4258.090780
3.534389	456.686000	4258.128076
3.533593	456.690000	4258.165372
3.532797	456.694000	4258.202668
3.532001	456.698000	4258.239964
3.531205	456.702000	4258.277260
3.530408	456.706000	4258.314556
3.529611	456.710000	4258.351852
3.528815	456.714000	4258.389148
3.528018	456.718000	4258.426444
3.527221	456.722000	4258.463739
3.526424	456.726000	4258.501035
3.525626	456.730000	4258.538331
3.524829	456.734000	4258.575627
3.524031	456.738000	4258.612923
3.523234	456.742000	4258.650219
3.522436	456.746000	4258.687515
3.521638	456.750000	4258.724811
3.520840	456.754000	4258.762107
3.520042	456.758000	4258.799402
3.519243	456.762000	4258.836698
3.518445	456.766000	4258.873994
3.517646	456.770000	4258.911290
3.516847	456.774000	4258.948586
3.516048	456.778000	4258.985882
3.515249	456.782000	4259.023178
3.514450	456.786000	4259.060474
3.513651	456.790000	4259.097770
3.512851	456.794000	4259.135065
3.512052	456.798000	4259.172361
3.511252	456.802000	4259.209657
3.510452	456.806000	4259.246953
3.509652	456.810000	4259.284249
3.508852	456.814000	4259.321545
3.508052	456.818000	4259.358841
3.507252	456.822000	4259.396137
3.506451	456.826000	4259.433433
3.505650	456.830000	4259.470729
3.504850	456.834000	4259.508024
3.504049	456.838000	4259.545320
3.503248	456.842000	4259.582616
3.502447	456.846000	4259.619912
3.501645	456.850000	4259.657208
3.500844	456.854000	4259.694504
3.500042	456.858000	4259.731800
3.499240	456.862000	4259.769096
3.498439	456.866000	4259.806392
3.497637	456.870000	4259.843687
3.496834	456.874000	4259.880983
3.496032	456.878000	4259.918279
3.495230	456.882000	4259.955575
3.494427	456.886000	4259.992871
3.493624	456.890000	4260.030167
3.492822	456.894000	4260.067463
3.492019	456.898000	4260.104759
3.491216	456.902000	4260.142055
3.490412	456.906000	4260.179350
3.489609	456.910000	4260.216646
3.488805	456.914000	4260.253942
3.488002	456.918000	4260.291238
3.487198	456.922000	4260.328534
3.486394	456.926000	4260.365830
3.485590	456.930000	4260.403126
3.484786	456.934000	4260.440422
3.483982	456.938000	4260.477718
3.483177	456.942000	4260.515014
3.482373	456.946000	4260.552309
3.481568	456.950000	4260.589605
3.480763	456.954000	4260.626901
3.479958	456.958000	4260.664197
3.479153	456.962000	4260.701493
3.478347	456.966000	4260.738789
3.477542	456.970000	4260.776085
3.476737	456.974000	4260.813381
3.475931	456.978000	4260.850677
3.475125	456.982000	4260.887972
3.474319	456.986000	4260.925268
3.473513	456.990000	4260.962564
3.472707	456.994000	4260.999860
3.471900	456.998000	4261.037156
3.471094	457.002000	4261.074452
3.470287	457.006000	4261.111748
3.469480	457.010000	4261.149044
3.468673	457.014000	4261.186340
3.467866	457.018000	4261.223636
3.467059	457.022000	4261.260931
3.466252	457.026000	4261.298227
3.465444	457.030000	4261.335523
3.464637	457.034000	4261.372819
3.463829	457.038000	4261.410115
3.463021	457.042000	4261.447411
3.462213	457.046000	4261.484707
3.461405	457.050000	4261.522003
3.460596	457.054000	4261.559299
3.459788	457.058000	4261.596594
3.458979	457.062000	4261.633890
3.458170	457.066000	4261.671186
3.457362	457.070000	4261.708482
3.456553	457.074000	4261.745778
3.455743	457.078000	4261.783074
3.454934	457.082000	4261.820370
3.454125	457.086000	4261.857666
3.453315	457.090000	4261.894962
3.452505	457.094000	4261.932257
3.451695	457.098000	4261.969553
3.450885	457.102000	4262.006849
3.450075	457.106000	4262.044145
3.449265	457.110000	4262.081441
3.448455	457.114000	4262.118737
3.447644	457.118000	4262.156033
3.446833	457.122000	4262.193329
3.446022	457.126000	4262.230625
3.445211	457.130000	4262.267921
3.444400	457.134000	4262.305216
3.443589	457.138000	4262.342512
3.442778	457.142000	4262.379808
3.441966	457.146000	4262.417104
3.441154	457.150000	4262.454400
3.440343	457.154000	4262.491696
3.439531	457.158000	4262.528992
3.438718	457.162000	4262.566288
3.437906	457.166000	4262.603584
3.437094	457.170000	4262.640879
3.436281	457.174000	4262.678175
3.435469	457.178000	4262.715471
3.434656	457.182000	4262.752767
3.433843	457.186000	4262.790063
3.433030	457.190000	4262.827359
3.432216	457.194000	4262.864655
3.431403	457.198000	4262.901951
3.430589	457.202000	4262.939247
3.429776	457.206000	4262.976542
3.428962	457.210000	4263.013838
3.428148	457.214000	4263.051134
3.427334	457.218000	4263.088430
3.426520	457.222000	4263.125726
3.425705	457.226000	4263.163022
3.424891	457.230000	4263.200318
3.424076	457.234000	4263.237614
3.423261	457.238000	4263.274910
3.422446	457.242000	4263.312206
3.421631	457.246000	4263.349501
3.420816	457.250000	4263.386797
3.420000	457.254000	4263.424093
3.419185	457.258000	4263.461389
3.418369	457.262000	4263.498685
3.417553	457.266000	4263.535981
3.416737	457.270000	4263.573277
3.415921	457.274000	4263.610573
3.415105	457.278000	4263.647869
3.414289	457.282000	4263.685164
3.413472	457.286000	4263.722460
3.412655	457.290000	4263.759756
3.411839	457.294000	4263.797052
3.411022	457.298000	4263.834348
3.410205	457.302000	4263.871644
3.409387	457.306000	4263.908940
3.408570	457.310000	4263.946236
3.407752	457.314000	4263.983532
3.406935	457.318000	4264.020827
3.406117	457.322000	4264.058123
3.405299	457.326000	4264.095419
3.404481	457.330000	4264.132715
3.403662	457.334000	4264.170011
3.402844	457.338000	4264.207307
3.402025	457.342000	4264.244603
3.401207	457.346000	4264.281899
3.400388	457.350000	4264.319195
3.399569	457.354000	4264.356491
3.398750	457.358000	4264.393786
3.397930	457.362000	4264.431082
3.397111	457.366000	4264.468378
3.396291	457.370000	4264.505674
3.395472	457.374000	4264.542970
3.394652	457.378000	4264.580266
3.393832	457.382000	4264.617562
3.393012	457.386000	4264.654858
3.392191	457.390000	4264.692154
3.391371	457.394000	4264.729449
3.390550	457.398000	4264.766745
3.389730	457.402000	4264.804041
3.388909	457.406000	4264.841337
3.388088	457.410000	4264.878633
3.387266	457.414000	4264.915929
3.386445	457.418000	4264.953225
3.385624	457.422000	4264.990521
3.384802	457.426000	4265.027817
3.383980	457.430000	4265.065113
3.383158	457.434000	4265.102408
3.382336	457.438000	4265.139704
3.381514	457.442000	4265.177000
3.380692	457.446000	4265.214296
3.379869	457.450000	4265.251592
3.379046	457.454000	4265.288888
3.378224	457.458000	4265.326184
3.377401	457.462000	4265.363480
3.376578	457.466000	4265.400776
3.375754	457.470000	4265.438071
3.374931	457.474000	4265.475367
3.374107	457.478000	4265.512663
3.373284	457.482000	4265.549959
3.372460	457.486000	4265.587255
3.371636	457.490000	4265.624551
3.370812	457.494000	4265.661847
3.369987	457.498000	4265.699143
3.369163	457.502000	4265.736439
3.368338	457.506000	4265.773734
3.367514	457.510000	4265.811030
3.366689	457.514000	4265.848326
3.365864	457.518000	4265.885622
3.365039	457.522000	4265.922918
3.364213	457.526000	4265.960214
3.363388	457.530000	4265.997510
3.362562	457.534000	4266.034806
3.361736	457.538000	4266.072102
3.360910	457.542000	4266.109398
3.360084	457.546000	4266.146693
3.359258	457.550000	4266.183989
3.358432	457.554000	4266.221285
3.357605	457.558000	4266.258581
3.356779	457.562000	4266.295877
3.355952	457.566000	4266.333173
3.355125	457.570000	4266.370469
3.354298	457.574000	4266.407765
3.353470	457.578000	4266.445061
3.352643	457.582000	4266.482356
3.351815	457.586000	4266.519652
3.350988	457.590000	4266.556948
3.350160	457.594000	4266.594244
3.349332	457.598000	4266.631540
3.348504	457.602000	4266.668836
3.347675	457.606000	4266.706132
3.346847	457.610000	4266.743428
3.346018	457.614000	4266.780724
3.345189	457.618000	4266.818019
3.344361	457.622000	4266.855315
3.343531	457.626000	4266.892611
3.342702	457.630000	4266.929907
3.341873	457.634000	4266.967203
3.341043	457.638000	4267.004499
3.340214	457.642000	4267.041795
3.339384	457.646000	4267.079091
3.338554	457.650000	4267.116387
3.337724	457.654000	4267.153683
3.336893	457.658000	4267.190978
3.336063	457.662000	4267.228274
3.335232	457.666000	4267.265570
3.334402	457.670000	4267.302866
3.333571	457.674000	4267.340162
3.332740	457.678000	4267.377458
3.331908	457.682000	4267.414754
3.331077	457.686000	4267.452050
3.330246	457.690000	4267.489346
3.329414	457.694000	4267.526641
3.328582	457.698000	4267.563937
3.327750	457.702000	4267.601233
3.326918	457.706000	4267.638529
3.326086	457.710000	4267.675825
3.325253	457.714000	4267.713121
3.324421	457.718000	4267.750417
3.323588	457.722000	4267.787713
3.322755	457.726000	4267.825009
3.321922	457.730000	4267.862305
3.321089	457.734000	4267.899600
3.320256	457.738000	4267.936896
3.319422	457.742000	4267.974192
3.318588	457.746000	4268.011488
3.317755	457.750000	4268.048784
3.316921	457.754000	4268.086080
3.316087	457.758000	4268.123376
3.315252	457.762000	4268.160672
3.314418	457.766000	4268.197968
3.313583	457.770000	4268.235263
3.312749	457.774000	4268.272559
3.311914	457.778000	4268.309855
3.311079	457.782000	4268.347151
3.310243	457.786000	4268.384447
3.309408	457.790000	4268.421743
3.308573	457.794000	4268.459039
3.307737	457.798000	4268.496335
3.306901	457.802000	4268.533631
3.306065	457.806000	4268.570926
3.305229	457.810000	4268.608222
3.304393	457.814000	4268.645518
3.303556	457.818000	4268.682814
3.302720	457.822000	4268.720110
3.301883	457.826000	4268.757406
3.301046	457.830000	4268.794702
3.300209	457.834000	4268.831998
3.299372	457.838000	4268.869294
3.298534	457.842000	4268.906590
3.297697	457.846000	4268.943885
3.296859	457.850000	4268.981181
3.296021	457.854000	4269.018477
3.295183	457.858000	4269.055773
3.294345	457.862000	4269.093069
3.293507	457.866000	4269.130365
3.292668	457.870000	4269.167661
3.291830	457.874000	4269.204957
3.290991	457.878000	4269.242253
3.290152	457.882000	4269.279548
3.289313	457.886000	4269.316844
3.288474	457.890000	4269.354140
3.287634	457.894000	4269.391436
3.286795	457.898000	4269.428732
3.285955	457.902000	4269.466028
3.285115	457.906000	4269.503324
3.284275	457.910000	4269.540620
3.283435	457.914000	4269.577916
3.282595	457.918000	4269.615211
3.281754	457.922000	4269.652507
3.280913	457.926000	4269.689803
3.280073	457.930000	4269.727099
3.279232	457.934000	4269.764395
3.278390	457.938000	4269.801691
3.277549	457.942000	4269.838987
3.276708	457.946000	4269.876283
3.275866	457.950000	4269.913579
3.275024	457.954000	4269.950875
3.274182	457.958000	4269.988170
3.273340	457.962000	4270.025466
3.272498	457.966000	4270.062762
3.271655	457.970000	4270.100058
3.270813	457.974000	4270.137354
3.269970	457.978000	4270.174650
3.269127	457.982000	4270.211946
3.268284	457.986000	4270.249242
3.267441	457.990000	4270.286538
3.266598	457.994000	4270.323833
3.265754	457.998000	4270.361129
3.264910	458.002000	4270.398425
3.264067	458.006000	4270.435721
3.263223	458.010000	4270.473017
3.262378	458.014000	4270.510313
3.261534	458.018000	4270.547609
3.260690	458.022000	4270.584905
3.259845	458.026000	4270.622201
3.259000	458.030000	4270.659496
3.258155	458.034000	4270.696792
3.257310	458.038000	4270.734088
3.256465	458.042000	4270.771384
3.255619	458.046000	4270.808680
3.254774	458.050000	4270.845976
3.253928	458.054000	4270.883272
3.253082	458.058000	4270.920568
3.252236	458.062000	4270.957864
3.251389	458.066000	4270.995160
3.250543	458.070000	4271.032455
3.249696	458.074000	4271.069751
3.248850	458.078000	4271.107047
3.248003	458.082000	4271.144343
3.247156	458.086000	4271.181639
3.246309	458.090000	4271.218935
3.245461	458.094000	4271.256231
3.244614	458.098000	4271.293527
3.243766	458.102000	4271.330823
3.242918	458.106000	4271.368118
3.242070	458.110000	4271.405414
3.241222	458.114000	4271.442710
3.240373	458.118000	4271.480006
3.239525	458.122000	4271.517302
3.238676	458.126000	4271.554598
3.237827	458.130000	4271.591894
3.236978	458.134000	4271.629190
3.236129	458.138000	4271.666486
3.235280	458.142000	4271.703782
3.234430	458.146000	4271.741077
3.233580	458.150000	4271.778373
3.232731	458.154000	4271.815669
3.231881	458.158000	4271.852965
3.231030	458.162000	4271.890261
3.230180	458.166000	4271.927557
3.229330	458.170000	4271.964853
3.228479	458.174000	4272.002149
3.227628	458.178000	4272.039445
3.226777	458.182000	4272.076740
3.225926	458.186000	4272.114036
3.225075	458.190000	4272.151332
3.224223	458.194000	4272.188628
3.223371	458.198000	4272.225924
3.222520	458.202000	4272.263220
3.221668	458.206000	4272.300516
3.220816	458.210000	4272.337812
3.219963	458.214000	4272.375108
3.219111	458.218000	4272.412403
3.218258	458.222000	4272.449699
3.217405	458.226000	4272.486995
3.216552	458.230000	4272.524291
3.215699	458.234000	4272.561587
3.214846	458.238000	4272.598883
3.213992	458.242000	4272.636179
3.213139	458.246000	4272.673475
3.212285	458.250000	4272.710771
3.211431	458.254000	4272.748067
3.210577	458.258000	4272.785362
3.209723	458.262000	4272.822658
3.208868	458.266000	4272.859954
3.208013	458.270000	4272.897250
3.207159	458.274000	4272.934546
3.206304	458.278000	4272.971842
3.205449	458.282000	4273.009138
3.204593	458.286000	4273.046434
3.203738	458.290000	4273.083730
3.202882	458.294000	4273.121025
3.202026	458.298000	4273.158321
3.201170	458.302000	4273.195617
3.200314	458.306000	4273.232913
3.199458	458.310000	4273.270209
3.198601	458.314000	4273.307505
3.197745	458.318000	4273.344801
3.196888	458.322000	4273.382097
3.196031	458.326000	4273.419393
3.195174	458.330000	4273.456688
3.194317	458.334000	4273.493984
3.193459	458.338000	4273.531280
3.192601	458.342000	4273.568576
3.191744	458.346000	4273.605872
3.190886	458.350000	4273.643168
3.190027	458.354000	4273.680464
3.189169	458.358000	4273.717760
3.188311	458.362000	4273.755056
3.187452	458.366000	4273.792352
3.186593	458.370000	4273.829647
3.185734	458.374000	4273.866943
3.184875	458.378000	4273.904239
3.184016	458.382000	4273.941535
3.183156	458.386000	4273.978831
3.182296	458.390000	4274.016127
3.181436	458.394000	4274.053423
3.180576	458.398000	4274.090719
3.179716	458.402000	4274.128015
3.178856	458.406000	4274.165310
3.177995	458.410000	4274.202606
3.177135	458.414000	4274.239902
3.176274	458.418000	4274.277198
3.175413	458.422000	4274.314494
3.174551	458.426000	4274.351790
3.173690	458.430000	4274.389086
3.172829	458.434000	4274.426382
3.171967	458.438000	4274.463678
3.171105	458.442000	4274.500973
3.170243	458.446000	4274.538269
3.169381	458.450000	4274.575565
3.168518	458.454000	4274.612861
3.167656	458.458000	4274.650157
3.166793	458.462000	4274.687453
3.165930	458.466000	4274.724749
3.165067	458.470000	4274.762045
3.164203	458.474000	4274.799341
3.163340	458.478000	4274.836637
3.162476	458.482000	4274.873932
3.161613	458.486000	4274.911228
3.160749	458.490000	4274.948524
3.159884	458.494000	4274.985820
3.159020	458.498000	4275.023116
3.158156	458.502000	4275.060412
3.157291	458.506000	4275.097708
3.156426	458.510000	4275.135004
3.155561	458.514000	4275.172300
3.154696	458.518000	4275.209595
3.153831	458.522000	4275.246891
3.152965	458.526000	4275.284187
3.152099	458.530000	4275.321483
3.151234	458.534000	4275.358779
3.150367	458.538000	4275.396075
3.149501	458.542000	4275.433371
3.148635	458.546000	4275.470667
3.147768	458.550000	4275.507963
3.146902	458.554000	4275.545259
3.146035	458.558000	4275.582554
3.145167	458.562000	4275.619850
3.144300	458.566000	4275.657146
3.143433	458.570000	4275.694442
3.142565	458.574000	4275.731738
3.141697	458.578000	4275.769034
3.140829	458.582000	4275.806330
3.139961	458.586000	4275.843626
3.139093	458.590000	4275.880922
3.138224	458.594000	4275.918217
3.137356	458.598000	4275.955513
3.136487	458.602000	4275.992809
3.135618	458.606000	4276.030105
3.134749	458.610000	4276.067401
3.133879	458.614000	4276.104697
3.133010	458.618000	4276.141993
3.132140	458.622000	4276.179289
3.131270	458.626000	4276.216585
3.130400	458.630000	4276.253880
3.129530	458.634000	4276.291176
3.128659	458.638000	4276.328472
3.127789	458.642000	4276.365768
3.126918	458.646000	4276.403064
3.126047	458.650000	4276.440360
3.125176	458.654000	4276.477656
3.124304	458.658000	4276.514952
3.123433	458.662000	4276.552248
3.122561	458.666000	4276.589544
3.121689	458.670000	4276.626839
3.120817	458.674000	4276.664135
3.119945	458.678000	4276.701431
3.119073	458.682000	4276.738727
3.118200	458.686000	4276.776023
3.117327	458.690000	4276.813319
3.116454	458.694000	4276.850615
3.115581	458.698000	4276.887911
3.114708	458.702000	4276.925207
3.113835	458.706000	4276.962502
3.112961	458.710000	4276.999798
3.112087	458.714000	4277.037094
3.111213	458.718000	4277.074390
3.110339	458.722000	4277.111686
3.109465	458.726000	4277.148982
3.108590	458.730000	4277.186278
3.107715	458.734000	4277.223574
3.106840	458.738000	4277.260870
3.105965	458.742000	4277.298165
3.105090	458.746000	4277.335461
3.104215	458.750000	4277.372757
3.103339	458.754000	4277.410053
3.102463	458.758000	4277.447349
3.101587	458.762000	4277.484645
3.100711	458.766000	4277.521941
3.099835	458.770000	4277.559237
3.098958	458.774000	4277.596533
3.098081	458.778000	4277.633829
3.097205	458.782000	4277.671124
3.096327	458.786000	4277.708420
3.095450	458.790000	4277.745716
3.094573	458.794000	4277.783012
3.093695	458.798000	4277.820308
3.092817	458.802000	4277.857604
3.091939	458.806000	4277.894900
3.091061	458.810000	4277.932196
3.090183	458.814000	4277.969492
3.089304	458.818000	4278.006787
3.088426	458.822000	4278.044083
3.087547	458.826000	4278.081379
3.086668	458.830000	4278.118675
3.085788	458.834000	4278.155971
3.084909	458.838000	4278.193267
3.084029	458.842000	4278.230563
3.083150	458.846000	4278.267859
3.082270	458.850000	4278.305155
3.081389	458.854000	4278.342451
3.080509	458.858000	4278.379746
3.079629	458.862000	4278.417042
3.078748	458.866000	4278.454338
3.077867	458.870000	4278.491634
3.076986	458.874000	4278.528930
3.076105	458.878000	4278.566226
3.075223	458.882000	4278.603522
3.074341	458.886000	4278.640818
3.073460	458.890000	4278.678114
3.072578	458.894000	4278.715409
3.071695	458.898000	4278.752705
3.070813	458.902000	4278.790001
3.069930	458.906000	4278.827297
3.069048	458.910000	4278.864593
3.068165	458.914000	4278.901889
3.067282	458.918000	4278.939185
3.066398	458.922000	4278.976481
3.065515	458.926000	4279.013777
3.064631	458.930000	4279.051072
3.063747	458.934000	4279.088368
3.062863	458.938000	4279.125664
3.061979	458.942000	4279.162960
3.061095	458.946000	4279.200256
3.060210	458.950000	4279.237552
3.059325	458.954000	4279.274848
3.058440	458.958000	4279.312144
3.057555	458.962000	4279.349440
3.056670	458.966000	4279.386736
3.055784	458.970000	4279.424031
3.054898	458.974000	4279.461327
3.054012	458.978000	4279.498623
3.053126	458.982000	4279.535919
3.052240	458.986000	4279.573215
3.051354	458.990000	4279.610511
3.050467	458.994000	4279.647807
3.049580	458.998000	4279.685103
3.048693	459.002000	4279.722399
3.047806	459.006000	4279.759694
3.046918	459.010000	4279.796990
3.046031	459.014000	4279.834286
3.045143	459.018000	4279.871582
3.044255	459.022000	4279.908878
3.043367	459.026000	4279.946174
3.042478	459.030000	4279.983470
3.041590	459.034000	4280.020766
3.040701	459.038000	4280.058062
3.039812	459.042000	4280.095357
3.038923	459.046000	4280.132653
3.038034	459.050000	4280.169949
3.037144	459.054000	4280.207245
3.036254	459.058000	4280.244541
3.035365	459.062000	4280.281837
3.034474	459.066000	4280.319133
3.033584	459.070000	4280.356429
3.032694	459.074000	4280.393725
3.031803	459.078000	4280.431021
3.030912	459.082000	4280.468316
3.030021	459.086000	4280.505612
3.029130	459.090000	4280.542908
3.028239	459.094000	4280.580204
3.027347	459.098000	4280.617500
3.026455	459.102000	4280.654796
3.025563	459.106000	4280.692092
3.024671	459.110000	4280.729388
3.023779	459.114000	4280.766684
3.022886	459.118000	4280.803979
3.021993	459.122000	4280.841275
3.021100	459.126000	4280.878571
3.020207	459.130000	4280.915867
3.019314	459.134000	4280.953163
3.018420	459.138000	4280.990459
3.017527	459.142000	4281.027755
3.016633	459.146000	4281.065051
3.015739	459.150000	4281.102347
3.014844	459.154000	4281.139642
3.013950	459.158000	4281.176938
3.013055	459.162000	4281.214234
3.012160	459.166000	4281.251530
3.011265	459.170000	4281.288826
3.010370	459.174000	4281.326122
3.009475	459.178000	4281.363418
3.008579	459.182000	4281.400714
3.007683	459.186000	4281.438010
3.006787	459.190000	4281.475306
3.005891	459.194000	4281.512601
3.004994	459.198000	4281.549897
3.004098	459.202000	4281.587193
3.003201	459.206000	4281.624489
3.002304	459.210000	4281.661785
3.001407	459.214000	4281.699081
3.000509	459.218000	4281.736377
2.999612	459.222000	4281.773673
2.998714	459.226000	4281.810969
2.997816	459.230000	4281.848264
2.996918	459.234000	4281.885560
2.996019	459.238000	4281.922856
2.995121	459.242000	4281.960152
2.994222	459.246000	4281.997448
2.993323	459.250000	4282.034744
2.992424	459.254000	4282.072040
2.991525	459.258000	4282.109336
2.990625	459.262000	4282.146632
2.989725	459.266000	4282.183928
2.988825	459.270000	4282.221223
2.987925	459.274000	4282.258519
2.987025	459.278000	4282.295815
2.986124	459.282000	4282.333111
2.985223	459.286000	4282.370407
2.984322	459.290000	4282.407703
2.983421	459.294000	4282.444999
2.982520	459.298000	4282.482295
2.981618	459.302000	4282.519591
2.980717	459.306000	4282.556886
2.979815	459.310000	4282.594182
2.978913	459.314000	4282.631478
2.978010	459.318000	4282.668774
2.977108	459.322000	4282.706070
2.976205	459.326000	4282.743366
2.975302	459.330000	4282.780662
2.974399	459.334000	4282.817958
2.973496	459.338000	4282.855254
2.972592	459.342000	4282.892549
2.971688	459.346000	4282.929845
2.970784	459.350000	4282.967141
2.969880	459.354000	4283.004437
2.968976	459.358000	4283.041733
2.968071	459.362000	4283.079029
2.967167	459.366000	4283.116325
2.966262	459.370000	4283.153621
2.965357	459.374000	4283.190917
2.964451	459.378000	4283.228213
2.963546	459.382000	4283.265508
2.962640	459.386000	4283.302804
2.961734	459.390000	4283.340100
2.960828	459.394000	4283.377396
2.959922	459.398000	4283.414692
2.959015	459.402000	4283.451988
2.958108	459.406000	4283.489284
2.957201	459.410000	4283.526580
2.956294	459.414000	4283.563876
2.955387	459.418000	4283.601171
2.954479	459.422000	4283.638467
2.953572	459.426000	4283.675763
2.952664	459.430000	4283.713059
2.951755	459.434000	4283.750355
2.950847	459.438000	4283.787651
2.949939	459.442000	4283.824947
2.949030	459.446000	4283.862243
2.948121	459.450000	4283.899539
2.947212	459.454000	4283.936834
2.946302	459.458000	4283.974130
2.945393	459.462000	4284.011426
2.944483	459.466000	4284.048722
2.943573	459.470000	4284.086018
2.942663	459.474000	4284.123314
2.941752	459.478000	4284.160610
2.940842	459.482000	4284.197906
2.939931	459.486000	4284.235202
2.939020	459.490000	4284.272498
2.938109	459.494000	4284.309793
2.937197	459.498000	4284.347089
2.936285	459.502000	4284.384385
2.935374	459.506000	4284.421681
2.934462	459.510000	4284.458977
2.933549	459.514000	4284.496273
2.932637	459.518000	4284.533569
2.931724	459.522000	4284.570865
2.930811	459.526000	4284.608161
2.929898	459.530000	4284.645456
2.928985	459.534000	4284.682752
2.928071	459.538000	4284.720048
2.927158	459.542000	4284.757344
2.926244	459.546000	4284.794640
2.925330	459.550000	4284.831936
2.924415	459.554000	4284.869232
2.923501	459.558000	4284.906528
2.922586	459.562000	4284.943824
2.921671	459.566000	4284.981120
2.920756	459.570000	4285.018415
2.919841	459.574000	4285.055711
2.918925	459.578000	4285.093007
2.918009	459.582000	4285.130303
2.917093	459.586000	4285.167599
2.916177	459.590000	4285.204895
2.915261	459.594000	4285.242191
2.914344	459.598000	4285.279487
2.913427	459.602000	4285.316783
2.912510	459.606000	4285.354078
2.911593	459.610000	4285.391374
2.910675	459.614000	4285.428670
2.909758	459.618000	4285.465966
2.908840	459.622000	4285.503262
2.907922	459.626000	4285.540558
2.907003	459.630000	4285.577854
2.906085	459.634000	4285.615150
2.905166	459.638000	4285.652446
2.904247	459.642000	4285.689741
2.903328	459.646000	4285.727037
2.902409	459.650000	4285.764333
2.901489	459.654000	4285.801629
2.900569	459.658000	4285.838925
2.899649	459.662000	4285.876221
2.898729	459.666000	4285.913517
2.897809	459.670000	4285.950813
2.896888	459.674000	4285.988109
2.895967	459.678000	4286.025405
2.895046	459.682000	4286.062700
2.894125	459.686000	4286.099996
2.893203	459.690000	4286.137292
2.892282	459.694000	4286.174588
2.891360	459.698000	4286.211884
2.890438	459.702000	4286.249180
2.889515	459.706000	4286.286476
2.888593	459.710000	4286.323772
2.887670	459.714000	4286.361068
2.886747	459.718000	4286.398363
2.885824	459.722000	4286.435659
2.884901	459.726000	4286.472955
2.883977	459.730000	4286.510251
2.883053	459.734000	4286.547547
2.882129	459.738000	4286.584843
2.881205	459.742000	4286.622139
2.880280	459.746000	4286.659435
2.879356	459.750000	4286.696731
2.878431	459.754000	4286.734026
2.877506	459.758000	4286.771322
2.876580	459.762000	4286.808618
2.875655	459.766000	4286.845914
2.874729	459.770000	4286.883210
2.873803	459.774000	4286.920506
2.872877	459.778000	4286.957802
2.871950	459.782000	4286.995098
2.871024	459.786000	4287.032394
2.870097	459.790000	4287.069690
2.869170	459.794000	4287.106985
2.868242	459.798000	4287.144281
2.867315	459.802000	4287.181577
2.866387	459.806000	4287.218873
2.865459	459.810000	4287.256169
2.864531	459.814000	4287.293465
2.863603	459.818000	4287.330761
2.862674	459.822000	4287.368057
2.861745	459.826000	4287.405353
2.860816	459.830000	4287.442648
2.859887	459.834000	4287.479944
2.858957	459.838000	4287.517240
2.858028	459.842000	4287.554536
2.857098	459.846000	4287.591832
2.856168	459.850000	4287.629128
2.855237	459.854000	4287.666424
2.854307	459.858000	4287.703720
2.853376	459.862000	4287.741016
2.852445	459.866000	4287.778311
2.851514	459.870000	4287.815607
2.850582	459.874000	4287.852903
2.849651	459.878000	4287.890199
2.848719	459.882000	4287.927495
2.847787	459.886000	4287.964791
2.846854	459.890000	4288.002087
2.845922	459.894000	4288.039383
2.844989	459.898000	4288.076679
2.844056	459.902000	4288.113975
2.843123	459.906000	4288.151270
2.842189	459.910000	4288.188566
2.841256	459.914000	4288.225862
2.840322	459.918000	4288.263158
2.839388	459.922000	4288.300454
2.838453	459.926000	4288.337750
2.837519	459.930000	4288.375046
2.836584	459.934000	4288.412342
2.835649	459.938000	4288.449638
2.834714	459.942000	4288.486933
2.833778	459.946000	4288.524229
2.832842	459.950000	4288.561525
2.831907	459.954000	4288.598821
2.830970	459.958000	4288.636117
2.830034	459.962000	4288.673413
2.829097	459.966000	4288.710709
2.828161	459.970000	4288.748005
2.827224	459.974000	4288.785301
2.826286	459.978000	4288.822597
2.825349	459.982000	4288.859892
2.824411	459.986000	4288.897188
2.823473	459.990000	4288.934484
2.822535	459.994000	4288.971780
2.821597	459.998000	4289.009076
2.820658	460.002000	4289.046372
2.819719	460.006000	4289.083668
2.818780	460.010000	4289.120964
2.817841	460.014000	4289.158260
2.816901	460.018000	4289.195555
2.815962	460.022000	4289.232851
2.815022	460.026000	4289.270147
2.814082	460.030000	4289.307443
2.813141	460.034000	4289.344739
2.812200	460.038000	4289.382035
2.811260	460.042000	4289.419331
2.810318	460.046000	4289.456627
2.809377	460.050000	4289.493923
2.808436	460.054000	4289.531218
2.807494	460.058000	4289.568514
2.806552	460.062000	4289.605810
2.805610	460.066000	4289.643106
2.804667	460.070000	4289.680402
2.803724	460.074000	4289.717698
2.802781	460.078000	4289.754994
2.801838	460.082000	4289.792290
2.800895	460.086000	4289.829586
2.799951	460.090000	4289.866882
2.799007	460.094000	4289.904177
2.798063	460.098000	4289.941473
2.797119	460.102000	4289.978769
2.796174	460.106000	4290.016065
2.795230	460.110000	4290.053361
2.794285	460.114000	4290.090657
2.793339	460.118000	4290.127953
2.792394	460.122000	4290.165249
2.791448	460.126000	4290.202545
2.790502	460.130000	4290.239840
2.789556	460.134000	4290.277136
2.788610	460.138000	4290.314432
2.787663	460.142000	4290.351728
2.786716	460.146000	4290.389024
2.785769	460.150000	4290.426320
2.784822	460.154000	4290.463616
2.783874	460.158000	4290.500912
2.782926	460.162000	4290.538208
2.781978	460.166000	4290.575503
2.781030	460.170000	4290.612799
2.780081	460.174000	4290.650095
2.779133	460.178000	4290.687391
2.778184	460.182000	4290.724687
2.777234	460.186000	4290.761983
2.776285	460.190000	4290.799279
2.775335	460.194000	4290.836575
2.774385	460.198000	4290.873871
2.773435	460.202000	4290.911167
2.772485	460.206000	4290.948462
2.771534	460.210000	4290.985758
2.770583	460.214000	4291.023054
2.769632	460.218000	4291.060350
2.768681	460.222000	4291.097646
2.767729	460.226000	4291.134942
2.766778	460.230000	4291.172238
2.765826	460.234000	4291.209534
2.764873	460.238000	4291.246830
2.763921	460.242000	4291.284125
2.762968	460.246000	4291.321421
2.762015	460.250000	4291.358717
2.761062	460.254000	4291.396013
2.760108	460.258000	4291.433309
2.759155	460.262000	4291.470605
2.758201	460.266000	4291.507901
2.757247	460.270000	4291.545197
2.756292	460.274000	4291.582493
2.755337	460.278000	4291.619789
2.754383	460.282000	4291.657084
2.753427	460.286000	4291.694380
2.752472	460.290000	4291.731676
2.751516	460.294000	4291.768972
2.750561	460.298000	4291.806268
2.749604	460.302000	4291.843564
2.748648	460.306000	4291.880860
2.747692	460.310000	4291.918156
2.746735	460.314000	4291.955452
2.745778	460.318000	4291.992747
2.744820	460.322000	4292.030043
2.743863	460.326000	4292.067339
2.742905	460.330000	4292.104635
2.741947	460.334000	4292.141931
2.740989	460.338000	4292.179227
2.740030	460.342000	4292.216523
2.739071	460.346000	4292.253819
2.738112	460.350000	4292.291115
2.737153	460.354000	4292.328410
2.736194	460.358000	4292.365706
2.735234	460.362000	4292.403002
2.734274	460.366000	4292.440298
2.733314	460.370000	4292.477594
2.732353	460.374000	4292.514890
2.731393	460.378000	4292.552186
2.730432	460.382000	4292.589482
2.729470	460.386000	4292.626778
2.728509	460.390000	4292.664074
2.727547	460.394000	4292.701369
2.726585	460.398000	4292.738665
2.725623	460.402000	4292.775961
2.724661	460.406000	4292.813257
2.723698	460.410000	4292.850553
2.722735	460.414000	4292.887849
2.721772	460.418000	4292.925145
2.720809	460.422000	4292.962441
2.719845	460.426000	4292.999737
2.718881	460.430000	4293.037032
2.717917	460.434000	4293.074328
2.716953	460.438000	4293.111624
2.715988	460.442000	4293.148920
2.715023	460.446000	4293.186216
2.714058	460.450000	4293.223512
2.713093	460.454000	4293.260808
2.712127	460.458000	4293.298104
2.711161	460.462000	4293.335400
2.710195	460.466000	4293.372695
2.709229	460.470000	4293.409991
2.708262	460.474000	4293.447287
2.707295	460.478000	4293.484583
2.706328	460.482000	4293.521879
2.705361	460.486000	4293.559175
2.704393	460.490000	4293.596471
2.703425	460.494000	4293.633767
2.702457	460.498000	4293.671063
2.701489	460.502000	4293.708359
2.700520	460.506000	4293.745654
2.699551	460.510000	4293.782950
2.698582	460.514000	4293.820246
2.697613	460.518000	4293.857542
2.696643	460.522000	4293.894838
2.695673	460.526000	4293.932134
2.694703	460.530000	4293.969430
2.693732	460.534000	4294.006726
2.692762	460.538000	4294.044022
2.691791	460.542000	4294.081317
2.690820	460.546000	4294.118613
2.689848	460.550000	4294.155909
2.688877	460.554000	4294.193205
2.687905	460.558000	4294.230501
2.686933	460.562000	4294.267797
2.685960	460.566000	4294.305093
2.684988	460.570000	4294.342389
2.684015	460.574000	4294.379685
2.683042	460.578000	4294.416980
2.682068	460.582000	4294.454276
2.681094	460.586000	4294.491572
2.680120	460.590000	4294.528868
2.679146	460.594000	4294.566164
2.678172	460.598000	4294.603460
2.677197	460.602000	4294.640756
2.676222	460.606000	4294.678052
2.675247	460.610000	4294.715348
2.674271	460.614000	4294.752644
2.673296	460.618000	4294.789939
2.672320	460.622000	4294.827235
2.671343	460.626000	4294.864531
2.670367	460.630000	4294.901827
2.669390	460.634000	4294.939123
2.668413	460.638000	4294.976419
2.667436	460.642000	4295.013715
2.666458	460.646000	4295.051011
2.665481	460.650000	4295.088307
2.664502	460.654000	4295.125602
2.663524	460.658000	4295.162898
2.662546	460.662000	4295.200194
2.661567	460.666000	4295.237490
2.660588	460.670000	4295.274786
2.659608	460.674000	4295.312082
2.658629	460.678000	4295.349378
2.657649	460.682000	4295.386674
2.656669	460.686000	4295.423970
2.655688	460.690000	4295.461266
2.654708	460.694000	4295.498561
2.653727	460.698000	4295.535857
2.652745	460.702000	4295.573153
2.651764	460.706000	4295.610449
2.650782	460.710000	4295.647745
2.649800	460.714000	4295.685041
2.648818	460.718000	4295.722337
2.647836	460.722000	4295.759633
2.646853	460.726000	4295.796929
2.645870	460.730000	4295.834224
2.644887	460.734000	4295.871520
2.643903	460.738000	4295.908816
2.642919	460.742000	4295.946112
2.641935	460.746000	4295.983408
2.640951	460.750000	4296.020704
2.639966	460.754000	4296.058000
2.638981	460.758000	4296.095296
2.637996	460.762000	4296.132592
2.637011	460.766000	4296.169887
2.636025	460.770000	4296.207183
2.635039	460.774000	4296.244479
2.634053	460.778000	4296.281775
2.633067	460.782000	4296.319071
2.632080	460.786000	4296.356367
2.631093	460.790000	4296.393663
2.630106	460.794000	4296.430959
2.629118	460.798000	4296.468255
2.628130	460.802000	4296.505551
2.627142	460.806000	4296.542846
2.626154	460.810000	4296.580142
2.625165	460.814000	4296.617438
2.624176	460.818000	4296.654734
2.623187	460.822000	4296.692030
2.622198	460.826000	4296.729326
2.621208	460.830000	4296.766622
2.620218	460.834000	4296.803918
2.619228	460.838000	4296.841214
2.618237	460.842000	4296.878509
2.617247	460.846000	4296.915805
2.616256	460.850000	4296.953101
2.615264	460.854000	4296.990397
2.614273	460.858000	4297.027693
2.613281	460.862000	4297.064989
2.612289	460.866000	4297.102285
2.611296	460.870000	4297.139581
2.610304	460.874000	4297.176877
2.609311	460.878000	4297.214172
2.608318	460.882000	4297.251468
2.607324	460.886000	4297.288764
2.606330	460.890000	4297.326060
2.605336	460.894000	4297.363356
2.604342	460.898000	4297.400652
2.603348	460.902000	4297.437948
2.602353	460.906000	4297.475244
2.601358	460.910000	4297.512540
2.600362	460.914000	4297.549836
2.599367	460.918000	4297.587131
2.598371	460.922000	4297.624427
2.597374	460.926000	4297.661723
2.596378	460.930000	4297.699019
2.595381	460.934000	4297.736315
2.594384	460.938000	4297.773611
2.593387	460.942000	4297.810907
2.592389	460.946000	4297.848203
2.591391	460.950000	4297.885499
2.590393	460.954000	4297.922794
2.589395	460.958000	4297.960090
2.588396	460.962000	4297.997386
2.587397	460.966000	4298.034682
2.586398	460.970000	4298.071978
2.585398	460.974000	4298.109274
2.584399	460.978000	4298.146570
2.583398	460.982000	4298.183866
2.582398	460.986000	4298.221162
2.581397	460.990000	4298.258458
2.580397	460.994000	4298.295753
2.579395	460.998000	4298.333049
2.578394	461.002000	4298.370345
2.577392	461.006000	4298.407641
2.576390	461.010000	4298.444937
2.575388	461.014000	4298.482233
2.574385	461.018000	4298.519529
2.573382	461.022000	4298.556825
2.572379	461.026000	4298.594121
2.571376	461.030000	4298.631416
2.570372	461.034000	4298.668712
2.569368	461.038000	4298.706008
2.568364	461.042000	4298.743304
2.567359	461.046000	4298.780600
2.566354	461.050000	4298.817896
2.565349	461.054000	4298.855192
2.564343	461.058000	4298.892488
2.563338	461.062000	4298.929784
2.562332	461.066000	4298.967079
2.561325	461.070000	4299.004375
2.560319	461.074000	4299.041671
2.559312	461.078000	4299.078967
2.558305	461.082000	4299.116263
2.557298	461.086000	4299.153559
2.556290	461.090000	4299.190855
2.555282	461.094000	4299.228151
2.554274	461.098000	4299.265447
2.553265	461.102000	4299.302743
2.552256	461.106000	4299.340038
2.551247	461.110000	4299.377334
2.550238	461.114000	4299.414630
2.549228	461.118000	4299.451926
2.548218	461.122000	4299.489222
2.547208	461.126000	4299.526518
2.546197	461.130000	4299.563814
2.545186	461.134000	4299.601110
2.544175	461.138000	4299.638406
2.543163	461.142000	4299.675701
2.542152	461.146000	4299.712997
2.541140	461.150000	4299.750293
2.540127	461.154000	4299.787589
2.539115	461.158000	4299.824885
2.538102	461.162000	4299.862181
2.537089	461.166000	4299.899477
2.536075	461.170000	4299.936773
2.535061	461.174000	4299.974069
2.534047	461.178000	4300.011364
2.533033	461.182000	4300.048660
2.532018	461.186000	4300.085956
2.531003	461.190000	4300.123252
2.529988	461.194000	4300.160548
2.528973	461.198000	4300.197844
2.527957	461.202000	4300.235140
2.526941	461.206000	4300.272436
2.525924	461.210000	4300.309732
2.524908	461.214000	4300.347028
2.523891	461.218000	4300.384323
2.522873	461.222000	4300.421619
2.521856	461.226000	4300.458915
2.520838	461.230000	4300.496211
2.519820	461.234000	4300.533507
2.518801	461.238000	4300.570803
2.517782	461.242000	4300.608099
2.516763	461.246000	4300.645395
2.515744	461.250000	4300.682691
2.514724	461.254000	4300.719986
2.513704	461.258000	4300.757282
2.512684	461.262000	4300.794578
2.511664	461.266000	4300.831874
2.510643	461.270000	4300.869170
2.509622	461.274000	4300.906466
2.508600	461.278000	4300.943762
2.507578	461.282000	4300.981058
2.506556	461.286000	4301.018354
2.505534	461.290000	4301.055649
2.504511	461.294000	4301.092945
2.503488	461.298000	4301.130241
2.502465	461.302000	4301.167537
2.501442	461.306000	4301.204833
2.500418	461.310000	4301.242129
2.499394	461.314000	4301.279425
2.498369	461.318000	4301.316721
2.497345	461.322000	4301.354017
2.496319	461.326000	4301.391313
2.495294	461.330000	4301.428608
2.494268	461.334000	4301.465904
2.493242	461.338000	4301.503200
2.492216	461.342000	4301.540496
2.491190	461.346000	4301.577792
2.490163	461.350000	4301.615088
2.489136	461.354000	4301.652384
2.488108	461.358000	4301.689680
2.487080	461.362000	4301.726976
2.486052	461.366000	4301.764271
2.485024	461.370000	4301.801567
2.483995	461.374000	4301.838863
2.482966	461.378000	4301.876159
2.481937	461.382000	4301.913455
2.480907	461.386000	4301.950751
2.479877	461.390000	4301.988047
2.478847	461.394000	4302.025343
2.477817	461.398000	4302.062639
2.476786	461.402000	4302.099935
2.475755	461.406000	4302.137230
2.474723	461.410000	4302.174526
2.473691	461.414000	4302.211822
2.472659	461.418000	4302.249118
2.471627	461.422000	4302.286414
2.470594	461.426000	4302.323710
2.469561	461.430000	4302.361006
2.468528	461.434000	4302.398302
2.467494	461.438000	4302.435598
2.466460	461.442000	4302.472893
2.465426	461.446000	4302.510189
2.464391	461.450000	4302.547485
2.463356	461.454000	4302.584781
2.462321	461.458000	4302.622077
2.461286	461.462000	4302.659373
2.460250	461.466000	4302.696669
2.459214	461.470000	4302.733965
2.458177	461.474000	4302.771261
2.457141	461.478000	4302.808556
2.456104	461.482000	4302.845852
2.455066	461.486000	4302.883148
2.454028	461.490000	4302.920444
2.452990	461.494000	4302.957740
2.451952	461.498000	4302.995036
2.450913	461.502000	4303.032332
2.449874	461.506000	4303.069628
2.448835	461.510000	4303.106924
2.447796	461.514000	4303.144220
2.446756	461.518000	4303.181515
2.445715	461.522000	4303.218811
2.444675	461.526000	4303.256107
2.443634	461.530000	4303.293403
2.442593	461.534000	4303.330699
2.441551	461.538000	4303.367995
2.440509	461.542000	4303.405291
2.439467	461.546000	4303.442587
2.438425	461.550000	4303.479883
2.437382	461.554000	4303.517178
2.436339	461.558000	4303.554474
2.435296	461.562000	4303.591770
2.434252	461.566000	4303.629066
2.433208	461.570000	4303.666362
2.432163	461.574000	4303.703658
2.431119	461.578000	4303.740954
2.430074	461.582000	4303.778250
2.429028	461.586000	4303.815546
2.427983	461.590000	4303.852841
2.426937	461.594000	4303.890137
2.425890	461.598000	4303.927433
2.424844	461.602000	4303.964729
2.423797	461.606000	4304.002025
2.422749	461.610000	4304.039321
2.421702	461.614000	4304.076617
2.420654	461.618000	4304.113913
2.419606	461.622000	4304.151209
2.418557	461.626000	4304.188505
2.417508	461.630000	4304.225800
2.416459	461.634000	4304.263096
2.415409	461.638000	4304.300392
2.414359	461.642000	4304.337688
2.413309	461.646000	4304.374984
2.412259	461.650000	4304.412280
2.411208	461.654000	4304.449576
2.410156	461.658000	4304.486872
2.409105	461.662000	4304.524168
2.408053	461.666000	4304.561463
2.407001	461.670000	4304.598759
2.405948	461.674000	4304.636055
2.404895	461.678000	4304.673351
2.403842	461.682000	4304.710647
2.402789	461.686000	4304.747943
2.401735	461.690000	4304.785239
2.400681	461.694000	4304.822535
2.399626	461.698000	4304.859831
2.398571	461.702000	4304.897126
2.397516	461.706000	4304.934422
2.396461	461.710000	4304.971718
2.395405	461.714000	4305.009014
2.394349	461.718000	4305.046310
2.393292	461.722000	4305.083606
2.392235	461.726000	4305.120902
2.391178	461.730000	4305.158198
2.390121	461.734000	4305.195494
2.389063	461.738000	4305.232790
2.388004	461.742000	4305.270085
2.386946	461.746000	4305.307381
2.385887	461.750000	4305.344677
2.384828	461.754000	4305.381973
2.383768	461.758000	4305.419269
2.382708	461.762000	4305.456565
2.381648	461.766000	4305.493861
2.380588	461.770000	4305.531157
2.379527	461.774000	4305.568453
2.378466	461.778000	4305.605748
2.377404	461.782000	4305.643044
2.376342	461.786000	4305.680340
2.375280	461.790000	4305.717636
2.374217	461.794000	4305.754932
2.373154	461.798000	4305.792228
2.372091	461.802000	4305.829524
2.371027	461.806000	4305.866820
2.369963	461.810000	4305.904116
2.368899	461.814000	4305.941412
2.367835	461.818000	4305.978707
2.366770	461.822000	4306.016003
2.365704	461.826000	4306.053299
2.364639	461.830000	4306.090595
2.363573	461.834000	4306.127891
2.362506	461.838000	4306.165187
2.361439	461.842000	4306.202483
2.360372	461.846000	4306.239779
2.359305	461.850000	4306.277075
2.358237	461.854000	4306.314370
2.357169	461.858000	4306.351666
2.356101	461.862000	4306.388962
2.355032	461.866000	4306.426258
2.353963	461.870000	4306.463554
2.352893	461.874000	4306.500850
2.351824	461.878000	4306.538146
2.350753	461.882000	4306.575442
2.349683	461.886000	4306.612738
2.348612	461.890000	4306.650033
2.347541	461.894000	4306.687329
2.346469	461.898000	4306.724625
2.345397	461.902000	4306.761921
2.344325	461.906000	4306.799217
2.343252	461.910000	4306.836513
2.342179	461.914000	4306.873809
2.341106	461.918000	4306.911105
2.340032	461.922000	4306.948401
2.338958	461.926000	4306.985697
2.337884	461.930000	4307.022992
2.336809	461.934000	4307.060288
2.335734	461.938000	4307.097584
2.334659	461.942000	4307.134880
2.333583	461.946000	4307.172176
2.332507	461.950000	4307.209472
2.331430	461.954000	4307.246768
2.330353	461.958000	4307.284064
2.329276	461.962000	4307.321360
2.328199	461.966000	4307.358655
2.327121	461.970000	4307.395951
2.326042	461.974000	4307.433247
2.324964	461.978000	4307.470543
2.323885	461.982000	4307.507839
2.322805	461.986000	4307.545135
2.321726	461.990000	4307.582431
2.320645	461.994000	4307.619727
2.319565	461.998000	4307.657023
2.318484	462.002000	4307.694318
2.317403	462.006000	4307.731614
2.316322	462.010000	4307.768910
2.315240	462.014000	4307.806206
2.314157	462.018000	4307.843502
2.313075	462.022000	4307.880798
2.311992	462.026000	4307.918094
2.310908	462.030000	4307.955390
2.309825	462.034000	4307.992686
2.308741	462.038000	4308.029982
2.307656	462.042000	4308.067277
2.306571	462.046000	4308.104573
2.305486	462.050000	4308.141869
2.304401	462.054000	4308.179165
2.303315	462.058000	4308.216461
2.302229	462.062000	4308.253757
2.301142	462.066000	4308.291053
2.300055	462.070000	4308.328349
2.298968	462.074000	4308.365645
2.297880	462.078000	4308.402940
2.296792	462.082000	4308.440236
2.295703	462.086000	4308.477532
2.294615	462.090000	4308.514828
2.293525	462.094000	4308.552124
2.292436	462.098000	4308.589420
2.291346	462.102000	4308.626716
2.290255	462.106000	4308.664012
2.289165	462.110000	4308.701308
2.288074	462.114000	4308.738604
2.286982	462.118000	4308.775899
2.285890	462.122000	4308.813195
2.284798	462.126000	4308.850491
2.283706	462.130000	4308.887787
2.282613	462.134000	4308.925083
2.281520	462.138000	4308.962379
2.280426	462.142000	4308.999675
2.279332	462.146000	4309.036971
2.278237	462.150000	4309.074267
2.277143	462.154000	4309.111562
2.276047	462.158000	4309.148858
2.274952	462.162000	4309.186154
2.273856	462.166000	4309.223450
2.272760	462.170000	4309.260746
2.271663	462.174000	4309.298042
2.270566	462.178000	4309.335338
2.269468	462.182000	4309.372634
2.268371	462.186000	4309.409930
2.267272	462.190000	4309.447225
2.266174	462.194000	4309.484521
2.265075	462.198000	4309.521817
2.263976	462.202000	4309.559113
2.262876	462.206000	4309.596409
2.261776	462.210000	4309.633705
2.260675	462.214000	4309.671001
2.259574	462.218000	4309.708297
2.258473	462.222000	4309.745593
2.257371	462.226000	4309.782889
2.256269	462.230000	4309.820184
2.255167	462.234000	4309.857480
2.254064	462.238000	4309.894776
2.252961	462.242000	4309.932072
2.251857	462.246000	4309.969368
2.250753	462.250000	4310.006664
2.249649	462.254000	4310.043960
2.248544	462.258000	4310.081256
2.247439	462.262000	4310.118552
2.246334	462.266000	4310.155847
2.245228	462.270000	4310.193143
2.244122	462.274000	4310.230439
2.243015	462.278000	4310.267735
2.241908	462.282000	4310.305031
2.240800	462.286000	4310.342327
2.239693	462.290000	4310.379623
2.238584	462.294000	4310.416919
2.237476	462.298000	4310.454215
2.236367	462.302000	4310.491510
2.235257	462.306000	4310.528806
2.234147	462.310000	4310.566102
2.233037	462.314000	4310.603398
2.231927	462.318000	4310.640694
2.230816	462.322000	4310.677990
2.229704	462.326000	4310.715286
2.228593	462.330000	4310.752582
2.227480	462.334000	4310.789878
2.226368	462.338000	4310.827174
2.225255	462.342000	4310.864469
2.224141	462.346000	4310.901765
2.223028	462.350000	4310.939061
2.221913	462.354000	4310.976357
2.220799	462.358000	4311.013653
2.219684	462.362000	4311.050949
2.218569	462.366000	4311.088245
2.217453	462.370000	4311.125541
2.216337	462.374000	4311.162837
2.215220	462.378000	4311.200132
2.214103	462.382000	4311.237428
2.212986	462.386000	4311.274724
2.211868	462.390000	4311.312020
2.210750	462.394000	4311.349316
2.209631	462.398000	4311.386612
2.208512	462.402000	4311.423908
2.207393	462.406000	4311.461204
2.206273	462.410000	4311.498500
2.205153	462.414000	4311.535795
2.204032	462.418000	4311.573091
2.202911	462.422000	4311.610387
2.201790	462.426000	4311.647683
2.200668	462.430000	4311.684979
2.199546	462.434000	4311.722275
2.198423	462.438000	4311.759571
2.197300	462.442000	4311.796867
2.196177	462.446000	4311.834163
2.195053	462.450000	4311.871459
2.193928	462.454000	4311.908754
2.192804	462.458000	4311.946050
2.191679	462.462000	4311.983346
2.190553	462.466000	4312.020642
2.189427	462.470000	4312.057938
2.188301	462.474000	4312.095234
2.187174	462.478000	4312.132530
2.186047	462.482000	4312.169826
2.184919	462.486000	4312.207122
2.183791	462.490000	4312.244417
2.182663	462.494000	4312.281713
2.181534	462.498000	4312.319009
2.180405	462.502000	4312.356305
2.179275	462.506000	4312.393601
2.178145	462.510000	4312.430897
2.177014	462.514000	4312.468193
2.175884	462.518000	4312.505489
2.174752	462.522000	4312.542785
2.173620	462.526000	4312.580081
2.172488	462.530000	4312.617376
2.171356	462.534000	4312.654672
2.170223	462.538000	4312.691968
2.169089	462.542000	4312.729264
2.167955	462.546000	4312.766560
2.166821	462.550000	4312.803856
2.165686	462.554000	4312.841152
2.164551	462.558000	4312.878448
2.163415	462.562000	4312.915744
2.162279	462.566000	4312.953039
2.161143	462.570000	4312.990335
2.160006	462.574000	4313.027631
2.158869	462.578000	4313.064927
2.157731	462.582000	4313.102223
2.156593	462.586000	4313.139519
2.155455	462.590000	4313.176815
2.154316	462.594000	4313.214111
2.153176	462.598000	4313.251407
2.152036	462.602000	4313.288702
2.150896	462.606000	4313.325998
2.149755	462.610000	4313.363294
2.148614	462.614000	4313.400590
2.147473	462.618000	4313.437886
2.146331	462.622000	4313.475182
2.145188	462.626000	4313.512478
2.144045	462.630000	4313.549774
2.142902	462.634000	4313.587070
2.141758	462.638000	4313.624366
2.140614	462.642000	4313.661661
2.139469	462.646000	4313.698957
2.138324	462.650000	4313.736253
2.137179	462.654000	4313.773549
2.136033	462.658000	4313.810845
2.134887	462.662000	4313.848141
2.133740	462.666000	4313.885437
2.132592	462.670000	4313.922733
2.131445	462.674000	4313.960029
2.130297	462.678000	4313.997324
2.129148	462.682000	4314.034620
2.127999	462.686000	4314.071916
2.126850	462.690000	4314.109212
2.125700	462.694000	4314.146508
2.124549	462.698000	4314.183804
2.123399	462.702000	4314.221100
2.122247	462.706000	4314.258396
2.121096	462.710000	4314.295692
2.119944	462.714000	4314.332987
2.118791	462.718000	4314.370283
2.117638	462.722000	4314.407579
2.116485	462.726000	4314.444875
2.115331	462.730000	4314.482171
2.114176	462.734000	4314.519467
2.113021	462.738000	4314.556763
2.111866	462.742000	4314.594059
2.110711	462.746000	4314.631355
2.109554	462.750000	4314.668651
2.108398	462.754000	4314.705946
2.107241	462.758000	4314.743242
2.106083	462.762000	4314.780538
2.104925	462.766000	4314.817834
2.103767	462.770000	4314.855130
2.102608	462.774000	4314.892426
2.101449	462.778000	4314.929722
2.100289	462.782000	4314.967018
2.099129	462.786000	4315.004314
2.097968	462.790000	4315.041609
2.096807	462.794000	4315.078905
2.095645	462.798000	4315.116201
2.094483	462.802000	4315.153497
2.093320	462.806000	4315.190793
2.092157	462.810000	4315.228089
2.090994	462.814000	4315.265385
2.089830	462.818000	4315.302681
2.088666	462.822000	4315.339977
2.087501	462.826000	4315.377273
2.086336	462.830000	4315.414568
2.085170	462.834000	4315.451864
2.084004	462.838000	4315.489160
2.082837	462.842000	4315.526456
2.081670	462.846000	4315.563752
2.080502	462.850000	4315.601048
2.079334	462.854000	4315.638344
2.078165	462.858000	4315.675640
2.076996	462.862000	4315.712936
2.075827	462.866000	4315.750231
2.074657	462.870000	4315.787527
2.073487	462.874000	4315.824823
2.072316	462.878000	4315.862119
2.071144	462.882000	4315.899415
2.069972	462.886000	4315.936711
2.068800	462.890000	4315.974007
2.067627	462.894000	4316.011303
2.066454	462.898000	4316.048599
2.065280	462.902000	4316.085894
2.064106	462.906000	4316.123190
2.062931	462.910000	4316.160486
2.061756	462.914000	4316.197782
2.060580	462.918000	4316.235078
2.059404	462.922000	4316.272374
2.058228	462.926000	4316.309670
2.057051	462.930000	4316.346966
2.055873	462.934000	4316.384262
2.054695	462.938000	4316.421558
2.053517	462.942000	4316.458853
2.052337	462.946000	4316.496149
2.051158	462.950000	4316.533445
2.049978	462.954000	4316.570741
2.048798	462.958000	4316.608037
2.047617	462.962000	4316.645333
2.046435	462.966000	4316.682629
2.045253	462.970000	4316.719925
2.044071	462.974000	4316.757221
2.042888	462.978000	4316.794516
2.041705	462.982000	4316.831812
2.040521	462.986000	4316.869108
2.039336	462.990000	4316.906404
2.038152	462.994000	4316.943700
2.036966	462.998000	4316.980996
2.035780	463.002000	4317.018292
2.034594	463.006000	4317.055588
2.033407	463.010000	4317.092884
2.032220	463.014000	4317.130179
2.031032	463.018000	4317.167475
2.029844	463.022000	4317.204771
2.028655	463.026000	4317.242067
2.027466	463.030000	4317.279363
2.026276	463.034000	4317.316659
2.025086	463.038000	4317.353955
2.023895	463.042000	4317.391251
2.022704	463.046000	4317.428547
2.021512	463.050000	4317.465843
2.020320	463.054000	4317.503138
2.019127	463.058000	4317.540434
2.017934	463.062000	4317.577730
2.016740	463.066000	4317.615026
2.015546	463.070000	4317.652322
2.014351	463.074000	4317.689618
2.013156	463.078000	4317.726914
2.011960	463.082000	4317.764210
2.010763	463.086000	4317.801506
2.009567	463.090000	4317.838801
2.008369	463.094000	4317.876097
2.007172	463.098000	4317.913393
2.005973	463.102000	4317.950689
2.004774	463.106000	4317.987985
2.003575	463.110000	4318.025281
2.002375	463.114000	4318.062577
2.001175	463.118000	4318.099873
1.999974	463.122000	4318.137169
1.998773	463.126000	4318.174464
1.997571	463.130000	4318.211760
1.996368	463.134000	4318.249056
1.995165	463.138000	4318.286352
1.993962	463.142000	4318.323648
1.992758	463.146000	4318.360944
1.991553	463.150000	4318.398240
1.990348	463.154000	4318.435536
1.989143	463.158000	4318.472832
1.987937	463.162000	4318.510128
1.986730	463.166000	4318.547423
1.985523	463.170000	4318.584719
1.984316	463.174000	4318.622015
1.983107	463.178000	4318.659311
1.981899	463.182000	4318.696607
1.980690	463.186000	4318.733903
1.979480	463.190000	4318.771199
1.978270	463.194000	4318.808495
1.977059	463.198000	4318.845791
1.975848	463.202000	4318.883086
1.974636	463.206000	4318.920382
1.973423	463.210000	4318.957678
1.972211	463.214000	4318.994974
1.970997	463.218000	4319.032270
1.969783	463.222000	4319.069566
1.968569	463.226000	4319.106862
1.967354	463.230000	4319.144158
1.966138	463.234000	4319.181454
1.964922	463.238000	4319.218750
1.963706	463.242000	4319.256045
1.962488	463.246000	4319.293341
1.961271	463.250000	4319.330637
1.960053	463.254000	4319.367933
1.958834	463.258000	4319.405229
1.957614	463.262000	4319.442525
1.956395	463.266000	4319.479821
1.955174	463.270000	4319.517117
1.953953	463.274000	4319.554413
1.952732	463.278000	4319.591708
1.951510	463.282000	4319.629004
1.950287	463.286000	4319.666300
1.949064	463.290000	4319.703596
1.947841	463.294000	4319.740892
1.946616	463.298000	4319.778188
1.945392	463.302000	4319.815484
1.944166	463.306000	4319.852780
1.942941	463.310000	4319.890076
1.941714	463.314000	4319.927371
1.940487	463.318000	4319.964667
1.939260	463.322000	4320.001963
1.938032	463.326000	4320.039259
1.936803	463.330000	4320.076555
1.935574	463.334000	4320.113851
1.934344	463.338000	4320.151147
1.933114	463.342000	4320.188443
1.931883	463.346000	4320.225739
1.930652	463.350000	4320.263035
1.929420	463.354000	4320.300330
1.928188	463.358000	4320.337626
1.926955	463.362000	4320.374922
1.925721	463.366000	4320.412218
1.924487	463.370000	4320.449514
1.923252	463.374000	4320.486810
1.922017	463.378000	4320.524106
1.920781	463.382000	4320.561402
1.919545	463.386000	4320.598698
1.918308	463.390000	4320.635993
1.917070	463.394000	4320.673289
1.915832	463.398000	4320.710585
1.914593	463.402000	4320.747881
1.913354	463.406000	4320.785177
1.912114	463.410000	4320.822473
1.910874	463.414000	4320.859769
1.909633	463.418000	4320.897065
1.908391	463.422000	4320.934361
1.907149	463.426000	4320.971656
1.905906	463.430000	4321.008952
1.904663	463.434000	4321.046248
1.903419	463.438000	4321.083544
1.902175	463.442000	4321.120840
1.900930	463.446000	4321.158136
1.899684	463.450000	4321.195432
1.898438	463.454000	4321.232728
1.897191	463.458000	4321.270024
1.895944	463.462000	4321.307320
1.894696	463.466000	4321.344615
1.893448	463.470000	4321.381911
1.892199	463.474000	4321.419207
1.890949	463.478000	4321.456503
1.889699	463.482000	4321.493799
1.888448	463.486000	4321.531095
1.887196	463.490000	4321.568391
1.885944	463.494000	4321.605687
1.884692	463.498000	4321.642983
1.883439	463.502000	4321.680278
1.882185	463.506000	4321.717574
1.880930	463.510000	4321.754870
1.879676	463.514000	4321.792166
1.878420	463.518000	4321.829462
1.877164	463.522000	4321.866758
1.875907	463.526000	4321.904054
1.874650	463.530000	4321.941350
1.873392	463.534000	4321.978646
1.872133	463.538000	4322.015942
1.870874	463.542000	4322.053237
1.869614	463.546000	4322.090533
1.868354	463.550000	4322.127829
1.867093	463.554000	4322.165125
1.865831	463.558000	4322.202421
1.864569	463.562000	4322.239717
1.863306	463.566000	4322.277013
1.862043	463.570000	4322.314309
1.860779	463.574000	4322.351605
1.859514	463.578000	4322.388900
1.858249	463.582000	4322.426196
1.856983	463.586000	4322.463492
1.855717	463.590000	4322.500788
1.854450	463.594000	4322.538084
1.853182	463.598000	4322.575380
1.851914	463.602000	4322.612676
1.850645	463.606000	4322.649972
1.849375	463.610000	4322.687268
1.848105	463.614000	4322.724563
1.846834	463.618000	4322.761859
1.845563	463.622000	4322.799155
1.844291	463.626000	4322.836451
1.843018	463.630000	4322.873747
1.841745	463.634000	4322.911043
1.840471	463.638000	4322.948339
1.839197	463.642000	4322.985635
1.837922	463.646000	4323.022931
1.836646	463.650000	4323.060227
1.835369	463.654000	4323.097522
1.834092	463.658000	4323.134818
1.832815	463.662000	4323.172114
1.831536	463.666000	4323.209410
1.830257	463.670000	4323.246706
1.828978	463.674000	4323.284002
1.827698	463.678000	4323.321298
1.826417	463.682000	4323.358594
1.825135	463.686000	4323.395890
1.823853	463.690000	4323.433185
1.822571	463.694000	4323.470481
1.821287	463.698000	4323.507777
1.820003	463.702000	4323.545073
1.818718	463.706000	4323.582369
1.817433	463.710000	4323.619665
1.816147	463.714000	4323.656961
1.814861	463.718000	4323.694257
1.813573	463.722000	4323.731553
1.812285	463.726000	4323.768848
1.810997	463.730000	4323.806144
1.809708	463.734000	4323.843440
1.808418	463.738000	4323.880736
1.807127	463.742000	4323.918032
1.805836	463.746000	4323.955328
1.804544	463.750000	4323.992624
1.803252	463.754000	4324.029920
1.801959	463.758000	4324.067216
1.800665	463.762000	4324.104512
1.799370	463.766000	4324.141807
1.798075	463.770000	4324.179103
1.796780	463.774000	4324.216399
1.795483	463.778000	4324.253695
1.794186	463.782000	4324.290991
1.792888	463.786000	4324.328287
1.791590	463.790000	4324.365583
1.790291	463.794000	4324.402879
1.788991	463.798000	4324.440175
1.787691	463.802000	4324.477470
1.786389	463.806000	4324.514766
1.785088	463.810000	4324.552062
1.783785	463.814000	4324.589358
1.782482	463.818000	4324.626654
1.781178	463.822000	4324.663950
1.779874	463.826000	4324.701246
1.778569	463.830000	4324.738542
1.777263	463.834000	4324.775838
1.775956	463.838000	4324.813133
1.774649	463.842000	4324.850429
1.773341	463.846000	4324.887725
1.772032	463.850000	4324.925021
1.770723	463.854000	4324.962317
1.769413	463.858000	4324.999613
1.768103	463.862000	4325.036909
1.766791	463.866000	4325.074205
1.765479	463.870000	4325.111501
1.764167	463.874000	4325.148797
1.762853	463.878000	4325.186092
1.761539	463.882000	4325.223388
1.760224	463.886000	4325.260684
1.758909	463.890000	4325.297980
1.757593	463.894000	4325.335276
1.756276	463.898000	4325.372572
1.754958	463.902000	4325.409868
1.753640	463.906000	4325.447164
1.752321	463.910000	4325.484460
1.751001	463.914000	4325.521755
1.749681	463.918000	4325.559051
1.748360	463.922000	4325.596347
1.747038	463.926000	4325.633643
1.745715	463.930000	4325.670939
1.744392	463.934000	4325.708235
1.743068	463.938000	4325.745531
1.741743	463.942000	4325.782827
1.740418	463.946000	4325.820123
1.739092	463.950000	4325.857419
1.737765	463.954000	4325.894714
1.736438	463.958000	4325.932010
1.735109	463.962000	4325.969306
1.733780	463.966000	4326.006602
1.732451	463.970000	4326.043898
1.731120	463.974000	4326.081194
1.729789	463.978000	4326.118490
1.728457	463.982000	4326.155786
1.727125	463.986000	4326.193082
1.725791	463.990000	4326.230377
1.724457	463.994000	4326.267673
1.723122	463.998000	4326.304969
1.721787	464.002000	4326.342265
1.720451	464.006000	4326.379561
1.719114	464.010000	4326.416857
1.717776	464.014000	4326.454153
1.716437	464.018000	4326.491449
1.715098	464.022000	4326.528745
1.713758	464.026000	4326.566040
1.712418	464.030000	4326.603336
1.711076	464.034000	4326.640632
1.709734	464.038000	4326.677928
1.708391	464.042000	4326.715224
1.707047	464.046000	4326.752520
1.705703	464.050000	4326.789816
1.704358	464.054000	4326.827112
1.703012	464.058000	4326.864408
1.701665	464.062000	4326.901704
1.700318	464.066000	4326.938999
1.698969	464.070000	4326.976295
1.697620	464.074000	4327.013591
1.696271	464.078000	4327.050887
1.694920	464.082000	4327.088183
1.693569	464.086000	4327.125479
1.692217	464.090000	4327.162775
1.690864	464.094000	4327.200071
1.689511	464.098000	4327.237367
1.688156	464.102000	4327.274662
1.686801	464.106000	4327.311958
1.685445	464.110000	4327.349254
1.684089	464.114000	4327.386550
1.682731	464.118000	4327.423846
1.681373	464.122000	4327.461142
1.680014	464.126000	4327.498438
1.678654	464.130000	4327.535734
1.677294	464.134000	4327.573030
1.675932	464.138000	4327.610325
1.674570	464.142000	4327.647621
1.673207	464.146000	4327.684917
1.671844	464.150000	4327.722213
1.670479	464.154000	4327.759509
1.669114	464.158000	4327.796805
1.667748	464.162000	4327.834101
1.666381	464.166000	4327.871397
1.665014	464.170000	4327.908693
1.663645	464.174000	4327.945989
1.662276	464.178000	4327.983284
1.660906	464.182000	4328.020580
1.659535	464.186000	4328.057876
1.658164	464.190000	4328.095172
1.656791	464.194000	4328.132468
1.655418	464.198000	4328.169764
1.654044	464.202000	4328.207060
1.652669	464.206000	4328.244356
1.651293	464.210000	4328.281652
1.649917	464.214000	4328.318947
1.648540	464.218000	4328.356243
1.647161	464.222000	4328.393539
1.645783	464.226000	4328.430835
1.644403	464.230000	4328.468131
1.643022	464.234000	4328.505427
1.641641	464.238000	4328.542723
1.640259	464.242000	4328.580019
1.638876	464.246000	4328.617315
1.637492	464.250000	4328.654611
1.636107	464.254000	4328.691906
1.634722	464.258000	4328.729202
1.633335	464.262000	4328.766498
1.631948	464.266000	4328.803794
1.630560	464.270000	4328.841090
1.629171	464.274000	4328.878386
1.627781	464.278000	4328.915682
1.626391	464.282000	4328.952978
1.624999	464.286000	4328.990274
1.623607	464.290000	4329.027569
1.622214	464.294000	4329.064865
1.620820	464.298000	4329.102161
1.619425	464.302000	4329.139457
1.618030	464.306000	4329.176753
1.616633	464.310000	4329.214049
1.615236	464.314000	4329.251345
1.613838	464.318000	4329.288641
1.612439	464.322000	4329.325937
1.611039	464.326000	4329.363232
1.609638	464.330000	4329.400528
1.608236	464.334000	4329.437824
1.606834	464.338000	4329.475120
1.605431	464.342000	4329.512416
1.604026	464.346000	4329.549712
1.602621	464.350000	4329.587008
1.601215	464.354000	4329.624304
1.599808	464.358000	4329.661600
1.598401	464.362000	4329.698896
1.596992	464.366000	4329.736191
1.595583	464.370000	4329.773487
1.594172	464.374000	4329.810783
1.592761	464.378000	4329.848079
1.591349	464.382000	4329.885375
1.589936	464.386000	4329.922671
1.588522	464.390000	4329.959967
1.587107	464.394000	4329.997263
1.585691	464.398000	4330.034559
1.584275	464.402000	4330.071854
1.582857	464.406000	4330.109150
1.581439	464.410000	4330.146446
1.580019	464.414000	4330.183742
1.578599	464.418000	4330.221038
1.577178	464.422000	4330.258334
1.575756	464.426000	4330.295630
1.574333	464.430000	4330.332926
1.572909	464.434000	4330.370222
1.571485	464.438000	4330.407517
1.570059	464.442000	4330.444813
1.568632	464.446000	4330.482109
1.567205	464.450000	4330.519405
1.565776	464.454000	4330.556701
1.564347	464.458000	4330.593997
1.562917	464.462000	4330.631293
1.561486	464.466000	4330.668589
1.560053	464.470000	4330.705885
1.558620	464.474000	4330.743181
1.557186	464.478000	4330.780476
1.555751	464.482000	4330.817772
1.554316	464.486000	4330.855068
1.552879	464.490000	4330.892364
1.551441	464.494000	4330.929660
1.550002	464.498000	4330.966956
1.548563	464.502000	4331.004252
1.547122	464.506000	4331.041548
1.545681	464.510000	4331.078844
1.544238	464.514000	4331.116139
1.542795	464.518000	4331.153435
1.541350	464.522000	4331.190731
1.539905	464.526000	4331.228027
1.538458	464.530000	4331.265323
1.537011	464.534000	4331.302619
1.535563	464.538000	4331.339915
1.534114	464.542000	4331.377211
1.532663	464.546000	4331.414507
1.531212	464.550000	4331.451802
1.529760	464.554000	4331.489098
1.528307	464.558000	4331.526394
1.526853	464.562000	4331.563690
1.525398	464.566000	4331.600986
1.523942	464.570000	4331.638282
1.522485	464.574000	4331.675578
1.521027	464.578000	4331.712874
1.519568	464.582000	4331.750170
1.518108	464.586000	4331.787466
1.516647	464.590000	4331.824761
1.515185	464.594000	4331.862057
1.513722	464.598000	4331.899353
1.512258	464.602000	4331.936649
1.510793	464.606000	4331.973945
1.509327	464.610000	4332.011241
1.507860	464.614000	4332.048537
1.506392	464.618000	4332.085833
1.504923	464.622000	4332.123129
1.503453	464.626000	4332.160424
1.501981	464.630000	4332.197720
1.500509	464.634000	4332.235016
1.499036	464.638000	4332.272312
1.497562	464.642000	4332.309608
1.496087	464.646000	4332.346904
1.494611	464.650000	4332.384200
1.493133	464.654000	4332.421496
1.491655	464.658000	4332.458792
1.490176	464.662000	4332.496088
1.488695	464.666000	4332.533383
1.487214	464.670000	4332.570679
1.485732	464.674000	4332.607975
1.484248	464.678000	4332.645271
1.482764	464.682000	4332.682567
1.481278	464.686000	4332.719863
1.479791	464.690000	4332.757159
1.478304	464.694000	4332.794455
1.476815	464.698000	4332.831751
1.475325	464.702000	4332.869046
1.473834	464.706000	4332.906342
1.472342	464.710000	4332.943638
1.470849	464.714000	4332.980934
1.469355	464.718000	4333.018230
1.467860	464.722000	4333.055526
1.466364	464.726000	4333.092822
1.464866	464.730000	4333.130118
1.463368	464.734000	4333.167414
1.461868	464.738000	4333.204709
1.460368	464.742000	4333.242005
1.458866	464.746000	4333.279301
1.457363	464.750000	4333.316597
1.455859	464.754000	4333.353893
1.454354	464.758000	4333.391189
1.452848	464.762000	4333.428485
1.451341	464.766000	4333.465781
1.449833	464.770000	4333.503077
1.448324	464.774000	4333.540373
1.446813	464.778000	4333.577668
1.445301	464.782000	4333.614964
1.443789	464.786000	4333.652260
1.442275	464.790000	4333.689556
1.440760	464.794000	4333.726852
1.439244	464.798000	4333.764148
1.437726	464.802000	4333.801444
1.436208	464.806000	4333.838740
1.434688	464.810000	4333.876036
1.433168	464.814000	4333.913331
1.431646	464.818000	4333.950627
1.430123	464.822000	4333.987923
1.428599	464.826000	4334.025219
1.427074	464.830000	4334.062515
1.425547	464.834000	4334.099811
1.424020	464.838000	4334.137107
1.422491	464.842000	4334.174403
1.420961	464.846000	4334.211699
1.419430	464.850000	4334.248994
1.417898	464.854000	4334.286290
1.416364	464.858000	4334.323586
1.414830	464.862000	4334.360882
1.413294	464.866000	4334.398178
1.411757	464.870000	4334.435474
1.410219	464.874000	4334.472770
1.408680	464.878000	4334.510066
1.407139	464.882000	4334.547362
1.405598	464.886000	4334.584658
1.404055	464.890000	4334.621953
1.402511	464.894000	4334.659249
1.400965	464.898000	4334.696545
1.399419	464.902000	4334.733841
1.397871	464.906000	4334.771137
1.396322	464.910000	4334.808433
1.394772	464.914000	4334.845729
1.393221	464.918000	4334.883025
1.391668	464.922000	4334.920321
1.390115	464.926000	4334.957616
1.388560	464.930000	4334.994912
1.387003	464.934000	4335.032208
1.385446	464.938000	4335.069504
1.383887	464.942000	4335.106800
1.382327	464.946000	4335.144096
1.380766	464.950000	4335.181392
1.379204	464.954000	4335.218688
1.377640	464.958000	4335.255984
1.376075	464.962000	4335.293279
1.374509	464.966000	4335.330575
1.372941	464.970000	4335.367871
1.371372	464.974000	4335.405167
1.369802	464.978000	4335.442463
1.368231	464.982000	4335.479759
1.366659	464.986000	4335.517055
1.365085	464.990000	4335.554351
1.363510	464.994000	4335.591647
1.361933	464.998000	4335.628943
1.360356	465.002000	4335.666238
1.358777	465.006000	4335.703534
1.357196	465.010000	4335.740830
1.355615	465.014000	4335.778126
1.354032	465.018000	4335.815422
1.352448	465.022000	4335.852718
1.350862	465.026000	4335.890014
1.349275	465.030000	4335.927310
1.347687	465.034000	4335.964606
1.346098	465.038000	4336.001901
1.344507	465.042000	4336.039197
1.342915	465.046000	4336.076493
1.341321	465.050000	4336.113789
1.339726	465.054000	4336.151085
1.338130	465.058000	4336.188381
1.336533	465.062000	4336.225677
1.334934	465.066000	4336.262973
1.333334	465.070000	4336.300269
1.331732	465.074000	4336.337565
1.330129	465.078000	4336.374860
1.328525	465.082000	4336.412156
1.326919	465.086000	4336.449452
1.325312	465.090000	4336.486748
1.323704	465.094000	4336.524044
1.322094	465.098000	4336.561340
1.320483	465.102000	4336.598636
1.318871	465.106000	4336.635932
1.317257	465.110000	4336.673228
1.315641	465.114000	4336.710523
1.314025	465.118000	4336.747819
1.312407	465.122000	4336.785115
1.310787	465.126000	4336.822411
1.309166	465.130000	4336.859707
1.307544	465.134000	4336.897003
1.305920	465.138000	4336.934299
1.304295	465.142000	4336.971595
1.302668	465.146000	4337.008891
1.301040	465.150000	4337.046186
1.299410	465.154000	4337.083482
1.297779	465.158000	4337.120778
1.296147	465.162000	4337.158074
1.294513	465.166000	4337.195370
1.292878	465.170000	4337.232666
1.291241	465.174000	4337.269962
1.289603	465.178000	4337.307258
1.287963	465.182000	4337.344554
1.286322	465.186000	4337.381850
1.284679	465.190000	4337.419145
1.283035	465.194000	4337.456441
1.281390	465.198000	4337.493737
1.279742	465.202000	4337.531033
1.278094	465.206000	4337.568329
1.276444	465.210000	4337.605625
1.274792	465.214000	4337.642921
1.273139	465.218000	4337.680217
1.271484	465.222000	4337.717513
1.269828	465.226000	4337.754808
1.268170	465.230000	4337.792104
1.266511	465.234000	4337.829400
1.264851	465.238000	4337.866696
1.263188	465.242000	4337.903992
1.261524	465.246000	4337.941288
1.259859	465.250000	4337.978584
1.258192	465.254000	4338.015880
1.256524	465.258000	4338.053176
1.254854	465.262000	4338.090471
1.253182	465.266000	4338.127767
1.251509	465.270000	4338.165063
1.249834	465.274000	4338.202359
1.248158	465.278000	4338.239655
1.246480	465.282000	4338.276951
1.244800	465.286000	4338.314247
1.243119	465.290000	4338.351543
1.241436	465.294000	4338.388839
1.239752	465.298000	4338.426135
1.238066	465.302000	4338.463430
1.236379	465.306000	4338.500726
1.234689	465.310000	4338.538022
1.232999	465.314000	4338.575318
1.231306	465.318000	4338.612614
1.229612	465.322000	4338.649910
1.227916	465.326000	4338.687206
1.226219	465.330000	4338.724502
1.224520	465.334000	4338.761798
1.222819	465.338000	4338.799093
1.221117	465.342000	4338.836389
1.219413	465.346000	4338.873685
1.217707	465.350000	4338.910981
1.216000	465.354000	4338.948277
1.214291	465.358000	4338.985573
1.212580	465.362000	4339.022869
1.210868	465.366000	4339.060165
1.209154	465.370000	4339.097461
1.207438	465.374000	4339.134757
1.205720	465.378000	4339.172052
1.204001	465.382000	4339.209348
1.202280	465.386000	4339.246644
1.200557	465.390000	4339.283940
1.198833	465.394000	4339.321236
1.197106	465.398000	4339.358532
1.195378	465.402000	4339.395828
1.193649	465.406000	4339.433124
1.191917	465.410000	4339.470420
1.190184	465.414000	4339.507715
1.188449	465.418000	4339.545011
1.186712	465.422000	4339.582307
1.184973	465.426000	4339.619603
1.183233	465.430000	4339.656899
1.181491	465.434000	4339.694195
1.179747	465.438000	4339.731491
1.178001	465.442000	4339.768787
1.176253	465.446000	4339.806083
1.174504	465.450000	4339.843378
1.172753	465.454000	4339.880674
1.171000	465.458000	4339.917970
1.169245	465.462000	4339.955266
1.167488	465.466000	4339.992562
1.165729	465.470000	4340.029858
1.163969	465.474000	4340.067154
1.162206	465.478000	4340.104450
1.160442	465.482000	4340.141746
1.158676	465.486000	4340.179042
1.156908	465.490000	4340.216337
1.155138	465.494000	4340.253633
1.153366	465.498000	4340.290929
1.151592	465.502000	4340.328225
1.149817	465.506000	4340.365521
1.148039	465.510000	4340.402817
1.146260	465.514000	4340.440113
1.144478	465.518000	4340.477409
1.142695	465.522000	4340.514705
1.140909	465.526000	4340.552000
1.139122	465.530000	4340.589296
1.137333	465.534000	4340.626592
1.135542	465.538000	4340.663888
1.133748	465.542000	4340.701184
1.131953	465.546000	4340.738480
1.130156	465.550000	4340.775776
1.128357	465.554000	4340.813072
1.126556	465.558000	4340.850368
1.124752	465.562000	4340.887663
1.122947	465.566000	4340.924959
1.121140	465.570000	4340.962255
1.119331	465.574000	4340.999551
1.117519	465.578000	4341.036847
1.115706	465.582000	4341.074143
1.113891	465.586000	4341.111439
1.112073	465.590000	4341.148735
1.110253	465.594000	4341.186031
1.108432	465.598000	4341.223327
1.106608	465.602000	4341.260622
1.104782	465.606000	4341.297918
1.102954	465.610000	4341.335214
1.101124	465.614000	4341.372510
1.099292	465.618000	4341.409806
1.097458	465.622000	4341.447102
1.095621	465.626000	4341.484398
1.093782	465.630000	4341.521694
1.091942	465.634000	4341.558990
1.090099	465.638000	4341.596285
1.088254	465.642000	4341.633581
1.086406	465.646000	4341.670877
1.084557	465.650000	4341.708173
1.082705	465.654000	4341.745469
1.080851	465.658000	4341.782765
1.078995	465.662000	4341.820061
1.077137	465.666000	4341.857357
1.075276	465.670000	4341.894653
1.073413	465.674000	4341.931948
1.071548	465.678000	4341.969244
1.069681	465.682000	4342.006540
1.067812	465.686000	4342.043836
1.065940	465.690000	4342.081132
1.064066	465.694000	4342.118428
1.062189	465.698000	4342.155724
1.060310	465.702000	4342.193020
1.058429	465.706000	4342.230316
1.056546	465.710000	4342.267612
1.054660	465.714000	4342.304907
1.052772	465.718000	4342.342203
1.050882	465.722000	4342.379499
1.048989	465.726000	4342.416795
1.047094	465.730000	4342.454091
1.045196	465.734000	4342.491387
1.043297	465.738000	4342.528683
1.041394	465.742000	4342.565979
1.039490	465.746000	4342.603275
1.037582	465.750000	4342.640570
1.035673	465.754000	4342.677866
1.033761	465.758000	4342.715162
1.031847	465.762000	4342.752458
1.029930	465.766000	4342.789754
1.028010	465.770000	4342.827050
1.026088	465.774000	4342.864346
1.024164	465.778000	4342.901642
1.022237	465.782000	4342.938938
1.020308	465.786000	4342.976234
1.018376	465.790000	4343.013529
1.016442	465.794000	4343.050825
1.014505	465.798000	4343.088121
1.012565	465.802000	4343.125417
1.010623	465.806000	4343.162713
1.008679	465.810000	4343.200009
1.006732	465.814000	4343.237305
1.004782	465.818000	4343.274601
1.002829	465.822000	4343.311897
1.000874	465.826000	4343.349192
0.998917	465.830000	4343.386488
0.996956	465.834000	4343.423784
0.994993	465.838000	4343.461080
0.993028	465.842000	4343.498376
0.991060	465.846000	4343.535672
0.989089	465.850000	4343.572968
0.987115	465.854000	4343.610264
0.985138	465.858000	4343.647560
0.983159	465.862000	4343.684855
0.981178	465.866000	4343.722151
0.979193	465.870000	4343.759447
0.977206	465.874000	4343.796743
0.975215	465.878000	4343.834039
0.973223	465.882000	4343.871335
0.971227	465.886000	4343.908631
0.969228	465.890000	4343.945927
0.967227	465.894000	4343.983223
0.965223	465.898000	4344.020519
0.963216	465.902000	4344.057814
0.961206	465.906000	4344.095110
0.959193	465.910000	4344.132406
0.957178	465.914000	4344.169702
0.955159	465.918000	4344.206998
0.953138	465.922000	4344.244294
0.951113	465.926000	4344.281590
0.949086	465.930000	4344.318886
0.947056	465.934000	4344.356182
0.945023	465.938000	4344.393477
0.942986	465.942000	4344.430773
0.940947	465.946000	4344.468069
0.938905	465.950000	4344.505365
0.936860	465.954000	4344.542661
0.934812	465.958000	4344.579957
0.932760	465.962000	4344.617253
0.930706	465.966000	4344.654549
0.928648	465.970000	4344.691845
0.926588	465.974000	4344.729140
0.924524	465.978000	4344.766436
0.922458	465.982000	4344.803732
0.920388	465.986000	4344.841028
0.918315	465.990000	4344.878324
0.916238	465.994000	4344.915620
0.914159	465.998000	4344.952916
0.912077	466.002000	4344.990212
0.909991	466.006000	4345.027508
0.907902	466.010000	4345.064804
0.905809	466.014000	4345.102099
0.903714	466.018000	4345.139395
0.901615	466.022000	4345.176691
0.899513	466.026000	4345.213987
0.897408	466.030000	4345.251283
0.895299	466.034000	4345.288579
0.893187	466.038000	4345.325875
0.891072	466.042000	4345.363171
0.888953	466.046000	4345.400467
0.886831	466.050000	4345.437762
0.884705	466.054000	4345.475058
0.882576	466.058000	4345.512354
0.880444	466.062000	4345.549650
0.878308	466.066000	4345.586946
0.876169	466.070000	4345.624242
0.874026	466.074000	4345.661538
0.871880	466.078000	4345.698834
0.869730	466.082000	4345.736130
0.867576	466.086000	4345.773426
0.865419	466.090000	4345.810721
0.863259	466.094000	4345.848017
0.861095	466.098000	4345.885313
0.858927	466.102000	4345.922609
0.856756	466.106000	4345.959905
0.854581	466.110000	4345.997201
0.852402	466.114000	4346.034497
0.850220	466.118000	4346.071793
0.848034	466.122000	4346.109089
0.845844	466.126000	4346.146384
0.843650	466.130000	4346.183680
0.841453	466.134000	4346.220976
0.839252	466.138000	4346.258272
0.837047	466.142000	4346.295568
0.834839	466.146000	4346.332864
0.832626	466.150000	4346.370160
0.830410	466.154000	4346.407456
0.828189	466.158000	4346.444752
0.825965	466.162000	4346.482047
0.823737	466.166000	4346.519343
0.821505	466.170000	4346.556639
0.819269	466.174000	4346.593935
0.817029	466.178000	4346.631231
0.814785	466.182000	4346.668527
0.812537	466.186000	4346.705823
0.810285	466.190000	4346.743119
0.808029	466.194000	4346.780415
0.805769	466.198000	4346.817711
0.803504	466.202000	4346.855006
0.801236	466.206000	4346.892302
0.798963	466.210000	4346.929598
0.796687	466.214000	4346.966894
0.794406	466.218000	4347.004190
0.792120	466.222000	4347.041486
0.789831	466.226000	4347.078782
0.787537	466.230000	4347.116078
0.785239	466.234000	4347.153374
0.782937	466.238000	4347.190669
0.780630	466.242000	4347.227965
0.778319	466.246000	4347.265261
0.776004	466.250000	4347.302557
0.773684	466.254000	4347.339853
0.771360	466.258000	4347.377149
0.769031	466.262000	4347.414445
0.766698	466.266000	4347.451741
0.764360	466.270000	4347.489037
0.762018	466.274000	4347.526332
0.759671	466.278000	4347.563628
0.757320	466.282000	4347.600924
0.754964	466.286000	4347.638220
0.752603	466.290000	4347.675516
0.750238	466.294000	4347.712812
0.747868	466.298000	4347.750108
0.745493	466.302000	4347.787404
0.743114	466.306000	4347.824700
0.740729	466.310000	4347.861996
0.738340	466.314000	4347.899291
0.735947	466.318000	4347.936587
0.733548	466.322000	4347.973883
0.731145	466.326000	4348.011179
0.728736	466.330000	4348.048475
0.726323	466.334000	4348.085771
0.723904	466.338000	4348.123067
0.721481	466.342000	4348.160363
0.719053	466.346000	4348.197659
0.716620	466.350000	4348.234954
0.714181	466.354000	4348.272250
0.711738	466.358000	4348.309546
0.709289	466.362000	4348.346842
0.706835	466.366000	4348.384138
0.704376	466.370000	4348.421434
0.701912	466.374000	4348.458730
0.699443	466.378000	4348.496026
0.696968	466.382000	4348.533322
0.694488	466.386000	4348.570617
0.692003	466.390000	4348.607913
0.689512	466.394000	4348.645209
0.687016	466.398000	4348.682505
0.684515	466.402000	4348.719801
0.682008	466.406000	4348.757097
0.679495	466.410000	4348.794393
0.676977	466.414000	4348.831689
0.674454	466.418000	4348.868985
0.671925	466.422000	4348.906281
0.669390	466.426000	4348.943576
0.666850	466.430000	4348.980872
0.664304	466.434000	4349.018168
0.661752	466.438000	4349.055464
0.659194	466.442000	4349.092760
0.656631	466.446000	4349.130056
0.654062	466.450000	4349.167352
0.651487	466.454000	4349.204648
0.648906	466.458000	4349.241944
0.646320	466.462000	4349.279239
0.643727	466.466000	4349.316535
0.641129	466.470000	4349.353831
0.638524	466.474000	4349.391127
0.635913	466.478000	4349.428423
0.633297	466.482000	4349.465719
0.630674	466.486000	4349.503015
0.628045	466.490000	4349.540311
0.625410	466.494000	4349.577607
0.622768	466.498000	4349.614903
0.620121	466.502000	4349.652198
0.617467	466.506000	4349.689494
0.614807	466.510000	4349.726790
0.612140	466.514000	4349.764086
0.609467	466.518000	4349.801382
0.606788	466.522000	4349.838678
0.604102	466.526000	4349.875974
0.601409	466.530000	4349.913270
0.598711	466.534000	4349.950566
0.596005	466.538000	4349.987861
0.593293	466.542000	4350.025157
0.590574	466.546000	4350.062453
0.587849	466.550000	4350.099749
0.585117	466.554000	4350.137045
0.582378	466.558000	4350.174341
0.579633	466.562000	4350.211637
0.576880	466.566000	4350.248933
0.574121	466.570000	4350.286229
0.571355	466.574000	4350.323524
0.568582	466.578000	4350.360820
0.565802	466.582000	4350.398116
0.563015	466.586000	4350.435412
0.560221	466.590000	4350.472708
0.557420	466.594000	4350.510004
0.554611	466.598000	4350.547300
0.551796	466.602000	4350.584596
0.548973	466.606000	4350.621892
0.546144	466.610000	4350.659188
0.543307	466.614000	4350.696483
0.540463	466.618000	4350.733779
0.537611	466.622000	4350.771075
0.534752	466.626000	4350.808371
0.531886	466.630000	4350.845667
0.529012	466.634000	4350.882963
0.526131	466.638000	4350.920259
0.523242	466.642000	4350.957555
0.520346	466.646000	4350.994851
0.517443	466.650000	4351.032146
0.514531	466.654000	4351.069442
0.511613	466.658000	4351.106738
0.508686	466.662000	4351.144034
0.505752	466.666000	4351.181330
0.502810	466.670000	4351.218626
0.499861	466.674000	4351.255922
0.496904	466.678000	4351.293218
0.493939	466.682000	4351.330514
0.490966	466.686000	4351.367809
0.487985	466.690000	4351.405105
0.484997	466.694000	4351.442401
0.482000	466.698000	4351.479697
0.478996	466.702000	4351.516993
0.475984	466.706000	4351.554289
0.472963	466.710000	4351.591585
0.469935	466.714000	4351.628881
0.466899	466.718000	4351.666177
0.463855	466.722000	4351.703473
0.460803	466.726000	4351.740768
0.457743	466.730000	4351.778064
0.454675	466.734000	4351.815360
0.451598	466.738000	4351.852656
0.448514	466.742000	4351.889952
0.445421	466.746000	4351.927248
0.442321	466.750000	4351.964544
0.439212	466.754000	4352.001840
0.436095	466.758000	4352.039136
0.432971	466.762000	4352.076431
0.429838	466.766000	4352.113727
0.426697	466.770000	4352.151023
0.423547	466.774000	4352.188319
0.420390	466.778000	4352.225615
0.417225	466.782000	4352.262911
0.414051	466.786000	4352.300207
0.410869	466.790000	4352.337503
0.407680	466.794000	4352.374799
0.404482	466.798000	4352.412095
0.401276	466.802000	4352.449390
0.398063	466.806000	4352.486686
0.394841	466.810000	4352.523982
0.391611	466.814000	4352.561278
0.388374	466.818000	4352.598574
0.385128	466.822000	4352.635870
0.381875	466.826000	4352.673166
0.378614	466.830000	4352.710462
0.375345	466.834000	4352.747758
0.372068	466.838000	4352.785053
0.368784	466.842000	4352.822349
0.365492	466.846000	4352.859645
0.362193	466.850000	4352.896941
0.358886	466.854000	4352.934237
0.355571	466.858000	4352.971533
0.352250	466.862000	4353.008829
0.348921	466.866000	4353.046125
0.345585	466.870000	4353.083421
0.342242	466.874000	4353.120716
0.338892	466.878000	4353.158012
0.335535	466.882000	4353.195308
0.332171	466.886000	4353.232604
0.328801	466.890000	4353.269900
0.325424	466.894000	4353.307196
0.322041	466.898000	4353.344492
0.318651	466.902000	4353.381788
0.315255	466.906000	4353.419084
0.311854	466.910000	4353.456380
0.308446	466.914000	4353.493675
0.305033	466.918000	4353.530971
0.301614	466.922000	4353.568267
0.298190	466.926000	4353.605563
0.294761	466.930000	4353.642859
0.291327	466.934000	4353.680155
0.287888	466.938000	4353.717451
0.284445	466.942000	4353.754747
0.280997	466.946000	4353.792043
0.277545	466.950000	4353.829338
0.274090	466.954000	4353.866634
0.270630	466.958000	4353.903930
0.267168	466.962000	4353.941226
0.263702	466.966000	4353.978522
0.260233	466.970000	4354.015818
0.256762	466.974000	4354.053114
0.253289	466.978000	4354.090410
0.249814	466.982000	4354.127706
0.246337	466.986000	4354.165001
0.242859	466.990000	4354.202297
0.239380	466.994000	4354.239593
0.235901	466.998000	4354.276889
0.232421	467.002000	4354.314185
0.228941	467.006000	4354.351481
0.225462	467.010000	4354.388777
0.221984	467.014000	4354.426073
0.218507	467.018000	4354.463369
0.215032	467.022000	4354.500665
0.211559	467.026000	4354.537960
0.208089	467.030000	4354.575256
0.204622	467.034000	4354.612552
0.201158	467.038000	4354.649848
0.197699	467.042000	4354.687144
0.194244	467.046000	4354.724440
0.190794	467.050000	4354.761736
0.187350	467.054000	4354.799032
0.183912	467.058000	4354.836328
0.180481	467.062000	4354.873623
0.177057	467.066000	4354.910919
0.173641	467.070000	4354.948215
0.170233	467.074000	4354.985511
0.166834	467.078000	4355.022807
0.163445	467.082000	4355.060103
0.160065	467.086000	4355.097399
0.156697	467.090000	4355.134695
0.153340	467.094000	4355.171991
0.149996	467.098000	4355.209286
0.146664	467.102000	4355.246582
0.143346	467.106000	4355.283878
0.140042	467.110000	4355.321174
0.136753	467.114000	4355.358470
0.133479	467.118000	4355.395766
0.130222	467.122000	4355.433062
0.126981	467.126000	4355.470358
0.123759	467.130000	4355.507654
0.120555	467.134000	4355.544950
0.117370	467.138000	4355.582245
0.114205	467.142000	4355.619541
0.111061	467.146000	4355.656837
0.107939	467.150000	4355.694133
0.104839	467.154000	4355.731429
0.101762	467.158000	4355.768725
0.098709	467.162000	4355.806021
0.095681	467.166000	4355.843317
0.092679	467.170000	4355.880613
0.089703	467.174000	4355.917908
0.086754	467.178000	4355.955204
0.083833	467.182000	4355.992500
0.080941	467.186000	4356.029796
0.078079	467.190000	4356.067092
0.075247	467.194000	4356.104388
0.072447	467.198000	4356.141684
0.069679	467.202000	4356.178980
0.066944	467.206000	4356.216276
0.064244	467.210000	4356.253572
0.061578	467.214000	4356.290867
0.058948	467.218000	4356.328163
0.056355	467.222000	4356.365459
0.053800	467.226000	4356.402755
0.051283	467.230000	4356.440051
0.048804	467.234000	4356.477347
0.046358	467.238000	4356.514643
0.043944	467.242000	4356.551939
0.041562	467.246000	4356.589235
0.039214	467.250000	4356.626530
0.036901	467.254000	4356.663826
0.034623	467.258000	4356.701122
0.032382	467.262000	4356.738418
0.030178	467.266000	4356.775714
0.028013	467.270000	4356.813010
0.025888	467.274000	4356.850306
0.023804	467.278000	4356.887602
0.021764	467.282000	4356.924898
0.019768	467.286000	4356.962193
0.017819	467.290000	4356.999489
0.015919	467.294000	4357.036785
0.014070	467.298000	4357.074081
0.012275	467.302000	4357.111377
0.010537	467.306000	4357.148673
0.008860	467.310000	4357.185969
0.007248	467.314000	4357.223265
0.005706	467.318000	4357.260561
0.004239	467.322000	4357.297857
0.002857	467.326000	4357.335152
0.001569	467.330000	4357.372448
0.000384	467.334000	4357.409744
0.000105	467.335000	4357.419068
