# Energy(MeV) 	mg/cm2 	cm
# Starting Energy: 30 MeV
30.000000	0.000000	0.000000
29.999145	0.025000	0.251017
29.998289	0.050000	0.502033
29.997434	0.075000	0.753050
29.996578	0.100000	1.004067
29.995722	0.125000	1.255083
29.994867	0.150000	1.506100
29.994011	0.175000	1.757117
29.993156	0.200000	2.008133
29.992300	0.225000	2.259150
29.991444	0.250000	2.510167
29.990589	0.275000	2.761183
29.989733	0.300000	3.012200
29.988877	0.325000	3.263217
29.988022	0.350000	3.514233
29.987166	0.375000	3.765250
29.986310	0.400000	4.016267
29.985454	0.425000	4.267284
29.984598	0.450000	4.518300
29.983742	0.475000	4.769317
29.982887	0.500000	5.020334
29.982031	0.525000	5.271350
29.981175	0.550000	5.522367
29.980319	0.575000	5.773384
29.979463	0.600000	6.024400
29.978607	0.625000	6.275417
29.977751	0.650000	6.526434
29.976895	0.675000	6.777450
29.976039	0.700000	7.028467
29.975183	0.725000	7.279484
29.974327	0.750000	7.530500
29.973471	0.775000	7.781517
29.972615	0.800000	8.032534
29.971758	0.825000	8.283550
29.970902	0.850000	8.534567
29.970046	0.875000	8.785584
29.969190	0.900000	9.036600
29.968334	0.925000	9.287617
29.967477	0.950000	9.538634
29.966621	0.975000	9.789650
29.965765	1.000000	10.040667
29.964908	1.025000	10.291684
29.964052	1.050000	10.542700
29.963196	1.075000	10.793717
29.962339	1.100000	11.044734
29.961483	1.125000	11.295750
29.960627	1.150000	11.546767
29.959770	1.175000	11.797784
29.958914	1.200000	12.048801
29.958057	1.225000	12.299817
29.957201	1.250000	12.550834
29.956344	1.275000	12.801851
29.955488	1.300000	13.052867
29.954631	1.325000	13.303884
29.953774	1.350000	13.554901
29.952918	1.375000	13.805917
29.952061	1.400000	14.056934
29.951205	1.425000	14.307951
29.950348	1.450000	14.558967
29.949491	1.475000	14.809984
29.948634	1.500000	15.061001
29.947778	1.525000	15.312017
29.946921	1.550000	15.563034
29.946064	1.575000	15.814051
29.945207	1.600000	16.065067
29.944351	1.625000	16.316084
29.943494	1.650000	16.567101
29.942637	1.675000	16.818117
29.941780	1.700000	17.069134
29.940923	1.725000	17.320151
29.940066	1.750000	17.571167
29.939209	1.775000	17.822184
29.938352	1.800000	18.073201
29.937495	1.825000	18.324217
29.936638	1.850000	18.575234
29.935781	1.875000	18.826251
29.934924	1.900000	19.077267
29.934067	1.925000	19.328284
29.933210	1.950000	19.579301
29.932353	1.975000	19.830318
29.931496	2.000000	20.081334
29.930638	2.025000	20.332351
29.929781	2.050000	20.583368
29.928924	2.075000	20.834384
29.928067	2.100000	21.085401
29.927210	2.125000	21.336418
29.926352	2.150000	21.587434
29.925495	2.175000	21.838451
29.924638	2.200000	22.089468
29.923780	2.225000	22.340484
29.922923	2.250000	22.591501
29.922066	2.275000	22.842518
29.921208	2.300000	23.093534
29.920351	2.325000	23.344551
29.919493	2.350000	23.595568
29.918636	2.375000	23.846584
29.917778	2.400000	24.097601
29.916921	2.425000	24.348618
29.916063	2.450000	24.599634
29.915206	2.475000	24.850651
29.914348	2.500000	25.101668
29.913491	2.525000	25.352684
29.912633	2.550000	25.603701
29.911775	2.575000	25.854718
29.910918	2.600000	26.105734
29.910060	2.625000	26.356751
29.909202	2.650000	26.607768
29.908345	2.675000	26.858784
29.907487	2.700000	27.109801
29.906629	2.725000	27.360818
29.905771	2.750000	27.611835
29.904914	2.775000	27.862851
29.904056	2.800000	28.113868
29.903198	2.825000	28.364885
29.902340	2.850000	28.615901
29.901482	2.875000	28.866918
29.900624	2.900000	29.117935
29.899766	2.925000	29.368951
29.898908	2.950000	29.619968
29.898050	2.975000	29.870985
29.897192	3.000000	30.122001
29.896334	3.025000	30.373018
29.895476	3.050000	30.624035
29.894618	3.075000	30.875051
29.893760	3.100000	31.126068
29.892902	3.125000	31.377085
29.892044	3.150000	31.628101
29.891186	3.175000	31.879118
29.890328	3.200000	32.130135
29.889470	3.225000	32.381151
29.888611	3.250000	32.632168
29.887753	3.275000	32.883185
29.886895	3.300000	33.134201
29.886037	3.325000	33.385218
29.885178	3.350000	33.636235
29.884320	3.375000	33.887251
29.883462	3.400000	34.138268
29.882603	3.425000	34.389285
29.881745	3.450000	34.640301
29.880886	3.475000	34.891318
29.880028	3.500000	35.142335
29.879170	3.525000	35.393352
29.878311	3.550000	35.644368
29.877453	3.575000	35.895385
29.876594	3.600000	36.146402
29.875736	3.625000	36.397418
29.874877	3.650000	36.648435
29.874019	3.675000	36.899452
29.873160	3.700000	37.150468
29.872301	3.725000	37.401485
29.871443	3.750000	37.652502
29.870584	3.775000	37.903518
29.869725	3.800000	38.154535
29.868867	3.825000	38.405552
29.868008	3.850000	38.656568
29.867149	3.875000	38.907585
29.866290	3.900000	39.158602
29.865432	3.925000	39.409618
29.864573	3.950000	39.660635
29.863714	3.975000	39.911652
29.862855	4.000000	40.162668
29.861996	4.025000	40.413685
29.861137	4.050000	40.664702
29.860278	4.075000	40.915718
29.859420	4.100000	41.166735
29.858561	4.125000	41.417752
29.857702	4.150000	41.668768
29.856843	4.175000	41.919785
29.855984	4.200000	42.170802
29.855125	4.225000	42.421818
29.854265	4.250000	42.672835
29.853406	4.275000	42.923852
29.852547	4.300000	43.174869
29.851688	4.325000	43.425885
29.850829	4.350000	43.676902
29.849970	4.375000	43.927919
29.849111	4.400000	44.178935
29.848251	4.425000	44.429952
29.847392	4.450000	44.680969
29.846533	4.475000	44.931985
29.845674	4.500000	45.183002
29.844814	4.525000	45.434019
29.843955	4.550000	45.685035
29.843096	4.575000	45.936052
29.842236	4.600000	46.187069
29.841377	4.625000	46.438085
29.840518	4.650000	46.689102
29.839658	4.675000	46.940119
29.838799	4.700000	47.191135
29.837939	4.725000	47.442152
29.837080	4.750000	47.693169
29.836220	4.775000	47.944185
29.835361	4.800000	48.195202
29.834501	4.825000	48.446219
29.833642	4.850000	48.697235
29.832782	4.875000	48.948252
29.831922	4.900000	49.199269
29.831063	4.925000	49.450285
29.830203	4.950000	49.701302
29.829343	4.975000	49.952319
29.828484	5.000000	50.203335
29.827624	5.025000	50.454352
29.826764	5.050000	50.705369
29.825904	5.075000	50.956386
29.825045	5.100000	51.207402
29.824185	5.125000	51.458419
29.823325	5.150000	51.709436
29.822465	5.175000	51.960452
29.821605	5.200000	52.211469
29.820745	5.225000	52.462486
29.819885	5.250000	52.713502
29.819025	5.275000	52.964519
29.818165	5.300000	53.215536
29.817305	5.325000	53.466552
29.816445	5.350000	53.717569
29.815585	5.375000	53.968586
29.814725	5.400000	54.219602
29.813865	5.425000	54.470619
29.813005	5.450000	54.721636
29.812145	5.475000	54.972652
29.811285	5.500000	55.223669
29.810425	5.525000	55.474686
29.809565	5.550000	55.725702
29.808704	5.575000	55.976719
29.807844	5.600000	56.227736
29.806984	5.625000	56.478752
29.806124	5.650000	56.729769
29.805263	5.675000	56.980786
29.804403	5.700000	57.231802
29.803543	5.725000	57.482819
29.802682	5.750000	57.733836
29.801822	5.775000	57.984852
29.800962	5.800000	58.235869
29.800101	5.825000	58.486886
29.799241	5.850000	58.737903
29.798380	5.875000	58.988919
29.797520	5.900000	59.239936
29.796659	5.925000	59.490953
29.795799	5.950000	59.741969
29.794938	5.975000	59.992986
29.794078	6.000000	60.244003
29.793217	6.025000	60.495019
29.792357	6.050000	60.746036
29.791496	6.075000	60.997053
29.790635	6.100000	61.248069
29.789775	6.125000	61.499086
29.788914	6.150000	61.750103
29.788053	6.175000	62.001119
29.787192	6.200000	62.252136
29.786332	6.225000	62.503153
29.785471	6.250000	62.754169
29.784610	6.275000	63.005186
29.783749	6.300000	63.256203
29.782888	6.325000	63.507219
29.782028	6.350000	63.758236
29.781167	6.375000	64.009253
29.780306	6.400000	64.260269
29.779445	6.425000	64.511286
29.778584	6.450000	64.762303
29.777723	6.475000	65.013319
29.776862	6.500000	65.264336
29.776001	6.525000	65.515353
29.775140	6.550000	65.766369
29.774279	6.575000	66.017386
29.773418	6.600000	66.268403
29.772557	6.625000	66.519420
29.771695	6.650000	66.770436
29.770834	6.675000	67.021453
29.769973	6.700000	67.272470
29.769112	6.725000	67.523486
29.768251	6.750000	67.774503
29.767390	6.775000	68.025520
29.766528	6.800000	68.276536
29.765667	6.825000	68.527553
29.764806	6.850000	68.778570
29.763944	6.875000	69.029586
29.763083	6.900000	69.280603
29.762222	6.925000	69.531620
29.761360	6.950000	69.782636
29.760499	6.975000	70.033653
29.759637	7.000000	70.284670
29.758776	7.025000	70.535686
29.757915	7.050000	70.786703
29.757053	7.075000	71.037720
29.756192	7.100000	71.288736
29.755330	7.125000	71.539753
29.754468	7.150000	71.790770
29.753607	7.175000	72.041786
29.752745	7.200000	72.292803
29.751884	7.225000	72.543820
29.751022	7.250000	72.794836
29.750160	7.275000	73.045853
29.749299	7.300000	73.296870
29.748437	7.325000	73.547886
29.747575	7.350000	73.798903
29.746713	7.375000	74.049920
29.745852	7.400000	74.300936
29.744990	7.425000	74.551953
29.744128	7.450000	74.802970
29.743266	7.475000	75.053987
29.742404	7.500000	75.305003
29.741542	7.525000	75.556020
29.740681	7.550000	75.807037
29.739819	7.575000	76.058053
29.738957	7.600000	76.309070
29.738095	7.625000	76.560087
29.737233	7.650000	76.811103
29.736371	7.675000	77.062120
29.735509	7.700000	77.313137
29.734647	7.725000	77.564153
29.733785	7.750000	77.815170
29.732922	7.775000	78.066187
29.732060	7.800000	78.317203
29.731198	7.825000	78.568220
29.730336	7.850000	78.819237
29.729474	7.875000	79.070253
29.728612	7.900000	79.321270
29.727749	7.925000	79.572287
29.726887	7.950000	79.823303
29.726025	7.975000	80.074320
29.725163	8.000000	80.325337
29.724300	8.025000	80.576353
29.723438	8.050000	80.827370
29.722576	8.075000	81.078387
29.721713	8.100000	81.329403
29.720851	8.125000	81.580420
29.719988	8.150000	81.831437
29.719126	8.175000	82.082453
29.718263	8.200000	82.333470
29.717401	8.225000	82.584487
29.716538	8.250000	82.835504
29.715676	8.275000	83.086520
29.714813	8.300000	83.337537
29.713951	8.325000	83.588554
29.713088	8.350000	83.839570
29.712226	8.375000	84.090587
29.711363	8.400000	84.341604
29.710500	8.425000	84.592620
29.709638	8.450000	84.843637
29.708775	8.475000	85.094654
29.707912	8.500000	85.345670
29.707049	8.525000	85.596687
29.706187	8.550000	85.847704
29.705324	8.575000	86.098720
29.704461	8.600000	86.349737
29.703598	8.625000	86.600754
29.702735	8.650000	86.851770
29.701872	8.675000	87.102787
29.701010	8.700000	87.353804
29.700147	8.725000	87.604820
29.699284	8.750000	87.855837
29.698421	8.775000	88.106854
29.697558	8.800000	88.357870
29.696695	8.825000	88.608887
29.695832	8.850000	88.859904
29.694969	8.875000	89.110920
29.694106	8.900000	89.361937
29.693242	8.925000	89.612954
29.692379	8.950000	89.863970
29.691516	8.975000	90.114987
29.690653	9.000000	90.366004
29.689790	9.025000	90.617021
29.688927	9.050000	90.868037
29.688063	9.075000	91.119054
29.687200	9.100000	91.370071
29.686337	9.125000	91.621087
29.685474	9.150000	91.872104
29.684610	9.175000	92.123121
29.683747	9.200000	92.374137
29.682884	9.225000	92.625154
29.682020	9.250000	92.876171
29.681157	9.275000	93.127187
29.680293	9.300000	93.378204
29.679430	9.325000	93.629221
29.678566	9.350000	93.880237
29.677703	9.375000	94.131254
29.676839	9.400000	94.382271
29.675976	9.425000	94.633287
29.675112	9.450000	94.884304
29.674249	9.475000	95.135321
29.673385	9.500000	95.386337
29.672522	9.525000	95.637354
29.671658	9.550000	95.888371
29.670794	9.575000	96.139387
29.669931	9.600000	96.390404
29.669067	9.625000	96.641421
29.668203	9.650000	96.892437
29.667339	9.675000	97.143454
29.666476	9.700000	97.394471
29.665612	9.725000	97.645487
29.664748	9.750000	97.896504
29.663884	9.775000	98.147521
29.663020	9.800000	98.398538
29.662156	9.825000	98.649554
29.661293	9.850000	98.900571
29.660429	9.875000	99.151588
29.659565	9.900000	99.402604
29.658701	9.925000	99.653621
29.657837	9.950000	99.904638
29.656973	9.975000	100.155654
29.656109	10.000000	100.406671
29.655245	10.025000	100.657688
29.654381	10.050000	100.908704
29.653516	10.075000	101.159721
29.652652	10.100000	101.410738
29.651788	10.125000	101.661754
29.650924	10.150000	101.912771
29.650060	10.175000	102.163788
29.649196	10.200000	102.414804
29.648331	10.225000	102.665821
29.647467	10.250000	102.916838
29.646603	10.275000	103.167854
29.645739	10.300000	103.418871
29.644874	10.325000	103.669888
29.644010	10.350000	103.920904
29.643146	10.375000	104.171921
29.642281	10.400000	104.422938
29.641417	10.425000	104.673954
29.640552	10.450000	104.924971
29.639688	10.475000	105.175988
29.638823	10.500000	105.427004
29.637959	10.525000	105.678021
29.637094	10.550000	105.929038
29.636230	10.575000	106.180055
29.635365	10.600000	106.431071
29.634501	10.625000	106.682088
29.633636	10.650000	106.933105
29.632772	10.675000	107.184121
29.631907	10.700000	107.435138
29.631042	10.725000	107.686155
29.630178	10.750000	107.937171
29.629313	10.775000	108.188188
29.628448	10.800000	108.439205
29.627583	10.825000	108.690221
29.626719	10.850000	108.941238
29.625854	10.875000	109.192255
29.624989	10.900000	109.443271
29.624124	10.925000	109.694288
29.623259	10.950000	109.945305
29.622394	10.975000	110.196321
29.621529	11.000000	110.447338
29.620665	11.025000	110.698355
29.619800	11.050000	110.949371
29.618935	11.075000	111.200388
29.618070	11.100000	111.451405
29.617205	11.125000	111.702421
29.616340	11.150000	111.953438
29.615475	11.175000	112.204455
29.614609	11.200000	112.455471
29.613744	11.225000	112.706488
29.612879	11.250000	112.957505
29.612014	11.275000	113.208521
29.611149	11.300000	113.459538
29.610284	11.325000	113.710555
29.609418	11.350000	113.961572
29.608553	11.375000	114.212588
29.607688	11.400000	114.463605
29.606823	11.425000	114.714622
29.605957	11.450000	114.965638
29.605092	11.475000	115.216655
29.604227	11.500000	115.467672
29.603361	11.525000	115.718688
29.602496	11.550000	115.969705
29.601631	11.575000	116.220722
29.600765	11.600000	116.471738
29.599900	11.625000	116.722755
29.599034	11.650000	116.973772
29.598169	11.675000	117.224788
29.597303	11.700000	117.475805
29.596438	11.725000	117.726822
29.595572	11.750000	117.977838
29.594706	11.775000	118.228855
29.593841	11.800000	118.479872
29.592975	11.825000	118.730888
29.592110	11.850000	118.981905
29.591244	11.875000	119.232922
29.590378	11.900000	119.483938
29.589513	11.925000	119.734955
29.588647	11.950000	119.985972
29.587781	11.975000	120.236988
29.586915	12.000000	120.488005
29.586049	12.025000	120.739022
29.585184	12.050000	120.990038
29.584318	12.075000	121.241055
29.583452	12.100000	121.492072
29.582586	12.125000	121.743089
29.581720	12.150000	121.994105
29.580854	12.175000	122.245122
29.579988	12.200000	122.496139
29.579122	12.225000	122.747155
29.578256	12.250000	122.998172
29.577390	12.275000	123.249189
29.576524	12.300000	123.500205
29.575658	12.325000	123.751222
29.574792	12.350000	124.002239
29.573926	12.375000	124.253255
29.573060	12.400000	124.504272
29.572194	12.425000	124.755289
29.571327	12.450000	125.006305
29.570461	12.475000	125.257322
29.569595	12.500000	125.508339
29.568729	12.525000	125.759355
29.567862	12.550000	126.010372
29.566996	12.575000	126.261389
29.566130	12.600000	126.512405
29.565263	12.625000	126.763422
29.564397	12.650000	127.014439
29.563531	12.675000	127.265455
29.562664	12.700000	127.516472
29.561798	12.725000	127.767489
29.560932	12.750000	128.018505
29.560065	12.775000	128.269522
29.559199	12.800000	128.520539
29.558332	12.825000	128.771555
29.557466	12.850000	129.022572
29.556599	12.875000	129.273589
29.555732	12.900000	129.524606
29.554866	12.925000	129.775622
29.553999	12.950000	130.026639
29.553133	12.975000	130.277656
29.552266	13.000000	130.528672
29.551399	13.025000	130.779689
29.550532	13.050000	131.030706
29.549666	13.075000	131.281722
29.548799	13.100000	131.532739
29.547932	13.125000	131.783756
29.547065	13.150000	132.034772
29.546199	13.175000	132.285789
29.545332	13.200000	132.536806
29.544465	13.225000	132.787822
29.543598	13.250000	133.038839
29.542731	13.275000	133.289856
29.541864	13.300000	133.540872
29.540997	13.325000	133.791889
29.540130	13.350000	134.042906
29.539263	13.375000	134.293922
29.538396	13.400000	134.544939
29.537529	13.425000	134.795956
29.536662	13.450000	135.046972
29.535795	13.475000	135.297989
29.534928	13.500000	135.549006
29.534061	13.525000	135.800022
29.533194	13.550000	136.051039
29.532327	13.575000	136.302056
29.531459	13.600000	136.553072
29.530592	13.625000	136.804089
29.529725	13.650000	137.055106
29.528858	13.675000	137.306123
29.527990	13.700000	137.557139
29.527123	13.725000	137.808156
29.526256	13.750000	138.059173
29.525388	13.775000	138.310189
29.524521	13.800000	138.561206
29.523654	13.825000	138.812223
29.522786	13.850000	139.063239
29.521919	13.875000	139.314256
29.521051	13.900000	139.565273
29.520184	13.925000	139.816289
29.519316	13.950000	140.067306
29.518449	13.975000	140.318323
29.517581	14.000000	140.569339
29.516714	14.025000	140.820356
29.515846	14.050000	141.071373
29.514978	14.075000	141.322389
29.514111	14.100000	141.573406
29.513243	14.125000	141.824423
29.512376	14.150000	142.075439
29.511508	14.175000	142.326456
29.510640	14.200000	142.577473
29.509772	14.225000	142.828489
29.508905	14.250000	143.079506
29.508037	14.275000	143.330523
29.507169	14.300000	143.581539
29.506301	14.325000	143.832556
29.505433	14.350000	144.083573
29.504565	14.375000	144.334589
29.503698	14.400000	144.585606
29.502830	14.425000	144.836623
29.501962	14.450000	145.087640
29.501094	14.475000	145.338656
29.500226	14.500000	145.589673
29.499358	14.525000	145.840690
29.498490	14.550000	146.091706
29.497622	14.575000	146.342723
29.496754	14.600000	146.593740
29.495885	14.625000	146.844756
29.495017	14.650000	147.095773
29.494149	14.675000	147.346790
29.493281	14.700000	147.597806
29.492413	14.725000	147.848823
29.491545	14.750000	148.099840
29.490676	14.775000	148.350856
29.489808	14.800000	148.601873
29.488940	14.825000	148.852890
29.488072	14.850000	149.103906
29.487203	14.875000	149.354923
29.486335	14.900000	149.605940
29.485466	14.925000	149.856956
29.484598	14.950000	150.107973
29.483730	14.975000	150.358990
29.482861	15.000000	150.610006
29.481993	15.025000	150.861023
29.481124	15.050000	151.112040
29.480256	15.075000	151.363056
29.479387	15.100000	151.614073
29.478519	15.125000	151.865090
29.477650	15.150000	152.116106
29.476782	15.175000	152.367123
29.475913	15.200000	152.618140
29.475044	15.225000	152.869157
29.474176	15.250000	153.120173
29.473307	15.275000	153.371190
29.472438	15.300000	153.622207
29.471570	15.325000	153.873223
29.470701	15.350000	154.124240
29.469832	15.375000	154.375257
29.468963	15.400000	154.626273
29.468095	15.425000	154.877290
29.467226	15.450000	155.128307
29.466357	15.475000	155.379323
29.465488	15.500000	155.630340
29.464619	15.525000	155.881357
29.463750	15.550000	156.132373
29.462881	15.575000	156.383390
29.462012	15.600000	156.634407
29.461143	15.625000	156.885423
29.460274	15.650000	157.136440
29.459405	15.675000	157.387457
29.458536	15.700000	157.638473
29.457667	15.725000	157.889490
29.456798	15.750000	158.140507
29.455929	15.775000	158.391523
29.455060	15.800000	158.642540
29.454191	15.825000	158.893557
29.453321	15.850000	159.144573
29.452452	15.875000	159.395590
29.451583	15.900000	159.646607
29.450714	15.925000	159.897623
29.449844	15.950000	160.148640
29.448975	15.975000	160.399657
29.448106	16.000000	160.650674
29.447236	16.025000	160.901690
29.446367	16.050000	161.152707
29.445498	16.075000	161.403724
29.444628	16.100000	161.654740
29.443759	16.125000	161.905757
29.442889	16.150000	162.156774
29.442020	16.175000	162.407790
29.441150	16.200000	162.658807
29.440281	16.225000	162.909824
29.439411	16.250000	163.160840
29.438542	16.275000	163.411857
29.437672	16.300000	163.662874
29.436803	16.325000	163.913890
29.435933	16.350000	164.164907
29.435063	16.375000	164.415924
29.434194	16.400000	164.666940
29.433324	16.425000	164.917957
29.432454	16.450000	165.168974
29.431585	16.475000	165.419990
29.430715	16.500000	165.671007
29.429845	16.525000	165.922024
29.428975	16.550000	166.173040
29.428105	16.575000	166.424057
29.427235	16.600000	166.675074
29.426366	16.625000	166.926090
29.425496	16.650000	167.177107
29.424626	16.675000	167.428124
29.423756	16.700000	167.679140
29.422886	16.725000	167.930157
29.422016	16.750000	168.181174
29.421146	16.775000	168.432191
29.420276	16.800000	168.683207
29.419406	16.825000	168.934224
29.418536	16.850000	169.185241
29.417666	16.875000	169.436257
29.416796	16.900000	169.687274
29.415925	16.925000	169.938291
29.415055	16.950000	170.189307
29.414185	16.975000	170.440324
29.413315	17.000000	170.691341
29.412445	17.025000	170.942357
29.411574	17.050000	171.193374
29.410704	17.075000	171.444391
29.409834	17.100000	171.695407
29.408963	17.125000	171.946424
29.408093	17.150000	172.197441
29.407223	17.175000	172.448457
29.406352	17.200000	172.699474
29.405482	17.225000	172.950491
29.404611	17.250000	173.201507
29.403741	17.275000	173.452524
29.402871	17.300000	173.703541
29.402000	17.325000	173.954557
29.401130	17.350000	174.205574
29.400259	17.375000	174.456591
29.399388	17.400000	174.707607
29.398518	17.425000	174.958624
29.397647	17.450000	175.209641
29.396777	17.475000	175.460657
29.395906	17.500000	175.711674
29.395035	17.525000	175.962691
29.394165	17.550000	176.213708
29.393294	17.575000	176.464724
29.392423	17.600000	176.715741
29.391552	17.625000	176.966758
29.390681	17.650000	177.217774
29.389811	17.675000	177.468791
29.388940	17.700000	177.719808
29.388069	17.725000	177.970824
29.387198	17.750000	178.221841
29.386327	17.775000	178.472858
29.385456	17.800000	178.723874
29.384585	17.825000	178.974891
29.383714	17.850000	179.225908
29.382843	17.875000	179.476924
29.381972	17.900000	179.727941
29.381101	17.925000	179.978958
29.380230	17.950000	180.229974
29.379359	17.975000	180.480991
29.378488	18.000000	180.732008
29.377617	18.025000	180.983024
29.376746	18.050000	181.234041
29.375875	18.075000	181.485058
29.375003	18.100000	181.736074
29.374132	18.125000	181.987091
29.373261	18.150000	182.238108
29.372390	18.175000	182.489124
29.371518	18.200000	182.740141
29.370647	18.225000	182.991158
29.369776	18.250000	183.242174
29.368904	18.275000	183.493191
29.368033	18.300000	183.744208
29.367162	18.325000	183.995225
29.366290	18.350000	184.246241
29.365419	18.375000	184.497258
29.364547	18.400000	184.748275
29.363676	18.425000	184.999291
29.362804	18.450000	185.250308
29.361933	18.475000	185.501325
29.361061	18.500000	185.752341
29.360190	18.525000	186.003358
29.359318	18.550000	186.254375
29.358446	18.575000	186.505391
29.357575	18.600000	186.756408
29.356703	18.625000	187.007425
29.355831	18.650000	187.258441
29.354960	18.675000	187.509458
29.354088	18.700000	187.760475
29.353216	18.725000	188.011491
29.352344	18.750000	188.262508
29.351473	18.775000	188.513525
29.350601	18.800000	188.764541
29.349729	18.825000	189.015558
29.348857	18.850000	189.266575
29.347985	18.875000	189.517591
29.347113	18.900000	189.768608
29.346241	18.925000	190.019625
29.345369	18.950000	190.270641
29.344497	18.975000	190.521658
29.343625	19.000000	190.772675
29.342753	19.025000	191.023691
29.341881	19.050000	191.274708
29.341009	19.075000	191.525725
29.340137	19.100000	191.776742
29.339265	19.125000	192.027758
29.338393	19.150000	192.278775
29.337521	19.175000	192.529792
29.336649	19.200000	192.780808
29.335776	19.225000	193.031825
29.334904	19.250000	193.282842
29.334032	19.275000	193.533858
29.333160	19.300000	193.784875
29.332287	19.325000	194.035892
29.331415	19.350000	194.286908
29.330543	19.375000	194.537925
29.329670	19.400000	194.788942
29.328798	19.425000	195.039958
29.327926	19.450000	195.290975
29.327053	19.475000	195.541992
29.326181	19.500000	195.793008
29.325308	19.525000	196.044025
29.324436	19.550000	196.295042
29.323563	19.575000	196.546058
29.322691	19.600000	196.797075
29.321818	19.625000	197.048092
29.320946	19.650000	197.299108
29.320073	19.675000	197.550125
29.319200	19.700000	197.801142
29.318328	19.725000	198.052158
29.317455	19.750000	198.303175
29.316582	19.775000	198.554192
29.315710	19.800000	198.805208
29.314837	19.825000	199.056225
29.313964	19.850000	199.307242
29.313091	19.875000	199.558259
29.312218	19.900000	199.809275
29.311346	19.925000	200.060292
29.310473	19.950000	200.311309
29.309600	19.975000	200.562325
29.308727	20.000000	200.813342
29.307854	20.025000	201.064359
29.306981	20.050000	201.315375
29.306108	20.075000	201.566392
29.305235	20.100000	201.817409
29.304362	20.125000	202.068425
29.303489	20.150000	202.319442
29.302616	20.175000	202.570459
29.301743	20.200000	202.821475
29.300870	20.225000	203.072492
29.299997	20.250000	203.323509
29.299124	20.275000	203.574525
29.298250	20.300000	203.825542
29.297377	20.325000	204.076559
29.296504	20.350000	204.327575
29.295631	20.375000	204.578592
29.294757	20.400000	204.829609
29.293884	20.425000	205.080625
29.293011	20.450000	205.331642
29.292138	20.475000	205.582659
29.291264	20.500000	205.833675
29.290391	20.525000	206.084692
29.289517	20.550000	206.335709
29.288644	20.575000	206.586725
29.287771	20.600000	206.837742
29.286897	20.625000	207.088759
29.286024	20.650000	207.339775
29.285150	20.675000	207.590792
29.284277	20.700000	207.841809
29.283403	20.725000	208.092826
29.282529	20.750000	208.343842
29.281656	20.775000	208.594859
29.280782	20.800000	208.845876
29.279909	20.825000	209.096892
29.279035	20.850000	209.347909
29.278161	20.875000	209.598926
29.277287	20.900000	209.849942
29.276414	20.925000	210.100959
29.275540	20.950000	210.351976
29.274666	20.975000	210.602992
29.273792	21.000000	210.854009
29.272919	21.025000	211.105026
29.272045	21.050000	211.356042
29.271171	21.075000	211.607059
29.270297	21.100000	211.858076
29.269423	21.125000	212.109092
29.268549	21.150000	212.360109
29.267675	21.175000	212.611126
29.266801	21.200000	212.862142
29.265927	21.225000	213.113159
29.265053	21.250000	213.364176
29.264179	21.275000	213.615192
29.263305	21.300000	213.866209
29.262431	21.325000	214.117226
29.261557	21.350000	214.368242
29.260683	21.375000	214.619259
29.259808	21.400000	214.870276
29.258934	21.425000	215.121292
29.258060	21.450000	215.372309
29.257186	21.475000	215.623326
29.256312	21.500000	215.874343
29.255437	21.525000	216.125359
29.254563	21.550000	216.376376
29.253689	21.575000	216.627393
29.252814	21.600000	216.878409
29.251940	21.625000	217.129426
29.251066	21.650000	217.380443
29.250191	21.675000	217.631459
29.249317	21.700000	217.882476
29.248442	21.725000	218.133493
29.247568	21.750000	218.384509
29.246693	21.775000	218.635526
29.245819	21.800000	218.886543
29.244944	21.825000	219.137559
29.244070	21.850000	219.388576
29.243195	21.875000	219.639593
29.242320	21.900000	219.890609
29.241446	21.925000	220.141626
29.240571	21.950000	220.392643
29.239696	21.975000	220.643659
29.238822	22.000000	220.894676
29.237947	22.025000	221.145693
29.237072	22.050000	221.396709
29.236197	22.075000	221.647726
29.235323	22.100000	221.898743
29.234448	22.125000	222.149759
29.233573	22.150000	222.400776
29.232698	22.175000	222.651793
29.231823	22.200000	222.902809
29.230948	22.225000	223.153826
29.230073	22.250000	223.404843
29.229198	22.275000	223.655860
29.228323	22.300000	223.906876
29.227448	22.325000	224.157893
29.226573	22.350000	224.408910
29.225698	22.375000	224.659926
29.224823	22.400000	224.910943
29.223948	22.425000	225.161960
29.223073	22.450000	225.412976
29.222198	22.475000	225.663993
29.221323	22.500000	225.915010
29.220447	22.525000	226.166026
29.219572	22.550000	226.417043
29.218697	22.575000	226.668060
29.217822	22.600000	226.919076
29.216947	22.625000	227.170093
29.216071	22.650000	227.421110
29.215196	22.675000	227.672126
29.214321	22.700000	227.923143
29.213445	22.725000	228.174160
29.212570	22.750000	228.425176
29.211694	22.775000	228.676193
29.210819	22.800000	228.927210
29.209943	22.825000	229.178226
29.209068	22.850000	229.429243
29.208192	22.875000	229.680260
29.207317	22.900000	229.931276
29.206441	22.925000	230.182293
29.205566	22.950000	230.433310
29.204690	22.975000	230.684326
29.203815	23.000000	230.935343
29.202939	23.025000	231.186360
29.202063	23.050000	231.437377
29.201188	23.075000	231.688393
29.200312	23.100000	231.939410
29.199436	23.125000	232.190427
29.198560	23.150000	232.441443
29.197685	23.175000	232.692460
29.196809	23.200000	232.943477
29.195933	23.225000	233.194493
29.195057	23.250000	233.445510
29.194181	23.275000	233.696527
29.193305	23.300000	233.947543
29.192429	23.325000	234.198560
29.191554	23.350000	234.449577
29.190678	23.375000	234.700593
29.189802	23.400000	234.951610
29.188926	23.425000	235.202627
29.188050	23.450000	235.453643
29.187173	23.475000	235.704660
29.186297	23.500000	235.955677
29.185421	23.525000	236.206693
29.184545	23.550000	236.457710
29.183669	23.575000	236.708727
29.182793	23.600000	236.959743
29.181917	23.625000	237.210760
29.181040	23.650000	237.461777
29.180164	23.675000	237.712793
29.179288	23.700000	237.963810
29.178412	23.725000	238.214827
29.177535	23.750000	238.465843
29.176659	23.775000	238.716860
29.175783	23.800000	238.967877
29.174906	23.825000	239.218894
29.174030	23.850000	239.469910
29.173154	23.875000	239.720927
29.172277	23.900000	239.971944
29.171401	23.925000	240.222960
29.170524	23.950000	240.473977
29.169648	23.975000	240.724994
29.168771	24.000000	240.976010
29.167895	24.025000	241.227027
29.167018	24.050000	241.478044
29.166141	24.075000	241.729060
29.165265	24.100000	241.980077
29.164388	24.125000	242.231094
29.163511	24.150000	242.482110
29.162635	24.175000	242.733127
29.161758	24.200000	242.984144
29.160881	24.225000	243.235160
29.160005	24.250000	243.486177
29.159128	24.275000	243.737194
29.158251	24.300000	243.988210
29.157374	24.325000	244.239227
29.156497	24.350000	244.490244
29.155620	24.375000	244.741260
29.154743	24.400000	244.992277
29.153867	24.425000	245.243294
29.152990	24.450000	245.494310
29.152113	24.475000	245.745327
29.151236	24.500000	245.996344
29.150359	24.525000	246.247360
29.149482	24.550000	246.498377
29.148605	24.575000	246.749394
29.147727	24.600000	247.000411
29.146850	24.625000	247.251427
29.145973	24.650000	247.502444
29.145096	24.675000	247.753461
29.144219	24.700000	248.004477
29.143342	24.725000	248.255494
29.142465	24.750000	248.506511
29.141587	24.775000	248.757527
29.140710	24.800000	249.008544
29.139833	24.825000	249.259561
29.138955	24.850000	249.510577
29.138078	24.875000	249.761594
29.137201	24.900000	250.012611
29.136323	24.925000	250.263627
29.135446	24.950000	250.514644
29.134569	24.975000	250.765661
29.133691	25.000000	251.016677
29.132814	25.025000	251.267694
29.131936	25.050000	251.518711
29.131059	25.075000	251.769727
29.130181	25.100000	252.020744
29.129304	25.125000	252.271761
29.128426	25.150000	252.522777
29.127548	25.175000	252.773794
29.126671	25.200000	253.024811
29.125793	25.225000	253.275827
29.124915	25.250000	253.526844
29.124038	25.275000	253.777861
29.123160	25.300000	254.028877
29.122282	25.325000	254.279894
29.121404	25.350000	254.530911
29.120527	25.375000	254.781928
29.119649	25.400000	255.032944
29.118771	25.425000	255.283961
29.117893	25.450000	255.534978
29.117015	25.475000	255.785994
29.116137	25.500000	256.037011
29.115259	25.525000	256.288028
29.114381	25.550000	256.539044
29.113503	25.575000	256.790061
29.112625	25.600000	257.041078
29.111747	25.625000	257.292094
29.110869	25.650000	257.543111
29.109991	25.675000	257.794128
29.109113	25.700000	258.045144
29.108235	25.725000	258.296161
29.107357	25.750000	258.547178
29.106479	25.775000	258.798194
29.105601	25.800000	259.049211
29.104722	25.825000	259.300228
29.103844	25.850000	259.551244
29.102966	25.875000	259.802261
29.102088	25.900000	260.053278
29.101209	25.925000	260.304294
29.100331	25.950000	260.555311
29.099453	25.975000	260.806328
29.098574	26.000000	261.057344
29.097696	26.025000	261.308361
29.096818	26.050000	261.559378
29.095939	26.075000	261.810394
29.095061	26.100000	262.061411
29.094182	26.125000	262.312428
29.093304	26.150000	262.563445
29.092425	26.175000	262.814461
29.091547	26.200000	263.065478
29.090668	26.225000	263.316495
29.089789	26.250000	263.567511
29.088911	26.275000	263.818528
29.088032	26.300000	264.069545
29.087154	26.325000	264.320561
29.086275	26.350000	264.571578
29.085396	26.375000	264.822595
29.084517	26.400000	265.073611
29.083639	26.425000	265.324628
29.082760	26.450000	265.575645
29.081881	26.475000	265.826661
29.081002	26.500000	266.077678
29.080123	26.525000	266.328695
29.079245	26.550000	266.579711
29.078366	26.575000	266.830728
29.077487	26.600000	267.081745
29.076608	26.625000	267.332761
29.075729	26.650000	267.583778
29.074850	26.675000	267.834795
29.073971	26.700000	268.085811
29.073092	26.725000	268.336828
29.072213	26.750000	268.587845
29.071334	26.775000	268.838861
29.070455	26.800000	269.089878
29.069575	26.825000	269.340895
29.068696	26.850000	269.591911
29.067817	26.875000	269.842928
29.066938	26.900000	270.093945
29.066059	26.925000	270.344962
29.065179	26.950000	270.595978
29.064300	26.975000	270.846995
29.063421	27.000000	271.098012
29.062542	27.025000	271.349028
29.061662	27.050000	271.600045
29.060783	27.075000	271.851062
29.059904	27.100000	272.102078
29.059024	27.125000	272.353095
29.058145	27.150000	272.604112
29.057265	27.175000	272.855128
29.056386	27.200000	273.106145
29.055506	27.225000	273.357162
29.054627	27.250000	273.608178
29.053747	27.275000	273.859195
29.052868	27.300000	274.110212
29.051988	27.325000	274.361228
29.051108	27.350000	274.612245
29.050229	27.375000	274.863262
29.049349	27.400000	275.114278
29.048470	27.425000	275.365295
29.047590	27.450000	275.616312
29.046710	27.475000	275.867328
29.045830	27.500000	276.118345
29.044951	27.525000	276.369362
29.044071	27.550000	276.620378
29.043191	27.575000	276.871395
29.042311	27.600000	277.122412
29.041431	27.625000	277.373428
29.040551	27.650000	277.624445
29.039671	27.675000	277.875462
29.038792	27.700000	278.126479
29.037912	27.725000	278.377495
29.037032	27.750000	278.628512
29.036152	27.775000	278.879529
29.035272	27.800000	279.130545
29.034391	27.825000	279.381562
29.033511	27.850000	279.632579
29.032631	27.875000	279.883595
29.031751	27.900000	280.134612
29.030871	27.925000	280.385629
29.029991	27.950000	280.636645
29.029111	27.975000	280.887662
29.028231	28.000000	281.138679
29.027350	28.025000	281.389695
29.026470	28.050000	281.640712
29.025590	28.075000	281.891729
29.024709	28.100000	282.142745
29.023829	28.125000	282.393762
29.022949	28.150000	282.644779
29.022068	28.175000	282.895795
29.021188	28.200000	283.146812
29.020308	28.225000	283.397829
29.019427	28.250000	283.648845
29.018547	28.275000	283.899862
29.017666	28.300000	284.150879
29.016786	28.325000	284.401895
29.015905	28.350000	284.652912
29.015025	28.375000	284.903929
29.014144	28.400000	285.154945
29.013263	28.425000	285.405962
29.012383	28.450000	285.656979
29.011502	28.475000	285.907996
29.010621	28.500000	286.159012
29.009741	28.525000	286.410029
29.008860	28.550000	286.661046
29.007979	28.575000	286.912062
29.007098	28.600000	287.163079
29.006218	28.625000	287.414096
29.005337	28.650000	287.665112
29.004456	28.675000	287.916129
29.003575	28.700000	288.167146
29.002694	28.725000	288.418162
29.001813	28.750000	288.669179
29.000932	28.775000	288.920196
29.000052	28.800000	289.171212
28.999171	28.825000	289.422229
28.998290	28.850000	289.673246
28.997409	28.875000	289.924262
28.996527	28.900000	290.175279
28.995646	28.925000	290.426296
28.994765	28.950000	290.677312
28.993884	28.975000	290.928329
28.993003	29.000000	291.179346
28.992122	29.025000	291.430362
28.991241	29.050000	291.681379
28.990360	29.075000	291.932396
28.989478	29.100000	292.183412
28.988597	29.125000	292.434429
28.987716	29.150000	292.685446
28.986834	29.175000	292.936462
28.985953	29.200000	293.187479
28.985072	29.225000	293.438496
28.984190	29.250000	293.689513
28.983309	29.275000	293.940529
28.982428	29.300000	294.191546
28.981546	29.325000	294.442563
28.980665	29.350000	294.693579
28.979783	29.375000	294.944596
28.978902	29.400000	295.195613
28.978020	29.425000	295.446629
28.977139	29.450000	295.697646
28.976257	29.475000	295.948663
28.975375	29.500000	296.199679
28.974494	29.525000	296.450696
28.973612	29.550000	296.701713
28.972730	29.575000	296.952729
28.971849	29.600000	297.203746
28.970967	29.625000	297.454763
28.970085	29.650000	297.705779
28.969204	29.675000	297.956796
28.968322	29.700000	298.207813
28.967440	29.725000	298.458829
28.966558	29.750000	298.709846
28.965676	29.775000	298.960863
28.964794	29.800000	299.211879
28.963912	29.825000	299.462896
28.963031	29.850000	299.713913
28.962149	29.875000	299.964929
28.961267	29.900000	300.215946
28.960385	29.925000	300.466963
28.959503	29.950000	300.717979
28.958621	29.975000	300.968996
28.957738	30.000000	301.220013
28.956856	30.025000	301.471030
28.955974	30.050000	301.722046
28.955092	30.075000	301.973063
28.954210	30.100000	302.224080
28.953328	30.125000	302.475096
28.952446	30.150000	302.726113
28.951563	30.175000	302.977130
28.950681	30.200000	303.228146
28.949799	30.225000	303.479163
28.948916	30.250000	303.730180
28.948034	30.275000	303.981196
28.947152	30.300000	304.232213
28.946269	30.325000	304.483230
28.945387	30.350000	304.734246
28.944505	30.375000	304.985263
28.943622	30.400000	305.236280
28.942740	30.425000	305.487296
28.941857	30.450000	305.738313
28.940975	30.475000	305.989330
28.940092	30.500000	306.240346
28.939210	30.525000	306.491363
28.938327	30.550000	306.742380
28.937444	30.575000	306.993396
28.936562	30.600000	307.244413
28.935679	30.625000	307.495430
28.934796	30.650000	307.746446
28.933914	30.675000	307.997463
28.933031	30.700000	308.248480
28.932148	30.725000	308.499496
28.931266	30.750000	308.750513
28.930383	30.775000	309.001530
28.929500	30.800000	309.252547
28.928617	30.825000	309.503563
28.927734	30.850000	309.754580
28.926851	30.875000	310.005597
28.925968	30.900000	310.256613
28.925085	30.925000	310.507630
28.924203	30.950000	310.758647
28.923320	30.975000	311.009663
28.922437	31.000000	311.260680
28.921554	31.025000	311.511697
28.920670	31.050000	311.762713
28.919787	31.075000	312.013730
28.918904	31.100000	312.264747
28.918021	31.125000	312.515763
28.917138	31.150000	312.766780
28.916255	31.175000	313.017797
28.915372	31.200000	313.268813
28.914488	31.225000	313.519830
28.913605	31.250000	313.770847
28.912722	31.275000	314.021863
28.911839	31.300000	314.272880
28.910955	31.325000	314.523897
28.910072	31.350000	314.774913
28.909189	31.375000	315.025930
28.908305	31.400000	315.276947
28.907422	31.425000	315.527963
28.906539	31.450000	315.778980
28.905655	31.475000	316.029997
28.904772	31.500000	316.281013
28.903888	31.525000	316.532030
28.903005	31.550000	316.783047
28.902121	31.575000	317.034064
28.901237	31.600000	317.285080
28.900354	31.625000	317.536097
28.899470	31.650000	317.787114
28.898587	31.675000	318.038130
28.897703	31.700000	318.289147
28.896819	31.725000	318.540164
28.895936	31.750000	318.791180
28.895052	31.775000	319.042197
28.894168	31.800000	319.293214
28.893284	31.825000	319.544230
28.892401	31.850000	319.795247
28.891517	31.875000	320.046264
28.890633	31.900000	320.297280
28.889749	31.925000	320.548297
28.888865	31.950000	320.799314
28.887981	31.975000	321.050330
28.887097	32.000000	321.301347
28.886213	32.025000	321.552364
28.885329	32.050000	321.803380
28.884445	32.075000	322.054397
28.883561	32.100000	322.305414
28.882677	32.125000	322.556430
28.881793	32.150000	322.807447
28.880909	32.175000	323.058464
28.880025	32.200000	323.309480
28.879141	32.225000	323.560497
28.878257	32.250000	323.811514
28.877372	32.275000	324.062530
28.876488	32.300000	324.313547
28.875604	32.325000	324.564564
28.874720	32.350000	324.815581
28.873835	32.375000	325.066597
28.872951	32.400000	325.317614
28.872067	32.425000	325.568631
28.871182	32.450000	325.819647
28.870298	32.475000	326.070664
28.869414	32.500000	326.321681
28.868529	32.525000	326.572697
28.867645	32.550000	326.823714
28.866760	32.575000	327.074731
28.865876	32.600000	327.325747
28.864991	32.625000	327.576764
28.864107	32.650000	327.827781
28.863222	32.675000	328.078797
28.862337	32.700000	328.329814
28.861453	32.725000	328.580831
28.860568	32.750000	328.831847
28.859683	32.775000	329.082864
28.858799	32.800000	329.333881
28.857914	32.825000	329.584897
28.857029	32.850000	329.835914
28.856145	32.875000	330.086931
28.855260	32.900000	330.337947
28.854375	32.925000	330.588964
28.853490	32.950000	330.839981
28.852605	32.975000	331.090997
28.851720	33.000000	331.342014
28.850835	33.025000	331.593031
28.849951	33.050000	331.844047
28.849066	33.075000	332.095064
28.848181	33.100000	332.346081
28.847296	33.125000	332.597098
28.846411	33.150000	332.848114
28.845526	33.175000	333.099131
28.844640	33.200000	333.350148
28.843755	33.225000	333.601164
28.842870	33.250000	333.852181
28.841985	33.275000	334.103198
28.841100	33.300000	334.354214
28.840215	33.325000	334.605231
28.839330	33.350000	334.856248
28.838444	33.375000	335.107264
28.837559	33.400000	335.358281
28.836674	33.425000	335.609298
28.835789	33.450000	335.860314
28.834903	33.475000	336.111331
28.834018	33.500000	336.362348
28.833132	33.525000	336.613364
28.832247	33.550000	336.864381
28.831362	33.575000	337.115398
28.830476	33.600000	337.366414
28.829591	33.625000	337.617431
28.828705	33.650000	337.868448
28.827820	33.675000	338.119464
28.826934	33.700000	338.370481
28.826049	33.725000	338.621498
28.825163	33.750000	338.872514
28.824277	33.775000	339.123531
28.823392	33.800000	339.374548
28.822506	33.825000	339.625564
28.821620	33.850000	339.876581
28.820735	33.875000	340.127598
28.819849	33.900000	340.378614
28.818963	33.925000	340.629631
28.818077	33.950000	340.880648
28.817192	33.975000	341.131665
28.816306	34.000000	341.382681
28.815420	34.025000	341.633698
28.814534	34.050000	341.884715
28.813648	34.075000	342.135731
28.812762	34.100000	342.386748
28.811876	34.125000	342.637765
28.810990	34.150000	342.888781
28.810104	34.175000	343.139798
28.809218	34.200000	343.390815
28.808332	34.225000	343.641831
28.807446	34.250000	343.892848
28.806560	34.275000	344.143865
28.805674	34.300000	344.394881
28.804788	34.325000	344.645898
28.803902	34.350000	344.896915
28.803016	34.375000	345.147931
28.802129	34.400000	345.398948
28.801243	34.425000	345.649965
28.800357	34.450000	345.900981
28.799471	34.475000	346.151998
28.798584	34.500000	346.403015
28.797698	34.525000	346.654031
28.796812	34.550000	346.905048
28.795925	34.575000	347.156065
28.795039	34.600000	347.407081
28.794153	34.625000	347.658098
28.793266	34.650000	347.909115
28.792380	34.675000	348.160131
28.791493	34.700000	348.411148
28.790607	34.725000	348.662165
28.789720	34.750000	348.913182
28.788834	34.775000	349.164198
28.787947	34.800000	349.415215
28.787060	34.825000	349.666232
28.786174	34.850000	349.917248
28.785287	34.875000	350.168265
28.784400	34.900000	350.419282
28.783514	34.925000	350.670298
28.782627	34.950000	350.921315
28.781740	34.975000	351.172332
28.780854	35.000000	351.423348
28.779967	35.025000	351.674365
28.779080	35.050000	351.925382
28.778193	35.075000	352.176398
28.777306	35.100000	352.427415
28.776419	35.125000	352.678432
28.775532	35.150000	352.929448
28.774645	35.175000	353.180465
28.773759	35.200000	353.431482
28.772872	35.225000	353.682498
28.771985	35.250000	353.933515
28.771097	35.275000	354.184532
28.770210	35.300000	354.435548
28.769323	35.325000	354.686565
28.768436	35.350000	354.937582
28.767549	35.375000	355.188598
28.766662	35.400000	355.439615
28.765775	35.425000	355.690632
28.764888	35.450000	355.941648
28.764000	35.475000	356.192665
28.763113	35.500000	356.443682
28.762226	35.525000	356.694699
28.761339	35.550000	356.945715
28.760451	35.575000	357.196732
28.759564	35.600000	357.447749
28.758677	35.625000	357.698765
28.757789	35.650000	357.949782
28.756902	35.675000	358.200799
28.756014	35.700000	358.451815
28.755127	35.725000	358.702832
28.754239	35.750000	358.953849
28.753352	35.775000	359.204865
28.752464	35.800000	359.455882
28.751577	35.825000	359.706899
28.750689	35.850000	359.957915
28.749802	35.875000	360.208932
28.748914	35.900000	360.459949
28.748026	35.925000	360.710965
28.747139	35.950000	360.961982
28.746251	35.975000	361.212999
28.745363	36.000000	361.464015
28.744476	36.025000	361.715032
28.743588	36.050000	361.966049
28.742700	36.075000	362.217065
28.741812	36.100000	362.468082
28.740924	36.125000	362.719099
28.740036	36.150000	362.970115
28.739149	36.175000	363.221132
28.738261	36.200000	363.472149
28.737373	36.225000	363.723165
28.736485	36.250000	363.974182
28.735597	36.275000	364.225199
28.734709	36.300000	364.476216
28.733821	36.325000	364.727232
28.732933	36.350000	364.978249
28.732045	36.375000	365.229266
28.731157	36.400000	365.480282
28.730268	36.425000	365.731299
28.729380	36.450000	365.982316
28.728492	36.475000	366.233332
28.727604	36.500000	366.484349
28.726716	36.525000	366.735366
28.725827	36.550000	366.986382
28.724939	36.575000	367.237399
28.724051	36.600000	367.488416
28.723163	36.625000	367.739432
28.722274	36.650000	367.990449
28.721386	36.675000	368.241466
28.720497	36.700000	368.492482
28.719609	36.725000	368.743499
28.718721	36.750000	368.994516
28.717832	36.775000	369.245532
28.716944	36.800000	369.496549
28.716055	36.825000	369.747566
28.715167	36.850000	369.998582
28.714278	36.875000	370.249599
28.713389	36.900000	370.500616
28.712501	36.925000	370.751632
28.711612	36.950000	371.002649
28.710724	36.975000	371.253666
28.709835	37.000000	371.504682
28.708946	37.025000	371.755699
28.708058	37.050000	372.006716
28.707169	37.075000	372.257733
28.706280	37.100000	372.508749
28.705391	37.125000	372.759766
28.704502	37.150000	373.010783
28.703614	37.175000	373.261799
28.702725	37.200000	373.512816
28.701836	37.225000	373.763833
28.700947	37.250000	374.014849
28.700058	37.275000	374.265866
28.699169	37.300000	374.516883
28.698280	37.325000	374.767899
28.697391	37.350000	375.018916
28.696502	37.375000	375.269933
28.695613	37.400000	375.520949
28.694724	37.425000	375.771966
28.693835	37.450000	376.022983
28.692946	37.475000	376.273999
28.692056	37.500000	376.525016
28.691167	37.525000	376.776033
28.690278	37.550000	377.027049
28.689389	37.575000	377.278066
28.688500	37.600000	377.529083
28.687610	37.625000	377.780099
28.686721	37.650000	378.031116
28.685832	37.675000	378.282133
28.684942	37.700000	378.533149
28.684053	37.725000	378.784166
28.683164	37.750000	379.035183
28.682274	37.775000	379.286199
28.681385	37.800000	379.537216
28.680495	37.825000	379.788233
28.679606	37.850000	380.039250
28.678716	37.875000	380.290266
28.677827	37.900000	380.541283
28.676937	37.925000	380.792300
28.676048	37.950000	381.043316
28.675158	37.975000	381.294333
28.674268	38.000000	381.545350
28.673379	38.025000	381.796366
28.672489	38.050000	382.047383
28.671599	38.075000	382.298400
28.670710	38.100000	382.549416
28.669820	38.125000	382.800433
28.668930	38.150000	383.051450
28.668040	38.175000	383.302466
28.667151	38.200000	383.553483
28.666261	38.225000	383.804500
28.665371	38.250000	384.055516
28.664481	38.275000	384.306533
28.663591	38.300000	384.557550
28.662701	38.325000	384.808566
28.661811	38.350000	385.059583
28.660921	38.375000	385.310600
28.660031	38.400000	385.561616
28.659141	38.425000	385.812633
28.658251	38.450000	386.063650
28.657361	38.475000	386.314666
28.656471	38.500000	386.565683
28.655581	38.525000	386.816700
28.654691	38.550000	387.067716
28.653800	38.575000	387.318733
28.652910	38.600000	387.569750
28.652020	38.625000	387.820767
28.651130	38.650000	388.071783
28.650239	38.675000	388.322800
28.649349	38.700000	388.573817
28.648459	38.725000	388.824833
28.647568	38.750000	389.075850
28.646678	38.775000	389.326867
28.645788	38.800000	389.577883
28.644897	38.825000	389.828900
28.644007	38.850000	390.079917
28.643116	38.875000	390.330933
28.642226	38.900000	390.581950
28.641335	38.925000	390.832967
28.640445	38.950000	391.083983
28.639554	38.975000	391.335000
28.638664	39.000000	391.586017
28.637773	39.025000	391.837033
28.636882	39.050000	392.088050
28.635992	39.075000	392.339067
28.635101	39.100000	392.590083
28.634210	39.125000	392.841100
28.633320	39.150000	393.092117
28.632429	39.175000	393.343133
28.631538	39.200000	393.594150
28.630647	39.225000	393.845167
28.629756	39.250000	394.096183
28.628866	39.275000	394.347200
28.627975	39.300000	394.598217
28.627084	39.325000	394.849233
28.626193	39.350000	395.100250
28.625302	39.375000	395.351267
28.624411	39.400000	395.602284
28.623520	39.425000	395.853300
28.622629	39.450000	396.104317
28.621738	39.475000	396.355334
28.620847	39.500000	396.606350
28.619956	39.525000	396.857367
28.619065	39.550000	397.108384
28.618173	39.575000	397.359400
28.617282	39.600000	397.610417
28.616391	39.625000	397.861434
28.615500	39.650000	398.112450
28.614609	39.675000	398.363467
28.613717	39.700000	398.614484
28.612826	39.725000	398.865500
28.611935	39.750000	399.116517
28.611043	39.775000	399.367534
28.610152	39.800000	399.618550
28.609261	39.825000	399.869567
28.608369	39.850000	400.120584
28.607478	39.875000	400.371600
28.606586	39.900000	400.622617
28.605695	39.925000	400.873634
28.604803	39.950000	401.124650
28.603912	39.975000	401.375667
28.603020	40.000000	401.626684
28.602129	40.025000	401.877700
28.601237	40.050000	402.128717
28.600345	40.075000	402.379734
28.599454	40.100000	402.630750
28.598562	40.125000	402.881767
28.597670	40.150000	403.132784
28.596779	40.175000	403.383801
28.595887	40.200000	403.634817
28.594995	40.225000	403.885834
28.594103	40.250000	404.136851
28.593212	40.275000	404.387867
28.592320	40.300000	404.638884
28.591428	40.325000	404.889901
28.590536	40.350000	405.140917
28.589644	40.375000	405.391934
28.588752	40.400000	405.642951
28.587860	40.425000	405.893967
28.586968	40.450000	406.144984
28.586076	40.475000	406.396001
28.585184	40.500000	406.647017
28.584292	40.525000	406.898034
28.583400	40.550000	407.149051
28.582508	40.575000	407.400067
28.581616	40.600000	407.651084
28.580724	40.625000	407.902101
28.579831	40.650000	408.153117
28.578939	40.675000	408.404134
28.578047	40.700000	408.655151
28.577155	40.725000	408.906167
28.576262	40.750000	409.157184
28.575370	40.775000	409.408201
28.574478	40.800000	409.659217
28.573586	40.825000	409.910234
28.572693	40.850000	410.161251
28.571801	40.875000	410.412267
28.570908	40.900000	410.663284
28.570016	40.925000	410.914301
28.569123	40.950000	411.165318
28.568231	40.975000	411.416334
28.567338	41.000000	411.667351
28.566446	41.025000	411.918368
28.565553	41.050000	412.169384
28.564661	41.075000	412.420401
28.563768	41.100000	412.671418
28.562875	41.125000	412.922434
28.561983	41.150000	413.173451
28.561090	41.175000	413.424468
28.560197	41.200000	413.675484
28.559305	41.225000	413.926501
28.558412	41.250000	414.177518
28.557519	41.275000	414.428534
28.556626	41.300000	414.679551
28.555733	41.325000	414.930568
28.554841	41.350000	415.181584
28.553948	41.375000	415.432601
28.553055	41.400000	415.683618
28.552162	41.425000	415.934634
28.551269	41.450000	416.185651
28.550376	41.475000	416.436668
28.549483	41.500000	416.687684
28.548590	41.525000	416.938701
28.547697	41.550000	417.189718
28.546804	41.575000	417.440734
28.545911	41.600000	417.691751
28.545018	41.625000	417.942768
28.544124	41.650000	418.193784
28.543231	41.675000	418.444801
28.542338	41.700000	418.695818
28.541445	41.725000	418.946835
28.540552	41.750000	419.197851
28.539658	41.775000	419.448868
28.538765	41.800000	419.699885
28.537872	41.825000	419.950901
28.536978	41.850000	420.201918
28.536085	41.875000	420.452935
28.535192	41.900000	420.703951
28.534298	41.925000	420.954968
28.533405	41.950000	421.205985
28.532511	41.975000	421.457001
28.531618	42.000000	421.708018
28.530724	42.025000	421.959035
28.529831	42.050000	422.210051
28.528937	42.075000	422.461068
28.528044	42.100000	422.712085
28.527150	42.125000	422.963101
28.526256	42.150000	423.214118
28.525363	42.175000	423.465135
28.524469	42.200000	423.716151
28.523575	42.225000	423.967168
28.522682	42.250000	424.218185
28.521788	42.275000	424.469201
28.520894	42.300000	424.720218
28.520000	42.325000	424.971235
28.519106	42.350000	425.222251
28.518213	42.375000	425.473268
28.517319	42.400000	425.724285
28.516425	42.425000	425.975301
28.515531	42.450000	426.226318
28.514637	42.475000	426.477335
28.513743	42.500000	426.728352
28.512849	42.525000	426.979368
28.511955	42.550000	427.230385
28.511061	42.575000	427.481402
28.510167	42.600000	427.732418
28.509273	42.625000	427.983435
28.508379	42.650000	428.234452
28.507484	42.675000	428.485468
28.506590	42.700000	428.736485
28.505696	42.725000	428.987502
28.504802	42.750000	429.238518
28.503908	42.775000	429.489535
28.503013	42.800000	429.740552
28.502119	42.825000	429.991568
28.501225	42.850000	430.242585
28.500330	42.875000	430.493602
28.499436	42.900000	430.744618
28.498542	42.925000	430.995635
28.497647	42.950000	431.246652
28.496753	42.975000	431.497668
28.495858	43.000000	431.748685
28.494964	43.025000	431.999702
28.494069	43.050000	432.250718
28.493175	43.075000	432.501735
28.492280	43.100000	432.752752
28.491386	43.125000	433.003768
28.490491	43.150000	433.254785
28.489596	43.175000	433.505802
28.488702	43.200000	433.756818
28.487807	43.225000	434.007835
28.486912	43.250000	434.258852
28.486018	43.275000	434.509869
28.485123	43.300000	434.760885
28.484228	43.325000	435.011902
28.483333	43.350000	435.262919
28.482438	43.375000	435.513935
28.481544	43.400000	435.764952
28.480649	43.425000	436.015969
28.479754	43.450000	436.266985
28.478859	43.475000	436.518002
28.477964	43.500000	436.769019
28.477069	43.525000	437.020035
28.476174	43.550000	437.271052
28.475279	43.575000	437.522069
28.474384	43.600000	437.773085
28.473489	43.625000	438.024102
28.472594	43.650000	438.275119
28.471699	43.675000	438.526135
28.470803	43.700000	438.777152
28.469908	43.725000	439.028169
28.469013	43.750000	439.279185
28.468118	43.775000	439.530202
28.467223	43.800000	439.781219
28.466327	43.825000	440.032235
28.465432	43.850000	440.283252
28.464537	43.875000	440.534269
28.463641	43.900000	440.785285
28.462746	43.925000	441.036302
28.461851	43.950000	441.287319
28.460955	43.975000	441.538335
28.460060	44.000000	441.789352
28.459164	44.025000	442.040369
28.458269	44.050000	442.291386
28.457373	44.075000	442.542402
28.456478	44.100000	442.793419
28.455582	44.125000	443.044436
28.454687	44.150000	443.295452
28.453791	44.175000	443.546469
28.452895	44.200000	443.797486
28.452000	44.225000	444.048502
28.451104	44.250000	444.299519
28.450208	44.275000	444.550536
28.449313	44.300000	444.801552
28.448417	44.325000	445.052569
28.447521	44.350000	445.303586
28.446625	44.375000	445.554602
28.445729	44.400000	445.805619
28.444834	44.425000	446.056636
28.443938	44.450000	446.307652
28.443042	44.475000	446.558669
28.442146	44.500000	446.809686
28.441250	44.525000	447.060702
28.440354	44.550000	447.311719
28.439458	44.575000	447.562736
28.438562	44.600000	447.813752
28.437666	44.625000	448.064769
28.436770	44.650000	448.315786
28.435874	44.675000	448.566802
28.434978	44.700000	448.817819
28.434081	44.725000	449.068836
28.433185	44.750000	449.319852
28.432289	44.775000	449.570869
28.431393	44.800000	449.821886
28.430497	44.825000	450.072903
28.429600	44.850000	450.323919
28.428704	44.875000	450.574936
28.427808	44.900000	450.825953
28.426911	44.925000	451.076969
28.426015	44.950000	451.327986
28.425119	44.975000	451.579003
28.424222	45.000000	451.830019
28.423326	45.025000	452.081036
28.422429	45.050000	452.332053
28.421533	45.075000	452.583069
28.420636	45.100000	452.834086
28.419740	45.125000	453.085103
28.418843	45.150000	453.336119
28.417947	45.175000	453.587136
28.417050	45.200000	453.838153
28.416153	45.225000	454.089169
28.415257	45.250000	454.340186
28.414360	45.275000	454.591203
28.413463	45.300000	454.842219
28.412567	45.325000	455.093236
28.411670	45.350000	455.344253
28.410773	45.375000	455.595269
28.409876	45.400000	455.846286
28.408979	45.425000	456.097303
28.408083	45.450000	456.348319
28.407186	45.475000	456.599336
28.406289	45.500000	456.850353
28.405392	45.525000	457.101369
28.404495	45.550000	457.352386
28.403598	45.575000	457.603403
28.402701	45.600000	457.854420
28.401804	45.625000	458.105436
28.400907	45.650000	458.356453
28.400010	45.675000	458.607470
28.399113	45.700000	458.858486
28.398215	45.725000	459.109503
28.397318	45.750000	459.360520
28.396421	45.775000	459.611536
28.395524	45.800000	459.862553
28.394627	45.825000	460.113570
28.393729	45.850000	460.364586
28.392832	45.875000	460.615603
28.391935	45.900000	460.866620
28.391037	45.925000	461.117636
28.390140	45.950000	461.368653
28.389243	45.975000	461.619670
28.388345	46.000000	461.870686
28.387448	46.025000	462.121703
28.386550	46.050000	462.372720
28.385653	46.075000	462.623736
28.384756	46.100000	462.874753
28.383858	46.125000	463.125770
28.382960	46.150000	463.376786
28.382063	46.175000	463.627803
28.381165	46.200000	463.878820
28.380268	46.225000	464.129836
28.379370	46.250000	464.380853
28.378472	46.275000	464.631870
28.377575	46.300000	464.882886
28.376677	46.325000	465.133903
28.375779	46.350000	465.384920
28.374881	46.375000	465.635937
28.373984	46.400000	465.886953
28.373086	46.425000	466.137970
28.372188	46.450000	466.388987
28.371290	46.475000	466.640003
28.370392	46.500000	466.891020
28.369494	46.525000	467.142037
28.368596	46.550000	467.393053
28.367698	46.575000	467.644070
28.366800	46.600000	467.895087
28.365902	46.625000	468.146103
28.365004	46.650000	468.397120
28.364106	46.675000	468.648137
28.363208	46.700000	468.899153
28.362310	46.725000	469.150170
28.361412	46.750000	469.401187
28.360514	46.775000	469.652203
28.359616	46.800000	469.903220
28.358717	46.825000	470.154237
28.357819	46.850000	470.405253
28.356921	46.875000	470.656270
28.356023	46.900000	470.907287
28.355124	46.925000	471.158303
28.354226	46.950000	471.409320
28.353327	46.975000	471.660337
28.352429	47.000000	471.911353
28.351531	47.025000	472.162370
28.350632	47.050000	472.413387
28.349734	47.075000	472.664403
28.348835	47.100000	472.915420
28.347937	47.125000	473.166437
28.347038	47.150000	473.417453
28.346140	47.175000	473.668470
28.345241	47.200000	473.919487
28.344342	47.225000	474.170504
28.343444	47.250000	474.421520
28.342545	47.275000	474.672537
28.341647	47.300000	474.923554
28.340748	47.325000	475.174570
28.339849	47.350000	475.425587
28.338950	47.375000	475.676604
28.338052	47.400000	475.927620
28.337153	47.425000	476.178637
28.336254	47.450000	476.429654
28.335355	47.475000	476.680670
28.334456	47.500000	476.931687
28.333557	47.525000	477.182704
28.332658	47.550000	477.433720
28.331759	47.575000	477.684737
28.330860	47.600000	477.935754
28.329961	47.625000	478.186770
28.329062	47.650000	478.437787
28.328163	47.675000	478.688804
28.327264	47.700000	478.939820
28.326365	47.725000	479.190837
28.325466	47.750000	479.441854
28.324567	47.775000	479.692870
28.323668	47.800000	479.943887
28.322768	47.825000	480.194904
28.321869	47.850000	480.445920
28.320970	47.875000	480.696937
28.320071	47.900000	480.947954
28.319171	47.925000	481.198970
28.318272	47.950000	481.449987
28.317373	47.975000	481.701004
28.316473	48.000000	481.952021
28.315574	48.025000	482.203037
28.314674	48.050000	482.454054
28.313775	48.075000	482.705071
28.312876	48.100000	482.956087
28.311976	48.125000	483.207104
28.311076	48.150000	483.458121
28.310177	48.175000	483.709137
28.309277	48.200000	483.960154
28.308378	48.225000	484.211171
28.307478	48.250000	484.462187
28.306578	48.275000	484.713204
28.305679	48.300000	484.964221
28.304779	48.325000	485.215237
28.303879	48.350000	485.466254
28.302980	48.375000	485.717271
28.302080	48.400000	485.968287
28.301180	48.425000	486.219304
28.300280	48.450000	486.470321
28.299380	48.475000	486.721337
28.298481	48.500000	486.972354
28.297581	48.525000	487.223371
28.296681	48.550000	487.474387
28.295781	48.575000	487.725404
28.294881	48.600000	487.976421
28.293981	48.625000	488.227437
28.293081	48.650000	488.478454
28.292181	48.675000	488.729471
28.291281	48.700000	488.980487
28.290381	48.725000	489.231504
28.289480	48.750000	489.482521
28.288580	48.775000	489.733538
28.287680	48.800000	489.984554
28.286780	48.825000	490.235571
28.285880	48.850000	490.486588
28.284979	48.875000	490.737604
28.284079	48.900000	490.988621
28.283179	48.925000	491.239638
28.282279	48.950000	491.490654
28.281378	48.975000	491.741671
28.280478	49.000000	491.992688
28.279577	49.025000	492.243704
28.278677	49.050000	492.494721
28.277777	49.075000	492.745738
28.276876	49.100000	492.996754
28.275976	49.125000	493.247771
28.275075	49.150000	493.498788
28.274174	49.175000	493.749804
28.273274	49.200000	494.000821
28.272373	49.225000	494.251838
28.271473	49.250000	494.502854
28.270572	49.275000	494.753871
28.269671	49.300000	495.004888
28.268771	49.325000	495.255904
28.267870	49.350000	495.506921
28.266969	49.375000	495.757938
28.266068	49.400000	496.008954
28.265168	49.425000	496.259971
28.264267	49.450000	496.510988
28.263366	49.475000	496.762004
28.262465	49.500000	497.013021
28.261564	49.525000	497.264038
28.260663	49.550000	497.515055
28.259762	49.575000	497.766071
28.258861	49.600000	498.017088
28.257960	49.625000	498.268105
28.257059	49.650000	498.519121
28.256158	49.675000	498.770138
28.255257	49.700000	499.021155
28.254356	49.725000	499.272171
28.253455	49.750000	499.523188
28.252554	49.775000	499.774205
28.251653	49.800000	500.025221
28.250752	49.825000	500.276238
28.249850	49.850000	500.527255
28.248949	49.875000	500.778271
28.248048	49.900000	501.029288
28.247146	49.925000	501.280305
28.246245	49.950000	501.531321
28.245344	49.975000	501.782338
28.244442	50.000000	502.033355
28.243541	50.025000	502.284371
28.242640	50.050000	502.535388
28.241738	50.075000	502.786405
28.240837	50.100000	503.037421
28.239935	50.125000	503.288438
28.239034	50.150000	503.539455
28.238132	50.175000	503.790471
28.237231	50.200000	504.041488
28.236329	50.225000	504.292505
28.235427	50.250000	504.543521
28.234526	50.275000	504.794538
28.233624	50.300000	505.045555
28.232722	50.325000	505.296572
28.231821	50.350000	505.547588
28.230919	50.375000	505.798605
28.230017	50.400000	506.049622
28.229115	50.425000	506.300638
28.228214	50.450000	506.551655
28.227312	50.475000	506.802672
28.226410	50.500000	507.053688
28.225508	50.525000	507.304705
28.224606	50.550000	507.555722
28.223704	50.575000	507.806738
28.222802	50.600000	508.057755
28.221900	50.625000	508.308772
28.220998	50.650000	508.559788
28.220096	50.675000	508.810805
28.219194	50.700000	509.061822
28.218292	50.725000	509.312838
28.217390	50.750000	509.563855
28.216488	50.775000	509.814872
28.215585	50.800000	510.065888
28.214683	50.825000	510.316905
28.213781	50.850000	510.567922
28.212879	50.875000	510.818938
28.211976	50.900000	511.069955
28.211074	50.925000	511.320972
28.210172	50.950000	511.571988
28.209270	50.975000	511.823005
28.208367	51.000000	512.074022
28.207465	51.025000	512.325038
28.206562	51.050000	512.576055
28.205660	51.075000	512.827072
28.204757	51.100000	513.078089
28.203855	51.125000	513.329105
28.202952	51.150000	513.580122
28.202050	51.175000	513.831139
28.201147	51.200000	514.082155
28.200245	51.225000	514.333172
28.199342	51.250000	514.584189
28.198439	51.275000	514.835205
28.197537	51.300000	515.086222
28.196634	51.325000	515.337239
28.195731	51.350000	515.588255
28.194829	51.375000	515.839272
28.193926	51.400000	516.090289
28.193023	51.425000	516.341305
28.192120	51.450000	516.592322
28.191217	51.475000	516.843339
28.190314	51.500000	517.094355
28.189412	51.525000	517.345372
28.188509	51.550000	517.596389
28.187606	51.575000	517.847405
28.186703	51.600000	518.098422
28.185800	51.625000	518.349439
28.184897	51.650000	518.600455
28.183994	51.675000	518.851472
28.183091	51.700000	519.102489
28.182188	51.725000	519.353505
28.181284	51.750000	519.604522
28.180381	51.775000	519.855539
28.179478	51.800000	520.106555
28.178575	51.825000	520.357572
28.177672	51.850000	520.608589
28.176768	51.875000	520.859606
28.175865	51.900000	521.110622
28.174962	51.925000	521.361639
28.174058	51.950000	521.612656
28.173155	51.975000	521.863672
28.172252	52.000000	522.114689
28.171348	52.025000	522.365706
28.170445	52.050000	522.616722
28.169541	52.075000	522.867739
28.168638	52.100000	523.118756
28.167735	52.125000	523.369772
28.166831	52.150000	523.620789
28.165927	52.175000	523.871806
28.165024	52.200000	524.122822
28.164120	52.225000	524.373839
28.163217	52.250000	524.624856
28.162313	52.275000	524.875872
28.161409	52.300000	525.126889
28.160506	52.325000	525.377906
28.159602	52.350000	525.628922
28.158698	52.375000	525.879939
28.157794	52.400000	526.130956
28.156891	52.425000	526.381972
28.155987	52.450000	526.632989
28.155083	52.475000	526.884006
28.154179	52.500000	527.135022
28.153275	52.525000	527.386039
28.152371	52.550000	527.637056
28.151467	52.575000	527.888072
28.150563	52.600000	528.139089
28.149659	52.625000	528.390106
28.148755	52.650000	528.641123
28.147851	52.675000	528.892139
28.146947	52.700000	529.143156
28.146043	52.725000	529.394173
28.145139	52.750000	529.645189
28.144235	52.775000	529.896206
28.143330	52.800000	530.147223
28.142426	52.825000	530.398239
28.141522	52.850000	530.649256
28.140618	52.875000	530.900273
28.139713	52.900000	531.151289
28.138809	52.925000	531.402306
28.137905	52.950000	531.653323
28.137000	52.975000	531.904339
28.136096	53.000000	532.155356
28.135192	53.025000	532.406373
28.134287	53.050000	532.657389
28.133383	53.075000	532.908406
28.132478	53.100000	533.159423
28.131574	53.125000	533.410439
28.130669	53.150000	533.661456
28.129765	53.175000	533.912473
28.128860	53.200000	534.163489
28.127956	53.225000	534.414506
28.127051	53.250000	534.665523
28.126146	53.275000	534.916539
28.125242	53.300000	535.167556
28.124337	53.325000	535.418573
28.123432	53.350000	535.669589
28.122527	53.375000	535.920606
28.121623	53.400000	536.171623
28.120718	53.425000	536.422640
28.119813	53.450000	536.673656
28.118908	53.475000	536.924673
28.118003	53.500000	537.175690
28.117098	53.525000	537.426706
28.116193	53.550000	537.677723
28.115288	53.575000	537.928740
28.114383	53.600000	538.179756
28.113478	53.625000	538.430773
28.112573	53.650000	538.681790
28.111668	53.675000	538.932806
28.110763	53.700000	539.183823
28.109858	53.725000	539.434840
28.108953	53.750000	539.685856
28.108048	53.775000	539.936873
28.107143	53.800000	540.187890
28.106237	53.825000	540.438906
28.105332	53.850000	540.689923
28.104427	53.875000	540.940940
28.103521	53.900000	541.191956
28.102616	53.925000	541.442973
28.101711	53.950000	541.693990
28.100805	53.975000	541.945006
28.099900	54.000000	542.196023
28.098995	54.025000	542.447040
28.098089	54.050000	542.698056
28.097184	54.075000	542.949073
28.096278	54.100000	543.200090
28.095373	54.125000	543.451106
28.094467	54.150000	543.702123
28.093562	54.175000	543.953140
28.092656	54.200000	544.204157
28.091750	54.225000	544.455173
28.090845	54.250000	544.706190
28.089939	54.275000	544.957207
28.089033	54.300000	545.208223
28.088128	54.325000	545.459240
28.087222	54.350000	545.710257
28.086316	54.375000	545.961273
28.085410	54.400000	546.212290
28.084504	54.425000	546.463307
28.083599	54.450000	546.714323
28.082693	54.475000	546.965340
28.081787	54.500000	547.216357
28.080881	54.525000	547.467373
28.079975	54.550000	547.718390
28.079069	54.575000	547.969407
28.078163	54.600000	548.220423
28.077257	54.625000	548.471440
28.076351	54.650000	548.722457
28.075445	54.675000	548.973473
28.074539	54.700000	549.224490
28.073633	54.725000	549.475507
28.072726	54.750000	549.726523
28.071820	54.775000	549.977540
28.070914	54.800000	550.228557
28.070008	54.825000	550.479573
28.069102	54.850000	550.730590
28.068195	54.875000	550.981607
28.067289	54.900000	551.232623
28.066383	54.925000	551.483640
28.065476	54.950000	551.734657
28.064570	54.975000	551.985674
28.063663	55.000000	552.236690
28.062757	55.025000	552.487707
28.061851	55.050000	552.738724
28.060944	55.075000	552.989740
28.060038	55.100000	553.240757
28.059131	55.125000	553.491774
28.058224	55.150000	553.742790
28.057318	55.175000	553.993807
28.056411	55.200000	554.244824
28.055505	55.225000	554.495840
28.054598	55.250000	554.746857
28.053691	55.275000	554.997874
28.052785	55.300000	555.248890
28.051878	55.325000	555.499907
28.050971	55.350000	555.750924
28.050064	55.375000	556.001940
28.049157	55.400000	556.252957
28.048251	55.425000	556.503974
28.047344	55.450000	556.754990
28.046437	55.475000	557.006007
28.045530	55.500000	557.257024
28.044623	55.525000	557.508040
28.043716	55.550000	557.759057
28.042809	55.575000	558.010074
28.041902	55.600000	558.261090
28.040995	55.625000	558.512107
28.040088	55.650000	558.763124
28.039181	55.675000	559.014140
28.038274	55.700000	559.265157
28.037367	55.725000	559.516174
28.036459	55.750000	559.767191
28.035552	55.775000	560.018207
28.034645	55.800000	560.269224
28.033738	55.825000	560.520241
28.032830	55.850000	560.771257
28.031923	55.875000	561.022274
28.031016	55.900000	561.273291
28.030108	55.925000	561.524307
28.029201	55.950000	561.775324
28.028294	55.975000	562.026341
28.027386	56.000000	562.277357
28.026479	56.025000	562.528374
28.025571	56.050000	562.779391
28.024664	56.075000	563.030407
28.023756	56.100000	563.281424
28.022849	56.125000	563.532441
28.021941	56.150000	563.783457
28.021033	56.175000	564.034474
28.020126	56.200000	564.285491
28.019218	56.225000	564.536507
28.018311	56.250000	564.787524
28.017403	56.275000	565.038541
28.016495	56.300000	565.289557
28.015587	56.325000	565.540574
28.014680	56.350000	565.791591
28.013772	56.375000	566.042607
28.012864	56.400000	566.293624
28.011956	56.425000	566.544641
28.011048	56.450000	566.795657
28.010140	56.475000	567.046674
28.009232	56.500000	567.297691
28.008324	56.525000	567.548708
28.007416	56.550000	567.799724
28.006508	56.575000	568.050741
28.005600	56.600000	568.301758
28.004692	56.625000	568.552774
28.003784	56.650000	568.803791
28.002876	56.675000	569.054808
28.001968	56.700000	569.305824
28.001060	56.725000	569.556841
28.000151	56.750000	569.807858
27.999243	56.775000	570.058874
27.998335	56.800000	570.309891
27.997427	56.825000	570.560908
27.996518	56.850000	570.811924
27.995610	56.875000	571.062941
27.994702	56.900000	571.313958
27.993793	56.925000	571.564974
27.992885	56.950000	571.815991
27.991977	56.975000	572.067008
27.991068	57.000000	572.318024
27.990160	57.025000	572.569041
27.989251	57.050000	572.820058
27.988343	57.075000	573.071074
27.987434	57.100000	573.322091
27.986525	57.125000	573.573108
27.985617	57.150000	573.824124
27.984708	57.175000	574.075141
27.983800	57.200000	574.326158
27.982891	57.225000	574.577174
27.981982	57.250000	574.828191
27.981073	57.275000	575.079208
27.980165	57.300000	575.330225
27.979256	57.325000	575.581241
27.978347	57.350000	575.832258
27.977438	57.375000	576.083275
27.976529	57.400000	576.334291
27.975621	57.425000	576.585308
27.974712	57.450000	576.836325
27.973803	57.475000	577.087341
27.972894	57.500000	577.338358
27.971985	57.525000	577.589375
27.971076	57.550000	577.840391
27.970167	57.575000	578.091408
27.969258	57.600000	578.342425
27.968349	57.625000	578.593441
27.967439	57.650000	578.844458
27.966530	57.675000	579.095475
27.965621	57.700000	579.346491
27.964712	57.725000	579.597508
27.963803	57.750000	579.848525
27.962893	57.775000	580.099541
27.961984	57.800000	580.350558
27.961075	57.825000	580.601575
27.960166	57.850000	580.852591
27.959256	57.875000	581.103608
27.958347	57.900000	581.354625
27.957437	57.925000	581.605641
27.956528	57.950000	581.856658
27.955619	57.975000	582.107675
27.954709	58.000000	582.358691
27.953800	58.025000	582.609708
27.952890	58.050000	582.860725
27.951980	58.075000	583.111742
27.951071	58.100000	583.362758
27.950161	58.125000	583.613775
27.949252	58.150000	583.864792
27.948342	58.175000	584.115808
27.947432	58.200000	584.366825
27.946523	58.225000	584.617842
27.945613	58.250000	584.868858
27.944703	58.275000	585.119875
27.943793	58.300000	585.370892
27.942883	58.325000	585.621908
27.941974	58.350000	585.872925
27.941064	58.375000	586.123942
27.940154	58.400000	586.374958
27.939244	58.425000	586.625975
27.938334	58.450000	586.876992
27.937424	58.475000	587.128008
27.936514	58.500000	587.379025
27.935604	58.525000	587.630042
27.934694	58.550000	587.881058
27.933784	58.575000	588.132075
27.932874	58.600000	588.383092
27.931964	58.625000	588.634108
27.931054	58.650000	588.885125
27.930143	58.675000	589.136142
27.929233	58.700000	589.387158
27.928323	58.725000	589.638175
27.927413	58.750000	589.889192
27.926502	58.775000	590.140208
27.925592	58.800000	590.391225
27.924682	58.825000	590.642242
27.923771	58.850000	590.893259
27.922861	58.875000	591.144275
27.921951	58.900000	591.395292
27.921040	58.925000	591.646309
27.920130	58.950000	591.897325
27.919219	58.975000	592.148342
27.918309	59.000000	592.399359
27.917398	59.025000	592.650375
27.916488	59.050000	592.901392
27.915577	59.075000	593.152409
27.914667	59.100000	593.403425
27.913756	59.125000	593.654442
27.912845	59.150000	593.905459
27.911935	59.175000	594.156475
27.911024	59.200000	594.407492
27.910113	59.225000	594.658509
27.909202	59.250000	594.909525
27.908292	59.275000	595.160542
27.907381	59.300000	595.411559
27.906470	59.325000	595.662575
27.905559	59.350000	595.913592
27.904648	59.375000	596.164609
27.903737	59.400000	596.415625
27.902826	59.425000	596.666642
27.901915	59.450000	596.917659
27.901004	59.475000	597.168675
27.900093	59.500000	597.419692
27.899182	59.525000	597.670709
27.898271	59.550000	597.921725
27.897360	59.575000	598.172742
27.896449	59.600000	598.423759
27.895538	59.625000	598.674776
27.894627	59.650000	598.925792
27.893715	59.675000	599.176809
27.892804	59.700000	599.427826
27.891893	59.725000	599.678842
27.890982	59.750000	599.929859
27.890070	59.775000	600.180876
27.889159	59.800000	600.431892
27.888248	59.825000	600.682909
27.887336	59.850000	600.933926
27.886425	59.875000	601.184942
27.885513	59.900000	601.435959
27.884602	59.925000	601.686976
27.883690	59.950000	601.937992
27.882779	59.975000	602.189009
27.881867	60.000000	602.440026
27.880956	60.025000	602.691042
27.880044	60.050000	602.942059
27.879133	60.075000	603.193076
27.878221	60.100000	603.444092
27.877309	60.125000	603.695109
27.876398	60.150000	603.946126
27.875486	60.175000	604.197142
27.874574	60.200000	604.448159
27.873662	60.225000	604.699176
27.872751	60.250000	604.950192
27.871839	60.275000	605.201209
27.870927	60.300000	605.452226
27.870015	60.325000	605.703242
27.869103	60.350000	605.954259
27.868191	60.375000	606.205276
27.867279	60.400000	606.456292
27.866367	60.425000	606.707309
27.865455	60.450000	606.958326
27.864543	60.475000	607.209343
27.863631	60.500000	607.460359
27.862719	60.525000	607.711376
27.861807	60.550000	607.962393
27.860895	60.575000	608.213409
27.859983	60.600000	608.464426
27.859070	60.625000	608.715443
27.858158	60.650000	608.966459
27.857246	60.675000	609.217476
27.856334	60.700000	609.468493
27.855421	60.725000	609.719509
27.854509	60.750000	609.970526
27.853597	60.775000	610.221543
27.852684	60.800000	610.472559
27.851772	60.825000	610.723576
27.850860	60.850000	610.974593
27.849947	60.875000	611.225609
27.849035	60.900000	611.476626
27.848122	60.925000	611.727643
27.847210	60.950000	611.978659
27.846297	60.975000	612.229676
27.845384	61.000000	612.480693
27.844472	61.025000	612.731709
27.843559	61.050000	612.982726
27.842647	61.075000	613.233743
27.841734	61.100000	613.484759
27.840821	61.125000	613.735776
27.839908	61.150000	613.986793
27.838996	61.175000	614.237809
27.838083	61.200000	614.488826
27.837170	61.225000	614.739843
27.836257	61.250000	614.990860
27.835344	61.275000	615.241876
27.834431	61.300000	615.492893
27.833519	61.325000	615.743910
27.832606	61.350000	615.994926
27.831693	61.375000	616.245943
27.830780	61.400000	616.496960
27.829867	61.425000	616.747976
27.828954	61.450000	616.998993
27.828041	61.475000	617.250010
27.827127	61.500000	617.501026
27.826214	61.525000	617.752043
27.825301	61.550000	618.003060
27.824388	61.575000	618.254076
27.823475	61.600000	618.505093
27.822562	61.625000	618.756110
27.821648	61.650000	619.007126
27.820735	61.675000	619.258143
27.819822	61.700000	619.509160
27.818908	61.725000	619.760176
27.817995	61.750000	620.011193
27.817082	61.775000	620.262210
27.816168	61.800000	620.513226
27.815255	61.825000	620.764243
27.814341	61.850000	621.015260
27.813428	61.875000	621.266276
27.812514	61.900000	621.517293
27.811601	61.925000	621.768310
27.810687	61.950000	622.019326
27.809774	61.975000	622.270343
27.808860	62.000000	622.521360
27.807946	62.025000	622.772377
27.807033	62.050000	623.023393
27.806119	62.075000	623.274410
27.805205	62.100000	623.525427
27.804291	62.125000	623.776443
27.803378	62.150000	624.027460
27.802464	62.175000	624.278477
27.801550	62.200000	624.529493
27.800636	62.225000	624.780510
27.799722	62.250000	625.031527
27.798808	62.275000	625.282543
27.797894	62.300000	625.533560
27.796981	62.325000	625.784577
27.796067	62.350000	626.035593
27.795153	62.375000	626.286610
27.794239	62.400000	626.537627
27.793324	62.425000	626.788643
27.792410	62.450000	627.039660
27.791496	62.475000	627.290677
27.790582	62.500000	627.541693
27.789668	62.525000	627.792710
27.788754	62.550000	628.043727
27.787840	62.575000	628.294743
27.786925	62.600000	628.545760
27.786011	62.625000	628.796777
27.785097	62.650000	629.047793
27.784182	62.675000	629.298810
27.783268	62.700000	629.549827
27.782354	62.725000	629.800843
27.781439	62.750000	630.051860
27.780525	62.775000	630.302877
27.779610	62.800000	630.553894
27.778696	62.825000	630.804910
27.777781	62.850000	631.055927
27.776867	62.875000	631.306944
27.775952	62.900000	631.557960
27.775038	62.925000	631.808977
27.774123	62.950000	632.059994
27.773208	62.975000	632.311010
27.772294	63.000000	632.562027
27.771379	63.025000	632.813044
27.770464	63.050000	633.064060
27.769550	63.075000	633.315077
27.768635	63.100000	633.566094
27.767720	63.125000	633.817110
27.766805	63.150000	634.068127
27.765890	63.175000	634.319144
27.764976	63.200000	634.570160
27.764061	63.225000	634.821177
27.763146	63.250000	635.072194
27.762231	63.275000	635.323210
27.761316	63.300000	635.574227
27.760401	63.325000	635.825244
27.759486	63.350000	636.076260
27.758571	63.375000	636.327277
27.757656	63.400000	636.578294
27.756740	63.425000	636.829310
27.755825	63.450000	637.080327
27.754910	63.475000	637.331344
27.753995	63.500000	637.582360
27.753080	63.525000	637.833377
27.752165	63.550000	638.084394
27.751249	63.575000	638.335411
27.750334	63.600000	638.586427
27.749419	63.625000	638.837444
27.748503	63.650000	639.088461
27.747588	63.675000	639.339477
27.746673	63.700000	639.590494
27.745757	63.725000	639.841511
27.744842	63.750000	640.092527
27.743926	63.775000	640.343544
27.743011	63.800000	640.594561
27.742095	63.825000	640.845577
27.741180	63.850000	641.096594
27.740264	63.875000	641.347611
27.739348	63.900000	641.598627
27.738433	63.925000	641.849644
27.737517	63.950000	642.100661
27.736601	63.975000	642.351677
27.735686	64.000000	642.602694
27.734770	64.025000	642.853711
27.733854	64.050000	643.104727
27.732938	64.075000	643.355744
27.732023	64.100000	643.606761
27.731107	64.125000	643.857777
27.730191	64.150000	644.108794
27.729275	64.175000	644.359811
27.728359	64.200000	644.610827
27.727443	64.225000	644.861844
27.726527	64.250000	645.112861
27.725611	64.275000	645.363877
27.724695	64.300000	645.614894
27.723779	64.325000	645.865911
27.722863	64.350000	646.116928
27.721947	64.375000	646.367944
27.721031	64.400000	646.618961
27.720115	64.425000	646.869978
27.719198	64.450000	647.120994
27.718282	64.475000	647.372011
27.717366	64.500000	647.623028
27.716450	64.525000	647.874044
27.715533	64.550000	648.125061
27.714617	64.575000	648.376078
27.713701	64.600000	648.627094
27.712784	64.625000	648.878111
27.711868	64.650000	649.129128
27.710951	64.675000	649.380144
27.710035	64.700000	649.631161
27.709119	64.725000	649.882178
27.708202	64.750000	650.133194
27.707286	64.775000	650.384211
27.706369	64.800000	650.635228
27.705452	64.825000	650.886244
27.704536	64.850000	651.137261
27.703619	64.875000	651.388278
27.702702	64.900000	651.639294
27.701786	64.925000	651.890311
27.700869	64.950000	652.141328
27.699952	64.975000	652.392344
27.699036	65.000000	652.643361
27.698119	65.025000	652.894378
27.697202	65.050000	653.145394
27.696285	65.075000	653.396411
27.695368	65.100000	653.647428
27.694451	65.125000	653.898445
27.693534	65.150000	654.149461
27.692617	65.175000	654.400478
27.691700	65.200000	654.651495
27.690783	65.225000	654.902511
27.689866	65.250000	655.153528
27.688949	65.275000	655.404545
27.688032	65.300000	655.655561
27.687115	65.325000	655.906578
27.686198	65.350000	656.157595
27.685281	65.375000	656.408611
27.684364	65.400000	656.659628
27.683446	65.425000	656.910645
27.682529	65.450000	657.161661
27.681612	65.475000	657.412678
27.680695	65.500000	657.663695
27.679777	65.525000	657.914711
27.678860	65.550000	658.165728
27.677943	65.575000	658.416745
27.677025	65.600000	658.667761
27.676108	65.625000	658.918778
27.675190	65.650000	659.169795
27.674273	65.675000	659.420811
27.673355	65.700000	659.671828
27.672438	65.725000	659.922845
27.671520	65.750000	660.173861
27.670603	65.775000	660.424878
27.669685	65.800000	660.675895
27.668767	65.825000	660.926911
27.667850	65.850000	661.177928
27.666932	65.875000	661.428945
27.666014	65.900000	661.679962
27.665097	65.925000	661.930978
27.664179	65.950000	662.181995
27.663261	65.975000	662.433012
27.662343	66.000000	662.684028
27.661425	66.025000	662.935045
27.660508	66.050000	663.186062
27.659590	66.075000	663.437078
27.658672	66.100000	663.688095
27.657754	66.125000	663.939112
27.656836	66.150000	664.190128
27.655918	66.175000	664.441145
27.655000	66.200000	664.692162
27.654082	66.225000	664.943178
27.653164	66.250000	665.194195
27.652245	66.275000	665.445212
27.651327	66.300000	665.696228
27.650409	66.325000	665.947245
27.649491	66.350000	666.198262
27.648573	66.375000	666.449278
27.647654	66.400000	666.700295
27.646736	66.425000	666.951312
27.645818	66.450000	667.202328
27.644900	66.475000	667.453345
27.643981	66.500000	667.704362
27.643063	66.525000	667.955378
27.642144	66.550000	668.206395
27.641226	66.575000	668.457412
27.640308	66.600000	668.708428
27.639389	66.625000	668.959445
27.638471	66.650000	669.210462
27.637552	66.675000	669.461479
27.636633	66.700000	669.712495
27.635715	66.725000	669.963512
27.634796	66.750000	670.214529
27.633878	66.775000	670.465545
27.632959	66.800000	670.716562
27.632040	66.825000	670.967579
27.631122	66.850000	671.218595
27.630203	66.875000	671.469612
27.629284	66.900000	671.720629
27.628365	66.925000	671.971645
27.627446	66.950000	672.222662
27.626527	66.975000	672.473679
27.625609	67.000000	672.724695
27.624690	67.025000	672.975712
27.623771	67.050000	673.226729
27.622852	67.075000	673.477745
27.621933	67.100000	673.728762
27.621014	67.125000	673.979779
27.620095	67.150000	674.230795
27.619176	67.175000	674.481812
27.618257	67.200000	674.732829
27.617337	67.225000	674.983845
27.616418	67.250000	675.234862
27.615499	67.275000	675.485879
27.614580	67.300000	675.736895
27.613661	67.325000	675.987912
27.612741	67.350000	676.238929
27.611822	67.375000	676.489945
27.610903	67.400000	676.740962
27.609984	67.425000	676.991979
27.609064	67.450000	677.242996
27.608145	67.475000	677.494012
27.607225	67.500000	677.745029
27.606306	67.525000	677.996046
27.605386	67.550000	678.247062
27.604467	67.575000	678.498079
27.603547	67.600000	678.749096
27.602628	67.625000	679.000112
27.601708	67.650000	679.251129
27.600789	67.675000	679.502146
27.599869	67.700000	679.753162
27.598949	67.725000	680.004179
27.598030	67.750000	680.255196
27.597110	67.775000	680.506212
27.596190	67.800000	680.757229
27.595271	67.825000	681.008246
27.594351	67.850000	681.259262
27.593431	67.875000	681.510279
27.592511	67.900000	681.761296
27.591591	67.925000	682.012312
27.590671	67.950000	682.263329
27.589751	67.975000	682.514346
27.588831	68.000000	682.765362
27.587911	68.025000	683.016379
27.586991	68.050000	683.267396
27.586071	68.075000	683.518412
27.585151	68.100000	683.769429
27.584231	68.125000	684.020446
27.583311	68.150000	684.271462
27.582391	68.175000	684.522479
27.581471	68.200000	684.773496
27.580551	68.225000	685.024513
27.579631	68.250000	685.275529
27.578710	68.275000	685.526546
27.577790	68.300000	685.777563
27.576870	68.325000	686.028579
27.575949	68.350000	686.279596
27.575029	68.375000	686.530613
27.574109	68.400000	686.781629
27.573188	68.425000	687.032646
27.572268	68.450000	687.283663
27.571347	68.475000	687.534679
27.570427	68.500000	687.785696
27.569506	68.525000	688.036713
27.568586	68.550000	688.287729
27.567665	68.575000	688.538746
27.566745	68.600000	688.789763
27.565824	68.625000	689.040779
27.564903	68.650000	689.291796
27.563983	68.675000	689.542813
27.563062	68.700000	689.793829
27.562141	68.725000	690.044846
27.561221	68.750000	690.295863
27.560300	68.775000	690.546879
27.559379	68.800000	690.797896
27.558458	68.825000	691.048913
27.557537	68.850000	691.299929
27.556616	68.875000	691.550946
27.555696	68.900000	691.801963
27.554775	68.925000	692.052979
27.553854	68.950000	692.303996
27.552933	68.975000	692.555013
27.552012	69.000000	692.806030
27.551091	69.025000	693.057046
27.550170	69.050000	693.308063
27.549248	69.075000	693.559080
27.548327	69.100000	693.810096
27.547406	69.125000	694.061113
27.546485	69.150000	694.312130
27.545564	69.175000	694.563146
27.544643	69.200000	694.814163
27.543721	69.225000	695.065180
27.542800	69.250000	695.316196
27.541879	69.275000	695.567213
27.540957	69.300000	695.818230
27.540036	69.325000	696.069246
27.539115	69.350000	696.320263
27.538193	69.375000	696.571280
27.537272	69.400000	696.822296
27.536350	69.425000	697.073313
27.535429	69.450000	697.324330
27.534507	69.475000	697.575346
27.533586	69.500000	697.826363
27.532664	69.525000	698.077380
27.531743	69.550000	698.328396
27.530821	69.575000	698.579413
27.529899	69.600000	698.830430
27.528978	69.625000	699.081446
27.528056	69.650000	699.332463
27.527134	69.675000	699.583480
27.526212	69.700000	699.834496
27.525291	69.725000	700.085513
27.524369	69.750000	700.336530
27.523447	69.775000	700.587547
27.522525	69.800000	700.838563
27.521603	69.825000	701.089580
27.520681	69.850000	701.340597
27.519759	69.875000	701.591613
27.518837	69.900000	701.842630
27.517915	69.925000	702.093647
27.516993	69.950000	702.344663
27.516071	69.975000	702.595680
27.515149	70.000000	702.846697
27.514227	70.025000	703.097713
27.513305	70.050000	703.348730
27.512383	70.075000	703.599747
27.511460	70.100000	703.850763
27.510538	70.125000	704.101780
27.509616	70.150000	704.352797
27.508694	70.175000	704.603813
27.507771	70.200000	704.854830
27.506849	70.225000	705.105847
27.505927	70.250000	705.356863
27.505004	70.275000	705.607880
27.504082	70.300000	705.858897
27.503159	70.325000	706.109913
27.502237	70.350000	706.360930
27.501314	70.375000	706.611947
27.500392	70.400000	706.862963
27.499469	70.425000	707.113980
27.498547	70.450000	707.364997
27.497624	70.475000	707.616013
27.496702	70.500000	707.867030
27.495779	70.525000	708.118047
27.494856	70.550000	708.369064
27.493934	70.575000	708.620080
27.493011	70.600000	708.871097
27.492088	70.625000	709.122114
27.491165	70.650000	709.373130
27.490242	70.675000	709.624147
27.489320	70.700000	709.875164
27.488397	70.725000	710.126180
27.487474	70.750000	710.377197
27.486551	70.775000	710.628214
27.485628	70.800000	710.879230
27.484705	70.825000	711.130247
27.483782	70.850000	711.381264
27.482859	70.875000	711.632280
27.481936	70.900000	711.883297
27.481013	70.925000	712.134314
27.480090	70.950000	712.385330
27.479167	70.975000	712.636347
27.478243	71.000000	712.887364
27.477320	71.025000	713.138380
27.476397	71.050000	713.389397
27.475474	71.075000	713.640414
27.474551	71.100000	713.891430
27.473627	71.125000	714.142447
27.472704	71.150000	714.393464
27.471781	71.175000	714.644480
27.470857	71.200000	714.895497
27.469934	71.225000	715.146514
27.469010	71.250000	715.397530
27.468087	71.275000	715.648547
27.467163	71.300000	715.899564
27.466240	71.325000	716.150581
27.465316	71.350000	716.401597
27.464393	71.375000	716.652614
27.463469	71.400000	716.903631
27.462546	71.425000	717.154647
27.461622	71.450000	717.405664
27.460698	71.475000	717.656681
27.459774	71.500000	717.907697
27.458851	71.525000	718.158714
27.457927	71.550000	718.409731
27.457003	71.575000	718.660747
27.456079	71.600000	718.911764
27.455156	71.625000	719.162781
27.454232	71.650000	719.413797
27.453308	71.675000	719.664814
27.452384	71.700000	719.915831
27.451460	71.725000	720.166847
27.450536	71.750000	720.417864
27.449612	71.775000	720.668881
27.448688	71.800000	720.919897
27.447764	71.825000	721.170914
27.446840	71.850000	721.421931
27.445916	71.875000	721.672947
27.444992	71.900000	721.923964
27.444067	71.925000	722.174981
27.443143	71.950000	722.425997
27.442219	71.975000	722.677014
27.441295	72.000000	722.928031
27.440370	72.025000	723.179047
27.439446	72.050000	723.430064
27.438522	72.075000	723.681081
27.437597	72.100000	723.932098
27.436673	72.125000	724.183114
27.435749	72.150000	724.434131
27.434824	72.175000	724.685148
27.433900	72.200000	724.936164
27.432975	72.225000	725.187181
27.432051	72.250000	725.438198
27.431126	72.275000	725.689214
27.430202	72.300000	725.940231
27.429277	72.325000	726.191248
27.428352	72.350000	726.442264
27.427428	72.375000	726.693281
27.426503	72.400000	726.944298
27.425578	72.425000	727.195314
27.424654	72.450000	727.446331
27.423729	72.475000	727.697348
27.422804	72.500000	727.948364
27.421879	72.525000	728.199381
27.420954	72.550000	728.450398
27.420030	72.575000	728.701414
27.419105	72.600000	728.952431
27.418180	72.625000	729.203448
27.417255	72.650000	729.454464
27.416330	72.675000	729.705481
27.415405	72.700000	729.956498
27.414480	72.725000	730.207514
27.413555	72.750000	730.458531
27.412630	72.775000	730.709548
27.411705	72.800000	730.960564
27.410779	72.825000	731.211581
27.409854	72.850000	731.462598
27.408929	72.875000	731.713615
27.408004	72.900000	731.964631
27.407079	72.925000	732.215648
27.406153	72.950000	732.466665
27.405228	72.975000	732.717681
27.404303	73.000000	732.968698
27.403377	73.025000	733.219715
27.402452	73.050000	733.470731
27.401527	73.075000	733.721748
27.400601	73.100000	733.972765
27.399676	73.125000	734.223781
27.398750	73.150000	734.474798
27.397825	73.175000	734.725815
27.396899	73.200000	734.976831
27.395973	73.225000	735.227848
27.395048	73.250000	735.478865
27.394122	73.275000	735.729881
27.393197	73.300000	735.980898
27.392271	73.325000	736.231915
27.391345	73.350000	736.482931
27.390419	73.375000	736.733948
27.389494	73.400000	736.984965
27.388568	73.425000	737.235981
27.387642	73.450000	737.486998
27.386716	73.475000	737.738015
27.385790	73.500000	737.989031
27.384864	73.525000	738.240048
27.383939	73.550000	738.491065
27.383013	73.575000	738.742081
27.382087	73.600000	738.993098
27.381161	73.625000	739.244115
27.380235	73.650000	739.495132
27.379309	73.675000	739.746148
27.378382	73.700000	739.997165
27.377456	73.725000	740.248182
27.376530	73.750000	740.499198
27.375604	73.775000	740.750215
27.374678	73.800000	741.001232
27.373752	73.825000	741.252248
27.372825	73.850000	741.503265
27.371899	73.875000	741.754282
27.370973	73.900000	742.005298
27.370046	73.925000	742.256315
27.369120	73.950000	742.507332
27.368194	73.975000	742.758348
27.367267	74.000000	743.009365
27.366341	74.025000	743.260382
27.365414	74.050000	743.511398
27.364488	74.075000	743.762415
27.363561	74.100000	744.013432
27.362635	74.125000	744.264448
27.361708	74.150000	744.515465
27.360782	74.175000	744.766482
27.359855	74.200000	745.017498
27.358928	74.225000	745.268515
27.358002	74.250000	745.519532
27.357075	74.275000	745.770548
27.356148	74.300000	746.021565
27.355221	74.325000	746.272582
27.354294	74.350000	746.523598
27.353368	74.375000	746.774615
27.352441	74.400000	747.025632
27.351514	74.425000	747.276648
27.350587	74.450000	747.527665
27.349660	74.475000	747.778682
27.348733	74.500000	748.029699
27.347806	74.525000	748.280715
27.346879	74.550000	748.531732
27.345952	74.575000	748.782749
27.345025	74.600000	749.033765
27.344098	74.625000	749.284782
27.343171	74.650000	749.535799
27.342244	74.675000	749.786815
27.341316	74.700000	750.037832
27.340389	74.725000	750.288849
27.339462	74.750000	750.539865
27.338535	74.775000	750.790882
27.337607	74.800000	751.041899
27.336680	74.825000	751.292915
27.335753	74.850000	751.543932
27.334825	74.875000	751.794949
27.333898	74.900000	752.045965
27.332971	74.925000	752.296982
27.332043	74.950000	752.547999
27.331116	74.975000	752.799015
27.330188	75.000000	753.050032
27.329261	75.025000	753.301049
27.328333	75.050000	753.552065
27.327405	75.075000	753.803082
27.326478	75.100000	754.054099
27.325550	75.125000	754.305115
27.324622	75.150000	754.556132
27.323695	75.175000	754.807149
27.322767	75.200000	755.058165
27.321839	75.225000	755.309182
27.320911	75.250000	755.560199
27.319984	75.275000	755.811216
27.319056	75.300000	756.062232
27.318128	75.325000	756.313249
27.317200	75.350000	756.564266
27.316272	75.375000	756.815282
27.315344	75.400000	757.066299
27.314416	75.425000	757.317316
27.313488	75.450000	757.568332
27.312560	75.475000	757.819349
27.311632	75.500000	758.070366
27.310704	75.525000	758.321382
27.309776	75.550000	758.572399
27.308848	75.575000	758.823416
27.307920	75.600000	759.074432
27.306991	75.625000	759.325449
27.306063	75.650000	759.576466
27.305135	75.675000	759.827482
27.304207	75.700000	760.078499
27.303278	75.725000	760.329516
27.302350	75.750000	760.580532
27.301422	75.775000	760.831549
27.300493	75.800000	761.082566
27.299565	75.825000	761.333582
27.298636	75.850000	761.584599
27.297708	75.875000	761.835616
27.296779	75.900000	762.086632
27.295851	75.925000	762.337649
27.294922	75.950000	762.588666
27.293994	75.975000	762.839682
27.293065	76.000000	763.090699
27.292137	76.025000	763.341716
27.291208	76.050000	763.592733
27.290279	76.075000	763.843749
27.289351	76.100000	764.094766
27.288422	76.125000	764.345783
27.287493	76.150000	764.596799
27.286564	76.175000	764.847816
27.285635	76.200000	765.098833
27.284707	76.225000	765.349849
27.283778	76.250000	765.600866
27.282849	76.275000	765.851883
27.281920	76.300000	766.102899
27.280991	76.325000	766.353916
27.280062	76.350000	766.604933
27.279133	76.375000	766.855949
27.278204	76.400000	767.106966
27.277275	76.425000	767.357983
27.276346	76.450000	767.608999
27.275416	76.475000	767.860016
27.274487	76.500000	768.111033
27.273558	76.525000	768.362049
27.272629	76.550000	768.613066
27.271700	76.575000	768.864083
27.270770	76.600000	769.115099
27.269841	76.625000	769.366116
27.268912	76.650000	769.617133
27.267982	76.675000	769.868149
27.267053	76.700000	770.119166
27.266124	76.725000	770.370183
27.265194	76.750000	770.621199
27.264265	76.775000	770.872216
27.263335	76.800000	771.123233
27.262406	76.825000	771.374250
27.261476	76.850000	771.625266
27.260547	76.875000	771.876283
27.259617	76.900000	772.127300
27.258687	76.925000	772.378316
27.257758	76.950000	772.629333
27.256828	76.975000	772.880350
27.255898	77.000000	773.131366
27.254969	77.025000	773.382383
27.254039	77.050000	773.633400
27.253109	77.075000	773.884416
27.252179	77.100000	774.135433
27.251249	77.125000	774.386450
27.250320	77.150000	774.637466
27.249390	77.175000	774.888483
27.248460	77.200000	775.139500
27.247530	77.225000	775.390516
27.246600	77.250000	775.641533
27.245670	77.275000	775.892550
27.244740	77.300000	776.143566
27.243810	77.325000	776.394583
27.242880	77.350000	776.645600
27.241949	77.375000	776.896616
27.241019	77.400000	777.147633
27.240089	77.425000	777.398650
27.239159	77.450000	777.649666
27.238229	77.475000	777.900683
27.237298	77.500000	778.151700
27.236368	77.525000	778.402716
27.235438	77.550000	778.653733
27.234507	77.575000	778.904750
27.233577	77.600000	779.155767
27.232647	77.625000	779.406783
27.231716	77.650000	779.657800
27.230786	77.675000	779.908817
27.229855	77.700000	780.159833
27.228925	77.725000	780.410850
27.227994	77.750000	780.661867
27.227064	77.775000	780.912883
27.226133	77.800000	781.163900
27.225203	77.825000	781.414917
27.224272	77.850000	781.665933
27.223341	77.875000	781.916950
27.222411	77.900000	782.167967
27.221480	77.925000	782.418983
27.220549	77.950000	782.670000
27.219618	77.975000	782.921017
27.218687	78.000000	783.172033
27.217757	78.025000	783.423050
27.216826	78.050000	783.674067
27.215895	78.075000	783.925083
27.214964	78.100000	784.176100
27.214033	78.125000	784.427117
27.213102	78.150000	784.678133
27.212171	78.175000	784.929150
27.211240	78.200000	785.180167
27.210309	78.225000	785.431183
27.209378	78.250000	785.682200
27.208447	78.275000	785.933217
27.207516	78.300000	786.184233
27.206584	78.325000	786.435250
27.205653	78.350000	786.686267
27.204722	78.375000	786.937284
27.203791	78.400000	787.188300
27.202859	78.425000	787.439317
27.201928	78.450000	787.690334
27.200997	78.475000	787.941350
27.200065	78.500000	788.192367
27.199134	78.525000	788.443384
27.198203	78.550000	788.694400
27.197271	78.575000	788.945417
27.196340	78.600000	789.196434
27.195408	78.625000	789.447450
27.194477	78.650000	789.698467
27.193545	78.675000	789.949484
27.192613	78.700000	790.200500
27.191682	78.725000	790.451517
27.190750	78.750000	790.702534
27.189818	78.775000	790.953550
27.188887	78.800000	791.204567
27.187955	78.825000	791.455584
27.187023	78.850000	791.706600
27.186092	78.875000	791.957617
27.185160	78.900000	792.208634
27.184228	78.925000	792.459650
27.183296	78.950000	792.710667
27.182364	78.975000	792.961684
27.181432	79.000000	793.212700
27.180500	79.025000	793.463717
27.179568	79.050000	793.714734
27.178636	79.075000	793.965750
27.177704	79.100000	794.216767
27.176772	79.125000	794.467784
27.175840	79.150000	794.718801
27.174908	79.175000	794.969817
27.173976	79.200000	795.220834
27.173044	79.225000	795.471851
27.172111	79.250000	795.722867
27.171179	79.275000	795.973884
27.170247	79.300000	796.224901
27.169315	79.325000	796.475917
27.168382	79.350000	796.726934
27.167450	79.375000	796.977951
27.166518	79.400000	797.228967
27.165585	79.425000	797.479984
27.164653	79.450000	797.731001
27.163720	79.475000	797.982017
27.162788	79.500000	798.233034
27.161855	79.525000	798.484051
27.160923	79.550000	798.735067
27.159990	79.575000	798.986084
27.159058	79.600000	799.237101
27.158125	79.625000	799.488117
27.157192	79.650000	799.739134
27.156260	79.675000	799.990151
27.155327	79.700000	800.241167
27.154394	79.725000	800.492184
27.153462	79.750000	800.743201
27.152529	79.775000	800.994217
27.151596	79.800000	801.245234
27.150663	79.825000	801.496251
27.149730	79.850000	801.747267
27.148797	79.875000	801.998284
27.147864	79.900000	802.249301
27.146932	79.925000	802.500318
27.145999	79.950000	802.751334
27.145066	79.975000	803.002351
27.144133	80.000000	803.253368
27.143199	80.025000	803.504384
27.142266	80.050000	803.755401
27.141333	80.075000	804.006418
27.140400	80.100000	804.257434
27.139467	80.125000	804.508451
27.138534	80.150000	804.759468
27.137600	80.175000	805.010484
27.136667	80.200000	805.261501
27.135734	80.225000	805.512518
27.134801	80.250000	805.763534
27.133867	80.275000	806.014551
27.132934	80.300000	806.265568
27.132001	80.325000	806.516584
27.131067	80.350000	806.767601
27.130134	80.375000	807.018618
27.129200	80.400000	807.269634
27.128267	80.425000	807.520651
27.127333	80.450000	807.771668
27.126400	80.475000	808.022684
27.125466	80.500000	808.273701
27.124532	80.525000	808.524718
27.123599	80.550000	808.775734
27.122665	80.575000	809.026751
27.121731	80.600000	809.277768
27.120798	80.625000	809.528784
27.119864	80.650000	809.779801
27.118930	80.675000	810.030818
27.117996	80.700000	810.281835
27.117062	80.725000	810.532851
27.116128	80.750000	810.783868
27.115195	80.775000	811.034885
27.114261	80.800000	811.285901
27.113327	80.825000	811.536918
27.112393	80.850000	811.787935
27.111459	80.875000	812.038951
27.110525	80.900000	812.289968
27.109591	80.925000	812.540985
27.108656	80.950000	812.792001
27.107722	80.975000	813.043018
27.106788	81.000000	813.294035
27.105854	81.025000	813.545051
27.104920	81.050000	813.796068
27.103986	81.075000	814.047085
27.103051	81.100000	814.298101
27.102117	81.125000	814.549118
27.101183	81.150000	814.800135
27.100248	81.175000	815.051151
27.099314	81.200000	815.302168
27.098380	81.225000	815.553185
27.097445	81.250000	815.804201
27.096511	81.275000	816.055218
27.095576	81.300000	816.306235
27.094642	81.325000	816.557251
27.093707	81.350000	816.808268
27.092773	81.375000	817.059285
27.091838	81.400000	817.310301
27.090903	81.425000	817.561318
27.089969	81.450000	817.812335
27.089034	81.475000	818.063352
27.088099	81.500000	818.314368
27.087165	81.525000	818.565385
27.086230	81.550000	818.816402
27.085295	81.575000	819.067418
27.084360	81.600000	819.318435
27.083425	81.625000	819.569452
27.082490	81.650000	819.820468
27.081555	81.675000	820.071485
27.080621	81.700000	820.322502
27.079686	81.725000	820.573518
27.078751	81.750000	820.824535
27.077816	81.775000	821.075552
27.076881	81.800000	821.326568
27.075945	81.825000	821.577585
27.075010	81.850000	821.828602
27.074075	81.875000	822.079618
27.073140	81.900000	822.330635
27.072205	81.925000	822.581652
27.071270	81.950000	822.832668
27.070334	81.975000	823.083685
27.069399	82.000000	823.334702
27.068464	82.025000	823.585718
27.067528	82.050000	823.836735
27.066593	82.075000	824.087752
27.065658	82.100000	824.338768
27.064722	82.125000	824.589785
27.063787	82.150000	824.840802
27.062851	82.175000	825.091818
27.061916	82.200000	825.342835
27.060980	82.225000	825.593852
27.060045	82.250000	825.844869
27.059109	82.275000	826.095885
27.058174	82.300000	826.346902
27.057238	82.325000	826.597919
27.056302	82.350000	826.848935
27.055367	82.375000	827.099952
27.054431	82.400000	827.350969
27.053495	82.425000	827.601985
27.052559	82.450000	827.853002
27.051624	82.475000	828.104019
27.050688	82.500000	828.355035
27.049752	82.525000	828.606052
27.048816	82.550000	828.857069
27.047880	82.575000	829.108085
27.046944	82.600000	829.359102
27.046008	82.625000	829.610119
27.045072	82.650000	829.861135
27.044136	82.675000	830.112152
27.043200	82.700000	830.363169
27.042264	82.725000	830.614185
27.041328	82.750000	830.865202
27.040392	82.775000	831.116219
27.039455	82.800000	831.367235
27.038519	82.825000	831.618252
27.037583	82.850000	831.869269
27.036647	82.875000	832.120285
27.035710	82.900000	832.371302
27.034774	82.925000	832.622319
27.033838	82.950000	832.873335
27.032901	82.975000	833.124352
27.031965	83.000000	833.375369
27.031029	83.025000	833.626386
27.030092	83.050000	833.877402
27.029156	83.075000	834.128419
27.028219	83.100000	834.379436
27.027283	83.125000	834.630452
27.026346	83.150000	834.881469
27.025409	83.175000	835.132486
27.024473	83.200000	835.383502
27.023536	83.225000	835.634519
27.022599	83.250000	835.885536
27.021663	83.275000	836.136552
27.020726	83.300000	836.387569
27.019789	83.325000	836.638586
27.018852	83.350000	836.889602
27.017916	83.375000	837.140619
27.016979	83.400000	837.391636
27.016042	83.425000	837.642652
27.015105	83.450000	837.893669
27.014168	83.475000	838.144686
27.013231	83.500000	838.395702
27.012294	83.525000	838.646719
27.011357	83.550000	838.897736
27.010420	83.575000	839.148752
27.009483	83.600000	839.399769
27.008546	83.625000	839.650786
27.007609	83.650000	839.901802
27.006672	83.675000	840.152819
27.005734	83.700000	840.403836
27.004797	83.725000	840.654852
27.003860	83.750000	840.905869
27.002923	83.775000	841.156886
27.001985	83.800000	841.407903
27.001048	83.825000	841.658919
27.000111	83.850000	841.909936
26.999173	83.875000	842.160953
26.998236	83.900000	842.411969
26.997298	83.925000	842.662986
26.996361	83.950000	842.914003
26.995423	83.975000	843.165019
26.994486	84.000000	843.416036
26.993548	84.025000	843.667053
26.992611	84.050000	843.918069
26.991673	84.075000	844.169086
26.990735	84.100000	844.420103
26.989798	84.125000	844.671119
26.988860	84.150000	844.922136
26.987922	84.175000	845.173153
26.986985	84.200000	845.424169
26.986047	84.225000	845.675186
26.985109	84.250000	845.926203
26.984171	84.275000	846.177219
26.983233	84.300000	846.428236
26.982295	84.325000	846.679253
26.981357	84.350000	846.930269
26.980419	84.375000	847.181286
26.979481	84.400000	847.432303
26.978543	84.425000	847.683319
26.977605	84.450000	847.934336
26.976667	84.475000	848.185353
26.975729	84.500000	848.436369
26.974791	84.525000	848.687386
26.973853	84.550000	848.938403
26.972915	84.575000	849.189420
26.971977	84.600000	849.440436
26.971038	84.625000	849.691453
26.970100	84.650000	849.942470
26.969162	84.675000	850.193486
26.968223	84.700000	850.444503
26.967285	84.725000	850.695520
26.966347	84.750000	850.946536
26.965408	84.775000	851.197553
26.964470	84.800000	851.448570
26.963531	84.825000	851.699586
26.962593	84.850000	851.950603
26.961654	84.875000	852.201620
26.960716	84.900000	852.452636
26.959777	84.925000	852.703653
26.958839	84.950000	852.954670
26.957900	84.975000	853.205686
26.956961	85.000000	853.456703
26.956023	85.025000	853.707720
26.955084	85.050000	853.958736
26.954145	85.075000	854.209753
26.953206	85.100000	854.460770
26.952268	85.125000	854.711786
26.951329	85.150000	854.962803
26.950390	85.175000	855.213820
26.949451	85.200000	855.464836
26.948512	85.225000	855.715853
26.947573	85.250000	855.966870
26.946634	85.275000	856.217886
26.945695	85.300000	856.468903
26.944756	85.325000	856.719920
26.943817	85.350000	856.970937
26.942878	85.375000	857.221953
26.941939	85.400000	857.472970
26.941000	85.425000	857.723987
26.940060	85.450000	857.975003
26.939121	85.475000	858.226020
26.938182	85.500000	858.477037
26.937243	85.525000	858.728053
26.936303	85.550000	858.979070
26.935364	85.575000	859.230087
26.934425	85.600000	859.481103
26.933485	85.625000	859.732120
26.932546	85.650000	859.983137
26.931607	85.675000	860.234153
26.930667	85.700000	860.485170
26.929728	85.725000	860.736187
26.928788	85.750000	860.987203
26.927849	85.775000	861.238220
26.926909	85.800000	861.489237
26.925969	85.825000	861.740253
26.925030	85.850000	861.991270
26.924090	85.875000	862.242287
26.923150	85.900000	862.493303
26.922211	85.925000	862.744320
26.921271	85.950000	862.995337
26.920331	85.975000	863.246353
26.919391	86.000000	863.497370
26.918451	86.025000	863.748387
26.917512	86.050000	863.999403
26.916572	86.075000	864.250420
26.915632	86.100000	864.501437
26.914692	86.125000	864.752454
26.913752	86.150000	865.003470
26.912812	86.175000	865.254487
26.911872	86.200000	865.505504
26.910932	86.225000	865.756520
26.909992	86.250000	866.007537
26.909052	86.275000	866.258554
26.908111	86.300000	866.509570
26.907171	86.325000	866.760587
26.906231	86.350000	867.011604
26.905291	86.375000	867.262620
26.904351	86.400000	867.513637
26.903410	86.425000	867.764654
26.902470	86.450000	868.015670
26.901530	86.475000	868.266687
26.900589	86.500000	868.517704
26.899649	86.525000	868.768720
26.898708	86.550000	869.019737
26.897768	86.575000	869.270754
26.896827	86.600000	869.521770
26.895887	86.625000	869.772787
26.894946	86.650000	870.023804
26.894006	86.675000	870.274820
26.893065	86.700000	870.525837
26.892125	86.725000	870.776854
26.891184	86.750000	871.027870
26.890243	86.775000	871.278887
26.889302	86.800000	871.529904
26.888362	86.825000	871.780920
26.887421	86.850000	872.031937
26.886480	86.875000	872.282954
26.885539	86.900000	872.533971
26.884598	86.925000	872.784987
26.883658	86.950000	873.036004
26.882717	86.975000	873.287021
26.881776	87.000000	873.538037
26.880835	87.025000	873.789054
26.879894	87.050000	874.040071
26.878953	87.075000	874.291087
26.878012	87.100000	874.542104
26.877071	87.125000	874.793121
26.876129	87.150000	875.044137
26.875188	87.175000	875.295154
26.874247	87.200000	875.546171
26.873306	87.225000	875.797187
26.872365	87.250000	876.048204
26.871423	87.275000	876.299221
26.870482	87.300000	876.550237
26.869541	87.325000	876.801254
26.868599	87.350000	877.052271
26.867658	87.375000	877.303287
26.866717	87.400000	877.554304
26.865775	87.425000	877.805321
26.864834	87.450000	878.056337
26.863892	87.475000	878.307354
26.862951	87.500000	878.558371
26.862009	87.525000	878.809387
26.861068	87.550000	879.060404
26.860126	87.575000	879.311421
26.859184	87.600000	879.562437
26.858243	87.625000	879.813454
26.857301	87.650000	880.064471
26.856359	87.675000	880.315487
26.855417	87.700000	880.566504
26.854476	87.725000	880.817521
26.853534	87.750000	881.068538
26.852592	87.775000	881.319554
26.851650	87.800000	881.570571
26.850708	87.825000	881.821588
26.849766	87.850000	882.072604
26.848824	87.875000	882.323621
26.847882	87.900000	882.574638
26.846940	87.925000	882.825654
26.845998	87.950000	883.076671
26.845056	87.975000	883.327688
26.844114	88.000000	883.578704
26.843172	88.025000	883.829721
26.842230	88.050000	884.080738
26.841288	88.075000	884.331754
26.840346	88.100000	884.582771
26.839403	88.125000	884.833788
26.838461	88.150000	885.084804
26.837519	88.175000	885.335821
26.836576	88.200000	885.586838
26.835634	88.225000	885.837854
26.834692	88.250000	886.088871
26.833749	88.275000	886.339888
26.832807	88.300000	886.590904
26.831864	88.325000	886.841921
26.830922	88.350000	887.092938
26.829979	88.375000	887.343954
26.829037	88.400000	887.594971
26.828094	88.425000	887.845988
26.827152	88.450000	888.097004
26.826209	88.475000	888.348021
26.825266	88.500000	888.599038
26.824324	88.525000	888.850055
26.823381	88.550000	889.101071
26.822438	88.575000	889.352088
26.821495	88.600000	889.603105
26.820552	88.625000	889.854121
26.819610	88.650000	890.105138
26.818667	88.675000	890.356155
26.817724	88.700000	890.607171
26.816781	88.725000	890.858188
26.815838	88.750000	891.109205
26.814895	88.775000	891.360221
26.813952	88.800000	891.611238
26.813009	88.825000	891.862255
26.812066	88.850000	892.113271
26.811123	88.875000	892.364288
26.810180	88.900000	892.615305
26.809236	88.925000	892.866321
26.808293	88.950000	893.117338
26.807350	88.975000	893.368355
26.806407	89.000000	893.619371
26.805463	89.025000	893.870388
26.804520	89.050000	894.121405
26.803577	89.075000	894.372421
26.802633	89.100000	894.623438
26.801690	89.125000	894.874455
26.800747	89.150000	895.125471
26.799803	89.175000	895.376488
26.798860	89.200000	895.627505
26.797916	89.225000	895.878521
26.796973	89.250000	896.129538
26.796029	89.275000	896.380555
26.795085	89.300000	896.631572
26.794142	89.325000	896.882588
26.793198	89.350000	897.133605
26.792254	89.375000	897.384622
26.791311	89.400000	897.635638
26.790367	89.425000	897.886655
26.789423	89.450000	898.137672
26.788479	89.475000	898.388688
26.787536	89.500000	898.639705
26.786592	89.525000	898.890722
26.785648	89.550000	899.141738
26.784704	89.575000	899.392755
26.783760	89.600000	899.643772
26.782816	89.625000	899.894788
26.781872	89.650000	900.145805
26.780928	89.675000	900.396822
26.779984	89.700000	900.647838
26.779040	89.725000	900.898855
26.778096	89.750000	901.149872
26.777152	89.775000	901.400888
26.776207	89.800000	901.651905
26.775263	89.825000	901.902922
26.774319	89.850000	902.153938
26.773375	89.875000	902.404955
26.772430	89.900000	902.655972
26.771486	89.925000	902.906988
26.770542	89.950000	903.158005
26.769597	89.975000	903.409022
26.768653	90.000000	903.660038
26.767709	90.025000	903.911055
26.766764	90.050000	904.162072
26.765820	90.075000	904.413089
26.764875	90.100000	904.664105
26.763931	90.125000	904.915122
26.762986	90.150000	905.166139
26.762041	90.175000	905.417155
26.761097	90.200000	905.668172
26.760152	90.225000	905.919189
26.759207	90.250000	906.170205
26.758263	90.275000	906.421222
26.757318	90.300000	906.672239
26.756373	90.325000	906.923255
26.755428	90.350000	907.174272
26.754483	90.375000	907.425289
26.753539	90.400000	907.676305
26.752594	90.425000	907.927322
26.751649	90.450000	908.178339
26.750704	90.475000	908.429355
26.749759	90.500000	908.680372
26.748814	90.525000	908.931389
26.747869	90.550000	909.182405
26.746924	90.575000	909.433422
26.745979	90.600000	909.684439
26.745033	90.625000	909.935455
26.744088	90.650000	910.186472
26.743143	90.675000	910.437489
26.742198	90.700000	910.688505
26.741253	90.725000	910.939522
26.740307	90.750000	911.190539
26.739362	90.775000	911.441555
26.738417	90.800000	911.692572
26.737471	90.825000	911.943589
26.736526	90.850000	912.194606
26.735580	90.875000	912.445622
26.734635	90.900000	912.696639
26.733690	90.925000	912.947656
26.732744	90.950000	913.198672
26.731798	90.975000	913.449689
26.730853	91.000000	913.700706
26.729907	91.025000	913.951722
26.728962	91.050000	914.202739
26.728016	91.075000	914.453756
26.727070	91.100000	914.704772
26.726125	91.125000	914.955789
26.725179	91.150000	915.206806
26.724233	91.175000	915.457822
26.723287	91.200000	915.708839
26.722341	91.225000	915.959856
26.721396	91.250000	916.210872
26.720450	91.275000	916.461889
26.719504	91.300000	916.712906
26.718558	91.325000	916.963922
26.717612	91.350000	917.214939
26.716666	91.375000	917.465956
26.715720	91.400000	917.716972
26.714774	91.425000	917.967989
26.713828	91.450000	918.219006
26.712882	91.475000	918.470022
26.711935	91.500000	918.721039
26.710989	91.525000	918.972056
26.710043	91.550000	919.223072
26.709097	91.575000	919.474089
26.708151	91.600000	919.725106
26.707204	91.625000	919.976123
26.706258	91.650000	920.227139
26.705312	91.675000	920.478156
26.704365	91.700000	920.729173
26.703419	91.725000	920.980189
26.702472	91.750000	921.231206
26.701526	91.775000	921.482223
26.700579	91.800000	921.733239
26.699633	91.825000	921.984256
26.698686	91.850000	922.235273
26.697740	91.875000	922.486289
26.696793	91.900000	922.737306
26.695846	91.925000	922.988323
26.694900	91.950000	923.239339
26.693953	91.975000	923.490356
26.693006	92.000000	923.741373
26.692060	92.025000	923.992389
26.691113	92.050000	924.243406
26.690166	92.075000	924.494423
26.689219	92.100000	924.745439
26.688272	92.125000	924.996456
26.687325	92.150000	925.247473
26.686378	92.175000	925.498489
26.685431	92.200000	925.749506
26.684484	92.225000	926.000523
26.683537	92.250000	926.251539
26.682590	92.275000	926.502556
26.681643	92.300000	926.753573
26.680696	92.325000	927.004589
26.679749	92.350000	927.255606
26.678802	92.375000	927.506623
26.677855	92.400000	927.757640
26.676907	92.425000	928.008656
26.675960	92.450000	928.259673
26.675013	92.475000	928.510690
26.674065	92.500000	928.761706
26.673118	92.525000	929.012723
26.672171	92.550000	929.263740
26.671223	92.575000	929.514756
26.670276	92.600000	929.765773
26.669328	92.625000	930.016790
26.668381	92.650000	930.267806
26.667433	92.675000	930.518823
26.666486	92.700000	930.769840
26.665538	92.725000	931.020856
26.664591	92.750000	931.271873
26.663643	92.775000	931.522890
26.662695	92.800000	931.773906
26.661748	92.825000	932.024923
26.660800	92.850000	932.275940
26.659852	92.875000	932.526956
26.658904	92.900000	932.777973
26.657957	92.925000	933.028990
26.657009	92.950000	933.280006
26.656061	92.975000	933.531023
26.655113	93.000000	933.782040
26.654165	93.025000	934.033056
26.653217	93.050000	934.284073
26.652269	93.075000	934.535090
26.651321	93.100000	934.786106
26.650373	93.125000	935.037123
26.649425	93.150000	935.288140
26.648477	93.175000	935.539157
26.647529	93.200000	935.790173
26.646580	93.225000	936.041190
26.645632	93.250000	936.292207
26.644684	93.275000	936.543223
26.643736	93.300000	936.794240
26.642787	93.325000	937.045257
26.641839	93.350000	937.296273
26.640891	93.375000	937.547290
26.639942	93.400000	937.798307
26.638994	93.425000	938.049323
26.638046	93.450000	938.300340
26.637097	93.475000	938.551357
26.636149	93.500000	938.802373
26.635200	93.525000	939.053390
26.634252	93.550000	939.304407
26.633303	93.575000	939.555423
26.632354	93.600000	939.806440
26.631406	93.625000	940.057457
26.630457	93.650000	940.308473
26.629508	93.675000	940.559490
26.628560	93.700000	940.810507
26.627611	93.725000	941.061523
26.626662	93.750000	941.312540
26.625713	93.775000	941.563557
26.624764	93.800000	941.814573
26.623816	93.825000	942.065590
26.622867	93.850000	942.316607
26.621918	93.875000	942.567623
26.620969	93.900000	942.818640
26.620020	93.925000	943.069657
26.619071	93.950000	943.320674
26.618122	93.975000	943.571690
26.617173	94.000000	943.822707
26.616224	94.025000	944.073724
26.615274	94.050000	944.324740
26.614325	94.075000	944.575757
26.613376	94.100000	944.826774
26.612427	94.125000	945.077790
26.611478	94.150000	945.328807
26.610528	94.175000	945.579824
26.609579	94.200000	945.830840
26.608630	94.225000	946.081857
26.607680	94.250000	946.332874
26.606731	94.275000	946.583890
26.605781	94.300000	946.834907
26.604832	94.325000	947.085924
26.603882	94.350000	947.336940
26.602933	94.375000	947.587957
26.601983	94.400000	947.838974
26.601034	94.425000	948.089990
26.600084	94.450000	948.341007
26.599134	94.475000	948.592024
26.598185	94.500000	948.843040
26.597235	94.525000	949.094057
26.596285	94.550000	949.345074
26.595336	94.575000	949.596090
26.594386	94.600000	949.847107
26.593436	94.625000	950.098124
26.592486	94.650000	950.349140
26.591536	94.675000	950.600157
26.590586	94.700000	950.851174
26.589636	94.725000	951.102191
26.588686	94.750000	951.353207
26.587737	94.775000	951.604224
26.586786	94.800000	951.855241
26.585836	94.825000	952.106257
26.584886	94.850000	952.357274
26.583936	94.875000	952.608291
26.582986	94.900000	952.859307
26.582036	94.925000	953.110324
26.581086	94.950000	953.361341
26.580135	94.975000	953.612357
26.579185	95.000000	953.863374
26.578235	95.025000	954.114391
26.577285	95.050000	954.365407
26.576334	95.075000	954.616424
26.575384	95.100000	954.867441
26.574433	95.125000	955.118457
26.573483	95.150000	955.369474
26.572533	95.175000	955.620491
26.571582	95.200000	955.871507
26.570632	95.225000	956.122524
26.569681	95.250000	956.373541
26.568730	95.275000	956.624557
26.567780	95.300000	956.875574
26.566829	95.325000	957.126591
26.565878	95.350000	957.377607
26.564928	95.375000	957.628624
26.563977	95.400000	957.879641
26.563026	95.425000	958.130657
26.562075	95.450000	958.381674
26.561125	95.475000	958.632691
26.560174	95.500000	958.883708
26.559223	95.525000	959.134724
26.558272	95.550000	959.385741
26.557321	95.575000	959.636758
26.556370	95.600000	959.887774
26.555419	95.625000	960.138791
26.554468	95.650000	960.389808
26.553517	95.675000	960.640824
26.552566	95.700000	960.891841
26.551615	95.725000	961.142858
26.550664	95.750000	961.393874
26.549712	95.775000	961.644891
26.548761	95.800000	961.895908
26.547810	95.825000	962.146924
26.546859	95.850000	962.397941
26.545907	95.875000	962.648958
26.544956	95.900000	962.899974
26.544005	95.925000	963.150991
26.543053	95.950000	963.402008
26.542102	95.975000	963.653024
26.541151	96.000000	963.904041
26.540199	96.025000	964.155058
26.539248	96.050000	964.406074
26.538296	96.075000	964.657091
26.537344	96.100000	964.908108
26.536393	96.125000	965.159124
26.535441	96.150000	965.410141
26.534490	96.175000	965.661158
26.533538	96.200000	965.912174
26.532586	96.225000	966.163191
26.531634	96.250000	966.414208
26.530683	96.275000	966.665225
26.529731	96.300000	966.916241
26.528779	96.325000	967.167258
26.527827	96.350000	967.418275
26.526875	96.375000	967.669291
26.525923	96.400000	967.920308
26.524971	96.425000	968.171325
26.524019	96.450000	968.422341
26.523067	96.475000	968.673358
26.522115	96.500000	968.924375
26.521163	96.525000	969.175391
26.520211	96.550000	969.426408
26.519259	96.575000	969.677425
26.518307	96.600000	969.928441
26.517355	96.625000	970.179458
26.516403	96.650000	970.430475
26.515450	96.675000	970.681491
26.514498	96.700000	970.932508
26.513546	96.725000	971.183525
26.512593	96.750000	971.434541
26.511641	96.775000	971.685558
26.510689	96.800000	971.936575
26.509736	96.825000	972.187591
26.508784	96.850000	972.438608
26.507831	96.875000	972.689625
26.506879	96.900000	972.940641
26.505926	96.925000	973.191658
26.504974	96.950000	973.442675
26.504021	96.975000	973.693691
26.503068	97.000000	973.944708
26.502116	97.025000	974.195725
26.501163	97.050000	974.446742
26.500210	97.075000	974.697758
26.499258	97.100000	974.948775
26.498305	97.125000	975.199792
26.497352	97.150000	975.450808
26.496399	97.175000	975.701825
26.495446	97.200000	975.952842
26.494493	97.225000	976.203858
26.493540	97.250000	976.454875
26.492587	97.275000	976.705892
26.491634	97.300000	976.956908
26.490681	97.325000	977.207925
26.489728	97.350000	977.458942
26.488775	97.375000	977.709958
26.487822	97.400000	977.960975
26.486869	97.425000	978.211992
26.485916	97.450000	978.463008
26.484963	97.475000	978.714025
26.484009	97.500000	978.965042
26.483056	97.525000	979.216058
26.482103	97.550000	979.467075
26.481150	97.575000	979.718092
26.480196	97.600000	979.969108
26.479243	97.625000	980.220125
26.478289	97.650000	980.471142
26.477336	97.675000	980.722158
26.476382	97.700000	980.973175
26.475429	97.725000	981.224192
26.474475	97.750000	981.475208
26.473522	97.775000	981.726225
26.472568	97.800000	981.977242
26.471615	97.825000	982.228259
26.470661	97.850000	982.479275
26.469707	97.875000	982.730292
26.468754	97.900000	982.981309
26.467800	97.925000	983.232325
26.466846	97.950000	983.483342
26.465892	97.975000	983.734359
26.464938	98.000000	983.985375
26.463985	98.025000	984.236392
26.463031	98.050000	984.487409
26.462077	98.075000	984.738425
26.461123	98.100000	984.989442
26.460169	98.125000	985.240459
26.459215	98.150000	985.491475
26.458261	98.175000	985.742492
26.457307	98.200000	985.993509
26.456353	98.225000	986.244525
26.455399	98.250000	986.495542
26.454444	98.275000	986.746559
26.453490	98.300000	986.997575
26.452536	98.325000	987.248592
26.451582	98.350000	987.499609
26.450627	98.375000	987.750625
26.449673	98.400000	988.001642
26.448719	98.425000	988.252659
26.447764	98.450000	988.503675
26.446810	98.475000	988.754692
26.445856	98.500000	989.005709
26.444901	98.525000	989.256725
26.443947	98.550000	989.507742
26.442992	98.575000	989.758759
26.442038	98.600000	990.009776
26.441083	98.625000	990.260792
26.440128	98.650000	990.511809
26.439174	98.675000	990.762826
26.438219	98.700000	991.013842
26.437264	98.725000	991.264859
26.436310	98.750000	991.515876
26.435355	98.775000	991.766892
26.434400	98.800000	992.017909
26.433445	98.825000	992.268926
26.432490	98.850000	992.519942
26.431536	98.875000	992.770959
26.430581	98.900000	993.021976
26.429626	98.925000	993.272992
26.428671	98.950000	993.524009
26.427716	98.975000	993.775026
26.426761	99.000000	994.026042
26.425806	99.025000	994.277059
26.424851	99.050000	994.528076
26.423896	99.075000	994.779092
26.422940	99.100000	995.030109
26.421985	99.125000	995.281126
26.421030	99.150000	995.532142
26.420075	99.175000	995.783159
26.419119	99.200000	996.034176
26.418164	99.225000	996.285192
26.417209	99.250000	996.536209
26.416253	99.275000	996.787226
26.415298	99.300000	997.038242
26.414343	99.325000	997.289259
26.413387	99.350000	997.540276
26.412432	99.375000	997.791293
26.411476	99.400000	998.042309
26.410521	99.425000	998.293326
26.409565	99.450000	998.544343
26.408610	99.475000	998.795359
26.407654	99.500000	999.046376
26.406698	99.525000	999.297393
26.405743	99.550000	999.548409
26.404787	99.575000	999.799426
26.403831	99.600000	1000.050443
26.402875	99.625000	1000.301459
26.401920	99.650000	1000.552476
26.400964	99.675000	1000.803493
26.400008	99.700000	1001.054509
26.399052	99.725000	1001.305526
26.398096	99.750000	1001.556543
26.397140	99.775000	1001.807559
26.396184	99.800000	1002.058576
26.395228	99.825000	1002.309593
26.394272	99.850000	1002.560609
26.393316	99.875000	1002.811626
26.392360	99.900000	1003.062643
26.391404	99.925000	1003.313659
26.390447	99.950000	1003.564676
26.389491	99.975000	1003.815693
26.388535	100.000000	1004.066709
26.387579	100.025000	1004.317726
26.386622	100.050000	1004.568743
26.385666	100.075000	1004.819759
26.384710	100.100000	1005.070776
26.383753	100.125000	1005.321793
26.382797	100.150000	1005.572810
26.381841	100.175000	1005.823826
26.380884	100.200000	1006.074843
26.379928	100.225000	1006.325860
26.378971	100.250000	1006.576876
26.378014	100.275000	1006.827893
26.377058	100.300000	1007.078910
26.376101	100.325000	1007.329926
26.375145	100.350000	1007.580943
26.374188	100.375000	1007.831960
26.373231	100.400000	1008.082976
26.372274	100.425000	1008.333993
26.371318	100.450000	1008.585010
26.370361	100.475000	1008.836026
26.369404	100.500000	1009.087043
26.368447	100.525000	1009.338060
26.367490	100.550000	1009.589076
26.366533	100.575000	1009.840093
26.365576	100.600000	1010.091110
26.364619	100.625000	1010.342126
26.363662	100.650000	1010.593143
26.362705	100.675000	1010.844160
26.361748	100.700000	1011.095176
26.360791	100.725000	1011.346193
26.359834	100.750000	1011.597210
26.358877	100.775000	1011.848226
26.357920	100.800000	1012.099243
26.356962	100.825000	1012.350260
26.356005	100.850000	1012.601276
26.355048	100.875000	1012.852293
26.354091	100.900000	1013.103310
26.353133	100.925000	1013.354326
26.352176	100.950000	1013.605343
26.351218	100.975000	1013.856360
26.350261	101.000000	1014.107377
26.349304	101.025000	1014.358393
26.348346	101.050000	1014.609410
26.347388	101.075000	1014.860427
26.346431	101.100000	1015.111443
26.345473	101.125000	1015.362460
26.344516	101.150000	1015.613477
26.343558	101.175000	1015.864493
26.342600	101.200000	1016.115510
26.341643	101.225000	1016.366527
26.340685	101.250000	1016.617543
26.339727	101.275000	1016.868560
26.338769	101.300000	1017.119577
26.337812	101.325000	1017.370593
26.336854	101.350000	1017.621610
26.335896	101.375000	1017.872627
26.334938	101.400000	1018.123643
26.333980	101.425000	1018.374660
26.333022	101.450000	1018.625677
26.332064	101.475000	1018.876693
26.331106	101.500000	1019.127710
26.330148	101.525000	1019.378727
26.329190	101.550000	1019.629743
26.328232	101.575000	1019.880760
26.327273	101.600000	1020.131777
26.326315	101.625000	1020.382793
26.325357	101.650000	1020.633810
26.324399	101.675000	1020.884827
26.323440	101.700000	1021.135843
26.322482	101.725000	1021.386860
26.321524	101.750000	1021.637877
26.320565	101.775000	1021.888894
26.319607	101.800000	1022.139910
26.318648	101.825000	1022.390927
26.317690	101.850000	1022.641944
26.316731	101.875000	1022.892960
26.315773	101.900000	1023.143977
26.314814	101.925000	1023.394994
26.313856	101.950000	1023.646010
26.312897	101.975000	1023.897027
26.311939	102.000000	1024.148044
26.310980	102.025000	1024.399060
26.310021	102.050000	1024.650077
26.309062	102.075000	1024.901094
26.308104	102.100000	1025.152110
26.307145	102.125000	1025.403127
26.306186	102.150000	1025.654144
26.305227	102.175000	1025.905160
26.304268	102.200000	1026.156177
26.303309	102.225000	1026.407194
26.302350	102.250000	1026.658210
26.301391	102.275000	1026.909227
26.300432	102.300000	1027.160244
26.299473	102.325000	1027.411260
26.298514	102.350000	1027.662277
26.297555	102.375000	1027.913294
26.296596	102.400000	1028.164310
26.295637	102.425000	1028.415327
26.294678	102.450000	1028.666344
26.293718	102.475000	1028.917360
26.292759	102.500000	1029.168377
26.291800	102.525000	1029.419394
26.290840	102.550000	1029.670411
26.289881	102.575000	1029.921427
26.288922	102.600000	1030.172444
26.287962	102.625000	1030.423461
26.287003	102.650000	1030.674477
26.286043	102.675000	1030.925494
26.285084	102.700000	1031.176511
26.284124	102.725000	1031.427527
26.283165	102.750000	1031.678544
26.282205	102.775000	1031.929561
26.281246	102.800000	1032.180577
26.280286	102.825000	1032.431594
26.279326	102.850000	1032.682611
26.278366	102.875000	1032.933627
26.277407	102.900000	1033.184644
26.276447	102.925000	1033.435661
26.275487	102.950000	1033.686677
26.274527	102.975000	1033.937694
26.273567	103.000000	1034.188711
26.272608	103.025000	1034.439727
26.271648	103.050000	1034.690744
26.270688	103.075000	1034.941761
26.269728	103.100000	1035.192777
26.268768	103.125000	1035.443794
26.267808	103.150000	1035.694811
26.266847	103.175000	1035.945827
26.265887	103.200000	1036.196844
26.264927	103.225000	1036.447861
26.263967	103.250000	1036.698877
26.263007	103.275000	1036.949894
26.262047	103.300000	1037.200911
26.261086	103.325000	1037.451928
26.260126	103.350000	1037.702944
26.259166	103.375000	1037.953961
26.258205	103.400000	1038.204978
26.257245	103.425000	1038.455994
26.256285	103.450000	1038.707011
26.255324	103.475000	1038.958028
26.254364	103.500000	1039.209044
26.253403	103.525000	1039.460061
26.252443	103.550000	1039.711078
26.251482	103.575000	1039.962094
26.250521	103.600000	1040.213111
26.249561	103.625000	1040.464128
26.248600	103.650000	1040.715144
26.247639	103.675000	1040.966161
26.246679	103.700000	1041.217178
26.245718	103.725000	1041.468194
26.244757	103.750000	1041.719211
26.243796	103.775000	1041.970228
26.242835	103.800000	1042.221244
26.241875	103.825000	1042.472261
26.240914	103.850000	1042.723278
26.239953	103.875000	1042.974294
26.238992	103.900000	1043.225311
26.238031	103.925000	1043.476328
26.237070	103.950000	1043.727344
26.236109	103.975000	1043.978361
26.235148	104.000000	1044.229378
26.234186	104.025000	1044.480394
26.233225	104.050000	1044.731411
26.232264	104.075000	1044.982428
26.231303	104.100000	1045.233445
26.230342	104.125000	1045.484461
26.229380	104.150000	1045.735478
26.228419	104.175000	1045.986495
26.227458	104.200000	1046.237511
26.226496	104.225000	1046.488528
26.225535	104.250000	1046.739545
26.224573	104.275000	1046.990561
26.223612	104.300000	1047.241578
26.222651	104.325000	1047.492595
26.221689	104.350000	1047.743611
26.220727	104.375000	1047.994628
26.219766	104.400000	1048.245645
26.218804	104.425000	1048.496661
26.217843	104.450000	1048.747678
26.216881	104.475000	1048.998695
26.215919	104.500000	1049.249711
26.214957	104.525000	1049.500728
26.213996	104.550000	1049.751745
26.213034	104.575000	1050.002761
26.212072	104.600000	1050.253778
26.211110	104.625000	1050.504795
26.210148	104.650000	1050.755811
26.209186	104.675000	1051.006828
26.208224	104.700000	1051.257845
26.207262	104.725000	1051.508861
26.206300	104.750000	1051.759878
26.205338	104.775000	1052.010895
26.204376	104.800000	1052.261911
26.203414	104.825000	1052.512928
26.202452	104.850000	1052.763945
26.201490	104.875000	1053.014962
26.200528	104.900000	1053.265978
26.199565	104.925000	1053.516995
26.198603	104.950000	1053.768012
26.197641	104.975000	1054.019028
26.196679	105.000000	1054.270045
26.195716	105.025000	1054.521062
26.194754	105.050000	1054.772078
26.193791	105.075000	1055.023095
26.192829	105.100000	1055.274112
26.191866	105.125000	1055.525128
26.190904	105.150000	1055.776145
26.189941	105.175000	1056.027162
26.188979	105.200000	1056.278178
26.188016	105.225000	1056.529195
26.187054	105.250000	1056.780212
26.186091	105.275000	1057.031228
26.185128	105.300000	1057.282245
26.184166	105.325000	1057.533262
26.183203	105.350000	1057.784278
26.182240	105.375000	1058.035295
26.181277	105.400000	1058.286312
26.180314	105.425000	1058.537328
26.179351	105.450000	1058.788345
26.178389	105.475000	1059.039362
26.177426	105.500000	1059.290378
26.176463	105.525000	1059.541395
26.175500	105.550000	1059.792412
26.174537	105.575000	1060.043428
26.173574	105.600000	1060.294445
26.172610	105.625000	1060.545462
26.171647	105.650000	1060.796479
26.170684	105.675000	1061.047495
26.169721	105.700000	1061.298512
26.168758	105.725000	1061.549529
26.167795	105.750000	1061.800545
26.166831	105.775000	1062.051562
26.165868	105.800000	1062.302579
26.164905	105.825000	1062.553595
26.163941	105.850000	1062.804612
26.162978	105.875000	1063.055629
26.162014	105.900000	1063.306645
26.161051	105.925000	1063.557662
26.160087	105.950000	1063.808679
26.159124	105.975000	1064.059695
26.158160	106.000000	1064.310712
26.157197	106.025000	1064.561729
26.156233	106.050000	1064.812745
26.155270	106.075000	1065.063762
26.154306	106.100000	1065.314779
26.153342	106.125000	1065.565795
26.152378	106.150000	1065.816812
26.151415	106.175000	1066.067829
26.150451	106.200000	1066.318845
26.149487	106.225000	1066.569862
26.148523	106.250000	1066.820879
26.147559	106.275000	1067.071895
26.146595	106.300000	1067.322912
26.145631	106.325000	1067.573929
26.144667	106.350000	1067.824945
26.143703	106.375000	1068.075962
26.142739	106.400000	1068.326979
26.141775	106.425000	1068.577996
26.140811	106.450000	1068.829012
26.139847	106.475000	1069.080029
26.138883	106.500000	1069.331046
26.137919	106.525000	1069.582062
26.136954	106.550000	1069.833079
26.135990	106.575000	1070.084096
26.135026	106.600000	1070.335112
26.134061	106.625000	1070.586129
26.133097	106.650000	1070.837146
26.132133	106.675000	1071.088162
26.131168	106.700000	1071.339179
26.130204	106.725000	1071.590196
26.129239	106.750000	1071.841212
26.128275	106.775000	1072.092229
26.127310	106.800000	1072.343246
26.126346	106.825000	1072.594262
26.125381	106.850000	1072.845279
26.124416	106.875000	1073.096296
26.123452	106.900000	1073.347312
26.122487	106.925000	1073.598329
26.121522	106.950000	1073.849346
26.120558	106.975000	1074.100362
26.119593	107.000000	1074.351379
26.118628	107.025000	1074.602396
26.117663	107.050000	1074.853412
26.116698	107.075000	1075.104429
26.115733	107.100000	1075.355446
26.114768	107.125000	1075.606462
26.113803	107.150000	1075.857479
26.112838	107.175000	1076.108496
26.111873	107.200000	1076.359513
26.110908	107.225000	1076.610529
26.109943	107.250000	1076.861546
26.108978	107.275000	1077.112563
26.108013	107.300000	1077.363579
26.107048	107.325000	1077.614596
26.106082	107.350000	1077.865613
26.105117	107.375000	1078.116629
26.104152	107.400000	1078.367646
26.103187	107.425000	1078.618663
26.102221	107.450000	1078.869679
26.101256	107.475000	1079.120696
26.100290	107.500000	1079.371713
26.099325	107.525000	1079.622729
26.098359	107.550000	1079.873746
26.097394	107.575000	1080.124763
26.096428	107.600000	1080.375779
26.095463	107.625000	1080.626796
26.094497	107.650000	1080.877813
26.093532	107.675000	1081.128829
26.092566	107.700000	1081.379846
26.091600	107.725000	1081.630863
26.090635	107.750000	1081.881879
26.089669	107.775000	1082.132896
26.088703	107.800000	1082.383913
26.087737	107.825000	1082.634929
26.086771	107.850000	1082.885946
26.085805	107.875000	1083.136963
26.084839	107.900000	1083.387979
26.083874	107.925000	1083.638996
26.082908	107.950000	1083.890013
26.081942	107.975000	1084.141030
26.080976	108.000000	1084.392046
26.080009	108.025000	1084.643063
26.079043	108.050000	1084.894080
26.078077	108.075000	1085.145096
26.077111	108.100000	1085.396113
26.076145	108.125000	1085.647130
26.075179	108.150000	1085.898146
26.074212	108.175000	1086.149163
26.073246	108.200000	1086.400180
26.072280	108.225000	1086.651196
26.071313	108.250000	1086.902213
26.070347	108.275000	1087.153230
26.069381	108.300000	1087.404246
26.068414	108.325000	1087.655263
26.067448	108.350000	1087.906280
26.066481	108.375000	1088.157296
26.065515	108.400000	1088.408313
26.064548	108.425000	1088.659330
26.063582	108.450000	1088.910346
26.062615	108.475000	1089.161363
26.061648	108.500000	1089.412380
26.060682	108.525000	1089.663396
26.059715	108.550000	1089.914413
26.058748	108.575000	1090.165430
26.057781	108.600000	1090.416446
26.056814	108.625000	1090.667463
26.055848	108.650000	1090.918480
26.054881	108.675000	1091.169496
26.053914	108.700000	1091.420513
26.052947	108.725000	1091.671530
26.051980	108.750000	1091.922547
26.051013	108.775000	1092.173563
26.050046	108.800000	1092.424580
26.049079	108.825000	1092.675597
26.048112	108.850000	1092.926613
26.047145	108.875000	1093.177630
26.046177	108.900000	1093.428647
26.045210	108.925000	1093.679663
26.044243	108.950000	1093.930680
26.043276	108.975000	1094.181697
26.042308	109.000000	1094.432713
26.041341	109.025000	1094.683730
26.040374	109.050000	1094.934747
26.039406	109.075000	1095.185763
26.038439	109.100000	1095.436780
26.037472	109.125000	1095.687797
26.036504	109.150000	1095.938813
26.035537	109.175000	1096.189830
26.034569	109.200000	1096.440847
26.033601	109.225000	1096.691863
26.032634	109.250000	1096.942880
26.031666	109.275000	1097.193897
26.030699	109.300000	1097.444913
26.029731	109.325000	1097.695930
26.028763	109.350000	1097.946947
26.027795	109.375000	1098.197963
26.026828	109.400000	1098.448980
26.025860	109.425000	1098.699997
26.024892	109.450000	1098.951013
26.023924	109.475000	1099.202030
26.022956	109.500000	1099.453047
26.021988	109.525000	1099.704064
26.021020	109.550000	1099.955080
26.020052	109.575000	1100.206097
26.019084	109.600000	1100.457114
26.018116	109.625000	1100.708130
26.017148	109.650000	1100.959147
26.016180	109.675000	1101.210164
26.015212	109.700000	1101.461180
26.014244	109.725000	1101.712197
26.013275	109.750000	1101.963214
26.012307	109.775000	1102.214230
26.011339	109.800000	1102.465247
26.010370	109.825000	1102.716264
26.009402	109.850000	1102.967280
26.008434	109.875000	1103.218297
26.007465	109.900000	1103.469314
26.006497	109.925000	1103.720330
26.005528	109.950000	1103.971347
26.004560	109.975000	1104.222364
26.003591	110.000000	1104.473380
26.002623	110.025000	1104.724397
26.001654	110.050000	1104.975414
26.000686	110.075000	1105.226430
25.999717	110.100000	1105.477447
25.998748	110.125000	1105.728464
25.997779	110.150000	1105.979480
25.996811	110.175000	1106.230497
25.995842	110.200000	1106.481514
25.994873	110.225000	1106.732530
25.993904	110.250000	1106.983547
25.992935	110.275000	1107.234564
25.991966	110.300000	1107.485581
25.990997	110.325000	1107.736597
25.990028	110.350000	1107.987614
25.989059	110.375000	1108.238631
25.988090	110.400000	1108.489647
25.987121	110.425000	1108.740664
25.986152	110.450000	1108.991681
25.985183	110.475000	1109.242697
25.984214	110.500000	1109.493714
25.983245	110.525000	1109.744731
25.982276	110.550000	1109.995747
25.981306	110.575000	1110.246764
25.980337	110.600000	1110.497781
25.979368	110.625000	1110.748797
25.978398	110.650000	1110.999814
25.977429	110.675000	1111.250831
25.976459	110.700000	1111.501847
25.975490	110.725000	1111.752864
25.974521	110.750000	1112.003881
25.973551	110.775000	1112.254897
25.972581	110.800000	1112.505914
25.971612	110.825000	1112.756931
25.970642	110.850000	1113.007947
25.969673	110.875000	1113.258964
25.968703	110.900000	1113.509981
25.967733	110.925000	1113.760997
25.966764	110.950000	1114.012014
25.965794	110.975000	1114.263031
25.964824	111.000000	1114.514047
25.963854	111.025000	1114.765064
25.962884	111.050000	1115.016081
25.961914	111.075000	1115.267098
25.960944	111.100000	1115.518114
25.959974	111.125000	1115.769131
25.959005	111.150000	1116.020148
25.958034	111.175000	1116.271164
25.957064	111.200000	1116.522181
25.956094	111.225000	1116.773198
25.955124	111.250000	1117.024214
25.954154	111.275000	1117.275231
25.953184	111.300000	1117.526248
25.952214	111.325000	1117.777264
25.951243	111.350000	1118.028281
25.950273	111.375000	1118.279298
25.949303	111.400000	1118.530314
25.948333	111.425000	1118.781331
25.947362	111.450000	1119.032348
25.946392	111.475000	1119.283364
25.945421	111.500000	1119.534381
25.944451	111.525000	1119.785398
25.943480	111.550000	1120.036414
25.942510	111.575000	1120.287431
25.941539	111.600000	1120.538448
25.940569	111.625000	1120.789464
25.939598	111.650000	1121.040481
25.938627	111.675000	1121.291498
25.937657	111.700000	1121.542514
25.936686	111.725000	1121.793531
25.935715	111.750000	1122.044548
25.934745	111.775000	1122.295564
25.933774	111.800000	1122.546581
25.932803	111.825000	1122.797598
25.931832	111.850000	1123.048615
25.930861	111.875000	1123.299631
25.929890	111.900000	1123.550648
25.928919	111.925000	1123.801665
25.927948	111.950000	1124.052681
25.926977	111.975000	1124.303698
25.926006	112.000000	1124.554715
25.925035	112.025000	1124.805731
25.924064	112.050000	1125.056748
25.923093	112.075000	1125.307765
25.922122	112.100000	1125.558781
25.921150	112.125000	1125.809798
25.920179	112.150000	1126.060815
25.919208	112.175000	1126.311831
25.918236	112.200000	1126.562848
25.917265	112.225000	1126.813865
25.916294	112.250000	1127.064881
25.915322	112.275000	1127.315898
25.914351	112.300000	1127.566915
25.913379	112.325000	1127.817931
25.912408	112.350000	1128.068948
25.911436	112.375000	1128.319965
25.910465	112.400000	1128.570981
25.909493	112.425000	1128.821998
25.908522	112.450000	1129.073015
25.907550	112.475000	1129.324031
25.906578	112.500000	1129.575048
25.905607	112.525000	1129.826065
25.904635	112.550000	1130.077081
25.903663	112.575000	1130.328098
25.902691	112.600000	1130.579115
25.901719	112.625000	1130.830132
25.900747	112.650000	1131.081148
25.899775	112.675000	1131.332165
25.898804	112.700000	1131.583182
25.897832	112.725000	1131.834198
25.896860	112.750000	1132.085215
25.895887	112.775000	1132.336232
25.894915	112.800000	1132.587248
25.893943	112.825000	1132.838265
25.892971	112.850000	1133.089282
25.891999	112.875000	1133.340298
25.891027	112.900000	1133.591315
25.890055	112.925000	1133.842332
25.889082	112.950000	1134.093348
25.888110	112.975000	1134.344365
25.887138	113.000000	1134.595382
25.886165	113.025000	1134.846398
25.885193	113.050000	1135.097415
25.884220	113.075000	1135.348432
25.883248	113.100000	1135.599448
25.882276	113.125000	1135.850465
25.881303	113.150000	1136.101482
25.880330	113.175000	1136.352498
25.879358	113.200000	1136.603515
25.878385	113.225000	1136.854532
25.877413	113.250000	1137.105548
25.876440	113.275000	1137.356565
25.875467	113.300000	1137.607582
25.874494	113.325000	1137.858598
25.873522	113.350000	1138.109615
25.872549	113.375000	1138.360632
25.871576	113.400000	1138.611649
25.870603	113.425000	1138.862665
25.869630	113.450000	1139.113682
25.868657	113.475000	1139.364699
25.867684	113.500000	1139.615715
25.866711	113.525000	1139.866732
25.865738	113.550000	1140.117749
25.864765	113.575000	1140.368765
25.863792	113.600000	1140.619782
25.862819	113.625000	1140.870799
25.861846	113.650000	1141.121815
25.860873	113.675000	1141.372832
25.859899	113.700000	1141.623849
25.858926	113.725000	1141.874865
25.857953	113.750000	1142.125882
25.856980	113.775000	1142.376899
25.856006	113.800000	1142.627915
25.855033	113.825000	1142.878932
25.854059	113.850000	1143.129949
25.853086	113.875000	1143.380965
25.852113	113.900000	1143.631982
25.851139	113.925000	1143.882999
25.850165	113.950000	1144.134015
25.849192	113.975000	1144.385032
25.848218	114.000000	1144.636049
25.847245	114.025000	1144.887065
25.846271	114.050000	1145.138082
25.845297	114.075000	1145.389099
25.844324	114.100000	1145.640115
25.843350	114.125000	1145.891132
25.842376	114.150000	1146.142149
25.841402	114.175000	1146.393165
25.840428	114.200000	1146.644182
25.839454	114.225000	1146.895199
25.838480	114.250000	1147.146216
25.837507	114.275000	1147.397232
25.836533	114.300000	1147.648249
25.835559	114.325000	1147.899266
25.834584	114.350000	1148.150282
25.833610	114.375000	1148.401299
25.832636	114.400000	1148.652316
25.831662	114.425000	1148.903332
25.830688	114.450000	1149.154349
25.829714	114.475000	1149.405366
25.828739	114.500000	1149.656382
25.827765	114.525000	1149.907399
25.826791	114.550000	1150.158416
25.825817	114.575000	1150.409432
25.824842	114.600000	1150.660449
25.823868	114.625000	1150.911466
25.822893	114.650000	1151.162482
25.821919	114.675000	1151.413499
25.820944	114.700000	1151.664516
25.819970	114.725000	1151.915532
25.818995	114.750000	1152.166549
25.818021	114.775000	1152.417566
25.817046	114.800000	1152.668582
25.816071	114.825000	1152.919599
25.815097	114.850000	1153.170616
25.814122	114.875000	1153.421632
25.813147	114.900000	1153.672649
25.812172	114.925000	1153.923666
25.811198	114.950000	1154.174682
25.810223	114.975000	1154.425699
25.809248	115.000000	1154.676716
25.808273	115.025000	1154.927733
25.807298	115.050000	1155.178749
25.806323	115.075000	1155.429766
25.805348	115.100000	1155.680783
25.804373	115.125000	1155.931799
25.803398	115.150000	1156.182816
25.802423	115.175000	1156.433833
25.801448	115.200000	1156.684849
25.800472	115.225000	1156.935866
25.799497	115.250000	1157.186883
25.798522	115.275000	1157.437899
25.797547	115.300000	1157.688916
25.796571	115.325000	1157.939933
25.795596	115.350000	1158.190949
25.794621	115.375000	1158.441966
25.793645	115.400000	1158.692983
25.792670	115.425000	1158.943999
25.791694	115.450000	1159.195016
25.790719	115.475000	1159.446033
25.789743	115.500000	1159.697049
25.788768	115.525000	1159.948066
25.787792	115.550000	1160.199083
25.786817	115.575000	1160.450099
25.785841	115.600000	1160.701116
25.784865	115.625000	1160.952133
25.783890	115.650000	1161.203149
25.782914	115.675000	1161.454166
25.781938	115.700000	1161.705183
25.780962	115.725000	1161.956199
25.779986	115.750000	1162.207216
25.779010	115.775000	1162.458233
25.778035	115.800000	1162.709250
25.777059	115.825000	1162.960266
25.776083	115.850000	1163.211283
25.775107	115.875000	1163.462300
25.774131	115.900000	1163.713316
25.773155	115.925000	1163.964333
25.772178	115.950000	1164.215350
25.771202	115.975000	1164.466366
25.770226	116.000000	1164.717383
25.769250	116.025000	1164.968400
25.768274	116.050000	1165.219416
25.767297	116.075000	1165.470433
25.766321	116.100000	1165.721450
25.765345	116.125000	1165.972466
25.764368	116.150000	1166.223483
25.763392	116.175000	1166.474500
25.762416	116.200000	1166.725516
25.761439	116.225000	1166.976533
25.760463	116.250000	1167.227550
25.759486	116.275000	1167.478566
25.758510	116.300000	1167.729583
25.757533	116.325000	1167.980600
25.756556	116.350000	1168.231616
25.755580	116.375000	1168.482633
25.754603	116.400000	1168.733650
25.753626	116.425000	1168.984666
25.752650	116.450000	1169.235683
25.751673	116.475000	1169.486700
25.750696	116.500000	1169.737716
25.749719	116.525000	1169.988733
25.748742	116.550000	1170.239750
25.747765	116.575000	1170.490767
25.746788	116.600000	1170.741783
25.745811	116.625000	1170.992800
25.744834	116.650000	1171.243817
25.743857	116.675000	1171.494833
25.742880	116.700000	1171.745850
25.741903	116.725000	1171.996867
25.740926	116.750000	1172.247883
25.739949	116.775000	1172.498900
25.738972	116.800000	1172.749917
25.737994	116.825000	1173.000933
25.737017	116.850000	1173.251950
25.736040	116.875000	1173.502967
25.735063	116.900000	1173.753983
25.734085	116.925000	1174.005000
25.733108	116.950000	1174.256017
25.732130	116.975000	1174.507033
25.731153	117.000000	1174.758050
25.730175	117.025000	1175.009067
25.729198	117.050000	1175.260083
25.728220	117.075000	1175.511100
25.727243	117.100000	1175.762117
25.726265	117.125000	1176.013133
25.725287	117.150000	1176.264150
25.724310	117.175000	1176.515167
25.723332	117.200000	1176.766183
25.722354	117.225000	1177.017200
25.721376	117.250000	1177.268217
25.720399	117.275000	1177.519233
25.719421	117.300000	1177.770250
25.718443	117.325000	1178.021267
25.717465	117.350000	1178.272284
25.716487	117.375000	1178.523300
25.715509	117.400000	1178.774317
25.714531	117.425000	1179.025334
25.713553	117.450000	1179.276350
25.712575	117.475000	1179.527367
25.711597	117.500000	1179.778384
25.710619	117.525000	1180.029400
25.709641	117.550000	1180.280417
25.708662	117.575000	1180.531434
25.707684	117.600000	1180.782450
25.706706	117.625000	1181.033467
25.705728	117.650000	1181.284484
25.704749	117.675000	1181.535500
25.703771	117.700000	1181.786517
25.702792	117.725000	1182.037534
25.701814	117.750000	1182.288550
25.700836	117.775000	1182.539567
25.699857	117.800000	1182.790584
25.698878	117.825000	1183.041600
25.697900	117.850000	1183.292617
25.696921	117.875000	1183.543634
25.695943	117.900000	1183.794650
25.694964	117.925000	1184.045667
25.693985	117.950000	1184.296684
25.693007	117.975000	1184.547700
25.692028	118.000000	1184.798717
25.691049	118.025000	1185.049734
25.690070	118.050000	1185.300750
25.689091	118.075000	1185.551767
25.688113	118.100000	1185.802784
25.687134	118.125000	1186.053801
25.686155	118.150000	1186.304817
25.685176	118.175000	1186.555834
25.684197	118.200000	1186.806851
25.683218	118.225000	1187.057867
25.682239	118.250000	1187.308884
25.681259	118.275000	1187.559901
25.680280	118.300000	1187.810917
25.679301	118.325000	1188.061934
25.678322	118.350000	1188.312951
25.677343	118.375000	1188.563967
25.676363	118.400000	1188.814984
25.675384	118.425000	1189.066001
25.674405	118.450000	1189.317017
25.673425	118.475000	1189.568034
25.672446	118.500000	1189.819051
25.671466	118.525000	1190.070067
25.670487	118.550000	1190.321084
25.669508	118.575000	1190.572101
25.668528	118.600000	1190.823117
25.667548	118.625000	1191.074134
25.666569	118.650000	1191.325151
25.665589	118.675000	1191.576167
25.664609	118.700000	1191.827184
25.663630	118.725000	1192.078201
25.662650	118.750000	1192.329217
25.661670	118.775000	1192.580234
25.660690	118.800000	1192.831251
25.659711	118.825000	1193.082267
25.658731	118.850000	1193.333284
25.657751	118.875000	1193.584301
25.656771	118.900000	1193.835318
25.655791	118.925000	1194.086334
25.654811	118.950000	1194.337351
25.653831	118.975000	1194.588368
25.652851	119.000000	1194.839384
25.651871	119.025000	1195.090401
25.650891	119.050000	1195.341418
25.649911	119.075000	1195.592434
25.648930	119.100000	1195.843451
25.647950	119.125000	1196.094468
25.646970	119.150000	1196.345484
25.645990	119.175000	1196.596501
25.645009	119.200000	1196.847518
25.644029	119.225000	1197.098534
25.643049	119.250000	1197.349551
25.642068	119.275000	1197.600568
25.641088	119.300000	1197.851584
25.640107	119.325000	1198.102601
25.639127	119.350000	1198.353618
25.638146	119.375000	1198.604634
25.637166	119.400000	1198.855651
25.636185	119.425000	1199.106668
25.635204	119.450000	1199.357684
25.634224	119.475000	1199.608701
25.633243	119.500000	1199.859718
25.632262	119.525000	1200.110734
25.631281	119.550000	1200.361751
25.630301	119.575000	1200.612768
25.629320	119.600000	1200.863784
25.628339	119.625000	1201.114801
25.627358	119.650000	1201.365818
25.626377	119.675000	1201.616835
25.625396	119.700000	1201.867851
25.624415	119.725000	1202.118868
25.623434	119.750000	1202.369885
25.622453	119.775000	1202.620901
25.621472	119.800000	1202.871918
25.620491	119.825000	1203.122935
25.619510	119.850000	1203.373951
25.618528	119.875000	1203.624968
25.617547	119.900000	1203.875985
25.616566	119.925000	1204.127001
25.615585	119.950000	1204.378018
25.614603	119.975000	1204.629035
25.613622	120.000000	1204.880051
25.612640	120.025000	1205.131068
25.611659	120.050000	1205.382085
25.610678	120.075000	1205.633101
25.609696	120.100000	1205.884118
25.608715	120.125000	1206.135135
25.607733	120.150000	1206.386151
25.606751	120.175000	1206.637168
25.605770	120.200000	1206.888185
25.604788	120.225000	1207.139201
25.603806	120.250000	1207.390218
25.602825	120.275000	1207.641235
25.601843	120.300000	1207.892251
25.600861	120.325000	1208.143268
25.599879	120.350000	1208.394285
25.598897	120.375000	1208.645301
25.597916	120.400000	1208.896318
25.596934	120.425000	1209.147335
25.595952	120.450000	1209.398352
25.594970	120.475000	1209.649368
25.593988	120.500000	1209.900385
25.593006	120.525000	1210.151402
25.592024	120.550000	1210.402418
25.591041	120.575000	1210.653435
25.590059	120.600000	1210.904452
25.589077	120.625000	1211.155468
25.588095	120.650000	1211.406485
25.587113	120.675000	1211.657502
25.586130	120.700000	1211.908518
25.585148	120.725000	1212.159535
25.584166	120.750000	1212.410552
25.583183	120.775000	1212.661568
25.582201	120.800000	1212.912585
25.581218	120.825000	1213.163602
25.580236	120.850000	1213.414618
25.579253	120.875000	1213.665635
25.578271	120.900000	1213.916652
25.577288	120.925000	1214.167668
25.576306	120.950000	1214.418685
25.575323	120.975000	1214.669702
25.574340	121.000000	1214.920718
25.573358	121.025000	1215.171735
25.572375	121.050000	1215.422752
25.571392	121.075000	1215.673768
25.570409	121.100000	1215.924785
25.569426	121.125000	1216.175802
25.568444	121.150000	1216.426818
25.567461	121.175000	1216.677835
25.566478	121.200000	1216.928852
25.565495	121.225000	1217.179869
25.564512	121.250000	1217.430885
25.563529	121.275000	1217.681902
25.562546	121.300000	1217.932919
25.561563	121.325000	1218.183935
25.560579	121.350000	1218.434952
25.559596	121.375000	1218.685969
25.558613	121.400000	1218.936985
25.557630	121.425000	1219.188002
25.556647	121.450000	1219.439019
25.555663	121.475000	1219.690035
25.554680	121.500000	1219.941052
25.553697	121.525000	1220.192069
25.552713	121.550000	1220.443085
25.551730	121.575000	1220.694102
25.550746	121.600000	1220.945119
25.549763	121.625000	1221.196135
25.548779	121.650000	1221.447152
25.547796	121.675000	1221.698169
25.546812	121.700000	1221.949185
25.545828	121.725000	1222.200202
25.544845	121.750000	1222.451219
25.543861	121.775000	1222.702235
25.542877	121.800000	1222.953252
25.541894	121.825000	1223.204269
25.540910	121.850000	1223.455285
25.539926	121.875000	1223.706302
25.538942	121.900000	1223.957319
25.537958	121.925000	1224.208335
25.536974	121.950000	1224.459352
25.535990	121.975000	1224.710369
25.535006	122.000000	1224.961386
25.534022	122.025000	1225.212402
25.533038	122.050000	1225.463419
25.532054	122.075000	1225.714436
25.531070	122.100000	1225.965452
25.530086	122.125000	1226.216469
25.529102	122.150000	1226.467486
25.528117	122.175000	1226.718502
25.527133	122.200000	1226.969519
25.526149	122.225000	1227.220536
25.525165	122.250000	1227.471552
25.524180	122.275000	1227.722569
25.523196	122.300000	1227.973586
25.522211	122.325000	1228.224602
25.521227	122.350000	1228.475619
25.520242	122.375000	1228.726636
25.519258	122.400000	1228.977652
25.518273	122.425000	1229.228669
25.517289	122.450000	1229.479686
25.516304	122.475000	1229.730702
25.515319	122.500000	1229.981719
25.514335	122.525000	1230.232736
25.513350	122.550000	1230.483752
25.512365	122.575000	1230.734769
25.511380	122.600000	1230.985786
25.510396	122.625000	1231.236802
25.509411	122.650000	1231.487819
25.508426	122.675000	1231.738836
25.507441	122.700000	1231.989852
25.506456	122.725000	1232.240869
25.505471	122.750000	1232.491886
25.504486	122.775000	1232.742903
25.503501	122.800000	1232.993919
25.502516	122.825000	1233.244936
25.501531	122.850000	1233.495953
25.500546	122.875000	1233.746969
25.499560	122.900000	1233.997986
25.498575	122.925000	1234.249003
25.497590	122.950000	1234.500019
25.496605	122.975000	1234.751036
25.495619	123.000000	1235.002053
25.494634	123.025000	1235.253069
25.493649	123.050000	1235.504086
25.492663	123.075000	1235.755103
25.491678	123.100000	1236.006119
25.490692	123.125000	1236.257136
25.489707	123.150000	1236.508153
25.488721	123.175000	1236.759169
25.487736	123.200000	1237.010186
25.486750	123.225000	1237.261203
25.485764	123.250000	1237.512219
25.484779	123.275000	1237.763236
25.483793	123.300000	1238.014253
25.482807	123.325000	1238.265269
25.481821	123.350000	1238.516286
25.480836	123.375000	1238.767303
25.479850	123.400000	1239.018319
25.478864	123.425000	1239.269336
25.477878	123.450000	1239.520353
25.476892	123.475000	1239.771369
25.475906	123.500000	1240.022386
25.474920	123.525000	1240.273403
25.473934	123.550000	1240.524420
25.472948	123.575000	1240.775436
25.471962	123.600000	1241.026453
25.470976	123.625000	1241.277470
25.469989	123.650000	1241.528486
25.469003	123.675000	1241.779503
25.468017	123.700000	1242.030520
25.467031	123.725000	1242.281536
25.466044	123.750000	1242.532553
25.465058	123.775000	1242.783570
25.464072	123.800000	1243.034586
25.463085	123.825000	1243.285603
25.462099	123.850000	1243.536620
25.461112	123.875000	1243.787636
25.460126	123.900000	1244.038653
25.459139	123.925000	1244.289670
25.458153	123.950000	1244.540686
25.457166	123.975000	1244.791703
25.456179	124.000000	1245.042720
25.455193	124.025000	1245.293736
25.454206	124.050000	1245.544753
25.453219	124.075000	1245.795770
25.452232	124.100000	1246.046786
25.451246	124.125000	1246.297803
25.450259	124.150000	1246.548820
25.449272	124.175000	1246.799836
25.448285	124.200000	1247.050853
25.447298	124.225000	1247.301870
25.446311	124.250000	1247.552886
25.445324	124.275000	1247.803903
25.444337	124.300000	1248.054920
25.443350	124.325000	1248.305937
25.442363	124.350000	1248.556953
25.441376	124.375000	1248.807970
25.440388	124.400000	1249.058987
25.439401	124.425000	1249.310003
25.438414	124.450000	1249.561020
25.437427	124.475000	1249.812037
25.436439	124.500000	1250.063053
25.435452	124.525000	1250.314070
25.434465	124.550000	1250.565087
25.433477	124.575000	1250.816103
25.432490	124.600000	1251.067120
25.431502	124.625000	1251.318137
25.430515	124.650000	1251.569153
25.429527	124.675000	1251.820170
25.428540	124.700000	1252.071187
25.427552	124.725000	1252.322203
25.426564	124.750000	1252.573220
25.425577	124.775000	1252.824237
25.424589	124.800000	1253.075253
25.423601	124.825000	1253.326270
25.422613	124.850000	1253.577287
25.421626	124.875000	1253.828303
25.420638	124.900000	1254.079320
25.419650	124.925000	1254.330337
25.418662	124.950000	1254.581353
25.417674	124.975000	1254.832370
25.416686	125.000000	1255.083387
25.415698	125.025000	1255.334403
25.414710	125.050000	1255.585420
25.413722	125.075000	1255.836437
25.412734	125.100000	1256.087454
25.411746	125.125000	1256.338470
25.410757	125.150000	1256.589487
25.409769	125.175000	1256.840504
25.408781	125.200000	1257.091520
25.407793	125.225000	1257.342537
25.406804	125.250000	1257.593554
25.405816	125.275000	1257.844570
25.404828	125.300000	1258.095587
25.403839	125.325000	1258.346604
25.402851	125.350000	1258.597620
25.401862	125.375000	1258.848637
25.400874	125.400000	1259.099654
25.399885	125.425000	1259.350670
25.398897	125.450000	1259.601687
25.397908	125.475000	1259.852704
25.396919	125.500000	1260.103720
25.395931	125.525000	1260.354737
25.394942	125.550000	1260.605754
25.393953	125.575000	1260.856770
25.392964	125.600000	1261.107787
25.391976	125.625000	1261.358804
25.390987	125.650000	1261.609820
25.389998	125.675000	1261.860837
25.389009	125.700000	1262.111854
25.388020	125.725000	1262.362870
25.387031	125.750000	1262.613887
25.386042	125.775000	1262.864904
25.385053	125.800000	1263.115920
25.384064	125.825000	1263.366937
25.383075	125.850000	1263.617954
25.382086	125.875000	1263.868971
25.381096	125.900000	1264.119987
25.380107	125.925000	1264.371004
25.379118	125.950000	1264.622021
25.378129	125.975000	1264.873037
25.377139	126.000000	1265.124054
25.376150	126.025000	1265.375071
25.375161	126.050000	1265.626087
25.374171	126.075000	1265.877104
25.373182	126.100000	1266.128121
25.372192	126.125000	1266.379137
25.371203	126.150000	1266.630154
25.370213	126.175000	1266.881171
25.369223	126.200000	1267.132187
25.368234	126.225000	1267.383204
25.367244	126.250000	1267.634221
25.366255	126.275000	1267.885237
25.365265	126.300000	1268.136254
25.364275	126.325000	1268.387271
25.363285	126.350000	1268.638287
25.362295	126.375000	1268.889304
25.361306	126.400000	1269.140321
25.360316	126.425000	1269.391337
25.359326	126.450000	1269.642354
25.358336	126.475000	1269.893371
25.357346	126.500000	1270.144387
25.356356	126.525000	1270.395404
25.355366	126.550000	1270.646421
25.354376	126.575000	1270.897437
25.353385	126.600000	1271.148454
25.352395	126.625000	1271.399471
25.351405	126.650000	1271.650488
25.350415	126.675000	1271.901504
25.349425	126.700000	1272.152521
25.348434	126.725000	1272.403538
25.347444	126.750000	1272.654554
25.346454	126.775000	1272.905571
25.345463	126.800000	1273.156588
25.344473	126.825000	1273.407604
25.343482	126.850000	1273.658621
25.342492	126.875000	1273.909638
25.341501	126.900000	1274.160654
25.340511	126.925000	1274.411671
25.339520	126.950000	1274.662688
25.338529	126.975000	1274.913704
25.337539	127.000000	1275.164721
25.336548	127.025000	1275.415738
25.335557	127.050000	1275.666754
25.334567	127.075000	1275.917771
25.333576	127.100000	1276.168788
25.332585	127.125000	1276.419804
25.331594	127.150000	1276.670821
25.330603	127.175000	1276.921838
25.329612	127.200000	1277.172854
25.328621	127.225000	1277.423871
25.327630	127.250000	1277.674888
25.326639	127.275000	1277.925904
25.325648	127.300000	1278.176921
25.324657	127.325000	1278.427938
25.323666	127.350000	1278.678954
25.322675	127.375000	1278.929971
25.321683	127.400000	1279.180988
25.320692	127.425000	1279.432005
25.319701	127.450000	1279.683021
25.318710	127.475000	1279.934038
25.317718	127.500000	1280.185055
25.316727	127.525000	1280.436071
25.315735	127.550000	1280.687088
25.314744	127.575000	1280.938105
25.313753	127.600000	1281.189121
25.312761	127.625000	1281.440138
25.311769	127.650000	1281.691155
25.310778	127.675000	1281.942171
25.309786	127.700000	1282.193188
25.308795	127.725000	1282.444205
25.307803	127.750000	1282.695221
25.306811	127.775000	1282.946238
25.305819	127.800000	1283.197255
25.304828	127.825000	1283.448271
25.303836	127.850000	1283.699288
25.302844	127.875000	1283.950305
25.301852	127.900000	1284.201321
25.300860	127.925000	1284.452338
25.299868	127.950000	1284.703355
25.298876	127.975000	1284.954371
25.297884	128.000000	1285.205388
25.296892	128.025000	1285.456405
25.295900	128.050000	1285.707421
25.294908	128.075000	1285.958438
25.293916	128.100000	1286.209455
25.292924	128.125000	1286.460471
25.291931	128.150000	1286.711488
25.290939	128.175000	1286.962505
25.289947	128.200000	1287.213521
25.288955	128.225000	1287.464538
25.287962	128.250000	1287.715555
25.286970	128.275000	1287.966572
25.285977	128.300000	1288.217588
25.284985	128.325000	1288.468605
25.283992	128.350000	1288.719622
25.283000	128.375000	1288.970638
25.282007	128.400000	1289.221655
25.281015	128.425000	1289.472672
25.280022	128.450000	1289.723688
25.279029	128.475000	1289.974705
25.278037	128.500000	1290.225722
25.277044	128.525000	1290.476738
25.276051	128.550000	1290.727755
25.275058	128.575000	1290.978772
25.274066	128.600000	1291.229788
25.273073	128.625000	1291.480805
25.272080	128.650000	1291.731822
25.271087	128.675000	1291.982838
25.270094	128.700000	1292.233855
25.269101	128.725000	1292.484872
25.268108	128.750000	1292.735888
25.267115	128.775000	1292.986905
25.266122	128.800000	1293.237922
25.265128	128.825000	1293.488938
25.264135	128.850000	1293.739955
25.263142	128.875000	1293.990972
25.262149	128.900000	1294.241988
25.261156	128.925000	1294.493005
25.260162	128.950000	1294.744022
25.259169	128.975000	1294.995038
25.258176	129.000000	1295.246055
25.257182	129.025000	1295.497072
25.256189	129.050000	1295.748089
25.255195	129.075000	1295.999105
25.254202	129.100000	1296.250122
25.253208	129.125000	1296.501139
25.252215	129.150000	1296.752155
25.251221	129.175000	1297.003172
25.250227	129.200000	1297.254189
25.249234	129.225000	1297.505205
25.248240	129.250000	1297.756222
25.247246	129.275000	1298.007239
25.246252	129.300000	1298.258255
25.245258	129.325000	1298.509272
25.244265	129.350000	1298.760289
25.243271	129.375000	1299.011305
25.242277	129.400000	1299.262322
25.241283	129.425000	1299.513339
25.240289	129.450000	1299.764355
25.239295	129.475000	1300.015372
25.238301	129.500000	1300.266389
25.237307	129.525000	1300.517405
25.236313	129.550000	1300.768422
25.235318	129.575000	1301.019439
25.234324	129.600000	1301.270455
25.233330	129.625000	1301.521472
25.232336	129.650000	1301.772489
25.231341	129.675000	1302.023505
25.230347	129.700000	1302.274522
25.229353	129.725000	1302.525539
25.228358	129.750000	1302.776555
25.227364	129.775000	1303.027572
25.226369	129.800000	1303.278589
25.225375	129.825000	1303.529606
25.224380	129.850000	1303.780622
25.223386	129.875000	1304.031639
25.222391	129.900000	1304.282656
25.221396	129.925000	1304.533672
25.220402	129.950000	1304.784689
25.219407	129.975000	1305.035706
25.218412	130.000000	1305.286722
25.217418	130.025000	1305.537739
25.216423	130.050000	1305.788756
25.215428	130.075000	1306.039772
25.214433	130.100000	1306.290789
25.213438	130.125000	1306.541806
25.212443	130.150000	1306.792822
25.211448	130.175000	1307.043839
25.210453	130.200000	1307.294856
25.209458	130.225000	1307.545872
25.208463	130.250000	1307.796889
25.207468	130.275000	1308.047906
25.206473	130.300000	1308.298922
25.205478	130.325000	1308.549939
25.204482	130.350000	1308.800956
25.203487	130.375000	1309.051972
25.202492	130.400000	1309.302989
25.201496	130.425000	1309.554006
25.200501	130.450000	1309.805022
25.199506	130.475000	1310.056039
25.198510	130.500000	1310.307056
25.197515	130.525000	1310.558072
25.196519	130.550000	1310.809089
25.195524	130.575000	1311.060106
25.194528	130.600000	1311.311123
25.193533	130.625000	1311.562139
25.192537	130.650000	1311.813156
25.191541	130.675000	1312.064173
25.190546	130.700000	1312.315189
25.189550	130.725000	1312.566206
25.188554	130.750000	1312.817223
25.187558	130.775000	1313.068239
25.186562	130.800000	1313.319256
25.185567	130.825000	1313.570273
25.184571	130.850000	1313.821289
25.183575	130.875000	1314.072306
25.182579	130.900000	1314.323323
25.181583	130.925000	1314.574339
25.180587	130.950000	1314.825356
25.179591	130.975000	1315.076373
25.178595	131.000000	1315.327389
25.177598	131.025000	1315.578406
25.176602	131.050000	1315.829423
25.175606	131.075000	1316.080439
25.174610	131.100000	1316.331456
25.173613	131.125000	1316.582473
25.172617	131.150000	1316.833489
25.171621	131.175000	1317.084506
25.170624	131.200000	1317.335523
25.169628	131.225000	1317.586539
25.168631	131.250000	1317.837556
25.167635	131.275000	1318.088573
25.166638	131.300000	1318.339589
25.165642	131.325000	1318.590606
25.164645	131.350000	1318.841623
25.163649	131.375000	1319.092640
25.162652	131.400000	1319.343656
25.161655	131.425000	1319.594673
25.160659	131.450000	1319.845690
25.159662	131.475000	1320.096706
25.158665	131.500000	1320.347723
25.157668	131.525000	1320.598740
25.156671	131.550000	1320.849756
25.155674	131.575000	1321.100773
25.154677	131.600000	1321.351790
25.153680	131.625000	1321.602806
25.152683	131.650000	1321.853823
25.151686	131.675000	1322.104840
25.150689	131.700000	1322.355856
25.149692	131.725000	1322.606873
25.148695	131.750000	1322.857890
25.147698	131.775000	1323.108906
25.146701	131.800000	1323.359923
25.145703	131.825000	1323.610940
25.144706	131.850000	1323.861956
25.143709	131.875000	1324.112973
25.142711	131.900000	1324.363990
25.141714	131.925000	1324.615006
25.140717	131.950000	1324.866023
25.139719	131.975000	1325.117040
25.138722	132.000000	1325.368056
25.137724	132.025000	1325.619073
25.136727	132.050000	1325.870090
25.135729	132.075000	1326.121106
25.134731	132.100000	1326.372123
25.133734	132.125000	1326.623140
25.132736	132.150000	1326.874157
25.131738	132.175000	1327.125173
25.130741	132.200000	1327.376190
25.129743	132.225000	1327.627207
25.128745	132.250000	1327.878223
25.127747	132.275000	1328.129240
25.126749	132.300000	1328.380257
25.125751	132.325000	1328.631273
25.124753	132.350000	1328.882290
25.123755	132.375000	1329.133307
25.122757	132.400000	1329.384323
25.121759	132.425000	1329.635340
25.120761	132.450000	1329.886357
25.119763	132.475000	1330.137373
25.118765	132.500000	1330.388390
25.117766	132.525000	1330.639407
25.116768	132.550000	1330.890423
25.115770	132.575000	1331.141440
25.114772	132.600000	1331.392457
25.113773	132.625000	1331.643473
25.112775	132.650000	1331.894490
25.111776	132.675000	1332.145507
25.110778	132.700000	1332.396523
25.109779	132.725000	1332.647540
25.108781	132.750000	1332.898557
25.107782	132.775000	1333.149573
25.106784	132.800000	1333.400590
25.105785	132.825000	1333.651607
25.104787	132.850000	1333.902623
25.103788	132.875000	1334.153640
25.102789	132.900000	1334.404657
25.101790	132.925000	1334.655674
25.100792	132.950000	1334.906690
25.099793	132.975000	1335.157707
25.098794	133.000000	1335.408724
25.097795	133.025000	1335.659740
25.096796	133.050000	1335.910757
25.095797	133.075000	1336.161774
25.094798	133.100000	1336.412790
25.093799	133.125000	1336.663807
25.092800	133.150000	1336.914824
25.091801	133.175000	1337.165840
25.090802	133.200000	1337.416857
25.089802	133.225000	1337.667874
25.088803	133.250000	1337.918890
25.087804	133.275000	1338.169907
25.086805	133.300000	1338.420924
25.085805	133.325000	1338.671940
25.084806	133.350000	1338.922957
25.083807	133.375000	1339.173974
25.082807	133.400000	1339.424990
25.081808	133.425000	1339.676007
25.080808	133.450000	1339.927024
25.079809	133.475000	1340.178040
25.078809	133.500000	1340.429057
25.077809	133.525000	1340.680074
25.076810	133.550000	1340.931090
25.075810	133.575000	1341.182107
25.074810	133.600000	1341.433124
25.073811	133.625000	1341.684140
25.072811	133.650000	1341.935157
25.071811	133.675000	1342.186174
25.070811	133.700000	1342.437191
25.069811	133.725000	1342.688207
25.068811	133.750000	1342.939224
25.067812	133.775000	1343.190241
25.066812	133.800000	1343.441257
25.065812	133.825000	1343.692274
25.064811	133.850000	1343.943291
25.063811	133.875000	1344.194307
25.062811	133.900000	1344.445324
25.061811	133.925000	1344.696341
25.060811	133.950000	1344.947357
25.059811	133.975000	1345.198374
25.058810	134.000000	1345.449391
25.057810	134.025000	1345.700407
25.056810	134.050000	1345.951424
25.055809	134.075000	1346.202441
25.054809	134.100000	1346.453457
25.053809	134.125000	1346.704474
25.052808	134.150000	1346.955491
25.051808	134.175000	1347.206507
25.050807	134.200000	1347.457524
25.049807	134.225000	1347.708541
25.048806	134.250000	1347.959557
25.047805	134.275000	1348.210574
25.046805	134.300000	1348.461591
25.045804	134.325000	1348.712607
25.044803	134.350000	1348.963624
25.043802	134.375000	1349.214641
25.042802	134.400000	1349.465657
25.041801	134.425000	1349.716674
25.040800	134.450000	1349.967691
25.039799	134.475000	1350.218708
25.038798	134.500000	1350.469724
25.037797	134.525000	1350.720741
25.036796	134.550000	1350.971758
25.035795	134.575000	1351.222774
25.034794	134.600000	1351.473791
25.033793	134.625000	1351.724808
25.032791	134.650000	1351.975824
25.031790	134.675000	1352.226841
25.030789	134.700000	1352.477858
25.029788	134.725000	1352.728874
25.028786	134.750000	1352.979891
25.027785	134.775000	1353.230908
25.026784	134.800000	1353.481924
25.025782	134.825000	1353.732941
25.024781	134.850000	1353.983958
25.023779	134.875000	1354.234974
25.022778	134.900000	1354.485991
25.021776	134.925000	1354.737008
25.020775	134.950000	1354.988024
25.019773	134.975000	1355.239041
25.018771	135.000000	1355.490058
25.017770	135.025000	1355.741074
25.016768	135.050000	1355.992091
25.015766	135.075000	1356.243108
25.014764	135.100000	1356.494124
25.013763	135.125000	1356.745141
25.012761	135.150000	1356.996158
25.011759	135.175000	1357.247174
25.010757	135.200000	1357.498191
25.009755	135.225000	1357.749208
25.008753	135.250000	1358.000225
25.007751	135.275000	1358.251241
25.006749	135.300000	1358.502258
25.005747	135.325000	1358.753275
25.004745	135.350000	1359.004291
25.003742	135.375000	1359.255308
25.002740	135.400000	1359.506325
25.001738	135.425000	1359.757341
25.000736	135.450000	1360.008358
24.999733	135.475000	1360.259375
24.998731	135.500000	1360.510391
24.997729	135.525000	1360.761408
24.996726	135.550000	1361.012425
24.995724	135.575000	1361.263441
24.994721	135.600000	1361.514458
24.993719	135.625000	1361.765475
24.992716	135.650000	1362.016491
24.991714	135.675000	1362.267508
24.990711	135.700000	1362.518525
24.989708	135.725000	1362.769541
24.988706	135.750000	1363.020558
24.987703	135.775000	1363.271575
24.986700	135.800000	1363.522591
24.985697	135.825000	1363.773608
24.984694	135.850000	1364.024625
24.983691	135.875000	1364.275641
24.982689	135.900000	1364.526658
24.981686	135.925000	1364.777675
24.980683	135.950000	1365.028691
24.979680	135.975000	1365.279708
24.978677	136.000000	1365.530725
24.977673	136.025000	1365.781742
24.976670	136.050000	1366.032758
24.975667	136.075000	1366.283775
24.974664	136.100000	1366.534792
24.973661	136.125000	1366.785808
24.972658	136.150000	1367.036825
24.971654	136.175000	1367.287842
24.970651	136.200000	1367.538858
24.969647	136.225000	1367.789875
24.968644	136.250000	1368.040892
24.967641	136.275000	1368.291908
24.966637	136.300000	1368.542925
24.965634	136.325000	1368.793942
24.964630	136.350000	1369.044958
24.963627	136.375000	1369.295975
24.962623	136.400000	1369.546992
24.961619	136.425000	1369.798008
24.960616	136.450000	1370.049025
24.959612	136.475000	1370.300042
24.958608	136.500000	1370.551058
24.957604	136.525000	1370.802075
24.956600	136.550000	1371.053092
24.955597	136.575000	1371.304108
24.954593	136.600000	1371.555125
24.953589	136.625000	1371.806142
24.952585	136.650000	1372.057158
24.951581	136.675000	1372.308175
24.950577	136.700000	1372.559192
24.949573	136.725000	1372.810208
24.948569	136.750000	1373.061225
24.947564	136.775000	1373.312242
24.946560	136.800000	1373.563259
24.945556	136.825000	1373.814275
24.944552	136.850000	1374.065292
24.943547	136.875000	1374.316309
24.942543	136.900000	1374.567325
24.941539	136.925000	1374.818342
24.940534	136.950000	1375.069359
24.939530	136.975000	1375.320375
24.938526	137.000000	1375.571392
24.937521	137.025000	1375.822409
24.936517	137.050000	1376.073425
24.935512	137.075000	1376.324442
24.934507	137.100000	1376.575459
24.933503	137.125000	1376.826475
24.932498	137.150000	1377.077492
24.931493	137.175000	1377.328509
24.930489	137.200000	1377.579525
24.929484	137.225000	1377.830542
24.928479	137.250000	1378.081559
24.927474	137.275000	1378.332575
24.926469	137.300000	1378.583592
24.925464	137.325000	1378.834609
24.924459	137.350000	1379.085625
24.923454	137.375000	1379.336642
24.922449	137.400000	1379.587659
24.921444	137.425000	1379.838675
24.920439	137.450000	1380.089692
24.919434	137.475000	1380.340709
24.918429	137.500000	1380.591725
24.917424	137.525000	1380.842742
24.916418	137.550000	1381.093759
24.915413	137.575000	1381.344776
24.914408	137.600000	1381.595792
24.913403	137.625000	1381.846809
24.912397	137.650000	1382.097826
24.911392	137.675000	1382.348842
24.910386	137.700000	1382.599859
24.909381	137.725000	1382.850876
24.908375	137.750000	1383.101892
24.907370	137.775000	1383.352909
24.906364	137.800000	1383.603926
24.905358	137.825000	1383.854942
24.904353	137.850000	1384.105959
24.903347	137.875000	1384.356976
24.902341	137.900000	1384.607992
24.901336	137.925000	1384.859009
24.900330	137.950000	1385.110026
24.899324	137.975000	1385.361042
24.898318	138.000000	1385.612059
24.897312	138.025000	1385.863076
24.896306	138.050000	1386.114092
24.895300	138.075000	1386.365109
24.894294	138.100000	1386.616126
24.893288	138.125000	1386.867142
24.892282	138.150000	1387.118159
24.891276	138.175000	1387.369176
24.890270	138.200000	1387.620192
24.889264	138.225000	1387.871209
24.888257	138.250000	1388.122226
24.887251	138.275000	1388.373242
24.886245	138.300000	1388.624259
24.885239	138.325000	1388.875276
24.884232	138.350000	1389.126293
24.883226	138.375000	1389.377309
24.882219	138.400000	1389.628326
24.881213	138.425000	1389.879343
24.880206	138.450000	1390.130359
24.879200	138.475000	1390.381376
24.878193	138.500000	1390.632393
24.877187	138.525000	1390.883409
24.876180	138.550000	1391.134426
24.875173	138.575000	1391.385443
24.874166	138.600000	1391.636459
24.873160	138.625000	1391.887476
24.872153	138.650000	1392.138493
24.871146	138.675000	1392.389509
24.870139	138.700000	1392.640526
24.869132	138.725000	1392.891543
24.868125	138.750000	1393.142559
24.867118	138.775000	1393.393576
24.866111	138.800000	1393.644593
24.865104	138.825000	1393.895609
24.864097	138.850000	1394.146626
24.863090	138.875000	1394.397643
24.862083	138.900000	1394.648659
24.861076	138.925000	1394.899676
24.860069	138.950000	1395.150693
24.859061	138.975000	1395.401709
24.858054	139.000000	1395.652726
24.857047	139.025000	1395.903743
24.856039	139.050000	1396.154759
24.855032	139.075000	1396.405776
24.854025	139.100000	1396.656793
24.853017	139.125000	1396.907810
24.852010	139.150000	1397.158826
24.851002	139.175000	1397.409843
24.849994	139.200000	1397.660860
24.848987	139.225000	1397.911876
24.847979	139.250000	1398.162893
24.846971	139.275000	1398.413910
24.845964	139.300000	1398.664926
24.844956	139.325000	1398.915943
24.843948	139.350000	1399.166960
24.842940	139.375000	1399.417976
24.841933	139.400000	1399.668993
24.840925	139.425000	1399.920010
24.839917	139.450000	1400.171026
24.838909	139.475000	1400.422043
24.837901	139.500000	1400.673060
24.836893	139.525000	1400.924076
24.835885	139.550000	1401.175093
24.834876	139.575000	1401.426110
24.833868	139.600000	1401.677126
24.832860	139.625000	1401.928143
24.831852	139.650000	1402.179160
24.830844	139.675000	1402.430176
24.829835	139.700000	1402.681193
24.828827	139.725000	1402.932210
24.827819	139.750000	1403.183226
24.826810	139.775000	1403.434243
24.825802	139.800000	1403.685260
24.824793	139.825000	1403.936276
24.823785	139.850000	1404.187293
24.822776	139.875000	1404.438310
24.821768	139.900000	1404.689327
24.820759	139.925000	1404.940343
24.819750	139.950000	1405.191360
24.818742	139.975000	1405.442377
24.817733	140.000000	1405.693393
24.816724	140.025000	1405.944410
24.815716	140.050000	1406.195427
24.814707	140.075000	1406.446443
24.813698	140.100000	1406.697460
24.812689	140.125000	1406.948477
24.811680	140.150000	1407.199493
24.810671	140.175000	1407.450510
24.809662	140.200000	1407.701527
24.808653	140.225000	1407.952543
24.807644	140.250000	1408.203560
24.806635	140.275000	1408.454577
24.805626	140.300000	1408.705593
24.804616	140.325000	1408.956610
24.803607	140.350000	1409.207627
24.802598	140.375000	1409.458643
24.801589	140.400000	1409.709660
24.800579	140.425000	1409.960677
24.799570	140.450000	1410.211693
24.798561	140.475000	1410.462710
24.797551	140.500000	1410.713727
24.796542	140.525000	1410.964743
24.795532	140.550000	1411.215760
24.794523	140.575000	1411.466777
24.793513	140.600000	1411.717793
24.792503	140.625000	1411.968810
24.791494	140.650000	1412.219827
24.790484	140.675000	1412.470844
24.789474	140.700000	1412.721860
24.788465	140.725000	1412.972877
24.787455	140.750000	1413.223894
24.786445	140.775000	1413.474910
24.785435	140.800000	1413.725927
24.784425	140.825000	1413.976944
24.783415	140.850000	1414.227960
24.782405	140.875000	1414.478977
24.781395	140.900000	1414.729994
24.780385	140.925000	1414.981010
24.779375	140.950000	1415.232027
24.778365	140.975000	1415.483044
24.777355	141.000000	1415.734060
24.776345	141.025000	1415.985077
24.775335	141.050000	1416.236094
24.774324	141.075000	1416.487110
24.773314	141.100000	1416.738127
24.772304	141.125000	1416.989144
24.771293	141.150000	1417.240160
24.770283	141.175000	1417.491177
24.769272	141.200000	1417.742194
24.768262	141.225000	1417.993210
24.767251	141.250000	1418.244227
24.766241	141.275000	1418.495244
24.765230	141.300000	1418.746260
24.764220	141.325000	1418.997277
24.763209	141.350000	1419.248294
24.762198	141.375000	1419.499310
24.761188	141.400000	1419.750327
24.760177	141.425000	1420.001344
24.759166	141.450000	1420.252360
24.758155	141.475000	1420.503377
24.757144	141.500000	1420.754394
24.756133	141.525000	1421.005411
24.755123	141.550000	1421.256427
24.754112	141.575000	1421.507444
24.753101	141.600000	1421.758461
24.752090	141.625000	1422.009477
24.751078	141.650000	1422.260494
24.750067	141.675000	1422.511511
24.749056	141.700000	1422.762527
24.748045	141.725000	1423.013544
24.747034	141.750000	1423.264561
24.746022	141.775000	1423.515577
24.745011	141.800000	1423.766594
24.744000	141.825000	1424.017611
24.742988	141.850000	1424.268627
24.741977	141.875000	1424.519644
24.740966	141.900000	1424.770661
24.739954	141.925000	1425.021677
24.738943	141.950000	1425.272694
24.737931	141.975000	1425.523711
24.736919	142.000000	1425.774727
24.735908	142.025000	1426.025744
24.734896	142.050000	1426.276761
24.733884	142.075000	1426.527777
24.732873	142.100000	1426.778794
24.731861	142.125000	1427.029811
24.730849	142.150000	1427.280827
24.729837	142.175000	1427.531844
24.728825	142.200000	1427.782861
24.727814	142.225000	1428.033877
24.726802	142.250000	1428.284894
24.725790	142.275000	1428.535911
24.724778	142.300000	1428.786928
24.723765	142.325000	1429.037944
24.722753	142.350000	1429.288961
24.721741	142.375000	1429.539978
24.720729	142.400000	1429.790994
24.719717	142.425000	1430.042011
24.718705	142.450000	1430.293028
24.717692	142.475000	1430.544044
24.716680	142.500000	1430.795061
24.715668	142.525000	1431.046078
24.714655	142.550000	1431.297094
24.713643	142.575000	1431.548111
24.712630	142.600000	1431.799128
24.711618	142.625000	1432.050144
24.710605	142.650000	1432.301161
24.709593	142.675000	1432.552178
24.708580	142.700000	1432.803194
24.707568	142.725000	1433.054211
24.706555	142.750000	1433.305228
24.705542	142.775000	1433.556244
24.704530	142.800000	1433.807261
24.703517	142.825000	1434.058278
24.702504	142.850000	1434.309294
24.701491	142.875000	1434.560311
24.700478	142.900000	1434.811328
24.699465	142.925000	1435.062344
24.698452	142.950000	1435.313361
24.697439	142.975000	1435.564378
24.696426	143.000000	1435.815394
24.695413	143.025000	1436.066411
24.694400	143.050000	1436.317428
24.693387	143.075000	1436.568445
24.692374	143.100000	1436.819461
24.691361	143.125000	1437.070478
24.690347	143.150000	1437.321495
24.689334	143.175000	1437.572511
24.688321	143.200000	1437.823528
24.687307	143.225000	1438.074545
24.686294	143.250000	1438.325561
24.685280	143.275000	1438.576578
24.684267	143.300000	1438.827595
24.683254	143.325000	1439.078611
24.682240	143.350000	1439.329628
24.681226	143.375000	1439.580645
24.680213	143.400000	1439.831661
24.679199	143.425000	1440.082678
24.678185	143.450000	1440.333695
24.677172	143.475000	1440.584711
24.676158	143.500000	1440.835728
24.675144	143.525000	1441.086745
24.674130	143.550000	1441.337761
24.673116	143.575000	1441.588778
24.672103	143.600000	1441.839795
24.671089	143.625000	1442.090811
24.670075	143.650000	1442.341828
24.669061	143.675000	1442.592845
24.668047	143.700000	1442.843861
24.667032	143.725000	1443.094878
24.666018	143.750000	1443.345895
24.665004	143.775000	1443.596911
24.663990	143.800000	1443.847928
24.662976	143.825000	1444.098945
24.661962	143.850000	1444.349962
24.660947	143.875000	1444.600978
24.659933	143.900000	1444.851995
24.658918	143.925000	1445.103012
24.657904	143.950000	1445.354028
24.656890	143.975000	1445.605045
24.655875	144.000000	1445.856062
24.654861	144.025000	1446.107078
24.653846	144.050000	1446.358095
24.652831	144.075000	1446.609112
24.651817	144.100000	1446.860128
24.650802	144.125000	1447.111145
24.649787	144.150000	1447.362162
24.648773	144.175000	1447.613178
24.647758	144.200000	1447.864195
24.646743	144.225000	1448.115212
24.645728	144.250000	1448.366228
24.644713	144.275000	1448.617245
24.643698	144.300000	1448.868262
24.642684	144.325000	1449.119278
24.641669	144.350000	1449.370295
24.640653	144.375000	1449.621312
24.639638	144.400000	1449.872328
24.638623	144.425000	1450.123345
24.637608	144.450000	1450.374362
24.636593	144.475000	1450.625378
24.635578	144.500000	1450.876395
24.634563	144.525000	1451.127412
24.633547	144.550000	1451.378428
24.632532	144.575000	1451.629445
24.631517	144.600000	1451.880462
24.630501	144.625000	1452.131479
24.629486	144.650000	1452.382495
24.628470	144.675000	1452.633512
24.627455	144.700000	1452.884529
24.626439	144.725000	1453.135545
24.625424	144.750000	1453.386562
24.624408	144.775000	1453.637579
24.623392	144.800000	1453.888595
24.622377	144.825000	1454.139612
24.621361	144.850000	1454.390629
24.620345	144.875000	1454.641645
24.619329	144.900000	1454.892662
24.618314	144.925000	1455.143679
24.617298	144.950000	1455.394695
24.616282	144.975000	1455.645712
24.615266	145.000000	1455.896729
24.614250	145.025000	1456.147745
24.613234	145.050000	1456.398762
24.612218	145.075000	1456.649779
24.611202	145.100000	1456.900795
24.610186	145.125000	1457.151812
24.609169	145.150000	1457.402829
24.608153	145.175000	1457.653845
24.607137	145.200000	1457.904862
24.606121	145.225000	1458.155879
24.605104	145.250000	1458.406895
24.604088	145.275000	1458.657912
24.603072	145.300000	1458.908929
24.602055	145.325000	1459.159945
24.601039	145.350000	1459.410962
24.600022	145.375000	1459.661979
24.599006	145.400000	1459.912996
24.597989	145.425000	1460.164012
24.596973	145.450000	1460.415029
24.595956	145.475000	1460.666046
24.594939	145.500000	1460.917062
24.593923	145.525000	1461.168079
24.592906	145.550000	1461.419096
24.591889	145.575000	1461.670112
24.590872	145.600000	1461.921129
24.589855	145.625000	1462.172146
24.588838	145.650000	1462.423162
24.587822	145.675000	1462.674179
24.586805	145.700000	1462.925196
24.585788	145.725000	1463.176212
24.584770	145.750000	1463.427229
24.583753	145.775000	1463.678246
24.582736	145.800000	1463.929262
24.581719	145.825000	1464.180279
24.580702	145.850000	1464.431296
24.579685	145.875000	1464.682312
24.578667	145.900000	1464.933329
24.577650	145.925000	1465.184346
24.576633	145.950000	1465.435362
24.575615	145.975000	1465.686379
24.574598	146.000000	1465.937396
24.573581	146.025000	1466.188412
24.572563	146.050000	1466.439429
24.571546	146.075000	1466.690446
24.570528	146.100000	1466.941462
24.569510	146.125000	1467.192479
24.568493	146.150000	1467.443496
24.567475	146.175000	1467.694513
24.566457	146.200000	1467.945529
24.565440	146.225000	1468.196546
24.564422	146.250000	1468.447563
24.563404	146.275000	1468.698579
24.562386	146.300000	1468.949596
24.561368	146.325000	1469.200613
24.560350	146.350000	1469.451629
24.559333	146.375000	1469.702646
24.558315	146.400000	1469.953663
24.557296	146.425000	1470.204679
24.556278	146.450000	1470.455696
24.555260	146.475000	1470.706713
24.554242	146.500000	1470.957729
24.553224	146.525000	1471.208746
24.552206	146.550000	1471.459763
24.551188	146.575000	1471.710779
24.550169	146.600000	1471.961796
24.549151	146.625000	1472.212813
24.548133	146.650000	1472.463829
24.547114	146.675000	1472.714846
24.546096	146.700000	1472.965863
24.545077	146.725000	1473.216879
24.544059	146.750000	1473.467896
24.543040	146.775000	1473.718913
24.542022	146.800000	1473.969929
24.541003	146.825000	1474.220946
24.539984	146.850000	1474.471963
24.538966	146.875000	1474.722979
24.537947	146.900000	1474.973996
24.536928	146.925000	1475.225013
24.535909	146.950000	1475.476030
24.534890	146.975000	1475.727046
24.533872	147.000000	1475.978063
24.532853	147.025000	1476.229080
24.531834	147.050000	1476.480096
24.530815	147.075000	1476.731113
24.529796	147.100000	1476.982130
24.528777	147.125000	1477.233146
24.527758	147.150000	1477.484163
24.526738	147.175000	1477.735180
24.525719	147.200000	1477.986196
24.524700	147.225000	1478.237213
24.523681	147.250000	1478.488230
24.522661	147.275000	1478.739246
24.521642	147.300000	1478.990263
24.520623	147.325000	1479.241280
24.519603	147.350000	1479.492296
24.518584	147.375000	1479.743313
24.517564	147.400000	1479.994330
24.516545	147.425000	1480.245346
24.515525	147.450000	1480.496363
24.514506	147.475000	1480.747380
24.513486	147.500000	1480.998396
24.512467	147.525000	1481.249413
24.511447	147.550000	1481.500430
24.510427	147.575000	1481.751446
24.509407	147.600000	1482.002463
24.508388	147.625000	1482.253480
24.507368	147.650000	1482.504496
24.506348	147.675000	1482.755513
24.505328	147.700000	1483.006530
24.504308	147.725000	1483.257547
24.503288	147.750000	1483.508563
24.502268	147.775000	1483.759580
24.501248	147.800000	1484.010597
24.500228	147.825000	1484.261613
24.499208	147.850000	1484.512630
24.498188	147.875000	1484.763647
24.497167	147.900000	1485.014663
24.496147	147.925000	1485.265680
24.495127	147.950000	1485.516697
24.494106	147.975000	1485.767713
24.493086	148.000000	1486.018730
24.492066	148.025000	1486.269747
24.491045	148.050000	1486.520763
24.490025	148.075000	1486.771780
24.489004	148.100000	1487.022797
24.487984	148.125000	1487.273813
24.486963	148.150000	1487.524830
24.485943	148.175000	1487.775847
24.484922	148.200000	1488.026863
24.483901	148.225000	1488.277880
24.482880	148.250000	1488.528897
24.481860	148.275000	1488.779913
24.480839	148.300000	1489.030930
24.479818	148.325000	1489.281947
24.478797	148.350000	1489.532963
24.477776	148.375000	1489.783980
24.476755	148.400000	1490.034997
24.475734	148.425000	1490.286013
24.474713	148.450000	1490.537030
24.473692	148.475000	1490.788047
24.472671	148.500000	1491.039064
24.471650	148.525000	1491.290080
24.470629	148.550000	1491.541097
24.469608	148.575000	1491.792114
24.468586	148.600000	1492.043130
24.467565	148.625000	1492.294147
24.466544	148.650000	1492.545164
24.465522	148.675000	1492.796180
24.464501	148.700000	1493.047197
24.463480	148.725000	1493.298214
24.462458	148.750000	1493.549230
24.461437	148.775000	1493.800247
24.460415	148.800000	1494.051264
24.459393	148.825000	1494.302280
24.458372	148.850000	1494.553297
24.457350	148.875000	1494.804314
24.456329	148.900000	1495.055330
24.455307	148.925000	1495.306347
24.454285	148.950000	1495.557364
24.453263	148.975000	1495.808380
24.452241	149.000000	1496.059397
24.451219	149.025000	1496.310414
24.450198	149.050000	1496.561430
24.449176	149.075000	1496.812447
24.448154	149.100000	1497.063464
24.447132	149.125000	1497.314480
24.446110	149.150000	1497.565497
24.445087	149.175000	1497.816514
24.444065	149.200000	1498.067530
24.443043	149.225000	1498.318547
24.442021	149.250000	1498.569564
24.440999	149.275000	1498.820581
24.439976	149.300000	1499.071597
24.438954	149.325000	1499.322614
24.437932	149.350000	1499.573631
24.436909	149.375000	1499.824647
24.435887	149.400000	1500.075664
24.434864	149.425000	1500.326681
24.433842	149.450000	1500.577697
24.432819	149.475000	1500.828714
24.431797	149.500000	1501.079731
24.430774	149.525000	1501.330747
24.429751	149.550000	1501.581764
24.428729	149.575000	1501.832781
24.427706	149.600000	1502.083797
24.426683	149.625000	1502.334814
24.425660	149.650000	1502.585831
24.424638	149.675000	1502.836847
24.423615	149.700000	1503.087864
24.422592	149.725000	1503.338881
24.421569	149.750000	1503.589897
24.420546	149.775000	1503.840914
24.419523	149.800000	1504.091931
24.418500	149.825000	1504.342947
24.417477	149.850000	1504.593964
24.416453	149.875000	1504.844981
24.415430	149.900000	1505.095997
24.414407	149.925000	1505.347014
24.413384	149.950000	1505.598031
24.412360	149.975000	1505.849047
24.411337	150.000000	1506.100064
24.410314	150.025000	1506.351081
24.409290	150.050000	1506.602098
24.408267	150.075000	1506.853114
24.407243	150.100000	1507.104131
24.406220	150.125000	1507.355148
24.405196	150.150000	1507.606164
24.404173	150.175000	1507.857181
24.403149	150.200000	1508.108198
24.402125	150.225000	1508.359214
24.401102	150.250000	1508.610231
24.400078	150.275000	1508.861248
24.399054	150.300000	1509.112264
24.398030	150.325000	1509.363281
24.397006	150.350000	1509.614298
24.395983	150.375000	1509.865314
24.394959	150.400000	1510.116331
24.393935	150.425000	1510.367348
24.392911	150.450000	1510.618364
24.391887	150.475000	1510.869381
24.390863	150.500000	1511.120398
24.389838	150.525000	1511.371414
24.388814	150.550000	1511.622431
24.387790	150.575000	1511.873448
24.386766	150.600000	1512.124464
24.385742	150.625000	1512.375481
24.384717	150.650000	1512.626498
24.383693	150.675000	1512.877514
24.382669	150.700000	1513.128531
24.381644	150.725000	1513.379548
24.380620	150.750000	1513.630564
24.379595	150.775000	1513.881581
24.378571	150.800000	1514.132598
24.377546	150.825000	1514.383615
24.376521	150.850000	1514.634631
24.375497	150.875000	1514.885648
24.374472	150.900000	1515.136665
24.373447	150.925000	1515.387681
24.372423	150.950000	1515.638698
24.371398	150.975000	1515.889715
24.370373	151.000000	1516.140731
24.369348	151.025000	1516.391748
24.368323	151.050000	1516.642765
24.367298	151.075000	1516.893781
24.366273	151.100000	1517.144798
24.365248	151.125000	1517.395815
24.364223	151.150000	1517.646831
24.363198	151.175000	1517.897848
24.362173	151.200000	1518.148865
24.361148	151.225000	1518.399881
24.360123	151.250000	1518.650898
24.359097	151.275000	1518.901915
24.358072	151.300000	1519.152931
24.357047	151.325000	1519.403948
24.356021	151.350000	1519.654965
24.354996	151.375000	1519.905981
24.353971	151.400000	1520.156998
24.352945	151.425000	1520.408015
24.351920	151.450000	1520.659031
24.350894	151.475000	1520.910048
24.349868	151.500000	1521.161065
24.348843	151.525000	1521.412081
24.347817	151.550000	1521.663098
24.346791	151.575000	1521.914115
24.345766	151.600000	1522.165132
24.344740	151.625000	1522.416148
24.343714	151.650000	1522.667165
24.342688	151.675000	1522.918182
24.341662	151.700000	1523.169198
24.340636	151.725000	1523.420215
24.339611	151.750000	1523.671232
24.338585	151.775000	1523.922248
24.337558	151.800000	1524.173265
24.336532	151.825000	1524.424282
24.335506	151.850000	1524.675298
24.334480	151.875000	1524.926315
24.333454	151.900000	1525.177332
24.332428	151.925000	1525.428348
24.331401	151.950000	1525.679365
24.330375	151.975000	1525.930382
24.329349	152.000000	1526.181398
24.328322	152.025000	1526.432415
24.327296	152.050000	1526.683432
24.326270	152.075000	1526.934448
24.325243	152.100000	1527.185465
24.324217	152.125000	1527.436482
24.323190	152.150000	1527.687498
24.322163	152.175000	1527.938515
24.321137	152.200000	1528.189532
24.320110	152.225000	1528.440548
24.319083	152.250000	1528.691565
24.318057	152.275000	1528.942582
24.317030	152.300000	1529.193598
24.316003	152.325000	1529.444615
24.314976	152.350000	1529.695632
24.313949	152.375000	1529.946649
24.312922	152.400000	1530.197665
24.311895	152.425000	1530.448682
24.310868	152.450000	1530.699699
24.309841	152.475000	1530.950715
24.308814	152.500000	1531.201732
24.307787	152.525000	1531.452749
24.306760	152.550000	1531.703765
24.305733	152.575000	1531.954782
24.304705	152.600000	1532.205799
24.303678	152.625000	1532.456815
24.302651	152.650000	1532.707832
24.301623	152.675000	1532.958849
24.300596	152.700000	1533.209865
24.299569	152.725000	1533.460882
24.298541	152.750000	1533.711899
24.297514	152.775000	1533.962915
24.296486	152.800000	1534.213932
24.295458	152.825000	1534.464949
24.294431	152.850000	1534.715965
24.293403	152.875000	1534.966982
24.292375	152.900000	1535.217999
24.291348	152.925000	1535.469015
24.290320	152.950000	1535.720032
24.289292	152.975000	1535.971049
24.288264	153.000000	1536.222065
24.287236	153.025000	1536.473082
24.286208	153.050000	1536.724099
24.285181	153.075000	1536.975115
24.284153	153.100000	1537.226132
24.283124	153.125000	1537.477149
24.282096	153.150000	1537.728166
24.281068	153.175000	1537.979182
24.280040	153.200000	1538.230199
24.279012	153.225000	1538.481216
24.277984	153.250000	1538.732232
24.276955	153.275000	1538.983249
24.275927	153.300000	1539.234266
24.274899	153.325000	1539.485282
24.273870	153.350000	1539.736299
24.272842	153.375000	1539.987316
24.271814	153.400000	1540.238332
24.270785	153.425000	1540.489349
24.269756	153.450000	1540.740366
24.268728	153.475000	1540.991382
24.267699	153.500000	1541.242399
24.266671	153.525000	1541.493416
24.265642	153.550000	1541.744432
24.264613	153.575000	1541.995449
24.263584	153.600000	1542.246466
24.262556	153.625000	1542.497482
24.261527	153.650000	1542.748499
24.260498	153.675000	1542.999516
24.259469	153.700000	1543.250532
24.258440	153.725000	1543.501549
24.257411	153.750000	1543.752566
24.256382	153.775000	1544.003582
24.255353	153.800000	1544.254599
24.254324	153.825000	1544.505616
24.253295	153.850000	1544.756632
24.252266	153.875000	1545.007649
24.251236	153.900000	1545.258666
24.250207	153.925000	1545.509683
24.249178	153.950000	1545.760699
24.248148	153.975000	1546.011716
24.247119	154.000000	1546.262733
24.246090	154.025000	1546.513749
24.245060	154.050000	1546.764766
24.244031	154.075000	1547.015783
24.243001	154.100000	1547.266799
24.241972	154.125000	1547.517816
24.240942	154.150000	1547.768833
24.239912	154.175000	1548.019849
24.238883	154.200000	1548.270866
24.237853	154.225000	1548.521883
24.236823	154.250000	1548.772899
24.235794	154.275000	1549.023916
24.234764	154.300000	1549.274933
24.233734	154.325000	1549.525949
24.232704	154.350000	1549.776966
24.231674	154.375000	1550.027983
24.230644	154.400000	1550.278999
24.229614	154.425000	1550.530016
24.228584	154.450000	1550.781033
24.227554	154.475000	1551.032049
24.226524	154.500000	1551.283066
24.225494	154.525000	1551.534083
24.224463	154.550000	1551.785099
24.223433	154.575000	1552.036116
24.222403	154.600000	1552.287133
24.221372	154.625000	1552.538149
24.220342	154.650000	1552.789166
24.219312	154.675000	1553.040183
24.218281	154.700000	1553.291199
24.217251	154.725000	1553.542216
24.216220	154.750000	1553.793233
24.215190	154.775000	1554.044250
24.214159	154.800000	1554.295266
24.213128	154.825000	1554.546283
24.212098	154.850000	1554.797300
24.211067	154.875000	1555.048316
24.210036	154.900000	1555.299333
24.209006	154.925000	1555.550350
24.207975	154.950000	1555.801366
24.206944	154.975000	1556.052383
24.205913	155.000000	1556.303400
24.204882	155.025000	1556.554416
24.203851	155.050000	1556.805433
24.202820	155.075000	1557.056450
24.201789	155.100000	1557.307466
24.200758	155.125000	1557.558483
24.199727	155.150000	1557.809500
24.198696	155.175000	1558.060516
24.197664	155.200000	1558.311533
24.196633	155.225000	1558.562550
24.195602	155.250000	1558.813566
24.194571	155.275000	1559.064583
24.193539	155.300000	1559.315600
24.192508	155.325000	1559.566616
24.191476	155.350000	1559.817633
24.190445	155.375000	1560.068650
24.189413	155.400000	1560.319666
24.188382	155.425000	1560.570683
24.187350	155.450000	1560.821700
24.186319	155.475000	1561.072716
24.185287	155.500000	1561.323733
24.184255	155.525000	1561.574750
24.183224	155.550000	1561.825767
24.182192	155.575000	1562.076783
24.181160	155.600000	1562.327800
24.180128	155.625000	1562.578817
24.179096	155.650000	1562.829833
24.178064	155.675000	1563.080850
24.177032	155.700000	1563.331867
24.176000	155.725000	1563.582883
24.174968	155.750000	1563.833900
24.173936	155.775000	1564.084917
24.172904	155.800000	1564.335933
24.171872	155.825000	1564.586950
24.170840	155.850000	1564.837967
24.169807	155.875000	1565.088983
24.168775	155.900000	1565.340000
24.167743	155.925000	1565.591017
24.166710	155.950000	1565.842033
24.165678	155.975000	1566.093050
24.164646	156.000000	1566.344067
24.163613	156.025000	1566.595083
24.162581	156.050000	1566.846100
24.161548	156.075000	1567.097117
24.160516	156.100000	1567.348133
24.159483	156.125000	1567.599150
24.158450	156.150000	1567.850167
24.157418	156.175000	1568.101183
24.156385	156.200000	1568.352200
24.155352	156.225000	1568.603217
24.154319	156.250000	1568.854233
24.153286	156.275000	1569.105250
24.152253	156.300000	1569.356267
24.151221	156.325000	1569.607284
24.150188	156.350000	1569.858300
24.149155	156.375000	1570.109317
24.148122	156.400000	1570.360334
24.147088	156.425000	1570.611350
24.146055	156.450000	1570.862367
24.145022	156.475000	1571.113384
24.143989	156.500000	1571.364400
24.142956	156.525000	1571.615417
24.141922	156.550000	1571.866434
24.140889	156.575000	1572.117450
24.139856	156.600000	1572.368467
24.138822	156.625000	1572.619484
24.137789	156.650000	1572.870500
24.136755	156.675000	1573.121517
24.135722	156.700000	1573.372534
24.134688	156.725000	1573.623550
24.133655	156.750000	1573.874567
24.132621	156.775000	1574.125584
24.131588	156.800000	1574.376600
24.130554	156.825000	1574.627617
24.129520	156.850000	1574.878634
24.128486	156.875000	1575.129650
24.127452	156.900000	1575.380667
24.126419	156.925000	1575.631684
24.125385	156.950000	1575.882700
24.124351	156.975000	1576.133717
24.123317	157.000000	1576.384734
24.122283	157.025000	1576.635750
24.121249	157.050000	1576.886767
24.120215	157.075000	1577.137784
24.119181	157.100000	1577.388801
24.118146	157.125000	1577.639817
24.117112	157.150000	1577.890834
24.116078	157.175000	1578.141851
24.115044	157.200000	1578.392867
24.114009	157.225000	1578.643884
24.112975	157.250000	1578.894901
24.111941	157.275000	1579.145917
24.110906	157.300000	1579.396934
24.109872	157.325000	1579.647951
24.108837	157.350000	1579.898967
24.107803	157.375000	1580.149984
24.106768	157.400000	1580.401001
24.105733	157.425000	1580.652017
24.104699	157.450000	1580.903034
24.103664	157.475000	1581.154051
24.102629	157.500000	1581.405067
24.101594	157.525000	1581.656084
24.100560	157.550000	1581.907101
24.099525	157.575000	1582.158117
24.098490	157.600000	1582.409134
24.097455	157.625000	1582.660151
24.096420	157.650000	1582.911167
24.095385	157.675000	1583.162184
24.094350	157.700000	1583.413201
24.093315	157.725000	1583.664217
24.092280	157.750000	1583.915234
24.091244	157.775000	1584.166251
24.090209	157.800000	1584.417267
24.089174	157.825000	1584.668284
24.088139	157.850000	1584.919301
24.087103	157.875000	1585.170318
24.086068	157.900000	1585.421334
24.085033	157.925000	1585.672351
24.083997	157.950000	1585.923368
24.082962	157.975000	1586.174384
24.081926	158.000000	1586.425401
24.080891	158.025000	1586.676418
24.079855	158.050000	1586.927434
24.078819	158.075000	1587.178451
24.077784	158.100000	1587.429468
24.076748	158.125000	1587.680484
24.075712	158.150000	1587.931501
24.074676	158.175000	1588.182518
24.073641	158.200000	1588.433534
24.072605	158.225000	1588.684551
24.071569	158.250000	1588.935568
24.070533	158.275000	1589.186584
24.069497	158.300000	1589.437601
24.068461	158.325000	1589.688618
24.067425	158.350000	1589.939634
24.066389	158.375000	1590.190651
24.065353	158.400000	1590.441668
24.064316	158.425000	1590.692684
24.063280	158.450000	1590.943701
24.062244	158.475000	1591.194718
24.061208	158.500000	1591.445734
24.060171	158.525000	1591.696751
24.059135	158.550000	1591.947768
24.058098	158.575000	1592.198784
24.057062	158.600000	1592.449801
24.056026	158.625000	1592.700818
24.054989	158.650000	1592.951835
24.053952	158.675000	1593.202851
24.052916	158.700000	1593.453868
24.051879	158.725000	1593.704885
24.050842	158.750000	1593.955901
24.049806	158.775000	1594.206918
24.048769	158.800000	1594.457935
24.047732	158.825000	1594.708951
24.046695	158.850000	1594.959968
24.045658	158.875000	1595.210985
24.044622	158.900000	1595.462001
24.043585	158.925000	1595.713018
24.042548	158.950000	1595.964035
24.041511	158.975000	1596.215051
24.040473	159.000000	1596.466068
24.039436	159.025000	1596.717085
24.038399	159.050000	1596.968101
24.037362	159.075000	1597.219118
24.036325	159.100000	1597.470135
24.035287	159.125000	1597.721151
24.034250	159.150000	1597.972168
24.033213	159.175000	1598.223185
24.032175	159.200000	1598.474201
24.031138	159.225000	1598.725218
24.030101	159.250000	1598.976235
24.029063	159.275000	1599.227251
24.028025	159.300000	1599.478268
24.026988	159.325000	1599.729285
24.025950	159.350000	1599.980301
24.024913	159.375000	1600.231318
24.023875	159.400000	1600.482335
24.022837	159.425000	1600.733352
24.021799	159.450000	1600.984368
24.020762	159.475000	1601.235385
24.019724	159.500000	1601.486402
24.018686	159.525000	1601.737418
24.017648	159.550000	1601.988435
24.016610	159.575000	1602.239452
24.015572	159.600000	1602.490468
24.014534	159.625000	1602.741485
24.013496	159.650000	1602.992502
24.012458	159.675000	1603.243518
24.011419	159.700000	1603.494535
24.010381	159.725000	1603.745552
24.009343	159.750000	1603.996568
24.008305	159.775000	1604.247585
24.007266	159.800000	1604.498602
24.006228	159.825000	1604.749618
24.005190	159.850000	1605.000635
24.004151	159.875000	1605.251652
24.003113	159.900000	1605.502668
24.002074	159.925000	1605.753685
24.001036	159.950000	1606.004702
23.999997	159.975000	1606.255718
23.998958	160.000000	1606.506735
23.997920	160.025000	1606.757752
23.996881	160.050000	1607.008768
23.995842	160.075000	1607.259785
23.994803	160.100000	1607.510802
23.993765	160.125000	1607.761818
23.992726	160.150000	1608.012835
23.991687	160.175000	1608.263852
23.990648	160.200000	1608.514869
23.989609	160.225000	1608.765885
23.988570	160.250000	1609.016902
23.987531	160.275000	1609.267919
23.986492	160.300000	1609.518935
23.985452	160.325000	1609.769952
23.984413	160.350000	1610.020969
23.983374	160.375000	1610.271985
23.982335	160.400000	1610.523002
23.981295	160.425000	1610.774019
23.980256	160.450000	1611.025035
23.979217	160.475000	1611.276052
23.978177	160.500000	1611.527069
23.977138	160.525000	1611.778085
23.976098	160.550000	1612.029102
23.975059	160.575000	1612.280119
23.974019	160.600000	1612.531135
23.972980	160.625000	1612.782152
23.971940	160.650000	1613.033169
23.970900	160.675000	1613.284185
23.969861	160.700000	1613.535202
23.968821	160.725000	1613.786219
23.967781	160.750000	1614.037235
23.966741	160.775000	1614.288252
23.965701	160.800000	1614.539269
23.964661	160.825000	1614.790285
23.963621	160.850000	1615.041302
23.962581	160.875000	1615.292319
23.961541	160.900000	1615.543335
23.960501	160.925000	1615.794352
23.959461	160.950000	1616.045369
23.958421	160.975000	1616.296386
23.957381	161.000000	1616.547402
23.956340	161.025000	1616.798419
23.955300	161.050000	1617.049436
23.954260	161.075000	1617.300452
23.953219	161.100000	1617.551469
23.952179	161.125000	1617.802486
23.951138	161.150000	1618.053502
23.950098	161.175000	1618.304519
23.949057	161.200000	1618.555536
23.948017	161.225000	1618.806552
23.946976	161.250000	1619.057569
23.945936	161.275000	1619.308586
23.944895	161.300000	1619.559602
23.943854	161.325000	1619.810619
23.942813	161.350000	1620.061636
23.941773	161.375000	1620.312652
23.940732	161.400000	1620.563669
23.939691	161.425000	1620.814686
23.938650	161.450000	1621.065702
23.937609	161.475000	1621.316719
23.936568	161.500000	1621.567736
23.935527	161.525000	1621.818752
23.934486	161.550000	1622.069769
23.933445	161.575000	1622.320786
23.932404	161.600000	1622.571802
23.931363	161.625000	1622.822819
23.930321	161.650000	1623.073836
23.929280	161.675000	1623.324852
23.928239	161.700000	1623.575869
23.927197	161.725000	1623.826886
23.926156	161.750000	1624.077903
23.925114	161.775000	1624.328919
23.924073	161.800000	1624.579936
23.923032	161.825000	1624.830953
23.921990	161.850000	1625.081969
23.920948	161.875000	1625.332986
23.919907	161.900000	1625.584003
23.918865	161.925000	1625.835019
23.917823	161.950000	1626.086036
23.916782	161.975000	1626.337053
23.915740	162.000000	1626.588069
23.914698	162.025000	1626.839086
23.913656	162.050000	1627.090103
23.912614	162.075000	1627.341119
23.911572	162.100000	1627.592136
23.910530	162.125000	1627.843153
23.909488	162.150000	1628.094169
23.908446	162.175000	1628.345186
23.907404	162.200000	1628.596203
23.906362	162.225000	1628.847219
23.905320	162.250000	1629.098236
23.904278	162.275000	1629.349253
23.903235	162.300000	1629.600269
23.902193	162.325000	1629.851286
23.901151	162.350000	1630.102303
23.900108	162.375000	1630.353319
23.899066	162.400000	1630.604336
23.898023	162.425000	1630.855353
23.896981	162.450000	1631.106369
23.895938	162.475000	1631.357386
23.894896	162.500000	1631.608403
23.893853	162.525000	1631.859420
23.892810	162.550000	1632.110436
23.891768	162.575000	1632.361453
23.890725	162.600000	1632.612470
23.889682	162.625000	1632.863486
23.888639	162.650000	1633.114503
23.887597	162.675000	1633.365520
23.886554	162.700000	1633.616536
23.885511	162.725000	1633.867553
23.884468	162.750000	1634.118570
23.883425	162.775000	1634.369586
23.882382	162.800000	1634.620603
23.881339	162.825000	1634.871620
23.880295	162.850000	1635.122636
23.879252	162.875000	1635.373653
23.878209	162.900000	1635.624670
23.877166	162.925000	1635.875686
23.876122	162.950000	1636.126703
23.875079	162.975000	1636.377720
23.874036	163.000000	1636.628736
23.872992	163.025000	1636.879753
23.871949	163.050000	1637.130770
23.870905	163.075000	1637.381786
23.869862	163.100000	1637.632803
23.868818	163.125000	1637.883820
23.867775	163.150000	1638.134836
23.866731	163.175000	1638.385853
23.865687	163.200000	1638.636870
23.864644	163.225000	1638.887886
23.863600	163.250000	1639.138903
23.862556	163.275000	1639.389920
23.861512	163.300000	1639.640937
23.860468	163.325000	1639.891953
23.859424	163.350000	1640.142970
23.858380	163.375000	1640.393987
23.857336	163.400000	1640.645003
23.856292	163.425000	1640.896020
23.855248	163.450000	1641.147037
23.854204	163.475000	1641.398053
23.853160	163.500000	1641.649070
23.852116	163.525000	1641.900087
23.851071	163.550000	1642.151103
23.850027	163.575000	1642.402120
23.848983	163.600000	1642.653137
23.847938	163.625000	1642.904153
23.846894	163.650000	1643.155170
23.845850	163.675000	1643.406187
23.844805	163.700000	1643.657203
23.843761	163.725000	1643.908220
23.842716	163.750000	1644.159237
23.841671	163.775000	1644.410253
23.840627	163.800000	1644.661270
23.839582	163.825000	1644.912287
23.838537	163.850000	1645.163303
23.837493	163.875000	1645.414320
23.836448	163.900000	1645.665337
23.835403	163.925000	1645.916353
23.834358	163.950000	1646.167370
23.833313	163.975000	1646.418387
23.832268	164.000000	1646.669403
23.831223	164.025000	1646.920420
23.830178	164.050000	1647.171437
23.829133	164.075000	1647.422454
23.828088	164.100000	1647.673470
23.827043	164.125000	1647.924487
23.825998	164.150000	1648.175504
23.824952	164.175000	1648.426520
23.823907	164.200000	1648.677537
23.822862	164.225000	1648.928554
23.821816	164.250000	1649.179570
23.820771	164.275000	1649.430587
23.819725	164.300000	1649.681604
23.818680	164.325000	1649.932620
23.817634	164.350000	1650.183637
23.816589	164.375000	1650.434654
23.815543	164.400000	1650.685670
23.814498	164.425000	1650.936687
23.813452	164.450000	1651.187704
23.812406	164.475000	1651.438720
23.811360	164.500000	1651.689737
23.810315	164.525000	1651.940754
23.809269	164.550000	1652.191770
23.808223	164.575000	1652.442787
23.807177	164.600000	1652.693804
23.806131	164.625000	1652.944820
23.805085	164.650000	1653.195837
23.804039	164.675000	1653.446854
23.802993	164.700000	1653.697870
23.801947	164.725000	1653.948887
23.800901	164.750000	1654.199904
23.799854	164.775000	1654.450920
23.798808	164.800000	1654.701937
23.797762	164.825000	1654.952954
23.796715	164.850000	1655.203971
23.795669	164.875000	1655.454987
23.794623	164.900000	1655.706004
23.793576	164.925000	1655.957021
23.792530	164.950000	1656.208037
23.791483	164.975000	1656.459054
23.790437	165.000000	1656.710071
23.789390	165.025000	1656.961087
23.788343	165.050000	1657.212104
23.787297	165.075000	1657.463121
23.786250	165.100000	1657.714137
23.785203	165.125000	1657.965154
23.784156	165.150000	1658.216171
23.783110	165.175000	1658.467187
23.782063	165.200000	1658.718204
23.781016	165.225000	1658.969221
23.779969	165.250000	1659.220237
23.778922	165.275000	1659.471254
23.777875	165.300000	1659.722271
23.776828	165.325000	1659.973287
23.775780	165.350000	1660.224304
23.774733	165.375000	1660.475321
23.773686	165.400000	1660.726337
23.772639	165.425000	1660.977354
23.771592	165.450000	1661.228371
23.770544	165.475000	1661.479387
23.769497	165.500000	1661.730404
23.768449	165.525000	1661.981421
23.767402	165.550000	1662.232437
23.766354	165.575000	1662.483454
23.765307	165.600000	1662.734471
23.764259	165.625000	1662.985488
23.763212	165.650000	1663.236504
23.762164	165.675000	1663.487521
23.761116	165.700000	1663.738538
23.760069	165.725000	1663.989554
23.759021	165.750000	1664.240571
23.757973	165.775000	1664.491588
23.756925	165.800000	1664.742604
23.755877	165.825000	1664.993621
23.754829	165.850000	1665.244638
23.753781	165.875000	1665.495654
23.752733	165.900000	1665.746671
23.751685	165.925000	1665.997688
23.750637	165.950000	1666.248704
23.749589	165.975000	1666.499721
23.748541	166.000000	1666.750738
23.747493	166.025000	1667.001754
23.746444	166.050000	1667.252771
23.745396	166.075000	1667.503788
23.744348	166.100000	1667.754804
23.743299	166.125000	1668.005821
23.742251	166.150000	1668.256838
23.741203	166.175000	1668.507854
23.740154	166.200000	1668.758871
23.739105	166.225000	1669.009888
23.738057	166.250000	1669.260904
23.737008	166.275000	1669.511921
23.735960	166.300000	1669.762938
23.734911	166.325000	1670.013954
23.733862	166.350000	1670.264971
23.732813	166.375000	1670.515988
23.731765	166.400000	1670.767005
23.730716	166.425000	1671.018021
23.729667	166.450000	1671.269038
23.728618	166.475000	1671.520055
23.727569	166.500000	1671.771071
23.726520	166.525000	1672.022088
23.725471	166.550000	1672.273105
23.724422	166.575000	1672.524121
23.723373	166.600000	1672.775138
23.722323	166.625000	1673.026155
23.721274	166.650000	1673.277171
23.720225	166.675000	1673.528188
23.719176	166.700000	1673.779205
23.718126	166.725000	1674.030221
23.717077	166.750000	1674.281238
23.716027	166.775000	1674.532255
23.714978	166.800000	1674.783271
23.713928	166.825000	1675.034288
23.712879	166.850000	1675.285305
23.711829	166.875000	1675.536321
23.710780	166.900000	1675.787338
23.709730	166.925000	1676.038355
23.708680	166.950000	1676.289371
23.707630	166.975000	1676.540388
23.706581	167.000000	1676.791405
23.705531	167.025000	1677.042421
23.704481	167.050000	1677.293438
23.703431	167.075000	1677.544455
23.702381	167.100000	1677.795471
23.701331	167.125000	1678.046488
23.700281	167.150000	1678.297505
23.699231	167.175000	1678.548522
23.698181	167.200000	1678.799538
23.697131	167.225000	1679.050555
23.696081	167.250000	1679.301572
23.695030	167.275000	1679.552588
23.693980	167.300000	1679.803605
23.692930	167.325000	1680.054622
23.691879	167.350000	1680.305638
23.690829	167.375000	1680.556655
23.689778	167.400000	1680.807672
23.688728	167.425000	1681.058688
23.687677	167.450000	1681.309705
23.686627	167.475000	1681.560722
23.685576	167.500000	1681.811738
23.684526	167.525000	1682.062755
23.683475	167.550000	1682.313772
23.682424	167.575000	1682.564788
23.681373	167.600000	1682.815805
23.680323	167.625000	1683.066822
23.679272	167.650000	1683.317838
23.678221	167.675000	1683.568855
23.677170	167.700000	1683.819872
23.676119	167.725000	1684.070888
23.675068	167.750000	1684.321905
23.674017	167.775000	1684.572922
23.672966	167.800000	1684.823938
23.671915	167.825000	1685.074955
23.670864	167.850000	1685.325972
23.669812	167.875000	1685.576988
23.668761	167.900000	1685.828005
23.667710	167.925000	1686.079022
23.666658	167.950000	1686.330038
23.665607	167.975000	1686.581055
23.664556	168.000000	1686.832072
23.663504	168.025000	1687.083089
23.662453	168.050000	1687.334105
23.661401	168.075000	1687.585122
23.660350	168.100000	1687.836139
23.659298	168.125000	1688.087155
23.658246	168.150000	1688.338172
23.657195	168.175000	1688.589189
23.656143	168.200000	1688.840205
23.655091	168.225000	1689.091222
23.654039	168.250000	1689.342239
23.652987	168.275000	1689.593255
23.651935	168.300000	1689.844272
23.650883	168.325000	1690.095289
23.649831	168.350000	1690.346305
23.648779	168.375000	1690.597322
23.647727	168.400000	1690.848339
23.646675	168.425000	1691.099355
23.645623	168.450000	1691.350372
23.644571	168.475000	1691.601389
23.643519	168.500000	1691.852405
23.642466	168.525000	1692.103422
23.641414	168.550000	1692.354439
23.640362	168.575000	1692.605455
23.639309	168.600000	1692.856472
23.638257	168.625000	1693.107489
23.637204	168.650000	1693.358505
23.636152	168.675000	1693.609522
23.635099	168.700000	1693.860539
23.634047	168.725000	1694.111555
23.632994	168.750000	1694.362572
23.631941	168.775000	1694.613589
23.630889	168.800000	1694.864606
23.629836	168.825000	1695.115622
23.628783	168.850000	1695.366639
23.627730	168.875000	1695.617656
23.626677	168.900000	1695.868672
23.625624	168.925000	1696.119689
23.624571	168.950000	1696.370706
23.623518	168.975000	1696.621722
23.622465	169.000000	1696.872739
23.621412	169.025000	1697.123756
23.620359	169.050000	1697.374772
23.619306	169.075000	1697.625789
23.618253	169.100000	1697.876806
23.617200	169.125000	1698.127822
23.616146	169.150000	1698.378839
23.615093	169.175000	1698.629856
23.614040	169.200000	1698.880872
23.612986	169.225000	1699.131889
23.611933	169.250000	1699.382906
23.610879	169.275000	1699.633922
23.609826	169.300000	1699.884939
23.608772	169.325000	1700.135956
23.607718	169.350000	1700.386972
23.606665	169.375000	1700.637989
23.605611	169.400000	1700.889006
23.604557	169.425000	1701.140022
23.603503	169.450000	1701.391039
23.602450	169.475000	1701.642056
23.601396	169.500000	1701.893072
23.600342	169.525000	1702.144089
23.599288	169.550000	1702.395106
23.598234	169.575000	1702.646123
23.597180	169.600000	1702.897139
23.596126	169.625000	1703.148156
23.595072	169.650000	1703.399173
23.594018	169.675000	1703.650189
23.592963	169.700000	1703.901206
23.591909	169.725000	1704.152223
23.590855	169.750000	1704.403239
23.589800	169.775000	1704.654256
23.588746	169.800000	1704.905273
23.587692	169.825000	1705.156289
23.586637	169.850000	1705.407306
23.585583	169.875000	1705.658323
23.584528	169.900000	1705.909339
23.583474	169.925000	1706.160356
23.582419	169.950000	1706.411373
23.581364	169.975000	1706.662389
23.580310	170.000000	1706.913406
23.579255	170.025000	1707.164423
23.578200	170.050000	1707.415439
23.577145	170.075000	1707.666456
23.576091	170.100000	1707.917473
23.575036	170.125000	1708.168489
23.573981	170.150000	1708.419506
23.572926	170.175000	1708.670523
23.571871	170.200000	1708.921539
23.570816	170.225000	1709.172556
23.569761	170.250000	1709.423573
23.568705	170.275000	1709.674589
23.567650	170.300000	1709.925606
23.566595	170.325000	1710.176623
23.565540	170.350000	1710.427640
23.564484	170.375000	1710.678656
23.563429	170.400000	1710.929673
23.562374	170.425000	1711.180690
23.561318	170.450000	1711.431706
23.560263	170.475000	1711.682723
23.559207	170.500000	1711.933740
23.558152	170.525000	1712.184756
23.557096	170.550000	1712.435773
23.556040	170.575000	1712.686790
23.554985	170.600000	1712.937806
23.553929	170.625000	1713.188823
23.552873	170.650000	1713.439840
23.551818	170.675000	1713.690856
23.550762	170.700000	1713.941873
23.549706	170.725000	1714.192890
23.548650	170.750000	1714.443906
23.547594	170.775000	1714.694923
23.546538	170.800000	1714.945940
23.545482	170.825000	1715.196956
23.544426	170.850000	1715.447973
23.543370	170.875000	1715.698990
23.542313	170.900000	1715.950006
23.541257	170.925000	1716.201023
23.540201	170.950000	1716.452040
23.539145	170.975000	1716.703056
23.538088	171.000000	1716.954073
23.537032	171.025000	1717.205090
23.535975	171.050000	1717.456106
23.534919	171.075000	1717.707123
23.533863	171.100000	1717.958140
23.532806	171.125000	1718.209157
23.531749	171.150000	1718.460173
23.530693	171.175000	1718.711190
23.529636	171.200000	1718.962207
23.528579	171.225000	1719.213223
23.527523	171.250000	1719.464240
23.526466	171.275000	1719.715257
23.525409	171.300000	1719.966273
23.524352	171.325000	1720.217290
23.523295	171.350000	1720.468307
23.522238	171.375000	1720.719323
23.521181	171.400000	1720.970340
23.520124	171.425000	1721.221357
23.519067	171.450000	1721.472373
23.518010	171.475000	1721.723390
23.516953	171.500000	1721.974407
23.515896	171.525000	1722.225423
23.514838	171.550000	1722.476440
23.513781	171.575000	1722.727457
23.512724	171.600000	1722.978473
23.511666	171.625000	1723.229490
23.510609	171.650000	1723.480507
23.509551	171.675000	1723.731523
23.508494	171.700000	1723.982540
23.507436	171.725000	1724.233557
23.506379	171.750000	1724.484573
23.505321	171.775000	1724.735590
23.504264	171.800000	1724.986607
23.503206	171.825000	1725.237623
23.502148	171.850000	1725.488640
23.501090	171.875000	1725.739657
23.500032	171.900000	1725.990674
23.498975	171.925000	1726.241690
23.497917	171.950000	1726.492707
23.496859	171.975000	1726.743724
23.495801	172.000000	1726.994740
23.494743	172.025000	1727.245757
23.493685	172.050000	1727.496774
23.492626	172.075000	1727.747790
23.491568	172.100000	1727.998807
23.490510	172.125000	1728.249824
23.489452	172.150000	1728.500840
23.488394	172.175000	1728.751857
23.487335	172.200000	1729.002874
23.486277	172.225000	1729.253890
23.485218	172.250000	1729.504907
23.484160	172.275000	1729.755924
23.483102	172.300000	1730.006940
23.482043	172.325000	1730.257957
23.480984	172.350000	1730.508974
23.479926	172.375000	1730.759990
23.478867	172.400000	1731.011007
23.477808	172.425000	1731.262024
23.476750	172.450000	1731.513040
23.475691	172.475000	1731.764057
23.474632	172.500000	1732.015074
23.473573	172.525000	1732.266090
23.472514	172.550000	1732.517107
23.471455	172.575000	1732.768124
23.470396	172.600000	1733.019140
23.469337	172.625000	1733.270157
23.468278	172.650000	1733.521174
23.467219	172.675000	1733.772191
23.466160	172.700000	1734.023207
23.465101	172.725000	1734.274224
23.464041	172.750000	1734.525241
23.462982	172.775000	1734.776257
23.461923	172.800000	1735.027274
23.460863	172.825000	1735.278291
23.459804	172.850000	1735.529307
23.458745	172.875000	1735.780324
23.457685	172.900000	1736.031341
23.456626	172.925000	1736.282357
23.455566	172.950000	1736.533374
23.454506	172.975000	1736.784391
23.453447	173.000000	1737.035407
23.452387	173.025000	1737.286424
23.451327	173.050000	1737.537441
23.450267	173.075000	1737.788457
23.449208	173.100000	1738.039474
23.448148	173.125000	1738.290491
23.447088	173.150000	1738.541507
23.446028	173.175000	1738.792524
23.444968	173.200000	1739.043541
23.443908	173.225000	1739.294557
23.442848	173.250000	1739.545574
23.441788	173.275000	1739.796591
23.440728	173.300000	1740.047607
23.439667	173.325000	1740.298624
23.438607	173.350000	1740.549641
23.437547	173.375000	1740.800657
23.436486	173.400000	1741.051674
23.435426	173.425000	1741.302691
23.434366	173.450000	1741.553708
23.433305	173.475000	1741.804724
23.432245	173.500000	1742.055741
23.431184	173.525000	1742.306758
23.430124	173.550000	1742.557774
23.429063	173.575000	1742.808791
23.428002	173.600000	1743.059808
23.426942	173.625000	1743.310824
23.425881	173.650000	1743.561841
23.424820	173.675000	1743.812858
23.423759	173.700000	1744.063874
23.422698	173.725000	1744.314891
23.421637	173.750000	1744.565908
23.420576	173.775000	1744.816924
23.419515	173.800000	1745.067941
23.418454	173.825000	1745.318958
23.417393	173.850000	1745.569974
23.416332	173.875000	1745.820991
23.415271	173.900000	1746.072008
23.414210	173.925000	1746.323024
23.413149	173.950000	1746.574041
23.412087	173.975000	1746.825058
23.411026	174.000000	1747.076074
23.409965	174.025000	1747.327091
23.408903	174.050000	1747.578108
23.407842	174.075000	1747.829124
23.406780	174.100000	1748.080141
23.405719	174.125000	1748.331158
23.404657	174.150000	1748.582174
23.403595	174.175000	1748.833191
23.402534	174.200000	1749.084208
23.401472	174.225000	1749.335225
23.400410	174.250000	1749.586241
23.399349	174.275000	1749.837258
23.398287	174.300000	1750.088275
23.397225	174.325000	1750.339291
23.396163	174.350000	1750.590308
23.395101	174.375000	1750.841325
23.394039	174.400000	1751.092341
23.392977	174.425000	1751.343358
23.391915	174.450000	1751.594375
23.390853	174.475000	1751.845391
23.389790	174.500000	1752.096408
23.388728	174.525000	1752.347425
23.387666	174.550000	1752.598441
23.386604	174.575000	1752.849458
23.385541	174.600000	1753.100475
23.384479	174.625000	1753.351491
23.383417	174.650000	1753.602508
23.382354	174.675000	1753.853525
23.381292	174.700000	1754.104541
23.380229	174.725000	1754.355558
23.379166	174.750000	1754.606575
23.378104	174.775000	1754.857591
23.377041	174.800000	1755.108608
23.375978	174.825000	1755.359625
23.374916	174.850000	1755.610641
23.373853	174.875000	1755.861658
23.372790	174.900000	1756.112675
23.371727	174.925000	1756.363691
23.370664	174.950000	1756.614708
23.369601	174.975000	1756.865725
23.368538	175.000000	1757.116742
23.367475	175.025000	1757.367758
23.366412	175.050000	1757.618775
23.365349	175.075000	1757.869792
23.364286	175.100000	1758.120808
23.363222	175.125000	1758.371825
23.362159	175.150000	1758.622842
23.361096	175.175000	1758.873858
23.360032	175.200000	1759.124875
23.358969	175.225000	1759.375892
23.357906	175.250000	1759.626908
23.356842	175.275000	1759.877925
23.355779	175.300000	1760.128942
23.354715	175.325000	1760.379958
23.353651	175.350000	1760.630975
23.352588	175.375000	1760.881992
23.351524	175.400000	1761.133008
23.350460	175.425000	1761.384025
23.349397	175.450000	1761.635042
23.348333	175.475000	1761.886058
23.347269	175.500000	1762.137075
23.346205	175.525000	1762.388092
23.345141	175.550000	1762.639108
23.344077	175.575000	1762.890125
23.343013	175.600000	1763.141142
23.341949	175.625000	1763.392158
23.340885	175.650000	1763.643175
23.339821	175.675000	1763.894192
23.338756	175.700000	1764.145208
23.337692	175.725000	1764.396225
23.336628	175.750000	1764.647242
23.335564	175.775000	1764.898259
23.334499	175.800000	1765.149275
23.333435	175.825000	1765.400292
23.332370	175.850000	1765.651309
23.331306	175.875000	1765.902325
23.330241	175.900000	1766.153342
23.329177	175.925000	1766.404359
23.328112	175.950000	1766.655375
23.327048	175.975000	1766.906392
23.325983	176.000000	1767.157409
23.324918	176.025000	1767.408425
23.323853	176.050000	1767.659442
23.322788	176.075000	1767.910459
23.321724	176.100000	1768.161475
23.320659	176.125000	1768.412492
23.319594	176.150000	1768.663509
23.318529	176.175000	1768.914525
23.317464	176.200000	1769.165542
23.316399	176.225000	1769.416559
23.315333	176.250000	1769.667575
23.314268	176.275000	1769.918592
23.313203	176.300000	1770.169609
23.312138	176.325000	1770.420625
23.311072	176.350000	1770.671642
23.310007	176.375000	1770.922659
23.308942	176.400000	1771.173675
23.307876	176.425000	1771.424692
23.306811	176.450000	1771.675709
23.305745	176.475000	1771.926725
23.304680	176.500000	1772.177742
23.303614	176.525000	1772.428759
23.302549	176.550000	1772.679776
23.301483	176.575000	1772.930792
23.300417	176.600000	1773.181809
23.299351	176.625000	1773.432826
23.298286	176.650000	1773.683842
23.297220	176.675000	1773.934859
23.296154	176.700000	1774.185876
23.295088	176.725000	1774.436892
23.294022	176.750000	1774.687909
23.292956	176.775000	1774.938926
23.291890	176.800000	1775.189942
23.290824	176.825000	1775.440959
23.289758	176.850000	1775.691976
23.288691	176.875000	1775.942992
23.287625	176.900000	1776.194009
23.286559	176.925000	1776.445026
23.285492	176.950000	1776.696042
23.284426	176.975000	1776.947059
23.283360	177.000000	1777.198076
23.282293	177.025000	1777.449092
23.281227	177.050000	1777.700109
23.280160	177.075000	1777.951126
23.279094	177.100000	1778.202142
23.278027	177.125000	1778.453159
23.276960	177.150000	1778.704176
23.275894	177.175000	1778.955192
23.274827	177.200000	1779.206209
23.273760	177.225000	1779.457226
23.272693	177.250000	1779.708242
23.271626	177.275000	1779.959259
23.270560	177.300000	1780.210276
23.269493	177.325000	1780.461293
23.268426	177.350000	1780.712309
23.267359	177.375000	1780.963326
23.266291	177.400000	1781.214343
23.265224	177.425000	1781.465359
23.264157	177.450000	1781.716376
23.263090	177.475000	1781.967393
23.262023	177.500000	1782.218409
23.260955	177.525000	1782.469426
23.259888	177.550000	1782.720443
23.258821	177.575000	1782.971459
23.257753	177.600000	1783.222476
23.256686	177.625000	1783.473493
23.255618	177.650000	1783.724509
23.254551	177.675000	1783.975526
23.253483	177.700000	1784.226543
23.252415	177.725000	1784.477559
23.251348	177.750000	1784.728576
23.250280	177.775000	1784.979593
23.249212	177.800000	1785.230609
23.248144	177.825000	1785.481626
23.247077	177.850000	1785.732643
23.246009	177.875000	1785.983659
23.244941	177.900000	1786.234676
23.243873	177.925000	1786.485693
23.242805	177.950000	1786.736709
23.241737	177.975000	1786.987726
23.240669	178.000000	1787.238743
23.239600	178.025000	1787.489759
23.238532	178.050000	1787.740776
23.237464	178.075000	1787.991793
23.236396	178.100000	1788.242810
23.235327	178.125000	1788.493826
23.234259	178.150000	1788.744843
23.233191	178.175000	1788.995860
23.232122	178.200000	1789.246876
23.231054	178.225000	1789.497893
23.229985	178.250000	1789.748910
23.228916	178.275000	1789.999926
23.227848	178.300000	1790.250943
23.226779	178.325000	1790.501960
23.225710	178.350000	1790.752976
23.224642	178.375000	1791.003993
23.223573	178.400000	1791.255010
23.222504	178.425000	1791.506026
23.221435	178.450000	1791.757043
23.220366	178.475000	1792.008060
23.219297	178.500000	1792.259076
23.218228	178.525000	1792.510093
23.217159	178.550000	1792.761110
23.216090	178.575000	1793.012126
23.215021	178.600000	1793.263143
23.213952	178.625000	1793.514160
23.212883	178.650000	1793.765176
23.211813	178.675000	1794.016193
23.210744	178.700000	1794.267210
23.209675	178.725000	1794.518226
23.208605	178.750000	1794.769243
23.207536	178.775000	1795.020260
23.206466	178.800000	1795.271276
23.205397	178.825000	1795.522293
23.204327	178.850000	1795.773310
23.203258	178.875000	1796.024327
23.202188	178.900000	1796.275343
23.201118	178.925000	1796.526360
23.200048	178.950000	1796.777377
23.198979	178.975000	1797.028393
23.197909	179.000000	1797.279410
23.196839	179.025000	1797.530427
23.195769	179.050000	1797.781443
23.194699	179.075000	1798.032460
23.193629	179.100000	1798.283477
23.192559	179.125000	1798.534493
23.191489	179.150000	1798.785510
23.190419	179.175000	1799.036527
23.189349	179.200000	1799.287543
23.188278	179.225000	1799.538560
23.187208	179.250000	1799.789577
23.186138	179.275000	1800.040593
23.185068	179.300000	1800.291610
23.183997	179.325000	1800.542627
23.182927	179.350000	1800.793643
23.181856	179.375000	1801.044660
23.180786	179.400000	1801.295677
23.179715	179.425000	1801.546693
23.178645	179.450000	1801.797710
23.177574	179.475000	1802.048727
23.176503	179.500000	1802.299743
23.175433	179.525000	1802.550760
23.174362	179.550000	1802.801777
23.173291	179.575000	1803.052793
23.172220	179.600000	1803.303810
23.171149	179.625000	1803.554827
23.170078	179.650000	1803.805844
23.169007	179.675000	1804.056860
23.167936	179.700000	1804.307877
23.166865	179.725000	1804.558894
23.165794	179.750000	1804.809910
23.164723	179.775000	1805.060927
23.163652	179.800000	1805.311944
23.162580	179.825000	1805.562960
23.161509	179.850000	1805.813977
23.160438	179.875000	1806.064994
23.159366	179.900000	1806.316010
23.158295	179.925000	1806.567027
23.157223	179.950000	1806.818044
23.156152	179.975000	1807.069060
23.155080	180.000000	1807.320077
23.154009	180.025000	1807.571094
23.152937	180.050000	1807.822110
23.151866	180.075000	1808.073127
23.150794	180.100000	1808.324144
23.149722	180.125000	1808.575160
23.148650	180.150000	1808.826177
23.147578	180.175000	1809.077194
23.146506	180.200000	1809.328210
23.145435	180.225000	1809.579227
23.144363	180.250000	1809.830244
23.143291	180.275000	1810.081260
23.142218	180.300000	1810.332277
23.141146	180.325000	1810.583294
23.140074	180.350000	1810.834310
23.139002	180.375000	1811.085327
23.137930	180.400000	1811.336344
23.136857	180.425000	1811.587361
23.135785	180.450000	1811.838377
23.134713	180.475000	1812.089394
23.133640	180.500000	1812.340411
23.132568	180.525000	1812.591427
23.131495	180.550000	1812.842444
23.130423	180.575000	1813.093461
23.129350	180.600000	1813.344477
23.128278	180.625000	1813.595494
23.127205	180.650000	1813.846511
23.126132	180.675000	1814.097527
23.125059	180.700000	1814.348544
23.123987	180.725000	1814.599561
23.122914	180.750000	1814.850577
23.121841	180.775000	1815.101594
23.120768	180.800000	1815.352611
23.119695	180.825000	1815.603627
23.118622	180.850000	1815.854644
23.117549	180.875000	1816.105661
23.116476	180.900000	1816.356677
23.115403	180.925000	1816.607694
23.114329	180.950000	1816.858711
23.113256	180.975000	1817.109727
23.112183	181.000000	1817.360744
23.111109	181.025000	1817.611761
23.110036	181.050000	1817.862777
23.108963	181.075000	1818.113794
23.107889	181.100000	1818.364811
23.106816	181.125000	1818.615827
23.105742	181.150000	1818.866844
23.104669	181.175000	1819.117861
23.103595	181.200000	1819.368878
23.102521	181.225000	1819.619894
23.101448	181.250000	1819.870911
23.100374	181.275000	1820.121928
23.099300	181.300000	1820.372944
23.098226	181.325000	1820.623961
23.097152	181.350000	1820.874978
23.096078	181.375000	1821.125994
23.095004	181.400000	1821.377011
23.093930	181.425000	1821.628028
23.092856	181.450000	1821.879044
23.091782	181.475000	1822.130061
23.090708	181.500000	1822.381078
23.089634	181.525000	1822.632094
23.088560	181.550000	1822.883111
23.087485	181.575000	1823.134128
23.086411	181.600000	1823.385144
23.085337	181.625000	1823.636161
23.084262	181.650000	1823.887178
23.083188	181.675000	1824.138194
23.082113	181.700000	1824.389211
23.081039	181.725000	1824.640228
23.079964	181.750000	1824.891244
23.078889	181.775000	1825.142261
23.077815	181.800000	1825.393278
23.076740	181.825000	1825.644294
23.075665	181.850000	1825.895311
23.074590	181.875000	1826.146328
23.073516	181.900000	1826.397344
23.072441	181.925000	1826.648361
23.071366	181.950000	1826.899378
23.070291	181.975000	1827.150394
23.069216	182.000000	1827.401411
23.068141	182.025000	1827.652428
23.067066	182.050000	1827.903445
23.065990	182.075000	1828.154461
23.064915	182.100000	1828.405478
23.063840	182.125000	1828.656495
23.062765	182.150000	1828.907511
23.061689	182.175000	1829.158528
23.060614	182.200000	1829.409545
23.059538	182.225000	1829.660561
23.058463	182.250000	1829.911578
23.057388	182.275000	1830.162595
23.056312	182.300000	1830.413611
23.055236	182.325000	1830.664628
23.054161	182.350000	1830.915645
23.053085	182.375000	1831.166661
23.052009	182.400000	1831.417678
23.050934	182.425000	1831.668695
23.049858	182.450000	1831.919711
23.048782	182.475000	1832.170728
23.047706	182.500000	1832.421745
23.046630	182.525000	1832.672761
23.045554	182.550000	1832.923778
23.044478	182.575000	1833.174795
23.043402	182.600000	1833.425811
23.042326	182.625000	1833.676828
23.041250	182.650000	1833.927845
23.040173	182.675000	1834.178861
23.039097	182.700000	1834.429878
23.038021	182.725000	1834.680895
23.036945	182.750000	1834.931911
23.035868	182.775000	1835.182928
23.034792	182.800000	1835.433945
23.033715	182.825000	1835.684962
23.032639	182.850000	1835.935978
23.031562	182.875000	1836.186995
23.030486	182.900000	1836.438012
23.029409	182.925000	1836.689028
23.028332	182.950000	1836.940045
23.027256	182.975000	1837.191062
23.026179	183.000000	1837.442078
23.025102	183.025000	1837.693095
23.024025	183.050000	1837.944112
23.022948	183.075000	1838.195128
23.021871	183.100000	1838.446145
23.020794	183.125000	1838.697162
23.019717	183.150000	1838.948178
23.018640	183.175000	1839.199195
23.017563	183.200000	1839.450212
23.016486	183.225000	1839.701228
23.015409	183.250000	1839.952245
23.014331	183.275000	1840.203262
23.013254	183.300000	1840.454278
23.012177	183.325000	1840.705295
23.011099	183.350000	1840.956312
23.010022	183.375000	1841.207328
23.008944	183.400000	1841.458345
23.007867	183.425000	1841.709362
23.006789	183.450000	1841.960378
23.005712	183.475000	1842.211395
23.004634	183.500000	1842.462412
23.003556	183.525000	1842.713428
23.002478	183.550000	1842.964445
23.001401	183.575000	1843.215462
23.000323	183.600000	1843.466479
22.999245	183.625000	1843.717495
22.998167	183.650000	1843.968512
22.997089	183.675000	1844.219529
22.996011	183.700000	1844.470545
22.994933	183.725000	1844.721562
22.993855	183.750000	1844.972579
22.992777	183.775000	1845.223595
22.991699	183.800000	1845.474612
22.990620	183.825000	1845.725629
22.989542	183.850000	1845.976645
22.988464	183.875000	1846.227662
22.987385	183.900000	1846.478679
22.986307	183.925000	1846.729695
22.985229	183.950000	1846.980712
22.984150	183.975000	1847.231729
22.983072	184.000000	1847.482745
22.981993	184.025000	1847.733762
22.980914	184.050000	1847.984779
22.979836	184.075000	1848.235795
22.978757	184.100000	1848.486812
22.977678	184.125000	1848.737829
22.976599	184.150000	1848.988845
22.975521	184.175000	1849.239862
22.974442	184.200000	1849.490879
22.973363	184.225000	1849.741895
22.972284	184.250000	1849.992912
22.971205	184.275000	1850.243929
22.970126	184.300000	1850.494945
22.969047	184.325000	1850.745962
22.967967	184.350000	1850.996979
22.966888	184.375000	1851.247996
22.965809	184.400000	1851.499012
22.964730	184.425000	1851.750029
22.963650	184.450000	1852.001046
22.962571	184.475000	1852.252062
22.961491	184.500000	1852.503079
22.960412	184.525000	1852.754096
22.959333	184.550000	1853.005112
22.958253	184.575000	1853.256129
22.957173	184.600000	1853.507146
22.956094	184.625000	1853.758162
22.955014	184.650000	1854.009179
22.953934	184.675000	1854.260196
22.952855	184.700000	1854.511212
22.951775	184.725000	1854.762229
22.950695	184.750000	1855.013246
22.949615	184.775000	1855.264262
22.948535	184.800000	1855.515279
22.947455	184.825000	1855.766296
22.946375	184.850000	1856.017312
22.945295	184.875000	1856.268329
22.944215	184.900000	1856.519346
22.943135	184.925000	1856.770362
22.942054	184.950000	1857.021379
22.940974	184.975000	1857.272396
22.939894	185.000000	1857.523412
22.938813	185.025000	1857.774429
22.937733	185.050000	1858.025446
22.936653	185.075000	1858.276462
22.935572	185.100000	1858.527479
22.934492	185.125000	1858.778496
22.933411	185.150000	1859.029513
22.932330	185.175000	1859.280529
22.931250	185.200000	1859.531546
22.930169	185.225000	1859.782563
22.929088	185.250000	1860.033579
22.928007	185.275000	1860.284596
22.926927	185.300000	1860.535613
22.925846	185.325000	1860.786629
22.924765	185.350000	1861.037646
22.923684	185.375000	1861.288663
22.922603	185.400000	1861.539679
22.921522	185.425000	1861.790696
22.920441	185.450000	1862.041713
22.919359	185.475000	1862.292729
22.918278	185.500000	1862.543746
22.917197	185.525000	1862.794763
22.916116	185.550000	1863.045779
22.915034	185.575000	1863.296796
22.913953	185.600000	1863.547813
22.912872	185.625000	1863.798829
22.911790	185.650000	1864.049846
22.910709	185.675000	1864.300863
22.909627	185.700000	1864.551879
22.908546	185.725000	1864.802896
22.907464	185.750000	1865.053913
22.906382	185.775000	1865.304929
22.905300	185.800000	1865.555946
22.904219	185.825000	1865.806963
22.903137	185.850000	1866.057979
22.902055	185.875000	1866.308996
22.900973	185.900000	1866.560013
22.899891	185.925000	1866.811030
22.898809	185.950000	1867.062046
22.897727	185.975000	1867.313063
22.896645	186.000000	1867.564080
22.895563	186.025000	1867.815096
22.894481	186.050000	1868.066113
22.893399	186.075000	1868.317130
22.892316	186.100000	1868.568146
22.891234	186.125000	1868.819163
22.890152	186.150000	1869.070180
22.889069	186.175000	1869.321196
22.887987	186.200000	1869.572213
22.886904	186.225000	1869.823230
22.885822	186.250000	1870.074246
22.884739	186.275000	1870.325263
22.883657	186.300000	1870.576280
22.882574	186.325000	1870.827296
22.881491	186.350000	1871.078313
22.880408	186.375000	1871.329330
22.879326	186.400000	1871.580346
22.878243	186.425000	1871.831363
22.877160	186.450000	1872.082380
22.876077	186.475000	1872.333396
22.874994	186.500000	1872.584413
22.873911	186.525000	1872.835430
22.872828	186.550000	1873.086446
22.871745	186.575000	1873.337463
22.870662	186.600000	1873.588480
22.869578	186.625000	1873.839496
22.868495	186.650000	1874.090513
22.867412	186.675000	1874.341530
22.866329	186.700000	1874.592547
22.865245	186.725000	1874.843563
22.864162	186.750000	1875.094580
22.863078	186.775000	1875.345597
22.861995	186.800000	1875.596613
22.860911	186.825000	1875.847630
22.859828	186.850000	1876.098647
22.858744	186.875000	1876.349663
22.857660	186.900000	1876.600680
22.856576	186.925000	1876.851697
22.855493	186.950000	1877.102713
22.854409	186.975000	1877.353730
22.853325	187.000000	1877.604747
22.852241	187.025000	1877.855763
22.851157	187.050000	1878.106780
22.850073	187.075000	1878.357797
22.848989	187.100000	1878.608813
22.847905	187.125000	1878.859830
22.846821	187.150000	1879.110847
22.845737	187.175000	1879.361863
22.844652	187.200000	1879.612880
22.843568	187.225000	1879.863897
22.842484	187.250000	1880.114913
22.841399	187.275000	1880.365930
22.840315	187.300000	1880.616947
22.839231	187.325000	1880.867963
22.838146	187.350000	1881.118980
22.837062	187.375000	1881.369997
22.835977	187.400000	1881.621013
22.834892	187.425000	1881.872030
22.833808	187.450000	1882.123047
22.832723	187.475000	1882.374064
22.831638	187.500000	1882.625080
22.830553	187.525000	1882.876097
22.829468	187.550000	1883.127114
22.828384	187.575000	1883.378130
22.827299	187.600000	1883.629147
22.826214	187.625000	1883.880164
22.825129	187.650000	1884.131180
22.824043	187.675000	1884.382197
22.822958	187.700000	1884.633214
22.821873	187.725000	1884.884230
22.820788	187.750000	1885.135247
22.819703	187.775000	1885.386264
22.818617	187.800000	1885.637280
22.817532	187.825000	1885.888297
22.816447	187.850000	1886.139314
22.815361	187.875000	1886.390330
22.814276	187.900000	1886.641347
22.813190	187.925000	1886.892364
22.812105	187.950000	1887.143380
22.811019	187.975000	1887.394397
22.809933	188.000000	1887.645414
22.808848	188.025000	1887.896430
22.807762	188.050000	1888.147447
22.806676	188.075000	1888.398464
22.805590	188.100000	1888.649480
22.804504	188.125000	1888.900497
22.803418	188.150000	1889.151514
22.802332	188.175000	1889.402530
22.801246	188.200000	1889.653547
22.800160	188.225000	1889.904564
22.799074	188.250000	1890.155581
22.797988	188.275000	1890.406597
22.796902	188.300000	1890.657614
22.795815	188.325000	1890.908631
22.794729	188.350000	1891.159647
22.793643	188.375000	1891.410664
22.792556	188.400000	1891.661681
22.791470	188.425000	1891.912697
22.790383	188.450000	1892.163714
22.789297	188.475000	1892.414731
22.788210	188.500000	1892.665747
22.787124	188.525000	1892.916764
22.786037	188.550000	1893.167781
22.784950	188.575000	1893.418797
22.783864	188.600000	1893.669814
22.782777	188.625000	1893.920831
22.781690	188.650000	1894.171847
22.780603	188.675000	1894.422864
22.779516	188.700000	1894.673881
22.778429	188.725000	1894.924897
22.777342	188.750000	1895.175914
22.776255	188.775000	1895.426931
22.775168	188.800000	1895.677947
22.774081	188.825000	1895.928964
22.772994	188.850000	1896.179981
22.771906	188.875000	1896.430997
22.770819	188.900000	1896.682014
22.769732	188.925000	1896.933031
22.768644	188.950000	1897.184047
22.767557	188.975000	1897.435064
22.766469	189.000000	1897.686081
22.765382	189.025000	1897.937098
22.764294	189.050000	1898.188114
22.763207	189.075000	1898.439131
22.762119	189.100000	1898.690148
22.761031	189.125000	1898.941164
22.759944	189.150000	1899.192181
22.758856	189.175000	1899.443198
22.757768	189.200000	1899.694214
22.756680	189.225000	1899.945231
22.755592	189.250000	1900.196248
22.754504	189.275000	1900.447264
22.753416	189.300000	1900.698281
22.752328	189.325000	1900.949298
22.751240	189.350000	1901.200314
22.750152	189.375000	1901.451331
22.749064	189.400000	1901.702348
22.747975	189.425000	1901.953364
22.746887	189.450000	1902.204381
22.745799	189.475000	1902.455398
22.744710	189.500000	1902.706414
22.743622	189.525000	1902.957431
22.742534	189.550000	1903.208448
22.741445	189.575000	1903.459464
22.740356	189.600000	1903.710481
22.739268	189.625000	1903.961498
22.738179	189.650000	1904.212514
22.737090	189.675000	1904.463531
22.736002	189.700000	1904.714548
22.734913	189.725000	1904.965564
22.733824	189.750000	1905.216581
22.732735	189.775000	1905.467598
22.731646	189.800000	1905.718615
22.730557	189.825000	1905.969631
22.729468	189.850000	1906.220648
22.728379	189.875000	1906.471665
22.727290	189.900000	1906.722681
22.726201	189.925000	1906.973698
22.725112	189.950000	1907.224715
22.724023	189.975000	1907.475731
22.722933	190.000000	1907.726748
22.721844	190.025000	1907.977765
22.720755	190.050000	1908.228781
22.719665	190.075000	1908.479798
22.718576	190.100000	1908.730815
22.717486	190.125000	1908.981831
22.716397	190.150000	1909.232848
22.715307	190.175000	1909.483865
22.714217	190.200000	1909.734881
22.713128	190.225000	1909.985898
22.712038	190.250000	1910.236915
22.710948	190.275000	1910.487931
22.709858	190.300000	1910.738948
22.708768	190.325000	1910.989965
22.707678	190.350000	1911.240981
22.706588	190.375000	1911.491998
22.705498	190.400000	1911.743015
22.704408	190.425000	1911.994031
22.703318	190.450000	1912.245048
22.702228	190.475000	1912.496065
22.701138	190.500000	1912.747081
22.700048	190.525000	1912.998098
22.698957	190.550000	1913.249115
22.697867	190.575000	1913.500132
22.696777	190.600000	1913.751148
22.695686	190.625000	1914.002165
22.694596	190.650000	1914.253182
22.693505	190.675000	1914.504198
22.692415	190.700000	1914.755215
22.691324	190.725000	1915.006232
22.690233	190.750000	1915.257248
22.689143	190.775000	1915.508265
22.688052	190.800000	1915.759282
22.686961	190.825000	1916.010298
22.685870	190.850000	1916.261315
22.684779	190.875000	1916.512332
22.683688	190.900000	1916.763348
22.682597	190.925000	1917.014365
22.681506	190.950000	1917.265382
22.680415	190.975000	1917.516398
22.679324	191.000000	1917.767415
22.678233	191.025000	1918.018432
22.677142	191.050000	1918.269448
22.676051	191.075000	1918.520465
22.674959	191.100000	1918.771482
22.673868	191.125000	1919.022498
22.672777	191.150000	1919.273515
22.671685	191.175000	1919.524532
22.670594	191.200000	1919.775548
22.669502	191.225000	1920.026565
22.668410	191.250000	1920.277582
22.667319	191.275000	1920.528598
22.666227	191.300000	1920.779615
22.665135	191.325000	1921.030632
22.664044	191.350000	1921.281649
22.662952	191.375000	1921.532665
22.661860	191.400000	1921.783682
22.660768	191.425000	1922.034699
22.659676	191.450000	1922.285715
22.658584	191.475000	1922.536732
22.657492	191.500000	1922.787749
22.656400	191.525000	1923.038765
22.655308	191.550000	1923.289782
22.654216	191.575000	1923.540799
22.653124	191.600000	1923.791815
22.652031	191.625000	1924.042832
22.650939	191.650000	1924.293849
22.649847	191.675000	1924.544865
22.648754	191.700000	1924.795882
22.647662	191.725000	1925.046899
22.646569	191.750000	1925.297915
22.645477	191.775000	1925.548932
22.644384	191.800000	1925.799949
22.643292	191.825000	1926.050965
22.642199	191.850000	1926.301982
22.641106	191.875000	1926.552999
22.640013	191.900000	1926.804015
22.638921	191.925000	1927.055032
22.637828	191.950000	1927.306049
22.636735	191.975000	1927.557065
22.635642	192.000000	1927.808082
22.634549	192.025000	1928.059099
22.633456	192.050000	1928.310115
22.632363	192.075000	1928.561132
22.631270	192.100000	1928.812149
22.630176	192.125000	1929.063166
22.629083	192.150000	1929.314182
22.627990	192.175000	1929.565199
22.626897	192.200000	1929.816216
22.625803	192.225000	1930.067232
22.624710	192.250000	1930.318249
22.623616	192.275000	1930.569266
22.622523	192.300000	1930.820282
22.621429	192.325000	1931.071299
22.620336	192.350000	1931.322316
22.619242	192.375000	1931.573332
22.618148	192.400000	1931.824349
22.617055	192.425000	1932.075366
22.615961	192.450000	1932.326382
22.614867	192.475000	1932.577399
22.613773	192.500000	1932.828416
22.612679	192.525000	1933.079432
22.611585	192.550000	1933.330449
22.610491	192.575000	1933.581466
22.609397	192.600000	1933.832482
22.608303	192.625000	1934.083499
22.607209	192.650000	1934.334516
22.606115	192.675000	1934.585532
22.605021	192.700000	1934.836549
22.603926	192.725000	1935.087566
22.602832	192.750000	1935.338582
22.601738	192.775000	1935.589599
22.600643	192.800000	1935.840616
22.599549	192.825000	1936.091632
22.598454	192.850000	1936.342649
22.597360	192.875000	1936.593666
22.596265	192.900000	1936.844683
22.595170	192.925000	1937.095699
22.594076	192.950000	1937.346716
22.592981	192.975000	1937.597733
22.591886	193.000000	1937.848749
22.590791	193.025000	1938.099766
22.589696	193.050000	1938.350783
22.588601	193.075000	1938.601799
22.587506	193.100000	1938.852816
22.586411	193.125000	1939.103833
22.585316	193.150000	1939.354849
22.584221	193.175000	1939.605866
22.583126	193.200000	1939.856883
22.582031	193.225000	1940.107899
22.580936	193.250000	1940.358916
22.579840	193.275000	1940.609933
22.578745	193.300000	1940.860949
22.577650	193.325000	1941.111966
22.576554	193.350000	1941.362983
22.575459	193.375000	1941.613999
22.574363	193.400000	1941.865016
22.573267	193.425000	1942.116033
22.572172	193.450000	1942.367049
22.571076	193.475000	1942.618066
22.569980	193.500000	1942.869083
22.568885	193.525000	1943.120099
22.567789	193.550000	1943.371116
22.566693	193.575000	1943.622133
22.565597	193.600000	1943.873149
22.564501	193.625000	1944.124166
22.563405	193.650000	1944.375183
22.562309	193.675000	1944.626200
22.561213	193.700000	1944.877216
22.560117	193.725000	1945.128233
22.559021	193.750000	1945.379250
22.557924	193.775000	1945.630266
22.556828	193.800000	1945.881283
22.555732	193.825000	1946.132300
22.554635	193.850000	1946.383316
22.553539	193.875000	1946.634333
22.552443	193.900000	1946.885350
22.551346	193.925000	1947.136366
22.550249	193.950000	1947.387383
22.549153	193.975000	1947.638400
22.548056	194.000000	1947.889416
22.546960	194.025000	1948.140433
22.545863	194.050000	1948.391450
22.544766	194.075000	1948.642466
22.543669	194.100000	1948.893483
22.542572	194.125000	1949.144500
22.541475	194.150000	1949.395516
22.540378	194.175000	1949.646533
22.539281	194.200000	1949.897550
22.538184	194.225000	1950.148566
22.537087	194.250000	1950.399583
22.535990	194.275000	1950.650600
22.534893	194.300000	1950.901616
22.533796	194.325000	1951.152633
22.532698	194.350000	1951.403650
22.531601	194.375000	1951.654666
22.530503	194.400000	1951.905683
22.529406	194.425000	1952.156700
22.528309	194.450000	1952.407717
22.527211	194.475000	1952.658733
22.526113	194.500000	1952.909750
22.525016	194.525000	1953.160767
22.523918	194.550000	1953.411783
22.522820	194.575000	1953.662800
22.521723	194.600000	1953.913817
22.520625	194.625000	1954.164833
22.519527	194.650000	1954.415850
22.518429	194.675000	1954.666867
22.517331	194.700000	1954.917883
22.516233	194.725000	1955.168900
22.515135	194.750000	1955.419917
22.514037	194.775000	1955.670933
22.512939	194.800000	1955.921950
22.511841	194.825000	1956.172967
22.510742	194.850000	1956.423983
22.509644	194.875000	1956.675000
22.508546	194.900000	1956.926017
22.507447	194.925000	1957.177033
22.506349	194.950000	1957.428050
22.505251	194.975000	1957.679067
22.504152	195.000000	1957.930083
22.503053	195.025000	1958.181100
22.501955	195.050000	1958.432117
22.500856	195.075000	1958.683133
22.499757	195.100000	1958.934150
22.498659	195.125000	1959.185167
22.497560	195.150000	1959.436183
22.496461	195.175000	1959.687200
22.495362	195.200000	1959.938217
22.494263	195.225000	1960.189233
22.493164	195.250000	1960.440250
22.492065	195.275000	1960.691267
22.490966	195.300000	1960.942284
22.489867	195.325000	1961.193300
22.488768	195.350000	1961.444317
22.487669	195.375000	1961.695334
22.486569	195.400000	1961.946350
22.485470	195.425000	1962.197367
22.484371	195.450000	1962.448384
22.483271	195.475000	1962.699400
22.482172	195.500000	1962.950417
22.481072	195.525000	1963.201434
22.479973	195.550000	1963.452450
22.478873	195.575000	1963.703467
22.477774	195.600000	1963.954484
22.476674	195.625000	1964.205500
22.475574	195.650000	1964.456517
22.474474	195.675000	1964.707534
22.473375	195.700000	1964.958550
22.472275	195.725000	1965.209567
22.471175	195.750000	1965.460584
22.470075	195.775000	1965.711600
22.468975	195.800000	1965.962617
22.467875	195.825000	1966.213634
22.466775	195.850000	1966.464650
22.465675	195.875000	1966.715667
22.464574	195.900000	1966.966684
22.463474	195.925000	1967.217700
22.462374	195.950000	1967.468717
22.461273	195.975000	1967.719734
22.460173	196.000000	1967.970750
22.459073	196.025000	1968.221767
22.457972	196.050000	1968.472784
22.456872	196.075000	1968.723801
22.455771	196.100000	1968.974817
22.454670	196.125000	1969.225834
22.453570	196.150000	1969.476851
22.452469	196.175000	1969.727867
22.451368	196.200000	1969.978884
22.450267	196.225000	1970.229901
22.449167	196.250000	1970.480917
22.448066	196.275000	1970.731934
22.446965	196.300000	1970.982951
22.445864	196.325000	1971.233967
22.444763	196.350000	1971.484984
22.443662	196.375000	1971.736001
22.442560	196.400000	1971.987017
22.441459	196.425000	1972.238034
22.440358	196.450000	1972.489051
22.439257	196.475000	1972.740067
22.438155	196.500000	1972.991084
22.437054	196.525000	1973.242101
22.435953	196.550000	1973.493117
22.434851	196.575000	1973.744134
22.433750	196.600000	1973.995151
22.432648	196.625000	1974.246167
22.431546	196.650000	1974.497184
22.430445	196.675000	1974.748201
22.429343	196.700000	1974.999217
22.428241	196.725000	1975.250234
22.427139	196.750000	1975.501251
22.426038	196.775000	1975.752267
22.424936	196.800000	1976.003284
22.423834	196.825000	1976.254301
22.422732	196.850000	1976.505318
22.421630	196.875000	1976.756334
22.420528	196.900000	1977.007351
22.419426	196.925000	1977.258368
22.418323	196.950000	1977.509384
22.417221	196.975000	1977.760401
22.416119	197.000000	1978.011418
22.415017	197.025000	1978.262434
22.413914	197.050000	1978.513451
22.412812	197.075000	1978.764468
22.411709	197.100000	1979.015484
22.410607	197.125000	1979.266501
22.409504	197.150000	1979.517518
22.408402	197.175000	1979.768534
22.407299	197.200000	1980.019551
22.406196	197.225000	1980.270568
22.405094	197.250000	1980.521584
22.403991	197.275000	1980.772601
22.402888	197.300000	1981.023618
22.401785	197.325000	1981.274634
22.400682	197.350000	1981.525651
22.399579	197.375000	1981.776668
22.398476	197.400000	1982.027684
22.397373	197.425000	1982.278701
22.396270	197.450000	1982.529718
22.395167	197.475000	1982.780734
22.394063	197.500000	1983.031751
22.392960	197.525000	1983.282768
22.391857	197.550000	1983.533784
22.390754	197.575000	1983.784801
22.389650	197.600000	1984.035818
22.388547	197.625000	1984.286835
22.387443	197.650000	1984.537851
22.386340	197.675000	1984.788868
22.385236	197.700000	1985.039885
22.384132	197.725000	1985.290901
22.383029	197.750000	1985.541918
22.381925	197.775000	1985.792935
22.380821	197.800000	1986.043951
22.379717	197.825000	1986.294968
22.378613	197.850000	1986.545985
22.377509	197.875000	1986.797001
22.376406	197.900000	1987.048018
22.375301	197.925000	1987.299035
22.374197	197.950000	1987.550051
22.373093	197.975000	1987.801068
22.371989	198.000000	1988.052085
22.370885	198.025000	1988.303101
22.369781	198.050000	1988.554118
22.368676	198.075000	1988.805135
22.367572	198.100000	1989.056151
22.366468	198.125000	1989.307168
22.365363	198.150000	1989.558185
22.364259	198.175000	1989.809201
22.363154	198.200000	1990.060218
22.362049	198.225000	1990.311235
22.360945	198.250000	1990.562251
22.359840	198.275000	1990.813268
22.358735	198.300000	1991.064285
22.357631	198.325000	1991.315301
22.356526	198.350000	1991.566318
22.355421	198.375000	1991.817335
22.354316	198.400000	1992.068352
22.353211	198.425000	1992.319368
22.352106	198.450000	1992.570385
22.351001	198.475000	1992.821402
22.349896	198.500000	1993.072418
22.348791	198.525000	1993.323435
22.347685	198.550000	1993.574452
22.346580	198.575000	1993.825468
22.345475	198.600000	1994.076485
22.344369	198.625000	1994.327502
22.343264	198.650000	1994.578518
22.342159	198.675000	1994.829535
22.341053	198.700000	1995.080552
22.339948	198.725000	1995.331568
22.338842	198.750000	1995.582585
22.337736	198.775000	1995.833602
22.336631	198.800000	1996.084618
22.335525	198.825000	1996.335635
22.334419	198.850000	1996.586652
22.333313	198.875000	1996.837668
22.332207	198.900000	1997.088685
22.331101	198.925000	1997.339702
22.329995	198.950000	1997.590718
22.328889	198.975000	1997.841735
22.327783	199.000000	1998.092752
22.326677	199.025000	1998.343768
22.325571	199.050000	1998.594785
22.324465	199.075000	1998.845802
22.323359	199.100000	1999.096818
22.322252	199.125000	1999.347835
22.321146	199.150000	1999.598852
22.320040	199.175000	1999.849869
22.318933	199.200000	2000.100885
22.317827	199.225000	2000.351902
22.316720	199.250000	2000.602919
22.315613	199.275000	2000.853935
22.314507	199.300000	2001.104952
22.313400	199.325000	2001.355969
22.312293	199.350000	2001.606985
22.311187	199.375000	2001.858002
22.310080	199.400000	2002.109019
22.308973	199.425000	2002.360035
22.307866	199.450000	2002.611052
22.306759	199.475000	2002.862069
22.305652	199.500000	2003.113085
22.304545	199.525000	2003.364102
22.303438	199.550000	2003.615119
22.302331	199.575000	2003.866135
22.301223	199.600000	2004.117152
22.300116	199.625000	2004.368169
22.299009	199.650000	2004.619185
22.297901	199.675000	2004.870202
22.296794	199.700000	2005.121219
22.295686	199.725000	2005.372235
22.294579	199.750000	2005.623252
22.293471	199.775000	2005.874269
22.292364	199.800000	2006.125285
22.291256	199.825000	2006.376302
22.290148	199.850000	2006.627319
22.289041	199.875000	2006.878335
22.287933	199.900000	2007.129352
22.286825	199.925000	2007.380369
22.285717	199.950000	2007.631386
22.284609	199.975000	2007.882402
22.283501	200.000000	2008.133419
22.282393	200.025000	2008.384436
22.281285	200.050000	2008.635452
22.280177	200.075000	2008.886469
22.279069	200.100000	2009.137486
22.277961	200.125000	2009.388502
22.276852	200.150000	2009.639519
22.275744	200.175000	2009.890536
22.274636	200.200000	2010.141552
22.273527	200.225000	2010.392569
22.272419	200.250000	2010.643586
22.271310	200.275000	2010.894602
22.270202	200.300000	2011.145619
22.269093	200.325000	2011.396636
22.267984	200.350000	2011.647652
22.266876	200.375000	2011.898669
22.265767	200.400000	2012.149686
22.264658	200.425000	2012.400702
22.263549	200.450000	2012.651719
22.262440	200.475000	2012.902736
22.261331	200.500000	2013.153752
22.260222	200.525000	2013.404769
22.259113	200.550000	2013.655786
22.258004	200.575000	2013.906802
22.256895	200.600000	2014.157819
22.255786	200.625000	2014.408836
22.254677	200.650000	2014.659852
22.253567	200.675000	2014.910869
22.252458	200.700000	2015.161886
22.251349	200.725000	2015.412903
22.250239	200.750000	2015.663919
22.249130	200.775000	2015.914936
22.248020	200.800000	2016.165953
22.246911	200.825000	2016.416969
22.245801	200.850000	2016.667986
22.244691	200.875000	2016.919003
22.243582	200.900000	2017.170019
22.242472	200.925000	2017.421036
22.241362	200.950000	2017.672053
22.240252	200.975000	2017.923069
22.239142	201.000000	2018.174086
22.238032	201.025000	2018.425103
22.236922	201.050000	2018.676119
22.235812	201.075000	2018.927136
22.234702	201.100000	2019.178153
22.233592	201.125000	2019.429169
22.232482	201.150000	2019.680186
22.231372	201.175000	2019.931203
22.230261	201.200000	2020.182219
22.229151	201.225000	2020.433236
22.228041	201.250000	2020.684253
22.226930	201.275000	2020.935269
22.225820	201.300000	2021.186286
22.224709	201.325000	2021.437303
22.223598	201.350000	2021.688319
22.222488	201.375000	2021.939336
22.221377	201.400000	2022.190353
22.220266	201.425000	2022.441369
22.219156	201.450000	2022.692386
22.218045	201.475000	2022.943403
22.216934	201.500000	2023.194420
22.215823	201.525000	2023.445436
22.214712	201.550000	2023.696453
22.213601	201.575000	2023.947470
22.212490	201.600000	2024.198486
22.211379	201.625000	2024.449503
22.210268	201.650000	2024.700520
22.209156	201.675000	2024.951536
22.208045	201.700000	2025.202553
22.206934	201.725000	2025.453570
22.205822	201.750000	2025.704586
22.204711	201.775000	2025.955603
22.203600	201.800000	2026.206620
22.202488	201.825000	2026.457636
22.201376	201.850000	2026.708653
22.200265	201.875000	2026.959670
22.199153	201.900000	2027.210686
22.198042	201.925000	2027.461703
22.196930	201.950000	2027.712720
22.195818	201.975000	2027.963736
22.194706	202.000000	2028.214753
22.193594	202.025000	2028.465770
22.192482	202.050000	2028.716786
22.191370	202.075000	2028.967803
22.190258	202.100000	2029.218820
22.189146	202.125000	2029.469836
22.188034	202.150000	2029.720853
22.186922	202.175000	2029.971870
22.185810	202.200000	2030.222886
22.184697	202.225000	2030.473903
22.183585	202.250000	2030.724920
22.182473	202.275000	2030.975937
22.181360	202.300000	2031.226953
22.180248	202.325000	2031.477970
22.179135	202.350000	2031.728987
22.178023	202.375000	2031.980003
22.176910	202.400000	2032.231020
22.175797	202.425000	2032.482037
22.174684	202.450000	2032.733053
22.173572	202.475000	2032.984070
22.172459	202.500000	2033.235087
22.171346	202.525000	2033.486103
22.170233	202.550000	2033.737120
22.169120	202.575000	2033.988137
22.168007	202.600000	2034.239153
22.166894	202.625000	2034.490170
22.165781	202.650000	2034.741187
22.164668	202.675000	2034.992203
22.163555	202.700000	2035.243220
22.162441	202.725000	2035.494237
22.161328	202.750000	2035.745253
22.160215	202.775000	2035.996270
22.159101	202.800000	2036.247287
22.157988	202.825000	2036.498303
22.156874	202.850000	2036.749320
22.155761	202.875000	2037.000337
22.154647	202.900000	2037.251353
22.153533	202.925000	2037.502370
22.152420	202.950000	2037.753387
22.151306	202.975000	2038.004403
22.150192	203.000000	2038.255420
22.149078	203.025000	2038.506437
22.147964	203.050000	2038.757454
22.146851	203.075000	2039.008470
22.145737	203.100000	2039.259487
22.144623	203.125000	2039.510504
22.143508	203.150000	2039.761520
22.142394	203.175000	2040.012537
22.141280	203.200000	2040.263554
22.140166	203.225000	2040.514570
22.139052	203.250000	2040.765587
22.137937	203.275000	2041.016604
22.136823	203.300000	2041.267620
22.135708	203.325000	2041.518637
22.134594	203.350000	2041.769654
22.133479	203.375000	2042.020670
22.132365	203.400000	2042.271687
22.131250	203.425000	2042.522704
22.130136	203.450000	2042.773720
22.129021	203.475000	2043.024737
22.127906	203.500000	2043.275754
22.126791	203.525000	2043.526770
22.125676	203.550000	2043.777787
22.124561	203.575000	2044.028804
22.123446	203.600000	2044.279820
22.122331	203.625000	2044.530837
22.121216	203.650000	2044.781854
22.120101	203.675000	2045.032870
22.118986	203.700000	2045.283887
22.117871	203.725000	2045.534904
22.116756	203.750000	2045.785920
22.115640	203.775000	2046.036937
22.114525	203.800000	2046.287954
22.113410	203.825000	2046.538971
22.112294	203.850000	2046.789987
22.111179	203.875000	2047.041004
22.110063	203.900000	2047.292021
22.108947	203.925000	2047.543037
22.107832	203.950000	2047.794054
22.106716	203.975000	2048.045071
22.105600	204.000000	2048.296087
22.104484	204.025000	2048.547104
22.103369	204.050000	2048.798121
22.102253	204.075000	2049.049137
22.101137	204.100000	2049.300154
22.100021	204.125000	2049.551171
22.098905	204.150000	2049.802187
22.097789	204.175000	2050.053204
22.096672	204.200000	2050.304221
22.095556	204.225000	2050.555237
22.094440	204.250000	2050.806254
22.093324	204.275000	2051.057271
22.092207	204.300000	2051.308287
22.091091	204.325000	2051.559304
22.089975	204.350000	2051.810321
22.088858	204.375000	2052.061337
22.087742	204.400000	2052.312354
22.086625	204.425000	2052.563371
22.085508	204.450000	2052.814387
22.084392	204.475000	2053.065404
22.083275	204.500000	2053.316421
22.082158	204.525000	2053.567437
22.081041	204.550000	2053.818454
22.079924	204.575000	2054.069471
22.078807	204.600000	2054.320488
22.077690	204.625000	2054.571504
22.076573	204.650000	2054.822521
22.075456	204.675000	2055.073538
22.074339	204.700000	2055.324554
22.073222	204.725000	2055.575571
22.072105	204.750000	2055.826588
22.070988	204.775000	2056.077604
22.069870	204.800000	2056.328621
22.068753	204.825000	2056.579638
22.067635	204.850000	2056.830654
22.066518	204.875000	2057.081671
22.065400	204.900000	2057.332688
22.064283	204.925000	2057.583704
22.063165	204.950000	2057.834721
22.062048	204.975000	2058.085738
22.060930	205.000000	2058.336754
22.059812	205.025000	2058.587771
22.058694	205.050000	2058.838788
22.057576	205.075000	2059.089804
22.056458	205.100000	2059.340821
22.055340	205.125000	2059.591838
22.054222	205.150000	2059.842854
22.053104	205.175000	2060.093871
22.051986	205.200000	2060.344888
22.050868	205.225000	2060.595904
22.049750	205.250000	2060.846921
22.048632	205.275000	2061.097938
22.047513	205.300000	2061.348954
22.046395	205.325000	2061.599971
22.045277	205.350000	2061.850988
22.044158	205.375000	2062.102005
22.043040	205.400000	2062.353021
22.041921	205.425000	2062.604038
22.040802	205.450000	2062.855055
22.039684	205.475000	2063.106071
22.038565	205.500000	2063.357088
22.037446	205.525000	2063.608105
22.036327	205.550000	2063.859121
22.035209	205.575000	2064.110138
22.034090	205.600000	2064.361155
22.032971	205.625000	2064.612171
22.031852	205.650000	2064.863188
22.030733	205.675000	2065.114205
22.029614	205.700000	2065.365221
22.028494	205.725000	2065.616238
22.027375	205.750000	2065.867255
22.026256	205.775000	2066.118271
22.025137	205.800000	2066.369288
22.024017	205.825000	2066.620305
22.022898	205.850000	2066.871321
22.021778	205.875000	2067.122338
22.020659	205.900000	2067.373355
22.019539	205.925000	2067.624371
22.018420	205.950000	2067.875388
22.017300	205.975000	2068.126405
22.016180	206.000000	2068.377421
22.015061	206.025000	2068.628438
22.013941	206.050000	2068.879455
22.012821	206.075000	2069.130471
22.011701	206.100000	2069.381488
22.010581	206.125000	2069.632505
22.009461	206.150000	2069.883522
22.008341	206.175000	2070.134538
22.007221	206.200000	2070.385555
22.006101	206.225000	2070.636572
22.004981	206.250000	2070.887588
22.003860	206.275000	2071.138605
22.002740	206.300000	2071.389622
22.001620	206.325000	2071.640638
22.000499	206.350000	2071.891655
21.999379	206.375000	2072.142672
21.998258	206.400000	2072.393688
21.997138	206.425000	2072.644705
21.996017	206.450000	2072.895722
21.994897	206.475000	2073.146738
21.993776	206.500000	2073.397755
21.992655	206.525000	2073.648772
21.991534	206.550000	2073.899788
21.990414	206.575000	2074.150805
21.989293	206.600000	2074.401822
21.988172	206.625000	2074.652838
21.987051	206.650000	2074.903855
21.985930	206.675000	2075.154872
21.984809	206.700000	2075.405888
21.983687	206.725000	2075.656905
21.982566	206.750000	2075.907922
21.981445	206.775000	2076.158938
21.980324	206.800000	2076.409955
21.979202	206.825000	2076.660972
21.978081	206.850000	2076.911988
21.976959	206.875000	2077.163005
21.975838	206.900000	2077.414022
21.974716	206.925000	2077.665039
21.973595	206.950000	2077.916055
21.972473	206.975000	2078.167072
21.971352	207.000000	2078.418089
21.970230	207.025000	2078.669105
21.969108	207.050000	2078.920122
21.967986	207.075000	2079.171139
21.966864	207.100000	2079.422155
21.965742	207.125000	2079.673172
21.964620	207.150000	2079.924189
21.963498	207.175000	2080.175205
21.962376	207.200000	2080.426222
21.961254	207.225000	2080.677239
21.960132	207.250000	2080.928255
21.959010	207.275000	2081.179272
21.957887	207.300000	2081.430289
21.956765	207.325000	2081.681305
21.955643	207.350000	2081.932322
21.954520	207.375000	2082.183339
21.953398	207.400000	2082.434355
21.952275	207.425000	2082.685372
21.951153	207.450000	2082.936389
21.950030	207.475000	2083.187405
21.948907	207.500000	2083.438422
21.947784	207.525000	2083.689439
21.946662	207.550000	2083.940455
21.945539	207.575000	2084.191472
21.944416	207.600000	2084.442489
21.943293	207.625000	2084.693505
21.942170	207.650000	2084.944522
21.941047	207.675000	2085.195539
21.939924	207.700000	2085.446556
21.938801	207.725000	2085.697572
21.937678	207.750000	2085.948589
21.936554	207.775000	2086.199606
21.935431	207.800000	2086.450622
21.934308	207.825000	2086.701639
21.933184	207.850000	2086.952656
21.932061	207.875000	2087.203672
21.930937	207.900000	2087.454689
21.929814	207.925000	2087.705706
21.928690	207.950000	2087.956722
21.927567	207.975000	2088.207739
21.926443	208.000000	2088.458756
21.925319	208.025000	2088.709772
21.924195	208.050000	2088.960789
21.923071	208.075000	2089.211806
21.921948	208.100000	2089.462822
21.920824	208.125000	2089.713839
21.919700	208.150000	2089.964856
21.918576	208.175000	2090.215872
21.917451	208.200000	2090.466889
21.916327	208.225000	2090.717906
21.915203	208.250000	2090.968922
21.914079	208.275000	2091.219939
21.912955	208.300000	2091.470956
21.911830	208.325000	2091.721972
21.910706	208.350000	2091.972989
21.909581	208.375000	2092.224006
21.908457	208.400000	2092.475022
21.907332	208.425000	2092.726039
21.906208	208.450000	2092.977056
21.905083	208.475000	2093.228072
21.903958	208.500000	2093.479089
21.902834	208.525000	2093.730106
21.901709	208.550000	2093.981123
21.900584	208.575000	2094.232139
21.899459	208.600000	2094.483156
21.898334	208.625000	2094.734173
21.897209	208.650000	2094.985189
21.896084	208.675000	2095.236206
21.894959	208.700000	2095.487223
21.893834	208.725000	2095.738239
21.892709	208.750000	2095.989256
21.891583	208.775000	2096.240273
21.890458	208.800000	2096.491289
21.889333	208.825000	2096.742306
21.888207	208.850000	2096.993323
21.887082	208.875000	2097.244339
21.885956	208.900000	2097.495356
21.884831	208.925000	2097.746373
21.883705	208.950000	2097.997389
21.882580	208.975000	2098.248406
21.881454	209.000000	2098.499423
21.880328	209.025000	2098.750439
21.879202	209.050000	2099.001456
21.878076	209.075000	2099.252473
21.876951	209.100000	2099.503489
21.875825	209.125000	2099.754506
21.874699	209.150000	2100.005523
21.873573	209.175000	2100.256539
21.872446	209.200000	2100.507556
21.871320	209.225000	2100.758573
21.870194	209.250000	2101.009589
21.869068	209.275000	2101.260606
21.867941	209.300000	2101.511623
21.866815	209.325000	2101.762640
21.865689	209.350000	2102.013656
21.864562	209.375000	2102.264673
21.863436	209.400000	2102.515690
21.862309	209.425000	2102.766706
21.861183	209.450000	2103.017723
21.860056	209.475000	2103.268740
21.858929	209.500000	2103.519756
21.857802	209.525000	2103.770773
21.856676	209.550000	2104.021790
21.855549	209.575000	2104.272806
21.854422	209.600000	2104.523823
21.853295	209.625000	2104.774840
21.852168	209.650000	2105.025856
21.851041	209.675000	2105.276873
21.849914	209.700000	2105.527890
21.848786	209.725000	2105.778906
21.847659	209.750000	2106.029923
21.846532	209.775000	2106.280940
21.845405	209.800000	2106.531956
21.844277	209.825000	2106.782973
21.843150	209.850000	2107.033990
21.842022	209.875000	2107.285006
21.840895	209.900000	2107.536023
21.839767	209.925000	2107.787040
21.838640	209.950000	2108.038056
21.837512	209.975000	2108.289073
21.836384	210.000000	2108.540090
21.835256	210.025000	2108.791106
21.834129	210.050000	2109.042123
21.833001	210.075000	2109.293140
21.831873	210.100000	2109.544157
21.830745	210.125000	2109.795173
21.829617	210.150000	2110.046190
21.828489	210.175000	2110.297207
21.827361	210.200000	2110.548223
21.826232	210.225000	2110.799240
21.825104	210.250000	2111.050257
21.823976	210.275000	2111.301273
21.822847	210.300000	2111.552290
21.821719	210.325000	2111.803307
21.820591	210.350000	2112.054323
21.819462	210.375000	2112.305340
21.818334	210.400000	2112.556357
21.817205	210.425000	2112.807373
21.816076	210.450000	2113.058390
21.814948	210.475000	2113.309407
21.813819	210.500000	2113.560423
21.812690	210.525000	2113.811440
21.811561	210.550000	2114.062457
21.810432	210.575000	2114.313473
21.809303	210.600000	2114.564490
21.808174	210.625000	2114.815507
21.807045	210.650000	2115.066523
21.805916	210.675000	2115.317540
21.804787	210.700000	2115.568557
21.803658	210.725000	2115.819573
21.802529	210.750000	2116.070590
21.801399	210.775000	2116.321607
21.800270	210.800000	2116.572623
21.799141	210.825000	2116.823640
21.798011	210.850000	2117.074657
21.796882	210.875000	2117.325674
21.795752	210.900000	2117.576690
21.794622	210.925000	2117.827707
21.793493	210.950000	2118.078724
21.792363	210.975000	2118.329740
21.791233	211.000000	2118.580757
21.790103	211.025000	2118.831774
21.788974	211.050000	2119.082790
21.787844	211.075000	2119.333807
21.786714	211.100000	2119.584824
21.785584	211.125000	2119.835840
21.784454	211.150000	2120.086857
21.783323	211.175000	2120.337874
21.782193	211.200000	2120.588890
21.781063	211.225000	2120.839907
21.779933	211.250000	2121.090924
21.778802	211.275000	2121.341940
21.777672	211.300000	2121.592957
21.776542	211.325000	2121.843974
21.775411	211.350000	2122.094990
21.774281	211.375000	2122.346007
21.773150	211.400000	2122.597024
21.772019	211.425000	2122.848040
21.770889	211.450000	2123.099057
21.769758	211.475000	2123.350074
21.768627	211.500000	2123.601090
21.767496	211.525000	2123.852107
21.766365	211.550000	2124.103124
21.765235	211.575000	2124.354140
21.764104	211.600000	2124.605157
21.762973	211.625000	2124.856174
21.761841	211.650000	2125.107191
21.760710	211.675000	2125.358207
21.759579	211.700000	2125.609224
21.758448	211.725000	2125.860241
21.757317	211.750000	2126.111257
21.756185	211.775000	2126.362274
21.755054	211.800000	2126.613291
21.753922	211.825000	2126.864307
21.752791	211.850000	2127.115324
21.751659	211.875000	2127.366341
21.750528	211.900000	2127.617357
21.749396	211.925000	2127.868374
21.748264	211.950000	2128.119391
21.747133	211.975000	2128.370407
21.746001	212.000000	2128.621424
21.744869	212.025000	2128.872441
21.743737	212.050000	2129.123457
21.742605	212.075000	2129.374474
21.741473	212.100000	2129.625491
21.740341	212.125000	2129.876507
21.739209	212.150000	2130.127524
21.738077	212.175000	2130.378541
21.736944	212.200000	2130.629557
21.735812	212.225000	2130.880574
21.734680	212.250000	2131.131591
21.733547	212.275000	2131.382607
21.732415	212.300000	2131.633624
21.731282	212.325000	2131.884641
21.730150	212.350000	2132.135657
21.729017	212.375000	2132.386674
21.727885	212.400000	2132.637691
21.726752	212.425000	2132.888708
21.725619	212.450000	2133.139724
21.724486	212.475000	2133.390741
21.723354	212.500000	2133.641758
21.722221	212.525000	2133.892774
21.721088	212.550000	2134.143791
21.719955	212.575000	2134.394808
21.718822	212.600000	2134.645824
21.717689	212.625000	2134.896841
21.716556	212.650000	2135.147858
21.715422	212.675000	2135.398874
21.714289	212.700000	2135.649891
21.713156	212.725000	2135.900908
21.712022	212.750000	2136.151924
21.710889	212.775000	2136.402941
21.709756	212.800000	2136.653958
21.708622	212.825000	2136.904974
21.707488	212.850000	2137.155991
21.706355	212.875000	2137.407008
21.705221	212.900000	2137.658024
21.704087	212.925000	2137.909041
21.702954	212.950000	2138.160058
21.701820	212.975000	2138.411074
21.700686	213.000000	2138.662091
21.699552	213.025000	2138.913108
21.698418	213.050000	2139.164124
21.697284	213.075000	2139.415141
21.696150	213.100000	2139.666158
21.695016	213.125000	2139.917174
21.693882	213.150000	2140.168191
21.692747	213.175000	2140.419208
21.691613	213.200000	2140.670225
21.690479	213.225000	2140.921241
21.689344	213.250000	2141.172258
21.688210	213.275000	2141.423275
21.687076	213.300000	2141.674291
21.685941	213.325000	2141.925308
21.684806	213.350000	2142.176325
21.683672	213.375000	2142.427341
21.682537	213.400000	2142.678358
21.681402	213.425000	2142.929375
21.680267	213.450000	2143.180391
21.679133	213.475000	2143.431408
21.677998	213.500000	2143.682425
21.676863	213.525000	2143.933441
21.675728	213.550000	2144.184458
21.674593	213.575000	2144.435475
21.673458	213.600000	2144.686491
21.672322	213.625000	2144.937508
21.671187	213.650000	2145.188525
21.670052	213.675000	2145.439541
21.668917	213.700000	2145.690558
21.667781	213.725000	2145.941575
21.666646	213.750000	2146.192591
21.665510	213.775000	2146.443608
21.664375	213.800000	2146.694625
21.663239	213.825000	2146.945641
21.662104	213.850000	2147.196658
21.660968	213.875000	2147.447675
21.659832	213.900000	2147.698691
21.658696	213.925000	2147.949708
21.657561	213.950000	2148.200725
21.656425	213.975000	2148.451742
21.655289	214.000000	2148.702758
21.654153	214.025000	2148.953775
21.653017	214.050000	2149.204792
21.651881	214.075000	2149.455808
21.650744	214.100000	2149.706825
21.649608	214.125000	2149.957842
21.648472	214.150000	2150.208858
21.647336	214.175000	2150.459875
21.646199	214.200000	2150.710892
21.645063	214.225000	2150.961908
21.643926	214.250000	2151.212925
21.642790	214.275000	2151.463942
21.641653	214.300000	2151.714958
21.640517	214.325000	2151.965975
21.639380	214.350000	2152.216992
21.638243	214.375000	2152.468008
21.637107	214.400000	2152.719025
21.635970	214.425000	2152.970042
21.634833	214.450000	2153.221058
21.633696	214.475000	2153.472075
21.632559	214.500000	2153.723092
21.631422	214.525000	2153.974108
21.630285	214.550000	2154.225125
21.629148	214.575000	2154.476142
21.628011	214.600000	2154.727158
21.626873	214.625000	2154.978175
21.625736	214.650000	2155.229192
21.624599	214.675000	2155.480208
21.623461	214.700000	2155.731225
21.622324	214.725000	2155.982242
21.621186	214.750000	2156.233259
21.620049	214.775000	2156.484275
21.618911	214.800000	2156.735292
21.617773	214.825000	2156.986309
21.616636	214.850000	2157.237325
21.615498	214.875000	2157.488342
21.614360	214.900000	2157.739359
21.613222	214.925000	2157.990375
21.612084	214.950000	2158.241392
21.610946	214.975000	2158.492409
21.609808	215.000000	2158.743425
21.608670	215.025000	2158.994442
21.607532	215.050000	2159.245459
21.606394	215.075000	2159.496475
21.605256	215.100000	2159.747492
21.604117	215.125000	2159.998509
21.602979	215.150000	2160.249525
21.601841	215.175000	2160.500542
21.600702	215.200000	2160.751559
21.599564	215.225000	2161.002575
21.598425	215.250000	2161.253592
21.597287	215.275000	2161.504609
21.596148	215.300000	2161.755625
21.595009	215.325000	2162.006642
21.593871	215.350000	2162.257659
21.592732	215.375000	2162.508675
21.591593	215.400000	2162.759692
21.590454	215.425000	2163.010709
21.589315	215.450000	2163.261725
21.588176	215.475000	2163.512742
21.587037	215.500000	2163.763759
21.585898	215.525000	2164.014776
21.584759	215.550000	2164.265792
21.583619	215.575000	2164.516809
21.582480	215.600000	2164.767826
21.581341	215.625000	2165.018842
21.580201	215.650000	2165.269859
21.579062	215.675000	2165.520876
21.577922	215.700000	2165.771892
21.576783	215.725000	2166.022909
21.575643	215.750000	2166.273926
21.574504	215.775000	2166.524942
21.573364	215.800000	2166.775959
21.572224	215.825000	2167.026976
21.571084	215.850000	2167.277992
21.569945	215.875000	2167.529009
21.568805	215.900000	2167.780026
21.567665	215.925000	2168.031042
21.566525	215.950000	2168.282059
21.565385	215.975000	2168.533076
21.564244	216.000000	2168.784092
21.563104	216.025000	2169.035109
21.561964	216.050000	2169.286126
21.560824	216.075000	2169.537142
21.559683	216.100000	2169.788159
21.558543	216.125000	2170.039176
21.557403	216.150000	2170.290192
21.556262	216.175000	2170.541209
21.555122	216.200000	2170.792226
21.553981	216.225000	2171.043242
21.552840	216.250000	2171.294259
21.551700	216.275000	2171.545276
21.550559	216.300000	2171.796293
21.549418	216.325000	2172.047309
21.548277	216.350000	2172.298326
21.547136	216.375000	2172.549343
21.545995	216.400000	2172.800359
21.544854	216.425000	2173.051376
21.543713	216.450000	2173.302393
21.542572	216.475000	2173.553409
21.541431	216.500000	2173.804426
21.540290	216.525000	2174.055443
21.539149	216.550000	2174.306459
21.538007	216.575000	2174.557476
21.536866	216.600000	2174.808493
21.535724	216.625000	2175.059509
21.534583	216.650000	2175.310526
21.533441	216.675000	2175.561543
21.532300	216.700000	2175.812559
21.531158	216.725000	2176.063576
21.530016	216.750000	2176.314593
21.528875	216.775000	2176.565609
21.527733	216.800000	2176.816626
21.526591	216.825000	2177.067643
21.525449	216.850000	2177.318659
21.524307	216.875000	2177.569676
21.523165	216.900000	2177.820693
21.522023	216.925000	2178.071709
21.520881	216.950000	2178.322726
21.519739	216.975000	2178.573743
21.518597	217.000000	2178.824759
21.517454	217.025000	2179.075776
21.516312	217.050000	2179.326793
21.515170	217.075000	2179.577810
21.514027	217.100000	2179.828826
21.512885	217.125000	2180.079843
21.511742	217.150000	2180.330860
21.510600	217.175000	2180.581876
21.509457	217.200000	2180.832893
21.508314	217.225000	2181.083910
21.507171	217.250000	2181.334926
21.506029	217.275000	2181.585943
21.504886	217.300000	2181.836960
21.503743	217.325000	2182.087976
21.502600	217.350000	2182.338993
21.501457	217.375000	2182.590010
21.500314	217.400000	2182.841026
21.499171	217.425000	2183.092043
21.498027	217.450000	2183.343060
21.496884	217.475000	2183.594076
21.495741	217.500000	2183.845093
21.494598	217.525000	2184.096110
21.493454	217.550000	2184.347126
21.492311	217.575000	2184.598143
21.491167	217.600000	2184.849160
21.490024	217.625000	2185.100176
21.488880	217.650000	2185.351193
21.487736	217.675000	2185.602210
21.486593	217.700000	2185.853226
21.485449	217.725000	2186.104243
21.484305	217.750000	2186.355260
21.483161	217.775000	2186.606276
21.482017	217.800000	2186.857293
21.480873	217.825000	2187.108310
21.479729	217.850000	2187.359327
21.478585	217.875000	2187.610343
21.477441	217.900000	2187.861360
21.476297	217.925000	2188.112377
21.475153	217.950000	2188.363393
21.474008	217.975000	2188.614410
21.472864	218.000000	2188.865427
21.471720	218.025000	2189.116443
21.470575	218.050000	2189.367460
21.469431	218.075000	2189.618477
21.468286	218.100000	2189.869493
21.467142	218.125000	2190.120510
21.465997	218.150000	2190.371527
21.464852	218.175000	2190.622543
21.463707	218.200000	2190.873560
21.462563	218.225000	2191.124577
21.461418	218.250000	2191.375593
21.460273	218.275000	2191.626610
21.459128	218.300000	2191.877627
21.457983	218.325000	2192.128643
21.456838	218.350000	2192.379660
21.455693	218.375000	2192.630677
21.454547	218.400000	2192.881693
21.453402	218.425000	2193.132710
21.452257	218.450000	2193.383727
21.451111	218.475000	2193.634743
21.449966	218.500000	2193.885760
21.448821	218.525000	2194.136777
21.447675	218.550000	2194.387793
21.446530	218.575000	2194.638810
21.445384	218.600000	2194.889827
21.444238	218.625000	2195.140844
21.443092	218.650000	2195.391860
21.441947	218.675000	2195.642877
21.440801	218.700000	2195.893894
21.439655	218.725000	2196.144910
21.438509	218.750000	2196.395927
21.437363	218.775000	2196.646944
21.436217	218.800000	2196.897960
21.435071	218.825000	2197.148977
21.433925	218.850000	2197.399994
21.432779	218.875000	2197.651010
21.431632	218.900000	2197.902027
21.430486	218.925000	2198.153044
21.429340	218.950000	2198.404060
21.428193	218.975000	2198.655077
21.427047	219.000000	2198.906094
21.425900	219.025000	2199.157110
21.424754	219.050000	2199.408127
21.423607	219.075000	2199.659144
21.422460	219.100000	2199.910160
21.421313	219.125000	2200.161177
21.420167	219.150000	2200.412194
21.419020	219.175000	2200.663210
21.417873	219.200000	2200.914227
21.416726	219.225000	2201.165244
21.415579	219.250000	2201.416260
21.414432	219.275000	2201.667277
21.413285	219.300000	2201.918294
21.412138	219.325000	2202.169310
21.410990	219.350000	2202.420327
21.409843	219.375000	2202.671344
21.408696	219.400000	2202.922361
21.407548	219.425000	2203.173377
21.406401	219.450000	2203.424394
21.405253	219.475000	2203.675411
21.404106	219.500000	2203.926427
21.402958	219.525000	2204.177444
21.401811	219.550000	2204.428461
21.400663	219.575000	2204.679477
21.399515	219.600000	2204.930494
21.398367	219.625000	2205.181511
21.397220	219.650000	2205.432527
21.396072	219.675000	2205.683544
21.394924	219.700000	2205.934561
21.393776	219.725000	2206.185577
21.392628	219.750000	2206.436594
21.391479	219.775000	2206.687611
21.390331	219.800000	2206.938627
21.389183	219.825000	2207.189644
21.388035	219.850000	2207.440661
21.386886	219.875000	2207.691677
21.385738	219.900000	2207.942694
21.384589	219.925000	2208.193711
21.383441	219.950000	2208.444727
21.382292	219.975000	2208.695744
21.381144	220.000000	2208.946761
21.379995	220.025000	2209.197777
21.378846	220.050000	2209.448794
21.377698	220.075000	2209.699811
21.376549	220.100000	2209.950827
21.375400	220.125000	2210.201844
21.374251	220.150000	2210.452861
21.373102	220.175000	2210.703878
21.371953	220.200000	2210.954894
21.370804	220.225000	2211.205911
21.369655	220.250000	2211.456928
21.368505	220.275000	2211.707944
21.367356	220.300000	2211.958961
21.366207	220.325000	2212.209978
21.365057	220.350000	2212.460994
21.363908	220.375000	2212.712011
21.362758	220.400000	2212.963028
21.361609	220.425000	2213.214044
21.360459	220.450000	2213.465061
21.359310	220.475000	2213.716078
21.358160	220.500000	2213.967094
21.357010	220.525000	2214.218111
21.355860	220.550000	2214.469128
21.354711	220.575000	2214.720144
21.353561	220.600000	2214.971161
21.352411	220.625000	2215.222178
21.351261	220.650000	2215.473194
21.350111	220.675000	2215.724211
21.348961	220.700000	2215.975228
21.347810	220.725000	2216.226244
21.346660	220.750000	2216.477261
21.345510	220.775000	2216.728278
21.344359	220.800000	2216.979294
21.343209	220.825000	2217.230311
21.342059	220.850000	2217.481328
21.340908	220.875000	2217.732344
21.339758	220.900000	2217.983361
21.338607	220.925000	2218.234378
21.337456	220.950000	2218.485395
21.336306	220.975000	2218.736411
21.335155	221.000000	2218.987428
21.334004	221.025000	2219.238445
21.332853	221.050000	2219.489461
21.331702	221.075000	2219.740478
21.330551	221.100000	2219.991495
21.329400	221.125000	2220.242511
21.328249	221.150000	2220.493528
21.327098	221.175000	2220.744545
21.325947	221.200000	2220.995561
21.324795	221.225000	2221.246578
21.323644	221.250000	2221.497595
21.322493	221.275000	2221.748611
21.321341	221.300000	2221.999628
21.320190	221.325000	2222.250645
21.319038	221.350000	2222.501661
21.317887	221.375000	2222.752678
21.316735	221.400000	2223.003695
21.315583	221.425000	2223.254711
21.314432	221.450000	2223.505728
21.313280	221.475000	2223.756745
21.312128	221.500000	2224.007761
21.310976	221.525000	2224.258778
21.309824	221.550000	2224.509795
21.308672	221.575000	2224.760811
21.307520	221.600000	2225.011828
21.306368	221.625000	2225.262845
21.305216	221.650000	2225.513861
21.304063	221.675000	2225.764878
21.302911	221.700000	2226.015895
21.301759	221.725000	2226.266911
21.300606	221.750000	2226.517928
21.299454	221.775000	2226.768945
21.298301	221.800000	2227.019962
21.297149	221.825000	2227.270978
21.295996	221.850000	2227.521995
21.294843	221.875000	2227.773012
21.293691	221.900000	2228.024028
21.292538	221.925000	2228.275045
21.291385	221.950000	2228.526062
21.290232	221.975000	2228.777078
21.289079	222.000000	2229.028095
21.287926	222.025000	2229.279112
21.286773	222.050000	2229.530128
21.285620	222.075000	2229.781145
21.284467	222.100000	2230.032162
21.283314	222.125000	2230.283178
21.282160	222.150000	2230.534195
21.281007	222.175000	2230.785212
21.279854	222.200000	2231.036228
21.278700	222.225000	2231.287245
21.277547	222.250000	2231.538262
21.276393	222.275000	2231.789278
21.275240	222.300000	2232.040295
21.274086	222.325000	2232.291312
21.272932	222.350000	2232.542328
21.271779	222.375000	2232.793345
21.270625	222.400000	2233.044362
21.269471	222.425000	2233.295378
21.268317	222.450000	2233.546395
21.267163	222.475000	2233.797412
21.266009	222.500000	2234.048428
21.264855	222.525000	2234.299445
21.263701	222.550000	2234.550462
21.262547	222.575000	2234.801479
21.261392	222.600000	2235.052495
21.260238	222.625000	2235.303512
21.259084	222.650000	2235.554529
21.257929	222.675000	2235.805545
21.256775	222.700000	2236.056562
21.255620	222.725000	2236.307579
21.254466	222.750000	2236.558595
21.253311	222.775000	2236.809612
21.252156	222.800000	2237.060629
21.251002	222.825000	2237.311645
21.249847	222.850000	2237.562662
21.248692	222.875000	2237.813679
21.247537	222.900000	2238.064695
21.246382	222.925000	2238.315712
21.245227	222.950000	2238.566729
21.244072	222.975000	2238.817745
21.242917	223.000000	2239.068762
21.241762	223.025000	2239.319779
21.240606	223.050000	2239.570795
21.239451	223.075000	2239.821812
21.238296	223.100000	2240.072829
21.237140	223.125000	2240.323845
21.235985	223.150000	2240.574862
21.234829	223.175000	2240.825879
21.233674	223.200000	2241.076895
21.232518	223.225000	2241.327912
21.231363	223.250000	2241.578929
21.230207	223.275000	2241.829945
21.229051	223.300000	2242.080962
21.227895	223.325000	2242.331979
21.226739	223.350000	2242.582996
21.225583	223.375000	2242.834012
21.224427	223.400000	2243.085029
21.223271	223.425000	2243.336046
21.222115	223.450000	2243.587062
21.220959	223.475000	2243.838079
21.219803	223.500000	2244.089096
21.218646	223.525000	2244.340112
21.217490	223.550000	2244.591129
21.216334	223.575000	2244.842146
21.215177	223.600000	2245.093162
21.214021	223.625000	2245.344179
21.212864	223.650000	2245.595196
21.211708	223.675000	2245.846212
21.210551	223.700000	2246.097229
21.209394	223.725000	2246.348246
21.208238	223.750000	2246.599262
21.207081	223.775000	2246.850279
21.205924	223.800000	2247.101296
21.204767	223.825000	2247.352312
21.203610	223.850000	2247.603329
21.202453	223.875000	2247.854346
21.201296	223.900000	2248.105362
21.200139	223.925000	2248.356379
21.198981	223.950000	2248.607396
21.197824	223.975000	2248.858412
21.196667	224.000000	2249.109429
21.195509	224.025000	2249.360446
21.194352	224.050000	2249.611462
21.193194	224.075000	2249.862479
21.192037	224.100000	2250.113496
21.190879	224.125000	2250.364513
21.189722	224.150000	2250.615529
21.188564	224.175000	2250.866546
21.187406	224.200000	2251.117563
21.186248	224.225000	2251.368579
21.185091	224.250000	2251.619596
21.183933	224.275000	2251.870613
21.182775	224.300000	2252.121629
21.181617	224.325000	2252.372646
21.180458	224.350000	2252.623663
21.179300	224.375000	2252.874679
21.178142	224.400000	2253.125696
21.176984	224.425000	2253.376713
21.175826	224.450000	2253.627729
21.174667	224.475000	2253.878746
21.173509	224.500000	2254.129763
21.172350	224.525000	2254.380779
21.171192	224.550000	2254.631796
21.170033	224.575000	2254.882813
21.168874	224.600000	2255.133829
21.167716	224.625000	2255.384846
21.166557	224.650000	2255.635863
21.165398	224.675000	2255.886879
21.164239	224.700000	2256.137896
21.163080	224.725000	2256.388913
21.161921	224.750000	2256.639929
21.160762	224.775000	2256.890946
21.159603	224.800000	2257.141963
21.158444	224.825000	2257.392979
21.157285	224.850000	2257.643996
21.156126	224.875000	2257.895013
21.154966	224.900000	2258.146030
21.153807	224.925000	2258.397046
21.152648	224.950000	2258.648063
21.151488	224.975000	2258.899080
21.150329	225.000000	2259.150096
21.149169	225.025000	2259.401113
21.148009	225.050000	2259.652130
21.146850	225.075000	2259.903146
21.145690	225.100000	2260.154163
21.144530	225.125000	2260.405180
21.143370	225.150000	2260.656196
21.142210	225.175000	2260.907213
21.141050	225.200000	2261.158230
21.139890	225.225000	2261.409246
21.138730	225.250000	2261.660263
21.137570	225.275000	2261.911280
21.136410	225.300000	2262.162296
21.135250	225.325000	2262.413313
21.134089	225.350000	2262.664330
21.132929	225.375000	2262.915346
21.131769	225.400000	2263.166363
21.130608	225.425000	2263.417380
21.129448	225.450000	2263.668396
21.128287	225.475000	2263.919413
21.127126	225.500000	2264.170430
21.125966	225.525000	2264.421446
21.124805	225.550000	2264.672463
21.123644	225.575000	2264.923480
21.122483	225.600000	2265.174496
21.121322	225.625000	2265.425513
21.120161	225.650000	2265.676530
21.119000	225.675000	2265.927547
21.117839	225.700000	2266.178563
21.116678	225.725000	2266.429580
21.115517	225.750000	2266.680597
21.114356	225.775000	2266.931613
21.113194	225.800000	2267.182630
21.112033	225.825000	2267.433647
21.110872	225.850000	2267.684663
21.109710	225.875000	2267.935680
21.108549	225.900000	2268.186697
21.107387	225.925000	2268.437713
21.106225	225.950000	2268.688730
21.105064	225.975000	2268.939747
21.103902	226.000000	2269.190763
21.102740	226.025000	2269.441780
21.101578	226.050000	2269.692797
21.100416	226.075000	2269.943813
21.099254	226.100000	2270.194830
21.098092	226.125000	2270.445847
21.096930	226.150000	2270.696863
21.095768	226.175000	2270.947880
21.094606	226.200000	2271.198897
21.093444	226.225000	2271.449913
21.092281	226.250000	2271.700930
21.091119	226.275000	2271.951947
21.089957	226.300000	2272.202963
21.088794	226.325000	2272.453980
21.087632	226.350000	2272.704997
21.086469	226.375000	2272.956013
21.085306	226.400000	2273.207030
21.084144	226.425000	2273.458047
21.082981	226.450000	2273.709064
21.081818	226.475000	2273.960080
21.080655	226.500000	2274.211097
21.079492	226.525000	2274.462114
21.078329	226.550000	2274.713130
21.077166	226.575000	2274.964147
21.076003	226.600000	2275.215164
21.074840	226.625000	2275.466180
21.073677	226.650000	2275.717197
21.072514	226.675000	2275.968214
21.071350	226.700000	2276.219230
21.070187	226.725000	2276.470247
21.069023	226.750000	2276.721264
21.067860	226.775000	2276.972280
21.066696	226.800000	2277.223297
21.065533	226.825000	2277.474314
21.064369	226.850000	2277.725330
21.063205	226.875000	2277.976347
21.062042	226.900000	2278.227364
21.060878	226.925000	2278.478380
21.059714	226.950000	2278.729397
21.058550	226.975000	2278.980414
21.057386	227.000000	2279.231430
21.056222	227.025000	2279.482447
21.055058	227.050000	2279.733464
21.053894	227.075000	2279.984480
21.052730	227.100000	2280.235497
21.051565	227.125000	2280.486514
21.050401	227.150000	2280.737530
21.049237	227.175000	2280.988547
21.048072	227.200000	2281.239564
21.046908	227.225000	2281.490581
21.045743	227.250000	2281.741597
21.044579	227.275000	2281.992614
21.043414	227.300000	2282.243631
21.042249	227.325000	2282.494647
21.041084	227.350000	2282.745664
21.039920	227.375000	2282.996681
21.038755	227.400000	2283.247697
21.037590	227.425000	2283.498714
21.036425	227.450000	2283.749731
21.035260	227.475000	2284.000747
21.034095	227.500000	2284.251764
21.032929	227.525000	2284.502781
21.031764	227.550000	2284.753797
21.030599	227.575000	2285.004814
21.029434	227.600000	2285.255831
21.028268	227.625000	2285.506847
21.027103	227.650000	2285.757864
21.025937	227.675000	2286.008881
21.024772	227.700000	2286.259897
21.023606	227.725000	2286.510914
21.022440	227.750000	2286.761931
21.021275	227.775000	2287.012947
21.020109	227.800000	2287.263964
21.018943	227.825000	2287.514981
21.017777	227.850000	2287.765997
21.016611	227.875000	2288.017014
21.015445	227.900000	2288.268031
21.014279	227.925000	2288.519047
21.013113	227.950000	2288.770064
21.011947	227.975000	2289.021081
21.010781	228.000000	2289.272098
21.009614	228.025000	2289.523114
21.008448	228.050000	2289.774131
21.007282	228.075000	2290.025148
21.006115	228.100000	2290.276164
21.004949	228.125000	2290.527181
21.003782	228.150000	2290.778198
21.002615	228.175000	2291.029214
21.001449	228.200000	2291.280231
21.000282	228.225000	2291.531248
20.999115	228.250000	2291.782264
20.997948	228.275000	2292.033281
20.996781	228.300000	2292.284298
20.995614	228.325000	2292.535314
20.994447	228.350000	2292.786331
20.993280	228.375000	2293.037348
20.992113	228.400000	2293.288364
20.990946	228.425000	2293.539381
20.989779	228.450000	2293.790398
20.988611	228.475000	2294.041414
20.987444	228.500000	2294.292431
20.986277	228.525000	2294.543448
20.985109	228.550000	2294.794464
20.983942	228.575000	2295.045481
20.982774	228.600000	2295.296498
20.981606	228.625000	2295.547514
20.980439	228.650000	2295.798531
20.979271	228.675000	2296.049548
20.978103	228.700000	2296.300564
20.976935	228.725000	2296.551581
20.975767	228.750000	2296.802598
20.974599	228.775000	2297.053615
20.973431	228.800000	2297.304631
20.972263	228.825000	2297.555648
20.971095	228.850000	2297.806665
20.969927	228.875000	2298.057681
20.968759	228.900000	2298.308698
20.967590	228.925000	2298.559715
20.966422	228.950000	2298.810731
20.965253	228.975000	2299.061748
20.964085	229.000000	2299.312765
20.962916	229.025000	2299.563781
20.961748	229.050000	2299.814798
20.960579	229.075000	2300.065815
20.959410	229.100000	2300.316831
20.958242	229.125000	2300.567848
20.957073	229.150000	2300.818865
20.955904	229.175000	2301.069881
20.954735	229.200000	2301.320898
20.953566	229.225000	2301.571915
20.952397	229.250000	2301.822931
20.951228	229.275000	2302.073948
20.950059	229.300000	2302.324965
20.948889	229.325000	2302.575981
20.947720	229.350000	2302.826998
20.946551	229.375000	2303.078015
20.945381	229.400000	2303.329031
20.944212	229.425000	2303.580048
20.943042	229.450000	2303.831065
20.941873	229.475000	2304.082081
20.940703	229.500000	2304.333098
20.939533	229.525000	2304.584115
20.938364	229.550000	2304.835132
20.937194	229.575000	2305.086148
20.936024	229.600000	2305.337165
20.934854	229.625000	2305.588182
20.933684	229.650000	2305.839198
20.932514	229.675000	2306.090215
20.931344	229.700000	2306.341232
20.930174	229.725000	2306.592248
20.929004	229.750000	2306.843265
20.927833	229.775000	2307.094282
20.926663	229.800000	2307.345298
20.925493	229.825000	2307.596315
20.924322	229.850000	2307.847332
20.923152	229.875000	2308.098348
20.921981	229.900000	2308.349365
20.920811	229.925000	2308.600382
20.919640	229.950000	2308.851398
20.918469	229.975000	2309.102415
20.917299	230.000000	2309.353432
20.916128	230.025000	2309.604448
20.914957	230.050000	2309.855465
20.913786	230.075000	2310.106482
20.912615	230.100000	2310.357498
20.911444	230.125000	2310.608515
20.910273	230.150000	2310.859532
20.909102	230.175000	2311.110548
20.907930	230.200000	2311.361565
20.906759	230.225000	2311.612582
20.905588	230.250000	2311.863598
20.904416	230.275000	2312.114615
20.903245	230.300000	2312.365632
20.902073	230.325000	2312.616649
20.900902	230.350000	2312.867665
20.899730	230.375000	2313.118682
20.898558	230.400000	2313.369699
20.897387	230.425000	2313.620715
20.896215	230.450000	2313.871732
20.895043	230.475000	2314.122749
20.893871	230.500000	2314.373765
20.892699	230.525000	2314.624782
20.891527	230.550000	2314.875799
20.890355	230.575000	2315.126815
20.889183	230.600000	2315.377832
20.888011	230.625000	2315.628849
20.886838	230.650000	2315.879865
20.885666	230.675000	2316.130882
20.884494	230.700000	2316.381899
20.883321	230.725000	2316.632915
20.882149	230.750000	2316.883932
20.880976	230.775000	2317.134949
20.879804	230.800000	2317.385965
20.878631	230.825000	2317.636982
20.877458	230.850000	2317.887999
20.876285	230.875000	2318.139015
20.875113	230.900000	2318.390032
20.873940	230.925000	2318.641049
20.872767	230.950000	2318.892065
20.871594	230.975000	2319.143082
20.870421	231.000000	2319.394099
20.869248	231.025000	2319.645115
20.868074	231.050000	2319.896132
20.866901	231.075000	2320.147149
20.865728	231.100000	2320.398166
20.864555	231.125000	2320.649182
20.863381	231.150000	2320.900199
20.862208	231.175000	2321.151216
20.861034	231.200000	2321.402232
20.859861	231.225000	2321.653249
20.858687	231.250000	2321.904266
20.857513	231.275000	2322.155282
20.856340	231.300000	2322.406299
20.855166	231.325000	2322.657316
20.853992	231.350000	2322.908332
20.852818	231.375000	2323.159349
20.851644	231.400000	2323.410366
20.850470	231.425000	2323.661382
20.849296	231.450000	2323.912399
20.848122	231.475000	2324.163416
20.846947	231.500000	2324.414432
20.845773	231.525000	2324.665449
20.844599	231.550000	2324.916466
20.843424	231.575000	2325.167482
20.842250	231.600000	2325.418499
20.841076	231.625000	2325.669516
20.839901	231.650000	2325.920532
20.838726	231.675000	2326.171549
20.837552	231.700000	2326.422566
20.836377	231.725000	2326.673582
20.835202	231.750000	2326.924599
20.834027	231.775000	2327.175616
20.832852	231.800000	2327.426632
20.831677	231.825000	2327.677649
20.830502	231.850000	2327.928666
20.829327	231.875000	2328.179683
20.828152	231.900000	2328.430699
20.826977	231.925000	2328.681716
20.825802	231.950000	2328.932733
20.824627	231.975000	2329.183749
20.823451	232.000000	2329.434766
20.822276	232.025000	2329.685783
20.821100	232.050000	2329.936799
20.819925	232.075000	2330.187816
20.818749	232.100000	2330.438833
20.817573	232.125000	2330.689849
20.816398	232.150000	2330.940866
20.815222	232.175000	2331.191883
20.814046	232.200000	2331.442899
20.812870	232.225000	2331.693916
20.811694	232.250000	2331.944933
20.810518	232.275000	2332.195949
20.809342	232.300000	2332.446966
20.808166	232.325000	2332.697983
20.806990	232.350000	2332.948999
20.805814	232.375000	2333.200016
20.804637	232.400000	2333.451033
20.803461	232.425000	2333.702049
20.802285	232.450000	2333.953066
20.801108	232.475000	2334.204083
20.799932	232.500000	2334.455099
20.798755	232.525000	2334.706116
20.797578	232.550000	2334.957133
20.796402	232.575000	2335.208149
20.795225	232.600000	2335.459166
20.794048	232.625000	2335.710183
20.792871	232.650000	2335.961200
20.791694	232.675000	2336.212216
20.790517	232.700000	2336.463233
20.789340	232.725000	2336.714250
20.788163	232.750000	2336.965266
20.786986	232.775000	2337.216283
20.785809	232.800000	2337.467300
20.784632	232.825000	2337.718316
20.783454	232.850000	2337.969333
20.782277	232.875000	2338.220350
20.781099	232.900000	2338.471366
20.779922	232.925000	2338.722383
20.778744	232.950000	2338.973400
20.777567	232.975000	2339.224416
20.776389	233.000000	2339.475433
20.775211	233.025000	2339.726450
20.774034	233.050000	2339.977466
20.772856	233.075000	2340.228483
20.771678	233.100000	2340.479500
20.770500	233.125000	2340.730516
20.769322	233.150000	2340.981533
20.768144	233.175000	2341.232550
20.766966	233.200000	2341.483566
20.765787	233.225000	2341.734583
20.764609	233.250000	2341.985600
20.763431	233.275000	2342.236616
20.762252	233.300000	2342.487633
20.761074	233.325000	2342.738650
20.759895	233.350000	2342.989666
20.758717	233.375000	2343.240683
20.757538	233.400000	2343.491700
20.756360	233.425000	2343.742717
20.755181	233.450000	2343.993733
20.754002	233.475000	2344.244750
20.752823	233.500000	2344.495767
20.751644	233.525000	2344.746783
20.750465	233.550000	2344.997800
20.749286	233.575000	2345.248817
20.748107	233.600000	2345.499833
20.746928	233.625000	2345.750850
20.745749	233.650000	2346.001867
20.744570	233.675000	2346.252883
20.743390	233.700000	2346.503900
20.742211	233.725000	2346.754917
20.741032	233.750000	2347.005933
20.739852	233.775000	2347.256950
20.738673	233.800000	2347.507967
20.737493	233.825000	2347.758983
20.736313	233.850000	2348.010000
20.735134	233.875000	2348.261017
20.733954	233.900000	2348.512033
20.732774	233.925000	2348.763050
20.731594	233.950000	2349.014067
20.730414	233.975000	2349.265083
20.729234	234.000000	2349.516100
20.728054	234.025000	2349.767117
20.726874	234.050000	2350.018133
20.725694	234.075000	2350.269150
20.724513	234.100000	2350.520167
20.723333	234.125000	2350.771183
20.722153	234.150000	2351.022200
20.720972	234.175000	2351.273217
20.719792	234.200000	2351.524234
20.718611	234.225000	2351.775250
20.717431	234.250000	2352.026267
20.716250	234.275000	2352.277284
20.715069	234.300000	2352.528300
20.713889	234.325000	2352.779317
20.712708	234.350000	2353.030334
20.711527	234.375000	2353.281350
20.710346	234.400000	2353.532367
20.709165	234.425000	2353.783384
20.707984	234.450000	2354.034400
20.706803	234.475000	2354.285417
20.705621	234.500000	2354.536434
20.704440	234.525000	2354.787450
20.703259	234.550000	2355.038467
20.702078	234.575000	2355.289484
20.700896	234.600000	2355.540500
20.699715	234.625000	2355.791517
20.698533	234.650000	2356.042534
20.697352	234.675000	2356.293550
20.696170	234.700000	2356.544567
20.694988	234.725000	2356.795584
20.693806	234.750000	2357.046600
20.692625	234.775000	2357.297617
20.691443	234.800000	2357.548634
20.690261	234.825000	2357.799650
20.689079	234.850000	2358.050667
20.687897	234.875000	2358.301684
20.686714	234.900000	2358.552700
20.685532	234.925000	2358.803717
20.684350	234.950000	2359.054734
20.683168	234.975000	2359.305751
20.681985	235.000000	2359.556767
20.680803	235.025000	2359.807784
20.679620	235.050000	2360.058801
20.678438	235.075000	2360.309817
20.677255	235.100000	2360.560834
20.676073	235.125000	2360.811851
20.674890	235.150000	2361.062867
20.673707	235.175000	2361.313884
20.672524	235.200000	2361.564901
20.671341	235.225000	2361.815917
20.670159	235.250000	2362.066934
20.668976	235.275000	2362.317951
20.667792	235.300000	2362.568967
20.666609	235.325000	2362.819984
20.665426	235.350000	2363.071001
20.664243	235.375000	2363.322017
20.663060	235.400000	2363.573034
20.661876	235.425000	2363.824051
20.660693	235.450000	2364.075067
20.659509	235.475000	2364.326084
20.658326	235.500000	2364.577101
20.657142	235.525000	2364.828117
20.655959	235.550000	2365.079134
20.654775	235.575000	2365.330151
20.653591	235.600000	2365.581167
20.652407	235.625000	2365.832184
20.651223	235.650000	2366.083201
20.650039	235.675000	2366.334217
20.648855	235.700000	2366.585234
20.647671	235.725000	2366.836251
20.646487	235.750000	2367.087267
20.645303	235.775000	2367.338284
20.644119	235.800000	2367.589301
20.642934	235.825000	2367.840318
20.641750	235.850000	2368.091334
20.640566	235.875000	2368.342351
20.639381	235.900000	2368.593368
20.638197	235.925000	2368.844384
20.637012	235.950000	2369.095401
20.635827	235.975000	2369.346418
20.634643	236.000000	2369.597434
20.633458	236.025000	2369.848451
20.632273	236.050000	2370.099468
20.631088	236.075000	2370.350484
20.629903	236.100000	2370.601501
20.628718	236.125000	2370.852518
20.627533	236.150000	2371.103534
20.626348	236.175000	2371.354551
20.625163	236.200000	2371.605568
20.623977	236.225000	2371.856584
20.622792	236.250000	2372.107601
20.621607	236.275000	2372.358618
20.620421	236.300000	2372.609634
20.619236	236.325000	2372.860651
20.618050	236.350000	2373.111668
20.616865	236.375000	2373.362684
20.615679	236.400000	2373.613701
20.614493	236.425000	2373.864718
20.613307	236.450000	2374.115734
20.612122	236.475000	2374.366751
20.610936	236.500000	2374.617768
20.609750	236.525000	2374.868784
20.608564	236.550000	2375.119801
20.607378	236.575000	2375.370818
20.606191	236.600000	2375.621835
20.605005	236.625000	2375.872851
20.603819	236.650000	2376.123868
20.602633	236.675000	2376.374885
20.601446	236.700000	2376.625901
20.600260	236.725000	2376.876918
20.599073	236.750000	2377.127935
20.597887	236.775000	2377.378951
20.596700	236.800000	2377.629968
20.595513	236.825000	2377.880985
20.594327	236.850000	2378.132001
20.593140	236.875000	2378.383018
20.591953	236.900000	2378.634035
20.590766	236.925000	2378.885051
20.589579	236.950000	2379.136068
20.588392	236.975000	2379.387085
20.587205	237.000000	2379.638101
20.586018	237.025000	2379.889118
20.584831	237.050000	2380.140135
20.583643	237.075000	2380.391151
20.582456	237.100000	2380.642168
20.581269	237.125000	2380.893185
20.580081	237.150000	2381.144201
20.578894	237.175000	2381.395218
20.577706	237.200000	2381.646235
20.576518	237.225000	2381.897251
20.575331	237.250000	2382.148268
20.574143	237.275000	2382.399285
20.572955	237.300000	2382.650301
20.571767	237.325000	2382.901318
20.570579	237.350000	2383.152335
20.569391	237.375000	2383.403352
20.568203	237.400000	2383.654368
20.567015	237.425000	2383.905385
20.565827	237.450000	2384.156402
20.564639	237.475000	2384.407418
20.563451	237.500000	2384.658435
20.562262	237.525000	2384.909452
20.561074	237.550000	2385.160468
20.559885	237.575000	2385.411485
20.558697	237.600000	2385.662502
20.557508	237.625000	2385.913518
20.556320	237.650000	2386.164535
20.555131	237.675000	2386.415552
20.553942	237.700000	2386.666568
20.552753	237.725000	2386.917585
20.551564	237.750000	2387.168602
20.550375	237.775000	2387.419618
20.549186	237.800000	2387.670635
20.547997	237.825000	2387.921652
20.546808	237.850000	2388.172668
20.545619	237.875000	2388.423685
20.544430	237.900000	2388.674702
20.543240	237.925000	2388.925718
20.542051	237.950000	2389.176735
20.540862	237.975000	2389.427752
20.539672	238.000000	2389.678768
20.538483	238.025000	2389.929785
20.537293	238.050000	2390.180802
20.536103	238.075000	2390.431818
20.534914	238.100000	2390.682835
20.533724	238.125000	2390.933852
20.532534	238.150000	2391.184869
20.531344	238.175000	2391.435885
20.530154	238.200000	2391.686902
20.528964	238.225000	2391.937919
20.527774	238.250000	2392.188935
20.526584	238.275000	2392.439952
20.525394	238.300000	2392.690969
20.524203	238.325000	2392.941985
20.523013	238.350000	2393.193002
20.521823	238.375000	2393.444019
20.520632	238.400000	2393.695035
20.519442	238.425000	2393.946052
20.518251	238.450000	2394.197069
20.517060	238.475000	2394.448085
20.515870	238.500000	2394.699102
20.514679	238.525000	2394.950119
20.513488	238.550000	2395.201135
20.512297	238.575000	2395.452152
20.511106	238.600000	2395.703169
20.509915	238.625000	2395.954185
20.508724	238.650000	2396.205202
20.507533	238.675000	2396.456219
20.506342	238.700000	2396.707235
20.505151	238.725000	2396.958252
20.503960	238.750000	2397.209269
20.502768	238.775000	2397.460285
20.501577	238.800000	2397.711302
20.500385	238.825000	2397.962319
20.499194	238.850000	2398.213335
20.498002	238.875000	2398.464352
20.496810	238.900000	2398.715369
20.495619	238.925000	2398.966386
20.494427	238.950000	2399.217402
20.493235	238.975000	2399.468419
20.492043	239.000000	2399.719436
20.490851	239.025000	2399.970452
20.489659	239.050000	2400.221469
20.488467	239.075000	2400.472486
20.487275	239.100000	2400.723502
20.486083	239.125000	2400.974519
20.484891	239.150000	2401.225536
20.483698	239.175000	2401.476552
20.482506	239.200000	2401.727569
20.481313	239.225000	2401.978586
20.480121	239.250000	2402.229602
20.478928	239.275000	2402.480619
20.477736	239.300000	2402.731636
20.476543	239.325000	2402.982652
20.475350	239.350000	2403.233669
20.474158	239.375000	2403.484686
20.472965	239.400000	2403.735702
20.471772	239.425000	2403.986719
20.470579	239.450000	2404.237736
20.469386	239.475000	2404.488752
20.468193	239.500000	2404.739769
20.466999	239.525000	2404.990786
20.465806	239.550000	2405.241802
20.464613	239.575000	2405.492819
20.463420	239.600000	2405.743836
20.462226	239.625000	2405.994852
20.461033	239.650000	2406.245869
20.459839	239.675000	2406.496886
20.458646	239.700000	2406.747903
20.457452	239.725000	2406.998919
20.456258	239.750000	2407.249936
20.455065	239.775000	2407.500953
20.453871	239.800000	2407.751969
20.452677	239.825000	2408.002986
20.451483	239.850000	2408.254003
20.450289	239.875000	2408.505019
20.449095	239.900000	2408.756036
20.447901	239.925000	2409.007053
20.446706	239.950000	2409.258069
20.445512	239.975000	2409.509086
20.444318	240.000000	2409.760103
20.443123	240.025000	2410.011119
20.441929	240.050000	2410.262136
20.440735	240.075000	2410.513153
20.439540	240.100000	2410.764169
20.438345	240.125000	2411.015186
20.437151	240.150000	2411.266203
20.435956	240.175000	2411.517219
20.434761	240.200000	2411.768236
20.433566	240.225000	2412.019253
20.432371	240.250000	2412.270269
20.431176	240.275000	2412.521286
20.429981	240.300000	2412.772303
20.428786	240.325000	2413.023319
20.427591	240.350000	2413.274336
20.426396	240.375000	2413.525353
20.425200	240.400000	2413.776369
20.424005	240.425000	2414.027386
20.422810	240.450000	2414.278403
20.421614	240.475000	2414.529420
20.420419	240.500000	2414.780436
20.419223	240.525000	2415.031453
20.418027	240.550000	2415.282470
20.416832	240.575000	2415.533486
20.415636	240.600000	2415.784503
20.414440	240.625000	2416.035520
20.413244	240.650000	2416.286536
20.412048	240.675000	2416.537553
20.410852	240.700000	2416.788570
20.409656	240.725000	2417.039586
20.408460	240.750000	2417.290603
20.407264	240.775000	2417.541620
20.406068	240.800000	2417.792636
20.404871	240.825000	2418.043653
20.403675	240.850000	2418.294670
20.402478	240.875000	2418.545686
20.401282	240.900000	2418.796703
20.400085	240.925000	2419.047720
20.398889	240.950000	2419.298736
20.397692	240.975000	2419.549753
20.396495	241.000000	2419.800770
20.395298	241.025000	2420.051786
20.394102	241.050000	2420.302803
20.392905	241.075000	2420.553820
20.391708	241.100000	2420.804836
20.390511	241.125000	2421.055853
20.389313	241.150000	2421.306870
20.388116	241.175000	2421.557886
20.386919	241.200000	2421.808903
20.385722	241.225000	2422.059920
20.384524	241.250000	2422.310937
20.383327	241.275000	2422.561953
20.382129	241.300000	2422.812970
20.380932	241.325000	2423.063987
20.379734	241.350000	2423.315003
20.378537	241.375000	2423.566020
20.377339	241.400000	2423.817037
20.376141	241.425000	2424.068053
20.374943	241.450000	2424.319070
20.373745	241.475000	2424.570087
20.372547	241.500000	2424.821103
20.371349	241.525000	2425.072120
20.370151	241.550000	2425.323137
20.368953	241.575000	2425.574153
20.367755	241.600000	2425.825170
20.366556	241.625000	2426.076187
20.365358	241.650000	2426.327203
20.364160	241.675000	2426.578220
20.362961	241.700000	2426.829237
20.361763	241.725000	2427.080253
20.360564	241.750000	2427.331270
20.359365	241.775000	2427.582287
20.358167	241.800000	2427.833303
20.356968	241.825000	2428.084320
20.355769	241.850000	2428.335337
20.354570	241.875000	2428.586353
20.353371	241.900000	2428.837370
20.352172	241.925000	2429.088387
20.350973	241.950000	2429.339403
20.349774	241.975000	2429.590420
20.348575	242.000000	2429.841437
20.347376	242.025000	2430.092454
20.346176	242.050000	2430.343470
20.344977	242.075000	2430.594487
20.343777	242.100000	2430.845504
20.342578	242.125000	2431.096520
20.341378	242.150000	2431.347537
20.340179	242.175000	2431.598554
20.338979	242.200000	2431.849570
20.337779	242.225000	2432.100587
20.336579	242.250000	2432.351604
20.335380	242.275000	2432.602620
20.334180	242.300000	2432.853637
20.332980	242.325000	2433.104654
20.331779	242.350000	2433.355670
20.330579	242.375000	2433.606687
20.329379	242.400000	2433.857704
20.328179	242.425000	2434.108720
20.326979	242.450000	2434.359737
20.325778	242.475000	2434.610754
20.324578	242.500000	2434.861770
20.323377	242.525000	2435.112787
20.322177	242.550000	2435.363804
20.320976	242.575000	2435.614820
20.319775	242.600000	2435.865837
20.318575	242.625000	2436.116854
20.317374	242.650000	2436.367870
20.316173	242.675000	2436.618887
20.314972	242.700000	2436.869904
20.313771	242.725000	2437.120920
20.312570	242.750000	2437.371937
20.311369	242.775000	2437.622954
20.310168	242.800000	2437.873971
20.308966	242.825000	2438.124987
20.307765	242.850000	2438.376004
20.306564	242.875000	2438.627021
20.305362	242.900000	2438.878037
20.304161	242.925000	2439.129054
20.302959	242.950000	2439.380071
20.301758	242.975000	2439.631087
20.300556	243.000000	2439.882104
20.299354	243.025000	2440.133121
20.298152	243.050000	2440.384137
20.296951	243.075000	2440.635154
20.295749	243.100000	2440.886171
20.294547	243.125000	2441.137187
20.293345	243.150000	2441.388204
20.292143	243.175000	2441.639221
20.290940	243.200000	2441.890237
20.289738	243.225000	2442.141254
20.288536	243.250000	2442.392271
20.287334	243.275000	2442.643287
20.286131	243.300000	2442.894304
20.284929	243.325000	2443.145321
20.283726	243.350000	2443.396337
20.282523	243.375000	2443.647354
20.281321	243.400000	2443.898371
20.280118	243.425000	2444.149387
20.278915	243.450000	2444.400404
20.277712	243.475000	2444.651421
20.276510	243.500000	2444.902437
20.275307	243.525000	2445.153454
20.274103	243.550000	2445.404471
20.272900	243.575000	2445.655488
20.271697	243.600000	2445.906504
20.270494	243.625000	2446.157521
20.269291	243.650000	2446.408538
20.268087	243.675000	2446.659554
20.266884	243.700000	2446.910571
20.265680	243.725000	2447.161588
20.264477	243.750000	2447.412604
20.263273	243.775000	2447.663621
20.262070	243.800000	2447.914638
20.260866	243.825000	2448.165654
20.259662	243.850000	2448.416671
20.258458	243.875000	2448.667688
20.257254	243.900000	2448.918704
20.256050	243.925000	2449.169721
20.254846	243.950000	2449.420738
20.253642	243.975000	2449.671754
20.252438	244.000000	2449.922771
20.251234	244.025000	2450.173788
20.250030	244.050000	2450.424804
20.248825	244.075000	2450.675821
20.247621	244.100000	2450.926838
20.246416	244.125000	2451.177854
20.245212	244.150000	2451.428871
20.244007	244.175000	2451.679888
20.242803	244.200000	2451.930904
20.241598	244.225000	2452.181921
20.240393	244.250000	2452.432938
20.239188	244.275000	2452.683954
20.237983	244.300000	2452.934971
20.236778	244.325000	2453.185988
20.235573	244.350000	2453.437005
20.234368	244.375000	2453.688021
20.233163	244.400000	2453.939038
20.231958	244.425000	2454.190055
20.230753	244.450000	2454.441071
20.229547	244.475000	2454.692088
20.228342	244.500000	2454.943105
20.227136	244.525000	2455.194121
20.225931	244.550000	2455.445138
20.224725	244.575000	2455.696155
20.223520	244.600000	2455.947171
20.222314	244.625000	2456.198188
20.221108	244.650000	2456.449205
20.219902	244.675000	2456.700221
20.218696	244.700000	2456.951238
20.217490	244.725000	2457.202255
20.216284	244.750000	2457.453271
20.215078	244.775000	2457.704288
20.213872	244.800000	2457.955305
20.212666	244.825000	2458.206321
20.211460	244.850000	2458.457338
20.210253	244.875000	2458.708355
20.209047	244.900000	2458.959371
20.207840	244.925000	2459.210388
20.206634	244.950000	2459.461405
20.205427	244.975000	2459.712421
20.204221	245.000000	2459.963438
20.203014	245.025000	2460.214455
20.201807	245.050000	2460.465471
20.200600	245.075000	2460.716488
20.199393	245.100000	2460.967505
20.198186	245.125000	2461.218522
20.196979	245.150000	2461.469538
20.195772	245.175000	2461.720555
20.194565	245.200000	2461.971572
20.193358	245.225000	2462.222588
20.192151	245.250000	2462.473605
20.190943	245.275000	2462.724622
20.189736	245.300000	2462.975638
20.188528	245.325000	2463.226655
20.187321	245.350000	2463.477672
20.186113	245.375000	2463.728688
20.184905	245.400000	2463.979705
20.183698	245.425000	2464.230722
20.182490	245.450000	2464.481738
20.181282	245.475000	2464.732755
20.180074	245.500000	2464.983772
20.178866	245.525000	2465.234788
20.177658	245.550000	2465.485805
20.176450	245.575000	2465.736822
20.175242	245.600000	2465.987838
20.174034	245.625000	2466.238855
20.172825	245.650000	2466.489872
20.171617	245.675000	2466.740888
20.170409	245.700000	2466.991905
20.169200	245.725000	2467.242922
20.167992	245.750000	2467.493938
20.166783	245.775000	2467.744955
20.165574	245.800000	2467.995972
20.164366	245.825000	2468.246988
20.163157	245.850000	2468.498005
20.161948	245.875000	2468.749022
20.160739	245.900000	2469.000039
20.159530	245.925000	2469.251055
20.158321	245.950000	2469.502072
20.157112	245.975000	2469.753089
20.155903	246.000000	2470.004105
20.154693	246.025000	2470.255122
20.153484	246.050000	2470.506139
20.152275	246.075000	2470.757155
20.151065	246.100000	2471.008172
20.149856	246.125000	2471.259189
20.148646	246.150000	2471.510205
20.147437	246.175000	2471.761222
20.146227	246.200000	2472.012239
20.145017	246.225000	2472.263255
20.143807	246.250000	2472.514272
20.142598	246.275000	2472.765289
20.141388	246.300000	2473.016305
20.140178	246.325000	2473.267322
20.138968	246.350000	2473.518339
20.137757	246.375000	2473.769355
20.136547	246.400000	2474.020372
20.135337	246.425000	2474.271389
20.134127	246.450000	2474.522405
20.132916	246.475000	2474.773422
20.131706	246.500000	2475.024439
20.130495	246.525000	2475.275455
20.129285	246.550000	2475.526472
20.128074	246.575000	2475.777489
20.126863	246.600000	2476.028505
20.125653	246.625000	2476.279522
20.124442	246.650000	2476.530539
20.123231	246.675000	2476.781556
20.122020	246.700000	2477.032572
20.120809	246.725000	2477.283589
20.119598	246.750000	2477.534606
20.118387	246.775000	2477.785622
20.117176	246.800000	2478.036639
20.115964	246.825000	2478.287656
20.114753	246.850000	2478.538672
20.113542	246.875000	2478.789689
20.112330	246.900000	2479.040706
20.111119	246.925000	2479.291722
20.109907	246.950000	2479.542739
20.108696	246.975000	2479.793756
20.107484	247.000000	2480.044772
20.106272	247.025000	2480.295789
20.105060	247.050000	2480.546806
20.103848	247.075000	2480.797822
20.102637	247.100000	2481.048839
20.101425	247.125000	2481.299856
20.100212	247.150000	2481.550872
20.099000	247.175000	2481.801889
20.097788	247.200000	2482.052906
20.096576	247.225000	2482.303922
20.095364	247.250000	2482.554939
20.094151	247.275000	2482.805956
20.092939	247.300000	2483.056972
20.091726	247.325000	2483.307989
20.090514	247.350000	2483.559006
20.089301	247.375000	2483.810022
20.088088	247.400000	2484.061039
20.086876	247.425000	2484.312056
20.085663	247.450000	2484.563073
20.084450	247.475000	2484.814089
20.083237	247.500000	2485.065106
20.082024	247.525000	2485.316123
20.080811	247.550000	2485.567139
20.079598	247.575000	2485.818156
20.078385	247.600000	2486.069173
20.077171	247.625000	2486.320189
20.075958	247.650000	2486.571206
20.074745	247.675000	2486.822223
20.073531	247.700000	2487.073239
20.072318	247.725000	2487.324256
20.071104	247.750000	2487.575273
20.069890	247.775000	2487.826289
20.068677	247.800000	2488.077306
20.067463	247.825000	2488.328323
20.066249	247.850000	2488.579339
20.065035	247.875000	2488.830356
20.063821	247.900000	2489.081373
20.062607	247.925000	2489.332389
20.061393	247.950000	2489.583406
20.060179	247.975000	2489.834423
20.058965	248.000000	2490.085439
20.057750	248.025000	2490.336456
20.056536	248.050000	2490.587473
20.055322	248.075000	2490.838489
20.054107	248.100000	2491.089506
20.052893	248.125000	2491.340523
20.051678	248.150000	2491.591539
20.050464	248.175000	2491.842556
20.049249	248.200000	2492.093573
20.048034	248.225000	2492.344590
20.046819	248.250000	2492.595606
20.045604	248.275000	2492.846623
20.044389	248.300000	2493.097640
20.043174	248.325000	2493.348656
20.041959	248.350000	2493.599673
20.040744	248.375000	2493.850690
20.039529	248.400000	2494.101706
20.038314	248.425000	2494.352723
20.037098	248.450000	2494.603740
20.035883	248.475000	2494.854756
20.034667	248.500000	2495.105773
20.033452	248.525000	2495.356790
20.032236	248.550000	2495.607806
20.031021	248.575000	2495.858823
20.029805	248.600000	2496.109840
20.028589	248.625000	2496.360856
20.027373	248.650000	2496.611873
20.026157	248.675000	2496.862890
20.024941	248.700000	2497.113906
20.023725	248.725000	2497.364923
20.022509	248.750000	2497.615940
20.021293	248.775000	2497.866956
20.020077	248.800000	2498.117973
20.018860	248.825000	2498.368990
20.017644	248.850000	2498.620006
20.016428	248.875000	2498.871023
20.015211	248.900000	2499.122040
20.013995	248.925000	2499.373056
20.012778	248.950000	2499.624073
20.011561	248.975000	2499.875090
20.010345	249.000000	2500.126106
20.009128	249.025000	2500.377123
20.007911	249.050000	2500.628140
20.006694	249.075000	2500.879157
20.005477	249.100000	2501.130173
20.004260	249.125000	2501.381190
20.003043	249.150000	2501.632207
20.001826	249.175000	2501.883223
20.000608	249.200000	2502.134240
19.999391	249.225000	2502.385257
19.998174	249.250000	2502.636273
19.996956	249.275000	2502.887290
19.995739	249.300000	2503.138307
19.994521	249.325000	2503.389323
19.993304	249.350000	2503.640340
19.992086	249.375000	2503.891357
19.990868	249.400000	2504.142373
19.989650	249.425000	2504.393390
19.988432	249.450000	2504.644407
19.987214	249.475000	2504.895423
19.985996	249.500000	2505.146440
19.984778	249.525000	2505.397457
19.983560	249.550000	2505.648473
19.982342	249.575000	2505.899490
19.981124	249.600000	2506.150507
19.979905	249.625000	2506.401523
19.978687	249.650000	2506.652540
19.977469	249.675000	2506.903557
19.976250	249.700000	2507.154573
19.975031	249.725000	2507.405590
19.973813	249.750000	2507.656607
19.972594	249.775000	2507.907623
19.971375	249.800000	2508.158640
19.970156	249.825000	2508.409657
19.968938	249.850000	2508.660674
19.967719	249.875000	2508.911690
19.966500	249.900000	2509.162707
19.965280	249.925000	2509.413724
19.964061	249.950000	2509.664740
19.962842	249.975000	2509.915757
19.961623	250.000000	2510.166774
19.960403	250.025000	2510.417790
19.959184	250.050000	2510.668807
19.957964	250.075000	2510.919824
19.956745	250.100000	2511.170840
19.955525	250.125000	2511.421857
19.954306	250.150000	2511.672874
19.953086	250.175000	2511.923890
19.951866	250.200000	2512.174907
19.950646	250.225000	2512.425924
19.949426	250.250000	2512.676940
19.948206	250.275000	2512.927957
19.946986	250.300000	2513.178974
19.945766	250.325000	2513.429990
19.944546	250.350000	2513.681007
19.943326	250.375000	2513.932024
19.942105	250.400000	2514.183040
19.940885	250.425000	2514.434057
19.939665	250.450000	2514.685074
19.938444	250.475000	2514.936090
19.937223	250.500000	2515.187107
19.936003	250.525000	2515.438124
19.934782	250.550000	2515.689140
19.933561	250.575000	2515.940157
19.932341	250.600000	2516.191174
19.931120	250.625000	2516.442191
19.929899	250.650000	2516.693207
19.928678	250.675000	2516.944224
19.927457	250.700000	2517.195241
19.926235	250.725000	2517.446257
19.925014	250.750000	2517.697274
19.923793	250.775000	2517.948291
19.922572	250.800000	2518.199307
19.921350	250.825000	2518.450324
19.920129	250.850000	2518.701341
19.918907	250.875000	2518.952357
19.917686	250.900000	2519.203374
19.916464	250.925000	2519.454391
19.915242	250.950000	2519.705407
19.914020	250.975000	2519.956424
19.912799	251.000000	2520.207441
19.911577	251.025000	2520.458457
19.910355	251.050000	2520.709474
19.909133	251.075000	2520.960491
19.907911	251.100000	2521.211507
19.906688	251.125000	2521.462524
19.905466	251.150000	2521.713541
19.904244	251.175000	2521.964557
19.903021	251.200000	2522.215574
19.901799	251.225000	2522.466591
19.900576	251.250000	2522.717607
19.899354	251.275000	2522.968624
19.898131	251.300000	2523.219641
19.896909	251.325000	2523.470657
19.895686	251.350000	2523.721674
19.894463	251.375000	2523.972691
19.893240	251.400000	2524.223708
19.892017	251.425000	2524.474724
19.890794	251.450000	2524.725741
19.889571	251.475000	2524.976758
19.888348	251.500000	2525.227774
19.887125	251.525000	2525.478791
19.885901	251.550000	2525.729808
19.884678	251.575000	2525.980824
19.883455	251.600000	2526.231841
19.882231	251.625000	2526.482858
19.881008	251.650000	2526.733874
19.879784	251.675000	2526.984891
19.878560	251.700000	2527.235908
19.877337	251.725000	2527.486924
19.876113	251.750000	2527.737941
19.874889	251.775000	2527.988958
19.873665	251.800000	2528.239974
19.872441	251.825000	2528.490991
19.871217	251.850000	2528.742008
19.869993	251.875000	2528.993024
19.868769	251.900000	2529.244041
19.867545	251.925000	2529.495058
19.866320	251.950000	2529.746074
19.865096	251.975000	2529.997091
19.863871	252.000000	2530.248108
19.862647	252.025000	2530.499124
19.861422	252.050000	2530.750141
19.860198	252.075000	2531.001158
19.858973	252.100000	2531.252174
19.857748	252.125000	2531.503191
19.856523	252.150000	2531.754208
19.855299	252.175000	2532.005225
19.854074	252.200000	2532.256241
19.852849	252.225000	2532.507258
19.851623	252.250000	2532.758275
19.850398	252.275000	2533.009291
19.849173	252.300000	2533.260308
19.847948	252.325000	2533.511325
19.846722	252.350000	2533.762341
19.845497	252.375000	2534.013358
19.844272	252.400000	2534.264375
19.843046	252.425000	2534.515391
19.841820	252.450000	2534.766408
19.840595	252.475000	2535.017425
19.839369	252.500000	2535.268441
19.838143	252.525000	2535.519458
19.836917	252.550000	2535.770475
19.835691	252.575000	2536.021491
19.834465	252.600000	2536.272508
19.833239	252.625000	2536.523525
19.832013	252.650000	2536.774541
19.830787	252.675000	2537.025558
19.829561	252.700000	2537.276575
19.828334	252.725000	2537.527591
19.827108	252.750000	2537.778608
19.825882	252.775000	2538.029625
19.824655	252.800000	2538.280641
19.823429	252.825000	2538.531658
19.822202	252.850000	2538.782675
19.820975	252.875000	2539.033691
19.819748	252.900000	2539.284708
19.818522	252.925000	2539.535725
19.817295	252.950000	2539.786742
19.816068	252.975000	2540.037758
19.814841	253.000000	2540.288775
19.813614	253.025000	2540.539792
19.812386	253.050000	2540.790808
19.811159	253.075000	2541.041825
19.809932	253.100000	2541.292842
19.808704	253.125000	2541.543858
19.807477	253.150000	2541.794875
19.806250	253.175000	2542.045892
19.805022	253.200000	2542.296908
19.803794	253.225000	2542.547925
19.802567	253.250000	2542.798942
19.801339	253.275000	2543.049958
19.800111	253.300000	2543.300975
19.798883	253.325000	2543.551992
19.797655	253.350000	2543.803008
19.796427	253.375000	2544.054025
19.795199	253.400000	2544.305042
19.793971	253.425000	2544.556058
19.792743	253.450000	2544.807075
19.791514	253.475000	2545.058092
19.790286	253.500000	2545.309108
19.789058	253.525000	2545.560125
19.787829	253.550000	2545.811142
19.786601	253.575000	2546.062158
19.785372	253.600000	2546.313175
19.784143	253.625000	2546.564192
19.782915	253.650000	2546.815208
19.781686	253.675000	2547.066225
19.780457	253.700000	2547.317242
19.779228	253.725000	2547.568259
19.777999	253.750000	2547.819275
19.776770	253.775000	2548.070292
19.775541	253.800000	2548.321309
19.774312	253.825000	2548.572325
19.773082	253.850000	2548.823342
19.771853	253.875000	2549.074359
19.770624	253.900000	2549.325375
19.769394	253.925000	2549.576392
19.768165	253.950000	2549.827409
19.766935	253.975000	2550.078425
19.765705	254.000000	2550.329442
19.764476	254.025000	2550.580459
19.763246	254.050000	2550.831475
19.762016	254.075000	2551.082492
19.760786	254.100000	2551.333509
19.759556	254.125000	2551.584525
19.758326	254.150000	2551.835542
19.757096	254.175000	2552.086559
19.755866	254.200000	2552.337575
19.754636	254.225000	2552.588592
19.753405	254.250000	2552.839609
19.752175	254.275000	2553.090625
19.750944	254.300000	2553.341642
19.749714	254.325000	2553.592659
19.748483	254.350000	2553.843675
19.747253	254.375000	2554.094692
19.746022	254.400000	2554.345709
19.744791	254.425000	2554.596725
19.743560	254.450000	2554.847742
19.742329	254.475000	2555.098759
19.741099	254.500000	2555.349776
19.739867	254.525000	2555.600792
19.738636	254.550000	2555.851809
19.737405	254.575000	2556.102826
19.736174	254.600000	2556.353842
19.734943	254.625000	2556.604859
19.733711	254.650000	2556.855876
19.732480	254.675000	2557.106892
19.731248	254.700000	2557.357909
19.730017	254.725000	2557.608926
19.728785	254.750000	2557.859942
19.727553	254.775000	2558.110959
19.726322	254.800000	2558.361976
19.725090	254.825000	2558.612992
19.723858	254.850000	2558.864009
19.722626	254.875000	2559.115026
19.721394	254.900000	2559.366042
19.720162	254.925000	2559.617059
19.718930	254.950000	2559.868076
19.717698	254.975000	2560.119092
19.716465	255.000000	2560.370109
19.715233	255.025000	2560.621126
19.714000	255.050000	2560.872142
19.712768	255.075000	2561.123159
19.711535	255.100000	2561.374176
19.710303	255.125000	2561.625192
19.709070	255.150000	2561.876209
19.707837	255.175000	2562.127226
19.706605	255.200000	2562.378242
19.705372	255.225000	2562.629259
19.704139	255.250000	2562.880276
19.702906	255.275000	2563.131293
19.701673	255.300000	2563.382309
19.700439	255.325000	2563.633326
19.699206	255.350000	2563.884343
19.697973	255.375000	2564.135359
19.696740	255.400000	2564.386376
19.695506	255.425000	2564.637393
19.694273	255.450000	2564.888409
19.693039	255.475000	2565.139426
19.691806	255.500000	2565.390443
19.690572	255.525000	2565.641459
19.689338	255.550000	2565.892476
19.688104	255.575000	2566.143493
19.686870	255.600000	2566.394509
19.685636	255.625000	2566.645526
19.684402	255.650000	2566.896543
19.683168	255.675000	2567.147559
19.681934	255.700000	2567.398576
19.680700	255.725000	2567.649593
19.679466	255.750000	2567.900609
19.678231	255.775000	2568.151626
19.676997	255.800000	2568.402643
19.675763	255.825000	2568.653659
19.674528	255.850000	2568.904676
19.673293	255.875000	2569.155693
19.672059	255.900000	2569.406709
19.670824	255.925000	2569.657726
19.669589	255.950000	2569.908743
19.668354	255.975000	2570.159759
19.667119	256.000000	2570.410776
19.665884	256.025000	2570.661793
19.664649	256.050000	2570.912810
19.663414	256.075000	2571.163826
19.662179	256.100000	2571.414843
19.660944	256.125000	2571.665860
19.659708	256.150000	2571.916876
19.658473	256.175000	2572.167893
19.657237	256.200000	2572.418910
19.656002	256.225000	2572.669926
19.654766	256.250000	2572.920943
19.653531	256.275000	2573.171960
19.652295	256.300000	2573.422976
19.651059	256.325000	2573.673993
19.649823	256.350000	2573.925010
19.648587	256.375000	2574.176026
19.647351	256.400000	2574.427043
19.646115	256.425000	2574.678060
19.644879	256.450000	2574.929076
19.643643	256.475000	2575.180093
19.642406	256.500000	2575.431110
19.641170	256.525000	2575.682126
19.639934	256.550000	2575.933143
19.638697	256.575000	2576.184160
19.637461	256.600000	2576.435176
19.636224	256.625000	2576.686193
19.634987	256.650000	2576.937210
19.633751	256.675000	2577.188226
19.632514	256.700000	2577.439243
19.631277	256.725000	2577.690260
19.630040	256.750000	2577.941276
19.628803	256.775000	2578.192293
19.627566	256.800000	2578.443310
19.626329	256.825000	2578.694327
19.625092	256.850000	2578.945343
19.623854	256.875000	2579.196360
19.622617	256.900000	2579.447377
19.621380	256.925000	2579.698393
19.620142	256.950000	2579.949410
19.618905	256.975000	2580.200427
19.617667	257.000000	2580.451443
19.616429	257.025000	2580.702460
19.615191	257.050000	2580.953477
19.613954	257.075000	2581.204493
19.612716	257.100000	2581.455510
19.611478	257.125000	2581.706527
19.610240	257.150000	2581.957543
19.609002	257.175000	2582.208560
19.607764	257.200000	2582.459577
19.606525	257.225000	2582.710593
19.605287	257.250000	2582.961610
19.604049	257.275000	2583.212627
19.602810	257.300000	2583.463643
19.601572	257.325000	2583.714660
19.600333	257.350000	2583.965677
19.599095	257.375000	2584.216693
19.597856	257.400000	2584.467710
19.596617	257.425000	2584.718727
19.595378	257.450000	2584.969743
19.594140	257.475000	2585.220760
19.592901	257.500000	2585.471777
19.591662	257.525000	2585.722793
19.590422	257.550000	2585.973810
19.589183	257.575000	2586.224827
19.587944	257.600000	2586.475844
19.586705	257.625000	2586.726860
19.585465	257.650000	2586.977877
19.584226	257.675000	2587.228894
19.582987	257.700000	2587.479910
19.581747	257.725000	2587.730927
19.580507	257.750000	2587.981944
19.579268	257.775000	2588.232960
19.578028	257.800000	2588.483977
19.576788	257.825000	2588.734994
19.575548	257.850000	2588.986010
19.574308	257.875000	2589.237027
19.573068	257.900000	2589.488044
19.571828	257.925000	2589.739060
19.570588	257.950000	2589.990077
19.569348	257.975000	2590.241094
19.568107	258.000000	2590.492110
19.566867	258.025000	2590.743127
19.565627	258.050000	2590.994144
19.564386	258.075000	2591.245160
19.563145	258.100000	2591.496177
19.561905	258.125000	2591.747194
19.560664	258.150000	2591.998210
19.559423	258.175000	2592.249227
19.558183	258.200000	2592.500244
19.556942	258.225000	2592.751260
19.555701	258.250000	2593.002277
19.554460	258.275000	2593.253294
19.553218	258.300000	2593.504310
19.551977	258.325000	2593.755327
19.550736	258.350000	2594.006344
19.549495	258.375000	2594.257361
19.548253	258.400000	2594.508377
19.547012	258.425000	2594.759394
19.545770	258.450000	2595.010411
19.544529	258.475000	2595.261427
19.543287	258.500000	2595.512444
19.542045	258.525000	2595.763461
19.540804	258.550000	2596.014477
19.539562	258.575000	2596.265494
19.538320	258.600000	2596.516511
19.537078	258.625000	2596.767527
19.535836	258.650000	2597.018544
19.534594	258.675000	2597.269561
19.533351	258.700000	2597.520577
19.532109	258.725000	2597.771594
19.530867	258.750000	2598.022611
19.529625	258.775000	2598.273627
19.528382	258.800000	2598.524644
19.527140	258.825000	2598.775661
19.525897	258.850000	2599.026677
19.524654	258.875000	2599.277694
19.523412	258.900000	2599.528711
19.522169	258.925000	2599.779727
19.520926	258.950000	2600.030744
19.519683	258.975000	2600.281761
19.518440	259.000000	2600.532777
19.517197	259.025000	2600.783794
19.515954	259.050000	2601.034811
19.514710	259.075000	2601.285827
19.513467	259.100000	2601.536844
19.512224	259.125000	2601.787861
19.510980	259.150000	2602.038878
19.509737	259.175000	2602.289894
19.508493	259.200000	2602.540911
19.507250	259.225000	2602.791928
19.506006	259.250000	2603.042944
19.504762	259.275000	2603.293961
19.503519	259.300000	2603.544978
19.502275	259.325000	2603.795994
19.501031	259.350000	2604.047011
19.499787	259.375000	2604.298028
19.498543	259.400000	2604.549044
19.497298	259.425000	2604.800061
19.496054	259.450000	2605.051078
19.494810	259.475000	2605.302094
19.493565	259.500000	2605.553111
19.492321	259.525000	2605.804128
19.491077	259.550000	2606.055144
19.489832	259.575000	2606.306161
19.488587	259.600000	2606.557178
19.487343	259.625000	2606.808194
19.486098	259.650000	2607.059211
19.484853	259.675000	2607.310228
19.483608	259.700000	2607.561244
19.482363	259.725000	2607.812261
19.481118	259.750000	2608.063278
19.479873	259.775000	2608.314294
19.478628	259.800000	2608.565311
19.477383	259.825000	2608.816328
19.476137	259.850000	2609.067344
19.474892	259.875000	2609.318361
19.473646	259.900000	2609.569378
19.472401	259.925000	2609.820395
19.471155	259.950000	2610.071411
19.469910	259.975000	2610.322428
19.468664	260.000000	2610.573445
19.467418	260.025000	2610.824461
19.466172	260.050000	2611.075478
19.464926	260.075000	2611.326495
19.463680	260.100000	2611.577511
19.462434	260.125000	2611.828528
19.461188	260.150000	2612.079545
19.459942	260.175000	2612.330561
19.458696	260.200000	2612.581578
19.457449	260.225000	2612.832595
19.456203	260.250000	2613.083611
19.454956	260.275000	2613.334628
19.453710	260.300000	2613.585645
19.452463	260.325000	2613.836661
19.451216	260.350000	2614.087678
19.449970	260.375000	2614.338695
19.448723	260.400000	2614.589711
19.447476	260.425000	2614.840728
19.446229	260.450000	2615.091745
19.444982	260.475000	2615.342761
19.443735	260.500000	2615.593778
19.442488	260.525000	2615.844795
19.441240	260.550000	2616.095811
19.439993	260.575000	2616.346828
19.438746	260.600000	2616.597845
19.437498	260.625000	2616.848861
19.436251	260.650000	2617.099878
19.435003	260.675000	2617.350895
19.433756	260.700000	2617.601912
19.432508	260.725000	2617.852928
19.431260	260.750000	2618.103945
19.430012	260.775000	2618.354962
19.428764	260.800000	2618.605978
19.427516	260.825000	2618.856995
19.426268	260.850000	2619.108012
19.425020	260.875000	2619.359028
19.423772	260.900000	2619.610045
19.422524	260.925000	2619.861062
19.421275	260.950000	2620.112078
19.420027	260.975000	2620.363095
19.418778	261.000000	2620.614112
19.417530	261.025000	2620.865128
19.416281	261.050000	2621.116145
19.415033	261.075000	2621.367162
19.413784	261.100000	2621.618178
19.412535	261.125000	2621.869195
19.411286	261.150000	2622.120212
19.410037	261.175000	2622.371228
19.408788	261.200000	2622.622245
19.407539	261.225000	2622.873262
19.406290	261.250000	2623.124278
19.405041	261.275000	2623.375295
19.403791	261.300000	2623.626312
19.402542	261.325000	2623.877328
19.401293	261.350000	2624.128345
19.400043	261.375000	2624.379362
19.398793	261.400000	2624.630378
19.397544	261.425000	2624.881395
19.396294	261.450000	2625.132412
19.395044	261.475000	2625.383428
19.393794	261.500000	2625.634445
19.392545	261.525000	2625.885462
19.391295	261.550000	2626.136479
19.390044	261.575000	2626.387495
19.388794	261.600000	2626.638512
19.387544	261.625000	2626.889529
19.386294	261.650000	2627.140545
19.385044	261.675000	2627.391562
19.383793	261.700000	2627.642579
19.382543	261.725000	2627.893595
19.381292	261.750000	2628.144612
19.380042	261.775000	2628.395629
19.378791	261.800000	2628.646645
19.377540	261.825000	2628.897662
19.376289	261.850000	2629.148679
19.375038	261.875000	2629.399695
19.373787	261.900000	2629.650712
19.372536	261.925000	2629.901729
19.371285	261.950000	2630.152745
19.370034	261.975000	2630.403762
19.368783	262.000000	2630.654779
19.367532	262.025000	2630.905795
19.366280	262.050000	2631.156812
19.365029	262.075000	2631.407829
19.363777	262.100000	2631.658845
19.362526	262.125000	2631.909862
19.361274	262.150000	2632.160879
19.360022	262.175000	2632.411895
19.358770	262.200000	2632.662912
19.357519	262.225000	2632.913929
19.356267	262.250000	2633.164945
19.355015	262.275000	2633.415962
19.353763	262.300000	2633.666979
19.352510	262.325000	2633.917996
19.351258	262.350000	2634.169012
19.350006	262.375000	2634.420029
19.348754	262.400000	2634.671046
19.347501	262.425000	2634.922062
19.346249	262.450000	2635.173079
19.344996	262.475000	2635.424096
19.343744	262.500000	2635.675112
19.342491	262.525000	2635.926129
19.341238	262.550000	2636.177146
19.339985	262.575000	2636.428162
19.338732	262.600000	2636.679179
19.337479	262.625000	2636.930196
19.336226	262.650000	2637.181212
19.334973	262.675000	2637.432229
19.333720	262.700000	2637.683246
19.332467	262.725000	2637.934262
19.331214	262.750000	2638.185279
19.329960	262.775000	2638.436296
19.328707	262.800000	2638.687312
19.327453	262.825000	2638.938329
19.326200	262.850000	2639.189346
19.324946	262.875000	2639.440362
19.323692	262.900000	2639.691379
19.322438	262.925000	2639.942396
19.321184	262.950000	2640.193412
19.319930	262.975000	2640.444429
19.318676	263.000000	2640.695446
19.317422	263.025000	2640.946462
19.316168	263.050000	2641.197479
19.314914	263.075000	2641.448496
19.313660	263.100000	2641.699513
19.312405	263.125000	2641.950529
19.311151	263.150000	2642.201546
19.309896	263.175000	2642.452563
19.308642	263.200000	2642.703579
19.307387	263.225000	2642.954596
19.306132	263.250000	2643.205613
19.304878	263.275000	2643.456629
19.303623	263.300000	2643.707646
19.302368	263.325000	2643.958663
19.301113	263.350000	2644.209679
19.299858	263.375000	2644.460696
19.298603	263.400000	2644.711713
19.297347	263.425000	2644.962729
19.296092	263.450000	2645.213746
19.294837	263.475000	2645.464763
19.293581	263.500000	2645.715779
19.292326	263.525000	2645.966796
19.291070	263.550000	2646.217813
19.289815	263.575000	2646.468829
19.288559	263.600000	2646.719846
19.287303	263.625000	2646.970863
19.286048	263.650000	2647.221879
19.284792	263.675000	2647.472896
19.283536	263.700000	2647.723913
19.282280	263.725000	2647.974929
19.281023	263.750000	2648.225946
19.279767	263.775000	2648.476963
19.278511	263.800000	2648.727979
19.277255	263.825000	2648.978996
19.275998	263.850000	2649.230013
19.274742	263.875000	2649.481030
19.273485	263.900000	2649.732046
19.272229	263.925000	2649.983063
19.270972	263.950000	2650.234080
19.269715	263.975000	2650.485096
19.268458	264.000000	2650.736113
19.267202	264.025000	2650.987130
19.265945	264.050000	2651.238146
19.264688	264.075000	2651.489163
19.263430	264.100000	2651.740180
19.262173	264.125000	2651.991196
19.260916	264.150000	2652.242213
19.259659	264.175000	2652.493230
19.258401	264.200000	2652.744246
19.257144	264.225000	2652.995263
19.255886	264.250000	2653.246280
19.254629	264.275000	2653.497296
19.253371	264.300000	2653.748313
19.252113	264.325000	2653.999330
19.250856	264.350000	2654.250346
19.249598	264.375000	2654.501363
19.248340	264.400000	2654.752380
19.247082	264.425000	2655.003396
19.245824	264.450000	2655.254413
19.244566	264.475000	2655.505430
19.243307	264.500000	2655.756446
19.242049	264.525000	2656.007463
19.240791	264.550000	2656.258480
19.239532	264.575000	2656.509496
19.238274	264.600000	2656.760513
19.237015	264.625000	2657.011530
19.235757	264.650000	2657.262547
19.234498	264.675000	2657.513563
19.233239	264.700000	2657.764580
19.231980	264.725000	2658.015597
19.230721	264.750000	2658.266613
19.229462	264.775000	2658.517630
19.228203	264.800000	2658.768647
19.226944	264.825000	2659.019663
19.225685	264.850000	2659.270680
19.224425	264.875000	2659.521697
19.223166	264.900000	2659.772713
19.221907	264.925000	2660.023730
19.220647	264.950000	2660.274747
19.219388	264.975000	2660.525763
19.218128	265.000000	2660.776780
19.216868	265.025000	2661.027797
19.215609	265.050000	2661.278813
19.214349	265.075000	2661.529830
19.213089	265.100000	2661.780847
19.211829	265.125000	2662.031863
19.210569	265.150000	2662.282880
19.209309	265.175000	2662.533897
19.208048	265.200000	2662.784913
19.206788	265.225000	2663.035930
19.205528	265.250000	2663.286947
19.204267	265.275000	2663.537963
19.203007	265.300000	2663.788980
19.201746	265.325000	2664.039997
19.200486	265.350000	2664.291013
19.199225	265.375000	2664.542030
19.197964	265.400000	2664.793047
19.196703	265.425000	2665.044064
19.195442	265.450000	2665.295080
19.194181	265.475000	2665.546097
19.192920	265.500000	2665.797114
19.191659	265.525000	2666.048130
19.190398	265.550000	2666.299147
19.189137	265.575000	2666.550164
19.187875	265.600000	2666.801180
19.186614	265.625000	2667.052197
19.185353	265.650000	2667.303214
19.184091	265.675000	2667.554230
19.182829	265.700000	2667.805247
19.181568	265.725000	2668.056264
19.180306	265.750000	2668.307280
19.179044	265.775000	2668.558297
19.177782	265.800000	2668.809314
19.176520	265.825000	2669.060330
19.175258	265.850000	2669.311347
19.173996	265.875000	2669.562364
19.172734	265.900000	2669.813380
19.171472	265.925000	2670.064397
19.170209	265.950000	2670.315414
19.168947	265.975000	2670.566430
19.167684	266.000000	2670.817447
19.166422	266.025000	2671.068464
19.165159	266.050000	2671.319480
19.163897	266.075000	2671.570497
19.162634	266.100000	2671.821514
19.161371	266.125000	2672.072530
19.160108	266.150000	2672.323547
19.158845	266.175000	2672.574564
19.157582	266.200000	2672.825581
19.156319	266.225000	2673.076597
19.155056	266.250000	2673.327614
19.153792	266.275000	2673.578631
19.152529	266.300000	2673.829647
19.151266	266.325000	2674.080664
19.150002	266.350000	2674.331681
19.148739	266.375000	2674.582697
19.147475	266.400000	2674.833714
19.146211	266.425000	2675.084731
19.144948	266.450000	2675.335747
19.143684	266.475000	2675.586764
19.142420	266.500000	2675.837781
19.141156	266.525000	2676.088797
19.139892	266.550000	2676.339814
19.138628	266.575000	2676.590831
19.137364	266.600000	2676.841847
19.136099	266.625000	2677.092864
19.134835	266.650000	2677.343881
19.133571	266.675000	2677.594897
19.132306	266.700000	2677.845914
19.131042	266.725000	2678.096931
19.129777	266.750000	2678.347947
19.128512	266.775000	2678.598964
19.127247	266.800000	2678.849981
19.125983	266.825000	2679.100997
19.124718	266.850000	2679.352014
19.123453	266.875000	2679.603031
19.122188	266.900000	2679.854047
19.120923	266.925000	2680.105064
19.119657	266.950000	2680.356081
19.118392	266.975000	2680.607098
19.117127	267.000000	2680.858114
19.115861	267.025000	2681.109131
19.114596	267.050000	2681.360148
19.113330	267.075000	2681.611164
19.112065	267.100000	2681.862181
19.110799	267.125000	2682.113198
19.109533	267.150000	2682.364214
19.108267	267.175000	2682.615231
19.107002	267.200000	2682.866248
19.105736	267.225000	2683.117264
19.104469	267.250000	2683.368281
19.103203	267.275000	2683.619298
19.101937	267.300000	2683.870314
19.100671	267.325000	2684.121331
19.099405	267.350000	2684.372348
19.098138	267.375000	2684.623364
19.096872	267.400000	2684.874381
19.095605	267.425000	2685.125398
19.094338	267.450000	2685.376414
19.093072	267.475000	2685.627431
19.091805	267.500000	2685.878448
19.090538	267.525000	2686.129464
19.089271	267.550000	2686.380481
19.088004	267.575000	2686.631498
19.086737	267.600000	2686.882514
19.085470	267.625000	2687.133531
19.084203	267.650000	2687.384548
19.082936	267.675000	2687.635564
19.081668	267.700000	2687.886581
19.080401	267.725000	2688.137598
19.079133	267.750000	2688.388615
19.077866	267.775000	2688.639631
19.076598	267.800000	2688.890648
19.075330	267.825000	2689.141665
19.074063	267.850000	2689.392681
19.072795	267.875000	2689.643698
19.071527	267.900000	2689.894715
19.070259	267.925000	2690.145731
19.068991	267.950000	2690.396748
19.067723	267.975000	2690.647765
19.066454	268.000000	2690.898781
19.065186	268.025000	2691.149798
19.063918	268.050000	2691.400815
19.062649	268.075000	2691.651831
19.061381	268.100000	2691.902848
19.060112	268.125000	2692.153865
19.058844	268.150000	2692.404881
19.057575	268.175000	2692.655898
19.056306	268.200000	2692.906915
19.055037	268.225000	2693.157931
19.053768	268.250000	2693.408948
19.052499	268.275000	2693.659965
19.051230	268.300000	2693.910981
19.049961	268.325000	2694.161998
19.048692	268.350000	2694.413015
19.047423	268.375000	2694.664031
19.046153	268.400000	2694.915048
19.044884	268.425000	2695.166065
19.043614	268.450000	2695.417081
19.042345	268.475000	2695.668098
19.041075	268.500000	2695.919115
19.039805	268.525000	2696.170132
19.038535	268.550000	2696.421148
19.037265	268.575000	2696.672165
19.035996	268.600000	2696.923182
19.034726	268.625000	2697.174198
19.033455	268.650000	2697.425215
19.032185	268.675000	2697.676232
19.030915	268.700000	2697.927248
19.029645	268.725000	2698.178265
19.028374	268.750000	2698.429282
19.027104	268.775000	2698.680298
19.025833	268.800000	2698.931315
19.024563	268.825000	2699.182332
19.023292	268.850000	2699.433348
19.022021	268.875000	2699.684365
19.020750	268.900000	2699.935382
19.019480	268.925000	2700.186398
19.018209	268.950000	2700.437415
19.016938	268.975000	2700.688432
19.015666	269.000000	2700.939448
19.014395	269.025000	2701.190465
19.013124	269.050000	2701.441482
19.011853	269.075000	2701.692498
19.010581	269.100000	2701.943515
19.009310	269.125000	2702.194532
19.008038	269.150000	2702.445548
19.006767	269.175000	2702.696565
19.005495	269.200000	2702.947582
19.004223	269.225000	2703.198598
19.002951	269.250000	2703.449615
19.001679	269.275000	2703.700632
19.000407	269.300000	2703.951649
18.999135	269.325000	2704.202665
18.997863	269.350000	2704.453682
18.996591	269.375000	2704.704699
18.995319	269.400000	2704.955715
18.994046	269.425000	2705.206732
18.992774	269.450000	2705.457749
18.991501	269.475000	2705.708765
18.990229	269.500000	2705.959782
18.988956	269.525000	2706.210799
18.987683	269.550000	2706.461815
18.986411	269.575000	2706.712832
18.985138	269.600000	2706.963849
18.983865	269.625000	2707.214865
18.982592	269.650000	2707.465882
18.981319	269.675000	2707.716899
18.980046	269.700000	2707.967915
18.978772	269.725000	2708.218932
18.977499	269.750000	2708.469949
18.976226	269.775000	2708.720965
18.974952	269.800000	2708.971982
18.973679	269.825000	2709.222999
18.972405	269.850000	2709.474015
18.971131	269.875000	2709.725032
18.969858	269.900000	2709.976049
18.968584	269.925000	2710.227065
18.967310	269.950000	2710.478082
18.966036	269.975000	2710.729099
18.964762	270.000000	2710.980115
18.963488	270.025000	2711.231132
18.962214	270.050000	2711.482149
18.960939	270.075000	2711.733166
18.959665	270.100000	2711.984182
18.958391	270.125000	2712.235199
18.957116	270.150000	2712.486216
18.955842	270.175000	2712.737232
18.954567	270.200000	2712.988249
18.953292	270.225000	2713.239266
18.952018	270.250000	2713.490282
18.950743	270.275000	2713.741299
18.949468	270.300000	2713.992316
18.948193	270.325000	2714.243332
18.946918	270.350000	2714.494349
18.945643	270.375000	2714.745366
18.944367	270.400000	2714.996382
18.943092	270.425000	2715.247399
18.941817	270.450000	2715.498416
18.940541	270.475000	2715.749432
18.939266	270.500000	2716.000449
18.937990	270.525000	2716.251466
18.936715	270.550000	2716.502482
18.935439	270.575000	2716.753499
18.934163	270.600000	2717.004516
18.932887	270.625000	2717.255532
18.931611	270.650000	2717.506549
18.930335	270.675000	2717.757566
18.929059	270.700000	2718.008582
18.927783	270.725000	2718.259599
18.926507	270.750000	2718.510616
18.925230	270.775000	2718.761632
18.923954	270.800000	2719.012649
18.922678	270.825000	2719.263666
18.921401	270.850000	2719.514683
18.920125	270.875000	2719.765699
18.918848	270.900000	2720.016716
18.917571	270.925000	2720.267733
18.916294	270.950000	2720.518749
18.915017	270.975000	2720.769766
18.913740	271.000000	2721.020783
18.912463	271.025000	2721.271799
18.911186	271.050000	2721.522816
18.909909	271.075000	2721.773833
18.908632	271.100000	2722.024849
18.907354	271.125000	2722.275866
18.906077	271.150000	2722.526883
18.904799	271.175000	2722.777899
18.903522	271.200000	2723.028916
18.902244	271.225000	2723.279933
18.900967	271.250000	2723.530949
18.899689	271.275000	2723.781966
18.898411	271.300000	2724.032983
18.897133	271.325000	2724.283999
18.895855	271.350000	2724.535016
18.894577	271.375000	2724.786033
18.893299	271.400000	2725.037049
18.892020	271.425000	2725.288066
18.890742	271.450000	2725.539083
18.889464	271.475000	2725.790099
18.888185	271.500000	2726.041116
18.886907	271.525000	2726.292133
18.885628	271.550000	2726.543149
18.884349	271.575000	2726.794166
18.883071	271.600000	2727.045183
18.881792	271.625000	2727.296200
18.880513	271.650000	2727.547216
18.879234	271.675000	2727.798233
18.877955	271.700000	2728.049250
18.876676	271.725000	2728.300266
18.875397	271.750000	2728.551283
18.874117	271.775000	2728.802300
18.872838	271.800000	2729.053316
18.871559	271.825000	2729.304333
18.870279	271.850000	2729.555350
18.869000	271.875000	2729.806366
18.867720	271.900000	2730.057383
18.866440	271.925000	2730.308400
18.865160	271.950000	2730.559416
18.863881	271.975000	2730.810433
18.862601	272.000000	2731.061450
18.861321	272.025000	2731.312466
18.860041	272.050000	2731.563483
18.858760	272.075000	2731.814500
18.857480	272.100000	2732.065516
18.856200	272.125000	2732.316533
18.854919	272.150000	2732.567550
18.853639	272.175000	2732.818566
18.852358	272.200000	2733.069583
18.851078	272.225000	2733.320600
18.849797	272.250000	2733.571616
18.848516	272.275000	2733.822633
18.847236	272.300000	2734.073650
18.845955	272.325000	2734.324666
18.844674	272.350000	2734.575683
18.843393	272.375000	2734.826700
18.842111	272.400000	2735.077717
18.840830	272.425000	2735.328733
18.839549	272.450000	2735.579750
18.838268	272.475000	2735.830767
18.836986	272.500000	2736.081783
18.835705	272.525000	2736.332800
18.834423	272.550000	2736.583817
18.833141	272.575000	2736.834833
18.831860	272.600000	2737.085850
18.830578	272.625000	2737.336867
18.829296	272.650000	2737.587883
18.828014	272.675000	2737.838900
18.826732	272.700000	2738.089917
18.825450	272.725000	2738.340933
18.824168	272.750000	2738.591950
18.822886	272.775000	2738.842967
18.821603	272.800000	2739.093983
18.820321	272.825000	2739.345000
18.819038	272.850000	2739.596017
18.817756	272.875000	2739.847033
18.816473	272.900000	2740.098050
18.815190	272.925000	2740.349067
18.813908	272.950000	2740.600083
18.812625	272.975000	2740.851100
18.811342	273.000000	2741.102117
18.810059	273.025000	2741.353133
18.808776	273.050000	2741.604150
18.807493	273.075000	2741.855167
18.806209	273.100000	2742.106183
18.804926	273.125000	2742.357200
18.803643	273.150000	2742.608217
18.802359	273.175000	2742.859233
18.801076	273.200000	2743.110250
18.799792	273.225000	2743.361267
18.798509	273.250000	2743.612284
18.797225	273.275000	2743.863300
18.795941	273.300000	2744.114317
18.794657	273.325000	2744.365334
18.793373	273.350000	2744.616350
18.792089	273.375000	2744.867367
18.790805	273.400000	2745.118384
18.789521	273.425000	2745.369400
18.788236	273.450000	2745.620417
18.786952	273.475000	2745.871434
18.785668	273.500000	2746.122450
18.784383	273.525000	2746.373467
18.783099	273.550000	2746.624484
18.781814	273.575000	2746.875500
18.780529	273.600000	2747.126517
18.779244	273.625000	2747.377534
18.777960	273.650000	2747.628550
18.776675	273.675000	2747.879567
18.775390	273.700000	2748.130584
18.774105	273.725000	2748.381600
18.772819	273.750000	2748.632617
18.771534	273.775000	2748.883634
18.770249	273.800000	2749.134650
18.768963	273.825000	2749.385667
18.767678	273.850000	2749.636684
18.766392	273.875000	2749.887700
18.765107	273.900000	2750.138717
18.763821	273.925000	2750.389734
18.762535	273.950000	2750.640750
18.761249	273.975000	2750.891767
18.759963	274.000000	2751.142784
18.758677	274.025000	2751.393801
18.757391	274.050000	2751.644817
18.756105	274.075000	2751.895834
18.754819	274.100000	2752.146851
18.753533	274.125000	2752.397867
18.752246	274.150000	2752.648884
18.750960	274.175000	2752.899901
18.749673	274.200000	2753.150917
18.748387	274.225000	2753.401934
18.747100	274.250000	2753.652951
18.745813	274.275000	2753.903967
18.744526	274.300000	2754.154984
18.743239	274.325000	2754.406001
18.741952	274.350000	2754.657017
18.740665	274.375000	2754.908034
18.739378	274.400000	2755.159051
18.738091	274.425000	2755.410067
18.736804	274.450000	2755.661084
18.735516	274.475000	2755.912101
18.734229	274.500000	2756.163117
18.732941	274.525000	2756.414134
18.731654	274.550000	2756.665151
18.730366	274.575000	2756.916167
18.729078	274.600000	2757.167184
18.727791	274.625000	2757.418201
18.726503	274.650000	2757.669217
18.725215	274.675000	2757.920234
18.723927	274.700000	2758.171251
18.722639	274.725000	2758.422267
18.721350	274.750000	2758.673284
18.720062	274.775000	2758.924301
18.718774	274.800000	2759.175318
18.717485	274.825000	2759.426334
18.716197	274.850000	2759.677351
18.714908	274.875000	2759.928368
18.713620	274.900000	2760.179384
18.712331	274.925000	2760.430401
18.711042	274.950000	2760.681418
18.709753	274.975000	2760.932434
18.708464	275.000000	2761.183451
18.707175	275.025000	2761.434468
18.705886	275.050000	2761.685484
18.704597	275.075000	2761.936501
18.703308	275.100000	2762.187518
18.702018	275.125000	2762.438534
18.700729	275.150000	2762.689551
18.699439	275.175000	2762.940568
18.698150	275.200000	2763.191584
18.696860	275.225000	2763.442601
18.695570	275.250000	2763.693618
18.694281	275.275000	2763.944634
18.692991	275.300000	2764.195651
18.691701	275.325000	2764.446668
18.690411	275.350000	2764.697684
18.689121	275.375000	2764.948701
18.687831	275.400000	2765.199718
18.686540	275.425000	2765.450734
18.685250	275.450000	2765.701751
18.683960	275.475000	2765.952768
18.682669	275.500000	2766.203784
18.681379	275.525000	2766.454801
18.680088	275.550000	2766.705818
18.678797	275.575000	2766.956835
18.677506	275.600000	2767.207851
18.676216	275.625000	2767.458868
18.674925	275.650000	2767.709885
18.673634	275.675000	2767.960901
18.672343	275.700000	2768.211918
18.671051	275.725000	2768.462935
18.669760	275.750000	2768.713951
18.668469	275.775000	2768.964968
18.667177	275.800000	2769.215985
18.665886	275.825000	2769.467001
18.664594	275.850000	2769.718018
18.663303	275.875000	2769.969035
18.662011	275.900000	2770.220051
18.660719	275.925000	2770.471068
18.659427	275.950000	2770.722085
18.658136	275.975000	2770.973101
18.656844	276.000000	2771.224118
18.655551	276.025000	2771.475135
18.654259	276.050000	2771.726151
18.652967	276.075000	2771.977168
18.651675	276.100000	2772.228185
18.650382	276.125000	2772.479201
18.649090	276.150000	2772.730218
18.647797	276.175000	2772.981235
18.646505	276.200000	2773.232251
18.645212	276.225000	2773.483268
18.643919	276.250000	2773.734285
18.642626	276.275000	2773.985301
18.641333	276.300000	2774.236318
18.640040	276.325000	2774.487335
18.638747	276.350000	2774.738352
18.637454	276.375000	2774.989368
18.636161	276.400000	2775.240385
18.634868	276.425000	2775.491402
18.633574	276.450000	2775.742418
18.632281	276.475000	2775.993435
18.630987	276.500000	2776.244452
18.629694	276.525000	2776.495468
18.628400	276.550000	2776.746485
18.627106	276.575000	2776.997502
18.625812	276.600000	2777.248518
18.624518	276.625000	2777.499535
18.623224	276.650000	2777.750552
18.621930	276.675000	2778.001568
18.620636	276.700000	2778.252585
18.619342	276.725000	2778.503602
18.618048	276.750000	2778.754618
18.616753	276.775000	2779.005635
18.615459	276.800000	2779.256652
18.614164	276.825000	2779.507668
18.612870	276.850000	2779.758685
18.611575	276.875000	2780.009702
18.610280	276.900000	2780.260718
18.608985	276.925000	2780.511735
18.607690	276.950000	2780.762752
18.606395	276.975000	2781.013768
18.605100	277.000000	2781.264785
18.603805	277.025000	2781.515802
18.602510	277.050000	2781.766818
18.601215	277.075000	2782.017835
18.599919	277.100000	2782.268852
18.598624	277.125000	2782.519869
18.597328	277.150000	2782.770885
18.596033	277.175000	2783.021902
18.594737	277.200000	2783.272919
18.593441	277.225000	2783.523935
18.592145	277.250000	2783.774952
18.590849	277.275000	2784.025969
18.589553	277.300000	2784.276985
18.588257	277.325000	2784.528002
18.586961	277.350000	2784.779019
18.585665	277.375000	2785.030035
18.584369	277.400000	2785.281052
18.583072	277.425000	2785.532069
18.581776	277.450000	2785.783085
18.580479	277.475000	2786.034102
18.579183	277.500000	2786.285119
18.577886	277.525000	2786.536135
18.576589	277.550000	2786.787152
18.575292	277.575000	2787.038169
18.573995	277.600000	2787.289185
18.572698	277.625000	2787.540202
18.571401	277.650000	2787.791219
18.570104	277.675000	2788.042235
18.568807	277.700000	2788.293252
18.567509	277.725000	2788.544269
18.566212	277.750000	2788.795285
18.564915	277.775000	2789.046302
18.563617	277.800000	2789.297319
18.562319	277.825000	2789.548335
18.561022	277.850000	2789.799352
18.559724	277.875000	2790.050369
18.558426	277.900000	2790.301386
18.557128	277.925000	2790.552402
18.555830	277.950000	2790.803419
18.554532	277.975000	2791.054436
18.553234	278.000000	2791.305452
18.551935	278.025000	2791.556469
18.550637	278.050000	2791.807486
18.549339	278.075000	2792.058502
18.548040	278.100000	2792.309519
18.546742	278.125000	2792.560536
18.545443	278.150000	2792.811552
18.544144	278.175000	2793.062569
18.542846	278.200000	2793.313586
18.541547	278.225000	2793.564602
18.540248	278.250000	2793.815619
18.538949	278.275000	2794.066636
18.537650	278.300000	2794.317652
18.536350	278.325000	2794.568669
18.535051	278.350000	2794.819686
18.533752	278.375000	2795.070702
18.532452	278.400000	2795.321719
18.531153	278.425000	2795.572736
18.529853	278.450000	2795.823752
18.528554	278.475000	2796.074769
18.527254	278.500000	2796.325786
18.525954	278.525000	2796.576802
18.524654	278.550000	2796.827819
18.523354	278.575000	2797.078836
18.522054	278.600000	2797.329852
18.520754	278.625000	2797.580869
18.519454	278.650000	2797.831886
18.518154	278.675000	2798.082903
18.516853	278.700000	2798.333919
18.515553	278.725000	2798.584936
18.514252	278.750000	2798.835953
18.512952	278.775000	2799.086969
18.511651	278.800000	2799.337986
18.510350	278.825000	2799.589003
18.509049	278.850000	2799.840019
18.507749	278.875000	2800.091036
18.506448	278.900000	2800.342053
18.505147	278.925000	2800.593069
18.503845	278.950000	2800.844086
18.502544	278.975000	2801.095103
18.501243	279.000000	2801.346119
18.499942	279.025000	2801.597136
18.498640	279.050000	2801.848153
18.497339	279.075000	2802.099169
18.496037	279.100000	2802.350186
18.494735	279.125000	2802.601203
18.493433	279.150000	2802.852219
18.492132	279.175000	2803.103236
18.490830	279.200000	2803.354253
18.489528	279.225000	2803.605269
18.488226	279.250000	2803.856286
18.486924	279.275000	2804.107303
18.485621	279.300000	2804.358319
18.484319	279.325000	2804.609336
18.483017	279.350000	2804.860353
18.481714	279.375000	2805.111369
18.480412	279.400000	2805.362386
18.479109	279.425000	2805.613403
18.477806	279.450000	2805.864420
18.476503	279.475000	2806.115436
18.475201	279.500000	2806.366453
18.473898	279.525000	2806.617470
18.472595	279.550000	2806.868486
18.471292	279.575000	2807.119503
18.469988	279.600000	2807.370520
18.468685	279.625000	2807.621536
18.467382	279.650000	2807.872553
18.466078	279.675000	2808.123570
18.464775	279.700000	2808.374586
18.463471	279.725000	2808.625603
18.462168	279.750000	2808.876620
18.460864	279.775000	2809.127636
18.459560	279.800000	2809.378653
18.458256	279.825000	2809.629670
18.456952	279.850000	2809.880686
18.455648	279.875000	2810.131703
18.454344	279.900000	2810.382720
18.453040	279.925000	2810.633736
18.451736	279.950000	2810.884753
18.450431	279.975000	2811.135770
18.449127	280.000000	2811.386786
18.447822	280.025000	2811.637803
18.446518	280.050000	2811.888820
18.445213	280.075000	2812.139836
18.443908	280.100000	2812.390853
18.442603	280.125000	2812.641870
18.441299	280.150000	2812.892886
18.439994	280.175000	2813.143903
18.438689	280.200000	2813.394920
18.437383	280.225000	2813.645937
18.436078	280.250000	2813.896953
18.434773	280.275000	2814.147970
18.433467	280.300000	2814.398987
18.432162	280.325000	2814.650003
18.430856	280.350000	2814.901020
18.429551	280.375000	2815.152037
18.428245	280.400000	2815.403053
18.426939	280.425000	2815.654070
18.425634	280.450000	2815.905087
18.424328	280.475000	2816.156103
18.423022	280.500000	2816.407120
18.421715	280.525000	2816.658137
18.420409	280.550000	2816.909153
18.419103	280.575000	2817.160170
18.417797	280.600000	2817.411187
18.416490	280.625000	2817.662203
18.415184	280.650000	2817.913220
18.413877	280.675000	2818.164237
18.412571	280.700000	2818.415253
18.411264	280.725000	2818.666270
18.409957	280.750000	2818.917287
18.408650	280.775000	2819.168303
18.407343	280.800000	2819.419320
18.406036	280.825000	2819.670337
18.404729	280.850000	2819.921353
18.403422	280.875000	2820.172370
18.402115	280.900000	2820.423387
18.400807	280.925000	2820.674403
18.399500	280.950000	2820.925420
18.398192	280.975000	2821.176437
18.396885	281.000000	2821.427454
18.395577	281.025000	2821.678470
18.394269	281.050000	2821.929487
18.392961	281.075000	2822.180504
18.391653	281.100000	2822.431520
18.390345	281.125000	2822.682537
18.389037	281.150000	2822.933554
18.387729	281.175000	2823.184570
18.386421	281.200000	2823.435587
18.385113	281.225000	2823.686604
18.383804	281.250000	2823.937620
18.382496	281.275000	2824.188637
18.381187	281.300000	2824.439654
18.379879	281.325000	2824.690670
18.378570	281.350000	2824.941687
18.377261	281.375000	2825.192704
18.375952	281.400000	2825.443720
18.374643	281.425000	2825.694737
18.373334	281.450000	2825.945754
18.372025	281.475000	2826.196770
18.370716	281.500000	2826.447787
18.369407	281.525000	2826.698804
18.368097	281.550000	2826.949820
18.366788	281.575000	2827.200837
18.365478	281.600000	2827.451854
18.364169	281.625000	2827.702870
18.362859	281.650000	2827.953887
18.361549	281.675000	2828.204904
18.360240	281.700000	2828.455920
18.358930	281.725000	2828.706937
18.357620	281.750000	2828.957954
18.356310	281.775000	2829.208971
18.354999	281.800000	2829.459987
18.353689	281.825000	2829.711004
18.352379	281.850000	2829.962021
18.351068	281.875000	2830.213037
18.349758	281.900000	2830.464054
18.348447	281.925000	2830.715071
18.347137	281.950000	2830.966087
18.345826	281.975000	2831.217104
18.344515	282.000000	2831.468121
18.343204	282.025000	2831.719137
18.341894	282.050000	2831.970154
18.340582	282.075000	2832.221171
18.339271	282.100000	2832.472187
18.337960	282.125000	2832.723204
18.336649	282.150000	2832.974221
18.335338	282.175000	2833.225237
18.334026	282.200000	2833.476254
18.332715	282.225000	2833.727271
18.331403	282.250000	2833.978287
18.330091	282.275000	2834.229304
18.328780	282.300000	2834.480321
18.327468	282.325000	2834.731337
18.326156	282.350000	2834.982354
18.324844	282.375000	2835.233371
18.323532	282.400000	2835.484387
18.322220	282.425000	2835.735404
18.320907	282.450000	2835.986421
18.319595	282.475000	2836.237437
18.318283	282.500000	2836.488454
18.316970	282.525000	2836.739471
18.315658	282.550000	2836.990488
18.314345	282.575000	2837.241504
18.313032	282.600000	2837.492521
18.311720	282.625000	2837.743538
18.310407	282.650000	2837.994554
18.309094	282.675000	2838.245571
18.307781	282.700000	2838.496588
18.306468	282.725000	2838.747604
18.305154	282.750000	2838.998621
18.303841	282.775000	2839.249638
18.302528	282.800000	2839.500654
18.301214	282.825000	2839.751671
18.299901	282.850000	2840.002688
18.298587	282.875000	2840.253704
18.297274	282.900000	2840.504721
18.295960	282.925000	2840.755738
18.294646	282.950000	2841.006754
18.293332	282.975000	2841.257771
18.292018	283.000000	2841.508788
18.290704	283.025000	2841.759804
18.289390	283.050000	2842.010821
18.288075	283.075000	2842.261838
18.286761	283.100000	2842.512854
18.285447	283.125000	2842.763871
18.284132	283.150000	2843.014888
18.282818	283.175000	2843.265904
18.281503	283.200000	2843.516921
18.280188	283.225000	2843.767938
18.278874	283.250000	2844.018954
18.277559	283.275000	2844.269971
18.276244	283.300000	2844.520988
18.274929	283.325000	2844.772005
18.273613	283.350000	2845.023021
18.272298	283.375000	2845.274038
18.270983	283.400000	2845.525055
18.269668	283.425000	2845.776071
18.268352	283.450000	2846.027088
18.267037	283.475000	2846.278105
18.265721	283.500000	2846.529121
18.264405	283.525000	2846.780138
18.263089	283.550000	2847.031155
18.261774	283.575000	2847.282171
18.260458	283.600000	2847.533188
18.259142	283.625000	2847.784205
18.257826	283.650000	2848.035221
18.256509	283.675000	2848.286238
18.255193	283.700000	2848.537255
18.253877	283.725000	2848.788271
18.252560	283.750000	2849.039288
18.251244	283.775000	2849.290305
18.249927	283.800000	2849.541321
18.248611	283.825000	2849.792338
18.247294	283.850000	2850.043355
18.245977	283.875000	2850.294371
18.244660	283.900000	2850.545388
18.243343	283.925000	2850.796405
18.242026	283.950000	2851.047421
18.240709	283.975000	2851.298438
18.239392	284.000000	2851.549455
18.238074	284.025000	2851.800471
18.236757	284.050000	2852.051488
18.235439	284.075000	2852.302505
18.234122	284.100000	2852.553522
18.232804	284.125000	2852.804538
18.231486	284.150000	2853.055555
18.230169	284.175000	2853.306572
18.228851	284.200000	2853.557588
18.227533	284.225000	2853.808605
18.226215	284.250000	2854.059622
18.224897	284.275000	2854.310638
18.223578	284.300000	2854.561655
18.222260	284.325000	2854.812672
18.220942	284.350000	2855.063688
18.219623	284.375000	2855.314705
18.218305	284.400000	2855.565722
18.216986	284.425000	2855.816738
18.215667	284.450000	2856.067755
18.214349	284.475000	2856.318772
18.213030	284.500000	2856.569788
18.211711	284.525000	2856.820805
18.210392	284.550000	2857.071822
18.209073	284.575000	2857.322838
18.207753	284.600000	2857.573855
18.206434	284.625000	2857.824872
18.205115	284.650000	2858.075888
18.203795	284.675000	2858.326905
18.202476	284.700000	2858.577922
18.201156	284.725000	2858.828938
18.199836	284.750000	2859.079955
18.198517	284.775000	2859.330972
18.197197	284.800000	2859.581988
18.195877	284.825000	2859.833005
18.194557	284.850000	2860.084022
18.193237	284.875000	2860.335038
18.191917	284.900000	2860.586055
18.190596	284.925000	2860.837072
18.189276	284.950000	2861.088089
18.187956	284.975000	2861.339105
18.186635	285.000000	2861.590122
18.185315	285.025000	2861.841139
18.183994	285.050000	2862.092155
18.182673	285.075000	2862.343172
18.181352	285.100000	2862.594189
18.180031	285.125000	2862.845205
18.178710	285.150000	2863.096222
18.177389	285.175000	2863.347239
18.176068	285.200000	2863.598255
18.174747	285.225000	2863.849272
18.173426	285.250000	2864.100289
18.172104	285.275000	2864.351305
18.170783	285.300000	2864.602322
18.169461	285.325000	2864.853339
18.168139	285.350000	2865.104355
18.166818	285.375000	2865.355372
18.165496	285.400000	2865.606389
18.164174	285.425000	2865.857405
18.162852	285.450000	2866.108422
18.161530	285.475000	2866.359439
18.160208	285.500000	2866.610455
18.158886	285.525000	2866.861472
18.157563	285.550000	2867.112489
18.156241	285.575000	2867.363505
18.154918	285.600000	2867.614522
18.153596	285.625000	2867.865539
18.152273	285.650000	2868.116555
18.150951	285.675000	2868.367572
18.149628	285.700000	2868.618589
18.148305	285.725000	2868.869606
18.146982	285.750000	2869.120622
18.145659	285.775000	2869.371639
18.144336	285.800000	2869.622656
18.143012	285.825000	2869.873672
18.141689	285.850000	2870.124689
18.140366	285.875000	2870.375706
18.139042	285.900000	2870.626722
18.137719	285.925000	2870.877739
18.136395	285.950000	2871.128756
18.135071	285.975000	2871.379772
18.133748	286.000000	2871.630789
18.132424	286.025000	2871.881806
18.131100	286.050000	2872.132822
18.129776	286.075000	2872.383839
18.128452	286.100000	2872.634856
18.127127	286.125000	2872.885872
18.125803	286.150000	2873.136889
18.124479	286.175000	2873.387906
18.123154	286.200000	2873.638922
18.121830	286.225000	2873.889939
18.120505	286.250000	2874.140956
18.119180	286.275000	2874.391972
18.117856	286.300000	2874.642989
18.116531	286.325000	2874.894006
18.115206	286.350000	2875.145022
18.113881	286.375000	2875.396039
18.112556	286.400000	2875.647056
18.111231	286.425000	2875.898072
18.109905	286.450000	2876.149089
18.108580	286.475000	2876.400106
18.107254	286.500000	2876.651123
18.105929	286.525000	2876.902139
18.104603	286.550000	2877.153156
18.103278	286.575000	2877.404173
18.101952	286.600000	2877.655189
18.100626	286.625000	2877.906206
18.099300	286.650000	2878.157223
18.097974	286.675000	2878.408239
18.096648	286.700000	2878.659256
18.095322	286.725000	2878.910273
18.093995	286.750000	2879.161289
18.092669	286.775000	2879.412306
18.091343	286.800000	2879.663323
18.090016	286.825000	2879.914339
18.088690	286.850000	2880.165356
18.087363	286.875000	2880.416373
18.086036	286.900000	2880.667389
18.084709	286.925000	2880.918406
18.083382	286.950000	2881.169423
18.082055	286.975000	2881.420439
18.080728	287.000000	2881.671456
18.079401	287.025000	2881.922473
18.078074	287.050000	2882.173489
18.076746	287.075000	2882.424506
18.075419	287.100000	2882.675523
18.074091	287.125000	2882.926539
18.072764	287.150000	2883.177556
18.071436	287.175000	2883.428573
18.070108	287.200000	2883.679589
18.068780	287.225000	2883.930606
18.067452	287.250000	2884.181623
18.066124	287.275000	2884.432640
18.064796	287.300000	2884.683656
18.063468	287.325000	2884.934673
18.062140	287.350000	2885.185690
18.060812	287.375000	2885.436706
18.059483	287.400000	2885.687723
18.058155	287.425000	2885.938740
18.056826	287.450000	2886.189756
18.055497	287.475000	2886.440773
18.054169	287.500000	2886.691790
18.052840	287.525000	2886.942806
18.051511	287.550000	2887.193823
18.050182	287.575000	2887.444840
18.048853	287.600000	2887.695856
18.047523	287.625000	2887.946873
18.046194	287.650000	2888.197890
18.044865	287.675000	2888.448906
18.043535	287.700000	2888.699923
18.042206	287.725000	2888.950940
18.040876	287.750000	2889.201956
18.039547	287.775000	2889.452973
18.038217	287.800000	2889.703990
18.036887	287.825000	2889.955006
18.035557	287.850000	2890.206023
18.034227	287.875000	2890.457040
18.032897	287.900000	2890.708056
18.031567	287.925000	2890.959073
18.030236	287.950000	2891.210090
18.028906	287.975000	2891.461106
18.027576	288.000000	2891.712123
18.026245	288.025000	2891.963140
18.024914	288.050000	2892.214157
18.023584	288.075000	2892.465173
18.022253	288.100000	2892.716190
18.020922	288.125000	2892.967207
18.019591	288.150000	2893.218223
18.018260	288.175000	2893.469240
18.016929	288.200000	2893.720257
18.015598	288.225000	2893.971273
18.014266	288.250000	2894.222290
18.012935	288.275000	2894.473307
18.011604	288.300000	2894.724323
18.010272	288.325000	2894.975340
18.008940	288.350000	2895.226357
18.007609	288.375000	2895.477373
18.006277	288.400000	2895.728390
18.004945	288.425000	2895.979407
18.003613	288.450000	2896.230423
18.002281	288.475000	2896.481440
18.000949	288.500000	2896.732457
17.999617	288.525000	2896.983473
17.998284	288.550000	2897.234490
17.996952	288.575000	2897.485507
17.995620	288.600000	2897.736523
17.994287	288.625000	2897.987540
17.992954	288.650000	2898.238557
17.991622	288.675000	2898.489573
17.990289	288.700000	2898.740590
17.988956	288.725000	2898.991607
17.987623	288.750000	2899.242623
17.986290	288.775000	2899.493640
17.984957	288.800000	2899.744657
17.983624	288.825000	2899.995674
17.982290	288.850000	2900.246690
17.980957	288.875000	2900.497707
17.979624	288.900000	2900.748724
17.978290	288.925000	2900.999740
17.976956	288.950000	2901.250757
17.975623	288.975000	2901.501774
17.974289	289.000000	2901.752790
17.972955	289.025000	2902.003807
17.971621	289.050000	2902.254824
17.970287	289.075000	2902.505840
17.968953	289.100000	2902.756857
17.967618	289.125000	2903.007874
17.966284	289.150000	2903.258890
17.964950	289.175000	2903.509907
17.963615	289.200000	2903.760924
17.962281	289.225000	2904.011940
17.960946	289.250000	2904.262957
17.959611	289.275000	2904.513974
17.958276	289.300000	2904.764990
17.956942	289.325000	2905.016007
17.955607	289.350000	2905.267024
17.954271	289.375000	2905.518040
17.952936	289.400000	2905.769057
17.951601	289.425000	2906.020074
17.950266	289.450000	2906.271090
17.948930	289.475000	2906.522107
17.947595	289.500000	2906.773124
17.946259	289.525000	2907.024140
17.944924	289.550000	2907.275157
17.943588	289.575000	2907.526174
17.942252	289.600000	2907.777191
17.940916	289.625000	2908.028207
17.939580	289.650000	2908.279224
17.938244	289.675000	2908.530241
17.936908	289.700000	2908.781257
17.935571	289.725000	2909.032274
17.934235	289.750000	2909.283291
17.932899	289.775000	2909.534307
17.931562	289.800000	2909.785324
17.930226	289.825000	2910.036341
17.928889	289.850000	2910.287357
17.927552	289.875000	2910.538374
17.926215	289.900000	2910.789391
17.924878	289.925000	2911.040407
17.923541	289.950000	2911.291424
17.922204	289.975000	2911.542441
17.920867	290.000000	2911.793457
17.919530	290.025000	2912.044474
17.918192	290.050000	2912.295491
17.916855	290.075000	2912.546507
17.915517	290.100000	2912.797524
17.914180	290.125000	2913.048541
17.912842	290.150000	2913.299557
17.911504	290.175000	2913.550574
17.910166	290.200000	2913.801591
17.908828	290.225000	2914.052607
17.907490	290.250000	2914.303624
17.906152	290.275000	2914.554641
17.904814	290.300000	2914.805657
17.903475	290.325000	2915.056674
17.902137	290.350000	2915.307691
17.900799	290.375000	2915.558708
17.899460	290.400000	2915.809724
17.898121	290.425000	2916.060741
17.896783	290.450000	2916.311758
17.895444	290.475000	2916.562774
17.894105	290.500000	2916.813791
17.892766	290.525000	2917.064808
17.891427	290.550000	2917.315824
17.890088	290.575000	2917.566841
17.888748	290.600000	2917.817858
17.887409	290.625000	2918.068874
17.886070	290.650000	2918.319891
17.884730	290.675000	2918.570908
17.883391	290.700000	2918.821924
17.882051	290.725000	2919.072941
17.880711	290.750000	2919.323958
17.879371	290.775000	2919.574974
17.878031	290.800000	2919.825991
17.876691	290.825000	2920.077008
17.875351	290.850000	2920.328024
17.874011	290.875000	2920.579041
17.872671	290.900000	2920.830058
17.871330	290.925000	2921.081074
17.869990	290.950000	2921.332091
17.868649	290.975000	2921.583108
17.867309	291.000000	2921.834124
17.865968	291.025000	2922.085141
17.864627	291.050000	2922.336158
17.863286	291.075000	2922.587174
17.861945	291.100000	2922.838191
17.860604	291.125000	2923.089208
17.859263	291.150000	2923.340225
17.857922	291.175000	2923.591241
17.856581	291.200000	2923.842258
17.855239	291.225000	2924.093275
17.853898	291.250000	2924.344291
17.852556	291.275000	2924.595308
17.851215	291.300000	2924.846325
17.849873	291.325000	2925.097341
17.848531	291.350000	2925.348358
17.847189	291.375000	2925.599375
17.845847	291.400000	2925.850391
17.844505	291.425000	2926.101408
17.843163	291.450000	2926.352425
17.841821	291.475000	2926.603441
17.840478	291.500000	2926.854458
17.839136	291.525000	2927.105475
17.837793	291.550000	2927.356491
17.836451	291.575000	2927.607508
17.835108	291.600000	2927.858525
17.833765	291.625000	2928.109541
17.832422	291.650000	2928.360558
17.831079	291.675000	2928.611575
17.829736	291.700000	2928.862591
17.828393	291.725000	2929.113608
17.827050	291.750000	2929.364625
17.825707	291.775000	2929.615641
17.824363	291.800000	2929.866658
17.823020	291.825000	2930.117675
17.821676	291.850000	2930.368691
17.820333	291.875000	2930.619708
17.818989	291.900000	2930.870725
17.817645	291.925000	2931.121742
17.816301	291.950000	2931.372758
17.814957	291.975000	2931.623775
17.813613	292.000000	2931.874792
17.812269	292.025000	2932.125808
17.810925	292.050000	2932.376825
17.809581	292.075000	2932.627842
17.808236	292.100000	2932.878858
17.806892	292.125000	2933.129875
17.805547	292.150000	2933.380892
17.804202	292.175000	2933.631908
17.802858	292.200000	2933.882925
17.801513	292.225000	2934.133942
17.800168	292.250000	2934.384958
17.798823	292.275000	2934.635975
17.797478	292.300000	2934.886992
17.796133	292.325000	2935.138008
17.794787	292.350000	2935.389025
17.793442	292.375000	2935.640042
17.792096	292.400000	2935.891058
17.790751	292.425000	2936.142075
17.789405	292.450000	2936.393092
17.788060	292.475000	2936.644108
17.786714	292.500000	2936.895125
17.785368	292.525000	2937.146142
17.784022	292.550000	2937.397158
17.782676	292.575000	2937.648175
17.781330	292.600000	2937.899192
17.779983	292.625000	2938.150208
17.778637	292.650000	2938.401225
17.777291	292.675000	2938.652242
17.775944	292.700000	2938.903259
17.774598	292.725000	2939.154275
17.773251	292.750000	2939.405292
17.771904	292.775000	2939.656309
17.770557	292.800000	2939.907325
17.769210	292.825000	2940.158342
17.767863	292.850000	2940.409359
17.766516	292.875000	2940.660375
17.765169	292.900000	2940.911392
17.763822	292.925000	2941.162409
17.762474	292.950000	2941.413425
17.761127	292.975000	2941.664442
17.759779	293.000000	2941.915459
17.758432	293.025000	2942.166475
17.757084	293.050000	2942.417492
17.755736	293.075000	2942.668509
17.754388	293.100000	2942.919525
17.753040	293.125000	2943.170542
17.751692	293.150000	2943.421559
17.750344	293.175000	2943.672575
17.748996	293.200000	2943.923592
17.747648	293.225000	2944.174609
17.746299	293.250000	2944.425625
17.744951	293.275000	2944.676642
17.743602	293.300000	2944.927659
17.742253	293.325000	2945.178675
17.740905	293.350000	2945.429692
17.739556	293.375000	2945.680709
17.738207	293.400000	2945.931725
17.736858	293.425000	2946.182742
17.735509	293.450000	2946.433759
17.734159	293.475000	2946.684776
17.732810	293.500000	2946.935792
17.731461	293.525000	2947.186809
17.730111	293.550000	2947.437826
17.728762	293.575000	2947.688842
17.727412	293.600000	2947.939859
17.726062	293.625000	2948.190876
17.724713	293.650000	2948.441892
17.723363	293.675000	2948.692909
17.722013	293.700000	2948.943926
17.720663	293.725000	2949.194942
17.719312	293.750000	2949.445959
17.717962	293.775000	2949.696976
17.716612	293.800000	2949.947992
17.715261	293.825000	2950.199009
17.713911	293.850000	2950.450026
17.712560	293.875000	2950.701042
17.711210	293.900000	2950.952059
17.709859	293.925000	2951.203076
17.708508	293.950000	2951.454092
17.707157	293.975000	2951.705109
17.705806	294.000000	2951.956126
17.704455	294.025000	2952.207142
17.703104	294.050000	2952.458159
17.701752	294.075000	2952.709176
17.700401	294.100000	2952.960192
17.699049	294.125000	2953.211209
17.697698	294.150000	2953.462226
17.696346	294.175000	2953.713242
17.694994	294.200000	2953.964259
17.693643	294.225000	2954.215276
17.692291	294.250000	2954.466293
17.690939	294.275000	2954.717309
17.689587	294.300000	2954.968326
17.688234	294.325000	2955.219343
17.686882	294.350000	2955.470359
17.685530	294.375000	2955.721376
17.684177	294.400000	2955.972393
17.682825	294.425000	2956.223409
17.681472	294.450000	2956.474426
17.680119	294.475000	2956.725443
17.678767	294.500000	2956.976459
17.677414	294.525000	2957.227476
17.676061	294.550000	2957.478493
17.674708	294.575000	2957.729509
17.673354	294.600000	2957.980526
17.672001	294.625000	2958.231543
17.670648	294.650000	2958.482559
17.669294	294.675000	2958.733576
17.667941	294.700000	2958.984593
17.666587	294.725000	2959.235609
17.665234	294.750000	2959.486626
17.663880	294.775000	2959.737643
17.662526	294.800000	2959.988659
17.661172	294.825000	2960.239676
17.659818	294.850000	2960.490693
17.658464	294.875000	2960.741709
17.657110	294.900000	2960.992726
17.655755	294.925000	2961.243743
17.654401	294.950000	2961.494759
17.653046	294.975000	2961.745776
17.651692	295.000000	2961.996793
17.650337	295.025000	2962.247810
17.648982	295.050000	2962.498826
17.647628	295.075000	2962.749843
17.646273	295.100000	2963.000860
17.644918	295.125000	2963.251876
17.643563	295.150000	2963.502893
17.642207	295.175000	2963.753910
17.640852	295.200000	2964.004926
17.639497	295.225000	2964.255943
17.638141	295.250000	2964.506960
17.636786	295.275000	2964.757976
17.635430	295.300000	2965.008993
17.634074	295.325000	2965.260010
17.632718	295.350000	2965.511026
17.631363	295.375000	2965.762043
17.630007	295.400000	2966.013060
17.628650	295.425000	2966.264076
17.627294	295.450000	2966.515093
17.625938	295.475000	2966.766110
17.624582	295.500000	2967.017126
17.623225	295.525000	2967.268143
17.621869	295.550000	2967.519160
17.620512	295.575000	2967.770176
17.619155	295.600000	2968.021193
17.617799	295.625000	2968.272210
17.616442	295.650000	2968.523226
17.615085	295.675000	2968.774243
17.613728	295.700000	2969.025260
17.612370	295.725000	2969.276276
17.611013	295.750000	2969.527293
17.609656	295.775000	2969.778310
17.608298	295.800000	2970.029327
17.606941	295.825000	2970.280343
17.605583	295.850000	2970.531360
17.604226	295.875000	2970.782377
17.602868	295.900000	2971.033393
17.601510	295.925000	2971.284410
17.600152	295.950000	2971.535427
17.598794	295.975000	2971.786443
17.597436	296.000000	2972.037460
17.596078	296.025000	2972.288477
17.594719	296.050000	2972.539493
17.593361	296.075000	2972.790510
17.592002	296.100000	2973.041527
17.590644	296.125000	2973.292543
17.589285	296.150000	2973.543560
17.587926	296.175000	2973.794577
17.586568	296.200000	2974.045593
17.585209	296.225000	2974.296610
17.583850	296.250000	2974.547627
17.582491	296.275000	2974.798643
17.581131	296.300000	2975.049660
17.579772	296.325000	2975.300677
17.578413	296.350000	2975.551693
17.577053	296.375000	2975.802710
17.575694	296.400000	2976.053727
17.574334	296.425000	2976.304743
17.572974	296.450000	2976.555760
17.571614	296.475000	2976.806777
17.570254	296.500000	2977.057793
17.568894	296.525000	2977.308810
17.567534	296.550000	2977.559827
17.566174	296.575000	2977.810844
17.564814	296.600000	2978.061860
17.563453	296.625000	2978.312877
17.562093	296.650000	2978.563894
17.560732	296.675000	2978.814910
17.559372	296.700000	2979.065927
17.558011	296.725000	2979.316944
17.556650	296.750000	2979.567960
17.555289	296.775000	2979.818977
17.553928	296.800000	2980.069994
17.552567	296.825000	2980.321010
17.551206	296.850000	2980.572027
17.549845	296.875000	2980.823044
17.548483	296.900000	2981.074060
17.547122	296.925000	2981.325077
17.545760	296.950000	2981.576094
17.544399	296.975000	2981.827110
17.543037	297.000000	2982.078127
17.541675	297.025000	2982.329144
17.540313	297.050000	2982.580160
17.538951	297.075000	2982.831177
17.537589	297.100000	2983.082194
17.536227	297.125000	2983.333210
17.534865	297.150000	2983.584227
17.533502	297.175000	2983.835244
17.532140	297.200000	2984.086260
17.530777	297.225000	2984.337277
17.529415	297.250000	2984.588294
17.528052	297.275000	2984.839310
17.526689	297.300000	2985.090327
17.525326	297.325000	2985.341344
17.523963	297.350000	2985.592360
17.522600	297.375000	2985.843377
17.521237	297.400000	2986.094394
17.519874	297.425000	2986.345411
17.518511	297.450000	2986.596427
17.517147	297.475000	2986.847444
17.515784	297.500000	2987.098461
17.514420	297.525000	2987.349477
17.513056	297.550000	2987.600494
17.511692	297.575000	2987.851511
17.510329	297.600000	2988.102527
17.508965	297.625000	2988.353544
17.507601	297.650000	2988.604561
17.506236	297.675000	2988.855577
17.504872	297.700000	2989.106594
17.503508	297.725000	2989.357611
17.502143	297.750000	2989.608627
17.500779	297.775000	2989.859644
17.499414	297.800000	2990.110661
17.498049	297.825000	2990.361677
17.496685	297.850000	2990.612694
17.495320	297.875000	2990.863711
17.493955	297.900000	2991.114727
17.492590	297.925000	2991.365744
17.491225	297.950000	2991.616761
17.489859	297.975000	2991.867777
17.488494	298.000000	2992.118794
17.487129	298.025000	2992.369811
17.485763	298.050000	2992.620827
17.484397	298.075000	2992.871844
17.483032	298.100000	2993.122861
17.481666	298.125000	2993.373877
17.480300	298.150000	2993.624894
17.478934	298.175000	2993.875911
17.477568	298.200000	2994.126928
17.476202	298.225000	2994.377944
17.474836	298.250000	2994.628961
17.473469	298.275000	2994.879978
17.472103	298.300000	2995.130994
17.470736	298.325000	2995.382011
17.469370	298.350000	2995.633028
17.468003	298.375000	2995.884044
17.466636	298.400000	2996.135061
17.465269	298.425000	2996.386078
17.463902	298.450000	2996.637094
17.462535	298.475000	2996.888111
17.461168	298.500000	2997.139128
17.459801	298.525000	2997.390144
17.458433	298.550000	2997.641161
17.457066	298.575000	2997.892178
17.455698	298.600000	2998.143194
17.454331	298.625000	2998.394211
17.452963	298.650000	2998.645228
17.451595	298.675000	2998.896244
17.450227	298.700000	2999.147261
17.448859	298.725000	2999.398278
17.447491	298.750000	2999.649294
17.446123	298.775000	2999.900311
17.444755	298.800000	3000.151328
17.443387	298.825000	3000.402344
17.442018	298.850000	3000.653361
17.440650	298.875000	3000.904378
17.439281	298.900000	3001.155394
17.437912	298.925000	3001.406411
17.436543	298.950000	3001.657428
17.435175	298.975000	3001.908445
17.433806	299.000000	3002.159461
17.432437	299.025000	3002.410478
17.431067	299.050000	3002.661495
17.429698	299.075000	3002.912511
17.428329	299.100000	3003.163528
17.426959	299.125000	3003.414545
17.425590	299.150000	3003.665561
17.424220	299.175000	3003.916578
17.422850	299.200000	3004.167595
17.421481	299.225000	3004.418611
17.420111	299.250000	3004.669628
17.418741	299.275000	3004.920645
17.417371	299.300000	3005.171661
17.416000	299.325000	3005.422678
17.414630	299.350000	3005.673695
17.413260	299.375000	3005.924711
17.411889	299.400000	3006.175728
17.410519	299.425000	3006.426745
17.409148	299.450000	3006.677761
17.407777	299.475000	3006.928778
17.406407	299.500000	3007.179795
17.405036	299.525000	3007.430811
17.403665	299.550000	3007.681828
17.402293	299.575000	3007.932845
17.400922	299.600000	3008.183861
17.399551	299.625000	3008.434878
17.398180	299.650000	3008.685895
17.396808	299.675000	3008.936911
17.395437	299.700000	3009.187928
17.394065	299.725000	3009.438945
17.392693	299.750000	3009.689962
17.391321	299.775000	3009.940978
17.389949	299.800000	3010.191995
17.388577	299.825000	3010.443012
17.387205	299.850000	3010.694028
17.385833	299.875000	3010.945045
17.384461	299.900000	3011.196062
17.383088	299.925000	3011.447078
17.381716	299.950000	3011.698095
17.380343	299.975000	3011.949112
17.378971	300.000000	3012.200128
17.377598	300.025000	3012.451145
17.376225	300.050000	3012.702162
17.374852	300.075000	3012.953178
17.373479	300.100000	3013.204195
17.372106	300.125000	3013.455212
17.370733	300.150000	3013.706228
17.369359	300.175000	3013.957245
17.367986	300.200000	3014.208262
17.366612	300.225000	3014.459278
17.365239	300.250000	3014.710295
17.363865	300.275000	3014.961312
17.362491	300.300000	3015.212328
17.361118	300.325000	3015.463345
17.359744	300.350000	3015.714362
17.358370	300.375000	3015.965378
17.356995	300.400000	3016.216395
17.355621	300.425000	3016.467412
17.354247	300.450000	3016.718428
17.352872	300.475000	3016.969445
17.351498	300.500000	3017.220462
17.350123	300.525000	3017.471479
17.348749	300.550000	3017.722495
17.347374	300.575000	3017.973512
17.345999	300.600000	3018.224529
17.344624	300.625000	3018.475545
17.343249	300.650000	3018.726562
17.341874	300.675000	3018.977579
17.340498	300.700000	3019.228595
17.339123	300.725000	3019.479612
17.337748	300.750000	3019.730629
17.336372	300.775000	3019.981645
17.334996	300.800000	3020.232662
17.333621	300.825000	3020.483679
17.332245	300.850000	3020.734695
17.330869	300.875000	3020.985712
17.329493	300.900000	3021.236729
17.328117	300.925000	3021.487745
17.326741	300.950000	3021.738762
17.325364	300.975000	3021.989779
17.323988	301.000000	3022.240795
17.322611	301.025000	3022.491812
17.321235	301.050000	3022.742829
17.319858	301.075000	3022.993845
17.318481	301.100000	3023.244862
17.317105	301.125000	3023.495879
17.315728	301.150000	3023.746895
17.314351	301.175000	3023.997912
17.312974	301.200000	3024.248929
17.311596	301.225000	3024.499945
17.310219	301.250000	3024.750962
17.308842	301.275000	3025.001979
17.307464	301.300000	3025.252996
17.306087	301.325000	3025.504012
17.304709	301.350000	3025.755029
17.303331	301.375000	3026.006046
17.301953	301.400000	3026.257062
17.300575	301.425000	3026.508079
17.299197	301.450000	3026.759096
17.297819	301.475000	3027.010112
17.296441	301.500000	3027.261129
17.295062	301.525000	3027.512146
17.293684	301.550000	3027.763162
17.292305	301.575000	3028.014179
17.290927	301.600000	3028.265196
17.289548	301.625000	3028.516212
17.288169	301.650000	3028.767229
17.286790	301.675000	3029.018246
17.285411	301.700000	3029.269262
17.284032	301.725000	3029.520279
17.282653	301.750000	3029.771296
17.281274	301.775000	3030.022312
17.279895	301.800000	3030.273329
17.278515	301.825000	3030.524346
17.277136	301.850000	3030.775362
17.275756	301.875000	3031.026379
17.274376	301.900000	3031.277396
17.272996	301.925000	3031.528412
17.271616	301.950000	3031.779429
17.270236	301.975000	3032.030446
17.268856	302.000000	3032.281462
17.267476	302.025000	3032.532479
17.266096	302.050000	3032.783496
17.264715	302.075000	3033.034513
17.263335	302.100000	3033.285529
17.261954	302.125000	3033.536546
17.260574	302.150000	3033.787563
17.259193	302.175000	3034.038579
17.257812	302.200000	3034.289596
17.256431	302.225000	3034.540613
17.255050	302.250000	3034.791629
17.253669	302.275000	3035.042646
17.252287	302.300000	3035.293663
17.250906	302.325000	3035.544679
17.249525	302.350000	3035.795696
17.248143	302.375000	3036.046713
17.246762	302.400000	3036.297729
17.245380	302.425000	3036.548746
17.243998	302.450000	3036.799763
17.242616	302.475000	3037.050779
17.241234	302.500000	3037.301796
17.239852	302.525000	3037.552813
17.238470	302.550000	3037.803829
17.237087	302.575000	3038.054846
17.235705	302.600000	3038.305863
17.234323	302.625000	3038.556879
17.232940	302.650000	3038.807896
17.231557	302.675000	3039.058913
17.230175	302.700000	3039.309929
17.228792	302.725000	3039.560946
17.227409	302.750000	3039.811963
17.226026	302.775000	3040.062979
17.224643	302.800000	3040.313996
17.223259	302.825000	3040.565013
17.221876	302.850000	3040.816030
17.220493	302.875000	3041.067046
17.219109	302.900000	3041.318063
17.217726	302.925000	3041.569080
17.216342	302.950000	3041.820096
17.214958	302.975000	3042.071113
17.213574	303.000000	3042.322130
17.212190	303.025000	3042.573146
17.210806	303.050000	3042.824163
17.209422	303.075000	3043.075180
17.208038	303.100000	3043.326196
17.206653	303.125000	3043.577213
17.205269	303.150000	3043.828230
17.203884	303.175000	3044.079246
17.202500	303.200000	3044.330263
17.201115	303.225000	3044.581280
17.199730	303.250000	3044.832296
17.198345	303.275000	3045.083313
17.196960	303.300000	3045.334330
17.195575	303.325000	3045.585346
17.194190	303.350000	3045.836363
17.192804	303.375000	3046.087380
17.191419	303.400000	3046.338396
17.190034	303.425000	3046.589413
17.188648	303.450000	3046.840430
17.187262	303.475000	3047.091446
17.185876	303.500000	3047.342463
17.184491	303.525000	3047.593480
17.183105	303.550000	3047.844496
17.181718	303.575000	3048.095513
17.180332	303.600000	3048.346530
17.178946	303.625000	3048.597547
17.177560	303.650000	3048.848563
17.176173	303.675000	3049.099580
17.174787	303.700000	3049.350597
17.173400	303.725000	3049.601613
17.172013	303.750000	3049.852630
17.170626	303.775000	3050.103647
17.169240	303.800000	3050.354663
17.167852	303.825000	3050.605680
17.166465	303.850000	3050.856697
17.165078	303.875000	3051.107713
17.163691	303.900000	3051.358730
17.162303	303.925000	3051.609747
17.160916	303.950000	3051.860763
17.159528	303.975000	3052.111780
17.158141	304.000000	3052.362797
17.156753	304.025000	3052.613813
17.155365	304.050000	3052.864830
17.153977	304.075000	3053.115847
17.152589	304.100000	3053.366863
17.151201	304.125000	3053.617880
17.149812	304.150000	3053.868897
17.148424	304.175000	3054.119913
17.147036	304.200000	3054.370930
17.145647	304.225000	3054.621947
17.144258	304.250000	3054.872963
17.142870	304.275000	3055.123980
17.141481	304.300000	3055.374997
17.140092	304.325000	3055.626013
17.138703	304.350000	3055.877030
17.137314	304.375000	3056.128047
17.135924	304.400000	3056.379064
17.134535	304.425000	3056.630080
17.133146	304.450000	3056.881097
17.131756	304.475000	3057.132114
17.130367	304.500000	3057.383130
17.128977	304.525000	3057.634147
17.127587	304.550000	3057.885164
17.126197	304.575000	3058.136180
17.124807	304.600000	3058.387197
17.123417	304.625000	3058.638214
17.122027	304.650000	3058.889230
17.120637	304.675000	3059.140247
17.119246	304.700000	3059.391264
17.117856	304.725000	3059.642280
17.116465	304.750000	3059.893297
17.115075	304.775000	3060.144314
17.113684	304.800000	3060.395330
17.112293	304.825000	3060.646347
17.110902	304.850000	3060.897364
17.109511	304.875000	3061.148380
17.108120	304.900000	3061.399397
17.106729	304.925000	3061.650414
17.105337	304.950000	3061.901430
17.103946	304.975000	3062.152447
17.102554	305.000000	3062.403464
17.101163	305.025000	3062.654480
17.099771	305.050000	3062.905497
17.098379	305.075000	3063.156514
17.096987	305.100000	3063.407530
17.095595	305.125000	3063.658547
17.094203	305.150000	3063.909564
17.092811	305.175000	3064.160581
17.091418	305.200000	3064.411597
17.090026	305.225000	3064.662614
17.088634	305.250000	3064.913631
17.087241	305.275000	3065.164647
17.085848	305.300000	3065.415664
17.084455	305.325000	3065.666681
17.083063	305.350000	3065.917697
17.081670	305.375000	3066.168714
17.080277	305.400000	3066.419731
17.078883	305.425000	3066.670747
17.077490	305.450000	3066.921764
17.076097	305.475000	3067.172781
17.074703	305.500000	3067.423797
17.073310	305.525000	3067.674814
17.071916	305.550000	3067.925831
17.070522	305.575000	3068.176847
17.069128	305.600000	3068.427864
17.067734	305.625000	3068.678881
17.066340	305.650000	3068.929897
17.064946	305.675000	3069.180914
17.063552	305.700000	3069.431931
17.062158	305.725000	3069.682947
17.060763	305.750000	3069.933964
17.059369	305.775000	3070.184981
17.057974	305.800000	3070.435997
17.056579	305.825000	3070.687014
17.055185	305.850000	3070.938031
17.053790	305.875000	3071.189047
17.052395	305.900000	3071.440064
17.051000	305.925000	3071.691081
17.049604	305.950000	3071.942098
17.048209	305.975000	3072.193114
17.046814	306.000000	3072.444131
17.045418	306.025000	3072.695148
17.044022	306.050000	3072.946164
17.042627	306.075000	3073.197181
17.041231	306.100000	3073.448198
17.039835	306.125000	3073.699214
17.038439	306.150000	3073.950231
17.037043	306.175000	3074.201248
17.035647	306.200000	3074.452264
17.034251	306.225000	3074.703281
17.032854	306.250000	3074.954298
17.031458	306.275000	3075.205314
17.030061	306.300000	3075.456331
17.028664	306.325000	3075.707348
17.027268	306.350000	3075.958364
17.025871	306.375000	3076.209381
17.024474	306.400000	3076.460398
17.023077	306.425000	3076.711414
17.021680	306.450000	3076.962431
17.020282	306.475000	3077.213448
17.018885	306.500000	3077.464464
17.017488	306.525000	3077.715481
17.016090	306.550000	3077.966498
17.014692	306.575000	3078.217514
17.013295	306.600000	3078.468531
17.011897	306.625000	3078.719548
17.010499	306.650000	3078.970564
17.009101	306.675000	3079.221581
17.007703	306.700000	3079.472598
17.006304	306.725000	3079.723615
17.004906	306.750000	3079.974631
17.003508	306.775000	3080.225648
17.002109	306.800000	3080.476665
17.000711	306.825000	3080.727681
16.999312	306.850000	3080.978698
16.997913	306.875000	3081.229715
16.996514	306.900000	3081.480731
16.995115	306.925000	3081.731748
16.993716	306.950000	3081.982765
16.992317	306.975000	3082.233781
16.990917	307.000000	3082.484798
16.989518	307.025000	3082.735815
16.988119	307.050000	3082.986831
16.986719	307.075000	3083.237848
16.985319	307.100000	3083.488865
16.983919	307.125000	3083.739881
16.982520	307.150000	3083.990898
16.981120	307.175000	3084.241915
16.979719	307.200000	3084.492931
16.978319	307.225000	3084.743948
16.976919	307.250000	3084.994965
16.975519	307.275000	3085.245981
16.974118	307.300000	3085.496998
16.972718	307.325000	3085.748015
16.971317	307.350000	3085.999031
16.969916	307.375000	3086.250048
16.968515	307.400000	3086.501065
16.967114	307.425000	3086.752081
16.965713	307.450000	3087.003098
16.964312	307.475000	3087.254115
16.962911	307.500000	3087.505132
16.961509	307.525000	3087.756148
16.960108	307.550000	3088.007165
16.958706	307.575000	3088.258182
16.957305	307.600000	3088.509198
16.955903	307.625000	3088.760215
16.954501	307.650000	3089.011232
16.953099	307.675000	3089.262248
16.951697	307.700000	3089.513265
16.950295	307.725000	3089.764282
16.948893	307.750000	3090.015298
16.947490	307.775000	3090.266315
16.946088	307.800000	3090.517332
16.944685	307.825000	3090.768348
16.943283	307.850000	3091.019365
16.941880	307.875000	3091.270382
16.940477	307.900000	3091.521398
16.939074	307.925000	3091.772415
16.937671	307.950000	3092.023432
16.936268	307.975000	3092.274448
16.934865	308.000000	3092.525465
16.933461	308.025000	3092.776482
16.932058	308.050000	3093.027498
16.930654	308.075000	3093.278515
16.929251	308.100000	3093.529532
16.927847	308.125000	3093.780548
16.926443	308.150000	3094.031565
16.925039	308.175000	3094.282582
16.923635	308.200000	3094.533598
16.922231	308.225000	3094.784615
16.920827	308.250000	3095.035632
16.919422	308.275000	3095.286649
16.918018	308.300000	3095.537665
16.916613	308.325000	3095.788682
16.915209	308.350000	3096.039699
16.913804	308.375000	3096.290715
16.912399	308.400000	3096.541732
16.910994	308.425000	3096.792749
16.909589	308.450000	3097.043765
16.908184	308.475000	3097.294782
16.906779	308.500000	3097.545799
16.905373	308.525000	3097.796815
16.903968	308.550000	3098.047832
16.902562	308.575000	3098.298849
16.901157	308.600000	3098.549865
16.899751	308.625000	3098.800882
16.898345	308.650000	3099.051899
16.896939	308.675000	3099.302915
16.895533	308.700000	3099.553932
16.894127	308.725000	3099.804949
16.892721	308.750000	3100.055965
16.891315	308.775000	3100.306982
16.889908	308.800000	3100.557999
16.888502	308.825000	3100.809015
16.887095	308.850000	3101.060032
16.885688	308.875000	3101.311049
16.884282	308.900000	3101.562065
16.882875	308.925000	3101.813082
16.881468	308.950000	3102.064099
16.880061	308.975000	3102.315115
16.878653	309.000000	3102.566132
16.877246	309.025000	3102.817149
16.875839	309.050000	3103.068165
16.874431	309.075000	3103.319182
16.873023	309.100000	3103.570199
16.871616	309.125000	3103.821216
16.870208	309.150000	3104.072232
16.868800	309.175000	3104.323249
16.867392	309.200000	3104.574266
16.865984	309.225000	3104.825282
16.864576	309.250000	3105.076299
16.863167	309.275000	3105.327316
16.861759	309.300000	3105.578332
16.860350	309.325000	3105.829349
16.858942	309.350000	3106.080366
16.857533	309.375000	3106.331382
16.856124	309.400000	3106.582399
16.854715	309.425000	3106.833416
16.853306	309.450000	3107.084432
16.851897	309.475000	3107.335449
16.850488	309.500000	3107.586466
16.849079	309.525000	3107.837482
16.847669	309.550000	3108.088499
16.846260	309.575000	3108.339516
16.844850	309.600000	3108.590532
16.843440	309.625000	3108.841549
16.842030	309.650000	3109.092566
16.840621	309.675000	3109.343582
16.839211	309.700000	3109.594599
16.837800	309.725000	3109.845616
16.836390	309.750000	3110.096632
16.834980	309.775000	3110.347649
16.833569	309.800000	3110.598666
16.832159	309.825000	3110.849682
16.830748	309.850000	3111.100699
16.829338	309.875000	3111.351716
16.827927	309.900000	3111.602733
16.826516	309.925000	3111.853749
16.825105	309.950000	3112.104766
16.823694	309.975000	3112.355783
16.822282	310.000000	3112.606799
16.820871	310.025000	3112.857816
16.819460	310.050000	3113.108833
16.818048	310.075000	3113.359849
16.816637	310.100000	3113.610866
16.815225	310.125000	3113.861883
16.813813	310.150000	3114.112899
16.812401	310.175000	3114.363916
16.810989	310.200000	3114.614933
16.809577	310.225000	3114.865949
16.808165	310.250000	3115.116966
16.806752	310.275000	3115.367983
16.805340	310.300000	3115.618999
16.803927	310.325000	3115.870016
16.802515	310.350000	3116.121033
16.801102	310.375000	3116.372049
16.799689	310.400000	3116.623066
16.798276	310.425000	3116.874083
16.796863	310.450000	3117.125099
16.795450	310.475000	3117.376116
16.794037	310.500000	3117.627133
16.792623	310.525000	3117.878149
16.791210	310.550000	3118.129166
16.789796	310.575000	3118.380183
16.788383	310.600000	3118.631199
16.786969	310.625000	3118.882216
16.785555	310.650000	3119.133233
16.784141	310.675000	3119.384250
16.782727	310.700000	3119.635266
16.781313	310.725000	3119.886283
16.779899	310.750000	3120.137300
16.778484	310.775000	3120.388316
16.777070	310.800000	3120.639333
16.775655	310.825000	3120.890350
16.774241	310.850000	3121.141366
16.772826	310.875000	3121.392383
16.771411	310.900000	3121.643400
16.769996	310.925000	3121.894416
16.768581	310.950000	3122.145433
16.767166	310.975000	3122.396450
16.765751	311.000000	3122.647466
16.764335	311.025000	3122.898483
16.762920	311.050000	3123.149500
16.761504	311.075000	3123.400516
16.760088	311.100000	3123.651533
16.758673	311.125000	3123.902550
16.757257	311.150000	3124.153566
16.755841	311.175000	3124.404583
16.754425	311.200000	3124.655600
16.753009	311.225000	3124.906616
16.751592	311.250000	3125.157633
16.750176	311.275000	3125.408650
16.748759	311.300000	3125.659666
16.747343	311.325000	3125.910683
16.745926	311.350000	3126.161700
16.744509	311.375000	3126.412716
16.743092	311.400000	3126.663733
16.741675	311.425000	3126.914750
16.740258	311.450000	3127.165767
16.738841	311.475000	3127.416783
16.737424	311.500000	3127.667800
16.736006	311.525000	3127.918817
16.734589	311.550000	3128.169833
16.733171	311.575000	3128.420850
16.731754	311.600000	3128.671867
16.730336	311.625000	3128.922883
16.728918	311.650000	3129.173900
16.727500	311.675000	3129.424917
16.726082	311.700000	3129.675933
16.724663	311.725000	3129.926950
16.723245	311.750000	3130.177967
16.721827	311.775000	3130.428983
16.720408	311.800000	3130.680000
16.718989	311.825000	3130.931017
16.717571	311.850000	3131.182033
16.716152	311.875000	3131.433050
16.714733	311.900000	3131.684067
16.713314	311.925000	3131.935083
16.711895	311.950000	3132.186100
16.710476	311.975000	3132.437117
16.709056	312.000000	3132.688133
16.707637	312.025000	3132.939150
16.706217	312.050000	3133.190167
16.704798	312.075000	3133.441183
16.703378	312.100000	3133.692200
16.701958	312.125000	3133.943217
16.700538	312.150000	3134.194233
16.699118	312.175000	3134.445250
16.697698	312.200000	3134.696267
16.696277	312.225000	3134.947284
16.694857	312.250000	3135.198300
16.693437	312.275000	3135.449317
16.692016	312.300000	3135.700334
16.690595	312.325000	3135.951350
16.689174	312.350000	3136.202367
16.687754	312.375000	3136.453384
16.686333	312.400000	3136.704400
16.684912	312.425000	3136.955417
16.683490	312.450000	3137.206434
16.682069	312.475000	3137.457450
16.680648	312.500000	3137.708467
16.679226	312.525000	3137.959484
16.677804	312.550000	3138.210500
16.676383	312.575000	3138.461517
16.674961	312.600000	3138.712534
16.673539	312.625000	3138.963550
16.672117	312.650000	3139.214567
16.670695	312.675000	3139.465584
16.669273	312.700000	3139.716600
16.667850	312.725000	3139.967617
16.666428	312.750000	3140.218634
16.665005	312.775000	3140.469650
16.663583	312.800000	3140.720667
16.662160	312.825000	3140.971684
16.660737	312.850000	3141.222700
16.659314	312.875000	3141.473717
16.657891	312.900000	3141.724734
16.656468	312.925000	3141.975750
16.655045	312.950000	3142.226767
16.653621	312.975000	3142.477784
16.652198	313.000000	3142.728801
16.650774	313.025000	3142.979817
16.649351	313.050000	3143.230834
16.647927	313.075000	3143.481851
16.646503	313.100000	3143.732867
16.645079	313.125000	3143.983884
16.643655	313.150000	3144.234901
16.642231	313.175000	3144.485917
16.640806	313.200000	3144.736934
16.639382	313.225000	3144.987951
16.637957	313.250000	3145.238967
16.636533	313.275000	3145.489984
16.635108	313.300000	3145.741001
16.633683	313.325000	3145.992017
16.632258	313.350000	3146.243034
16.630833	313.375000	3146.494051
16.629408	313.400000	3146.745067
16.627983	313.425000	3146.996084
16.626558	313.450000	3147.247101
16.625132	313.475000	3147.498117
16.623707	313.500000	3147.749134
16.622281	313.525000	3148.000151
16.620855	313.550000	3148.251167
16.619430	313.575000	3148.502184
16.618004	313.600000	3148.753201
16.616577	313.625000	3149.004217
16.615151	313.650000	3149.255234
16.613725	313.675000	3149.506251
16.612299	313.700000	3149.757267
16.610872	313.725000	3150.008284
16.609446	313.750000	3150.259301
16.608019	313.775000	3150.510318
16.606592	313.800000	3150.761334
16.605165	313.825000	3151.012351
16.603738	313.850000	3151.263368
16.602311	313.875000	3151.514384
16.600884	313.900000	3151.765401
16.599457	313.925000	3152.016418
16.598029	313.950000	3152.267434
16.596602	313.975000	3152.518451
16.595174	314.000000	3152.769468
16.593746	314.025000	3153.020484
16.592319	314.050000	3153.271501
16.590891	314.075000	3153.522518
16.589463	314.100000	3153.773534
16.588034	314.125000	3154.024551
16.586606	314.150000	3154.275568
16.585178	314.175000	3154.526584
16.583749	314.200000	3154.777601
16.582321	314.225000	3155.028618
16.580892	314.250000	3155.279634
16.579463	314.275000	3155.530651
16.578035	314.300000	3155.781668
16.576606	314.325000	3156.032684
16.575176	314.350000	3156.283701
16.573747	314.375000	3156.534718
16.572318	314.400000	3156.785734
16.570889	314.425000	3157.036751
16.569459	314.450000	3157.287768
16.568029	314.475000	3157.538784
16.566600	314.500000	3157.789801
16.565170	314.525000	3158.040818
16.563740	314.550000	3158.291835
16.562310	314.575000	3158.542851
16.560880	314.600000	3158.793868
16.559450	314.625000	3159.044885
16.558019	314.650000	3159.295901
16.556589	314.675000	3159.546918
16.555158	314.700000	3159.797935
16.553728	314.725000	3160.048951
16.552297	314.750000	3160.299968
16.550866	314.775000	3160.550985
16.549435	314.800000	3160.802001
16.548004	314.825000	3161.053018
16.546573	314.850000	3161.304035
16.545141	314.875000	3161.555051
16.543710	314.900000	3161.806068
16.542279	314.925000	3162.057085
16.540847	314.950000	3162.308101
16.539415	314.975000	3162.559118
16.537983	315.000000	3162.810135
16.536552	315.025000	3163.061151
16.535119	315.050000	3163.312168
16.533687	315.075000	3163.563185
16.532255	315.100000	3163.814201
16.530823	315.125000	3164.065218
16.529390	315.150000	3164.316235
16.527958	315.175000	3164.567251
16.526525	315.200000	3164.818268
16.525092	315.225000	3165.069285
16.523660	315.250000	3165.320301
16.522227	315.275000	3165.571318
16.520793	315.300000	3165.822335
16.519360	315.325000	3166.073352
16.517927	315.350000	3166.324368
16.516494	315.375000	3166.575385
16.515060	315.400000	3166.826402
16.513626	315.425000	3167.077418
16.512193	315.450000	3167.328435
16.510759	315.475000	3167.579452
16.509325	315.500000	3167.830468
16.507891	315.525000	3168.081485
16.506457	315.550000	3168.332502
16.505023	315.575000	3168.583518
16.503588	315.600000	3168.834535
16.502154	315.625000	3169.085552
16.500719	315.650000	3169.336568
16.499285	315.675000	3169.587585
16.497850	315.700000	3169.838602
16.496415	315.725000	3170.089618
16.494980	315.750000	3170.340635
16.493545	315.775000	3170.591652
16.492110	315.800000	3170.842668
16.490674	315.825000	3171.093685
16.489239	315.850000	3171.344702
16.487803	315.875000	3171.595718
16.486368	315.900000	3171.846735
16.484932	315.925000	3172.097752
16.483496	315.950000	3172.348768
16.482060	315.975000	3172.599785
16.480624	316.000000	3172.850802
16.479188	316.025000	3173.101818
16.477752	316.050000	3173.352835
16.476316	316.075000	3173.603852
16.474879	316.100000	3173.854869
16.473442	316.125000	3174.105885
16.472006	316.150000	3174.356902
16.470569	316.175000	3174.607919
16.469132	316.200000	3174.858935
16.467695	316.225000	3175.109952
16.466258	316.250000	3175.360969
16.464821	316.275000	3175.611985
16.463383	316.300000	3175.863002
16.461946	316.325000	3176.114019
16.460509	316.350000	3176.365035
16.459071	316.375000	3176.616052
16.457633	316.400000	3176.867069
16.456195	316.425000	3177.118085
16.454757	316.450000	3177.369102
16.453319	316.475000	3177.620119
16.451881	316.500000	3177.871135
16.450443	316.525000	3178.122152
16.449004	316.550000	3178.373169
16.447566	316.575000	3178.624185
16.446127	316.600000	3178.875202
16.444689	316.625000	3179.126219
16.443250	316.650000	3179.377235
16.441811	316.675000	3179.628252
16.440372	316.700000	3179.879269
16.438933	316.725000	3180.130285
16.437493	316.750000	3180.381302
16.436054	316.775000	3180.632319
16.434615	316.800000	3180.883335
16.433175	316.825000	3181.134352
16.431735	316.850000	3181.385369
16.430296	316.875000	3181.636386
16.428856	316.900000	3181.887402
16.427416	316.925000	3182.138419
16.425976	316.950000	3182.389436
16.424535	316.975000	3182.640452
16.423095	317.000000	3182.891469
16.421655	317.025000	3183.142486
16.420214	317.050000	3183.393502
16.418774	317.075000	3183.644519
16.417333	317.100000	3183.895536
16.415892	317.125000	3184.146552
16.414451	317.150000	3184.397569
16.413010	317.175000	3184.648586
16.411569	317.200000	3184.899602
16.410128	317.225000	3185.150619
16.408686	317.250000	3185.401636
16.407245	317.275000	3185.652652
16.405803	317.300000	3185.903669
16.404361	317.325000	3186.154686
16.402920	317.350000	3186.405702
16.401478	317.375000	3186.656719
16.400036	317.400000	3186.907736
16.398593	317.425000	3187.158752
16.397151	317.450000	3187.409769
16.395709	317.475000	3187.660786
16.394266	317.500000	3187.911802
16.392824	317.525000	3188.162819
16.391381	317.550000	3188.413836
16.389938	317.575000	3188.664852
16.388495	317.600000	3188.915869
16.387052	317.625000	3189.166886
16.385609	317.650000	3189.417903
16.384166	317.675000	3189.668919
16.382723	317.700000	3189.919936
16.381279	317.725000	3190.170953
16.379836	317.750000	3190.421969
16.378392	317.775000	3190.672986
16.376948	317.800000	3190.924003
16.375505	317.825000	3191.175019
16.374061	317.850000	3191.426036
16.372616	317.875000	3191.677053
16.371172	317.900000	3191.928069
16.369728	317.925000	3192.179086
16.368284	317.950000	3192.430103
16.366839	317.975000	3192.681119
16.365394	318.000000	3192.932136
16.363950	318.025000	3193.183153
16.362505	318.050000	3193.434169
16.361060	318.075000	3193.685186
16.359615	318.100000	3193.936203
16.358170	318.125000	3194.187219
16.356724	318.150000	3194.438236
16.355279	318.175000	3194.689253
16.353834	318.200000	3194.940269
16.352388	318.225000	3195.191286
16.350942	318.250000	3195.442303
16.349496	318.275000	3195.693319
16.348051	318.300000	3195.944336
16.346604	318.325000	3196.195353
16.345158	318.350000	3196.446369
16.343712	318.375000	3196.697386
16.342266	318.400000	3196.948403
16.340819	318.425000	3197.199420
16.339373	318.450000	3197.450436
16.337926	318.475000	3197.701453
16.336479	318.500000	3197.952470
16.335032	318.525000	3198.203486
16.333585	318.550000	3198.454503
16.332138	318.575000	3198.705520
16.330691	318.600000	3198.956536
16.329244	318.625000	3199.207553
16.327796	318.650000	3199.458570
16.326349	318.675000	3199.709586
16.324901	318.700000	3199.960603
16.323453	318.725000	3200.211620
16.322005	318.750000	3200.462636
16.320557	318.775000	3200.713653
16.319109	318.800000	3200.964670
16.317661	318.825000	3201.215686
16.316213	318.850000	3201.466703
16.314764	318.875000	3201.717720
16.313316	318.900000	3201.968736
16.311867	318.925000	3202.219753
16.310418	318.950000	3202.470770
16.308970	318.975000	3202.721786
16.307521	319.000000	3202.972803
16.306071	319.025000	3203.223820
16.304622	319.050000	3203.474836
16.303173	319.075000	3203.725853
16.301724	319.100000	3203.976870
16.300274	319.125000	3204.227886
16.298824	319.150000	3204.478903
16.297375	319.175000	3204.729920
16.295925	319.200000	3204.980937
16.294475	319.225000	3205.231953
16.293025	319.250000	3205.482970
16.291575	319.275000	3205.733987
16.290124	319.300000	3205.985003
16.288674	319.325000	3206.236020
16.287223	319.350000	3206.487037
16.285773	319.375000	3206.738053
16.284322	319.400000	3206.989070
16.282871	319.425000	3207.240087
16.281420	319.450000	3207.491103
16.279969	319.475000	3207.742120
16.278518	319.500000	3207.993137
16.277067	319.525000	3208.244153
16.275615	319.550000	3208.495170
16.274164	319.575000	3208.746187
16.272712	319.600000	3208.997203
16.271261	319.625000	3209.248220
16.269809	319.650000	3209.499237
16.268357	319.675000	3209.750253
16.266905	319.700000	3210.001270
16.265453	319.725000	3210.252287
16.264000	319.750000	3210.503303
16.262548	319.775000	3210.754320
16.261096	319.800000	3211.005337
16.259643	319.825000	3211.256353
16.258190	319.850000	3211.507370
16.256738	319.875000	3211.758387
16.255285	319.900000	3212.009403
16.253832	319.925000	3212.260420
16.252378	319.950000	3212.511437
16.250925	319.975000	3212.762454
16.249472	320.000000	3213.013470
16.248018	320.025000	3213.264487
16.246565	320.050000	3213.515504
16.245111	320.075000	3213.766520
16.243657	320.100000	3214.017537
16.242203	320.125000	3214.268554
16.240749	320.150000	3214.519570
16.239295	320.175000	3214.770587
16.237841	320.200000	3215.021604
16.236387	320.225000	3215.272620
16.234932	320.250000	3215.523637
16.233478	320.275000	3215.774654
16.232023	320.300000	3216.025670
16.230568	320.325000	3216.276687
16.229113	320.350000	3216.527704
16.227658	320.375000	3216.778720
16.226203	320.400000	3217.029737
16.224748	320.425000	3217.280754
16.223292	320.450000	3217.531770
16.221837	320.475000	3217.782787
16.220381	320.500000	3218.033804
16.218926	320.525000	3218.284820
16.217470	320.550000	3218.535837
16.216014	320.575000	3218.786854
16.214558	320.600000	3219.037870
16.213102	320.625000	3219.288887
16.211646	320.650000	3219.539904
16.210189	320.675000	3219.790920
16.208733	320.700000	3220.041937
16.207276	320.725000	3220.292954
16.205820	320.750000	3220.543971
16.204363	320.775000	3220.794987
16.202906	320.800000	3221.046004
16.201449	320.825000	3221.297021
16.199992	320.850000	3221.548037
16.198535	320.875000	3221.799054
16.197077	320.900000	3222.050071
16.195620	320.925000	3222.301087
16.194162	320.950000	3222.552104
16.192704	320.975000	3222.803121
16.191247	321.000000	3223.054137
16.189789	321.025000	3223.305154
16.188331	321.050000	3223.556171
16.186873	321.075000	3223.807187
16.185414	321.100000	3224.058204
16.183956	321.125000	3224.309221
16.182498	321.150000	3224.560237
16.181039	321.175000	3224.811254
16.179580	321.200000	3225.062271
16.178122	321.225000	3225.313287
16.176663	321.250000	3225.564304
16.175204	321.275000	3225.815321
16.173744	321.300000	3226.066337
16.172285	321.325000	3226.317354
16.170826	321.350000	3226.568371
16.169366	321.375000	3226.819387
16.167907	321.400000	3227.070404
16.166447	321.425000	3227.321421
16.164987	321.450000	3227.572437
16.163527	321.475000	3227.823454
16.162067	321.500000	3228.074471
16.160607	321.525000	3228.325487
16.159147	321.550000	3228.576504
16.157687	321.575000	3228.827521
16.156226	321.600000	3229.078538
16.154766	321.625000	3229.329554
16.153305	321.650000	3229.580571
16.151844	321.675000	3229.831588
16.150383	321.700000	3230.082604
16.148922	321.725000	3230.333621
16.147461	321.750000	3230.584638
16.146000	321.775000	3230.835654
16.144538	321.800000	3231.086671
16.143077	321.825000	3231.337688
16.141615	321.850000	3231.588704
16.140154	321.875000	3231.839721
16.138692	321.900000	3232.090738
16.137230	321.925000	3232.341754
16.135768	321.950000	3232.592771
16.134306	321.975000	3232.843788
16.132843	322.000000	3233.094804
16.131381	322.025000	3233.345821
16.129919	322.050000	3233.596838
16.128456	322.075000	3233.847854
16.126993	322.100000	3234.098871
16.125530	322.125000	3234.349888
16.124067	322.150000	3234.600904
16.122604	322.175000	3234.851921
16.121141	322.200000	3235.102938
16.119678	322.225000	3235.353954
16.118215	322.250000	3235.604971
16.116751	322.275000	3235.855988
16.115287	322.300000	3236.107004
16.113824	322.325000	3236.358021
16.112360	322.350000	3236.609038
16.110896	322.375000	3236.860055
16.109432	322.400000	3237.111071
16.107968	322.425000	3237.362088
16.106503	322.450000	3237.613105
16.105039	322.475000	3237.864121
16.103574	322.500000	3238.115138
16.102110	322.525000	3238.366155
16.100645	322.550000	3238.617171
16.099180	322.575000	3238.868188
16.097715	322.600000	3239.119205
16.096250	322.625000	3239.370221
16.094785	322.650000	3239.621238
16.093320	322.675000	3239.872255
16.091854	322.700000	3240.123271
16.090389	322.725000	3240.374288
16.088923	322.750000	3240.625305
16.087457	322.775000	3240.876321
16.085991	322.800000	3241.127338
16.084525	322.825000	3241.378355
16.083059	322.850000	3241.629371
16.081593	322.875000	3241.880388
16.080127	322.900000	3242.131405
16.078660	322.925000	3242.382421
16.077194	322.950000	3242.633438
16.075727	322.975000	3242.884455
16.074260	323.000000	3243.135471
16.072793	323.025000	3243.386488
16.071326	323.050000	3243.637505
16.069859	323.075000	3243.888521
16.068392	323.100000	3244.139538
16.066925	323.125000	3244.390555
16.065457	323.150000	3244.641572
16.063990	323.175000	3244.892588
16.062522	323.200000	3245.143605
16.061054	323.225000	3245.394622
16.059586	323.250000	3245.645638
16.058118	323.275000	3245.896655
16.056650	323.300000	3246.147672
16.055182	323.325000	3246.398688
16.053713	323.350000	3246.649705
16.052245	323.375000	3246.900722
16.050776	323.400000	3247.151738
16.049308	323.425000	3247.402755
16.047839	323.450000	3247.653772
16.046370	323.475000	3247.904788
16.044901	323.500000	3248.155805
16.043432	323.525000	3248.406822
16.041962	323.550000	3248.657838
16.040493	323.575000	3248.908855
16.039023	323.600000	3249.159872
16.037554	323.625000	3249.410888
16.036084	323.650000	3249.661905
16.034614	323.675000	3249.912922
16.033144	323.700000	3250.163938
16.031674	323.725000	3250.414955
16.030204	323.750000	3250.665972
16.028734	323.775000	3250.916988
16.027263	323.800000	3251.168005
16.025793	323.825000	3251.419022
16.024322	323.850000	3251.670038
16.022851	323.875000	3251.921055
16.021380	323.900000	3252.172072
16.019909	323.925000	3252.423089
16.018438	323.950000	3252.674105
16.016967	323.975000	3252.925122
16.015496	324.000000	3253.176139
16.014024	324.025000	3253.427155
16.012553	324.050000	3253.678172
16.011081	324.075000	3253.929189
16.009609	324.100000	3254.180205
16.008137	324.125000	3254.431222
16.006665	324.150000	3254.682239
16.005193	324.175000	3254.933255
16.003721	324.200000	3255.184272
16.002248	324.225000	3255.435289
16.000776	324.250000	3255.686305
15.999303	324.275000	3255.937322
15.997830	324.300000	3256.188339
15.996358	324.325000	3256.439355
15.994885	324.350000	3256.690372
15.993412	324.375000	3256.941389
15.991938	324.400000	3257.192405
15.990465	324.425000	3257.443422
15.988992	324.450000	3257.694439
15.987518	324.475000	3257.945455
15.986045	324.500000	3258.196472
15.984571	324.525000	3258.447489
15.983097	324.550000	3258.698505
15.981623	324.575000	3258.949522
15.980149	324.600000	3259.200539
15.978675	324.625000	3259.451555
15.977200	324.650000	3259.702572
15.975726	324.675000	3259.953589
15.974251	324.700000	3260.204606
15.972777	324.725000	3260.455622
15.971302	324.750000	3260.706639
15.969827	324.775000	3260.957656
15.968352	324.800000	3261.208672
15.966877	324.825000	3261.459689
15.965401	324.850000	3261.710706
15.963926	324.875000	3261.961722
15.962451	324.900000	3262.212739
15.960975	324.925000	3262.463756
15.959499	324.950000	3262.714772
15.958023	324.975000	3262.965789
15.956548	325.000000	3263.216806
15.955071	325.025000	3263.467822
15.953595	325.050000	3263.718839
15.952119	325.075000	3263.969856
15.950643	325.100000	3264.220872
15.949166	325.125000	3264.471889
15.947689	325.150000	3264.722906
15.946213	325.175000	3264.973922
15.944736	325.200000	3265.224939
15.943259	325.225000	3265.475956
15.941782	325.250000	3265.726972
15.940304	325.275000	3265.977989
15.938827	325.300000	3266.229006
15.937350	325.325000	3266.480022
15.935872	325.350000	3266.731039
15.934394	325.375000	3266.982056
15.932917	325.400000	3267.233072
15.931439	325.425000	3267.484089
15.929961	325.450000	3267.735106
15.928482	325.475000	3267.986123
15.927004	325.500000	3268.237139
15.925526	325.525000	3268.488156
15.924047	325.550000	3268.739173
15.922569	325.575000	3268.990189
15.921090	325.600000	3269.241206
15.919611	325.625000	3269.492223
15.918132	325.650000	3269.743239
15.916653	325.675000	3269.994256
15.915174	325.700000	3270.245273
15.913695	325.725000	3270.496289
15.912215	325.750000	3270.747306
15.910736	325.775000	3270.998323
15.909256	325.800000	3271.249339
15.907776	325.825000	3271.500356
15.906296	325.850000	3271.751373
15.904816	325.875000	3272.002389
15.903336	325.900000	3272.253406
15.901856	325.925000	3272.504423
15.900375	325.950000	3272.755439
15.898895	325.975000	3273.006456
15.897414	326.000000	3273.257473
15.895934	326.025000	3273.508489
15.894453	326.050000	3273.759506
15.892972	326.075000	3274.010523
15.891491	326.100000	3274.261539
15.890010	326.125000	3274.512556
15.888528	326.150000	3274.763573
15.887047	326.175000	3275.014589
15.885565	326.200000	3275.265606
15.884084	326.225000	3275.516623
15.882602	326.250000	3275.767640
15.881120	326.275000	3276.018656
15.879638	326.300000	3276.269673
15.878156	326.325000	3276.520690
15.876674	326.350000	3276.771706
15.875191	326.375000	3277.022723
15.873709	326.400000	3277.273740
15.872226	326.425000	3277.524756
15.870744	326.450000	3277.775773
15.869261	326.475000	3278.026790
15.867778	326.500000	3278.277806
15.866295	326.525000	3278.528823
15.864812	326.550000	3278.779840
15.863328	326.575000	3279.030856
15.861845	326.600000	3279.281873
15.860361	326.625000	3279.532890
15.858878	326.650000	3279.783906
15.857394	326.675000	3280.034923
15.855910	326.700000	3280.285940
15.854426	326.725000	3280.536956
15.852942	326.750000	3280.787973
15.851458	326.775000	3281.038990
15.849973	326.800000	3281.290006
15.848489	326.825000	3281.541023
15.847004	326.850000	3281.792040
15.845520	326.875000	3282.043056
15.844035	326.900000	3282.294073
15.842550	326.925000	3282.545090
15.841065	326.950000	3282.796106
15.839580	326.975000	3283.047123
15.838094	327.000000	3283.298140
15.836609	327.025000	3283.549157
15.835123	327.050000	3283.800173
15.833638	327.075000	3284.051190
15.832152	327.100000	3284.302207
15.830666	327.125000	3284.553223
15.829180	327.150000	3284.804240
15.827694	327.175000	3285.055257
15.826208	327.200000	3285.306273
15.824721	327.225000	3285.557290
15.823235	327.250000	3285.808307
15.821748	327.275000	3286.059323
15.820262	327.300000	3286.310340
15.818775	327.325000	3286.561357
15.817288	327.350000	3286.812373
15.815801	327.375000	3287.063390
15.814314	327.400000	3287.314407
15.812826	327.425000	3287.565423
15.811339	327.450000	3287.816440
15.809851	327.475000	3288.067457
15.808364	327.500000	3288.318473
15.806876	327.525000	3288.569490
15.805388	327.550000	3288.820507
15.803900	327.575000	3289.071523
15.802412	327.600000	3289.322540
15.800924	327.625000	3289.573557
15.799435	327.650000	3289.824573
15.797947	327.675000	3290.075590
15.796458	327.700000	3290.326607
15.794969	327.725000	3290.577623
15.793480	327.750000	3290.828640
15.791992	327.775000	3291.079657
15.790502	327.800000	3291.330674
15.789013	327.825000	3291.581690
15.787524	327.850000	3291.832707
15.786034	327.875000	3292.083724
15.784545	327.900000	3292.334740
15.783055	327.925000	3292.585757
15.781565	327.950000	3292.836774
15.780076	327.975000	3293.087790
15.778585	328.000000	3293.338807
15.777095	328.025000	3293.589824
15.775605	328.050000	3293.840840
15.774115	328.075000	3294.091857
15.772624	328.100000	3294.342874
15.771133	328.125000	3294.593890
15.769643	328.150000	3294.844907
15.768152	328.175000	3295.095924
15.766661	328.200000	3295.346940
15.765170	328.225000	3295.597957
15.763679	328.250000	3295.848974
15.762187	328.275000	3296.099990
15.760696	328.300000	3296.351007
15.759204	328.325000	3296.602024
15.757712	328.350000	3296.853040
15.756221	328.375000	3297.104057
15.754729	328.400000	3297.355074
15.753237	328.425000	3297.606090
15.751744	328.450000	3297.857107
15.750252	328.475000	3298.108124
15.748760	328.500000	3298.359140
15.747267	328.525000	3298.610157
15.745774	328.550000	3298.861174
15.744282	328.575000	3299.112191
15.742789	328.600000	3299.363207
15.741296	328.625000	3299.614224
15.739803	328.650000	3299.865241
15.738309	328.675000	3300.116257
15.736816	328.700000	3300.367274
15.735322	328.725000	3300.618291
15.733829	328.750000	3300.869307
15.732335	328.775000	3301.120324
15.730841	328.800000	3301.371341
15.729347	328.825000	3301.622357
15.727853	328.850000	3301.873374
15.726359	328.875000	3302.124391
15.724865	328.900000	3302.375407
15.723370	328.925000	3302.626424
15.721875	328.950000	3302.877441
15.720381	328.975000	3303.128457
15.718886	329.000000	3303.379474
15.717391	329.025000	3303.630491
15.715896	329.050000	3303.881507
15.714401	329.075000	3304.132524
15.712905	329.100000	3304.383541
15.711410	329.125000	3304.634557
15.709914	329.150000	3304.885574
15.708419	329.175000	3305.136591
15.706923	329.200000	3305.387607
15.705427	329.225000	3305.638624
15.703931	329.250000	3305.889641
15.702435	329.275000	3306.140657
15.700939	329.300000	3306.391674
15.699442	329.325000	3306.642691
15.697946	329.350000	3306.893708
15.696449	329.375000	3307.144724
15.694952	329.400000	3307.395741
15.693455	329.425000	3307.646758
15.691958	329.450000	3307.897774
15.690461	329.475000	3308.148791
15.688964	329.500000	3308.399808
15.687467	329.525000	3308.650824
15.685969	329.550000	3308.901841
15.684472	329.575000	3309.152858
15.682974	329.600000	3309.403874
15.681476	329.625000	3309.654891
15.679978	329.650000	3309.905908
15.678480	329.675000	3310.156924
15.676982	329.700000	3310.407941
15.675484	329.725000	3310.658958
15.673985	329.750000	3310.909974
15.672486	329.775000	3311.160991
15.670988	329.800000	3311.412008
15.669489	329.825000	3311.663024
15.667990	329.850000	3311.914041
15.666491	329.875000	3312.165058
15.664992	329.900000	3312.416074
15.663493	329.925000	3312.667091
15.661993	329.950000	3312.918108
15.660494	329.975000	3313.169124
15.658994	330.000000	3313.420141
15.657494	330.025000	3313.671158
15.655994	330.050000	3313.922174
15.654494	330.075000	3314.173191
15.652994	330.100000	3314.424208
15.651494	330.125000	3314.675225
15.649993	330.150000	3314.926241
15.648493	330.175000	3315.177258
15.646992	330.200000	3315.428275
15.645491	330.225000	3315.679291
15.643991	330.250000	3315.930308
15.642490	330.275000	3316.181325
15.640988	330.300000	3316.432341
15.639487	330.325000	3316.683358
15.637986	330.350000	3316.934375
15.636484	330.375000	3317.185391
15.634983	330.400000	3317.436408
15.633481	330.425000	3317.687425
15.631979	330.450000	3317.938441
15.630477	330.475000	3318.189458
15.628975	330.500000	3318.440475
15.627473	330.525000	3318.691491
15.625970	330.550000	3318.942508
15.624468	330.575000	3319.193525
15.622965	330.600000	3319.444541
15.621463	330.625000	3319.695558
15.619960	330.650000	3319.946575
15.618457	330.675000	3320.197591
15.616954	330.700000	3320.448608
15.615451	330.725000	3320.699625
15.613947	330.750000	3320.950641
15.612444	330.775000	3321.201658
15.610940	330.800000	3321.452675
15.609437	330.825000	3321.703691
15.607933	330.850000	3321.954708
15.606429	330.875000	3322.205725
15.604925	330.900000	3322.456742
15.603421	330.925000	3322.707758
15.601916	330.950000	3322.958775
15.600412	330.975000	3323.209792
15.598907	331.000000	3323.460808
15.597403	331.025000	3323.711825
15.595898	331.050000	3323.962842
15.594393	331.075000	3324.213858
15.592888	331.100000	3324.464875
15.591383	331.125000	3324.715892
15.589877	331.150000	3324.966908
15.588372	331.175000	3325.217925
15.586866	331.200000	3325.468942
15.585361	331.225000	3325.719958
15.583855	331.250000	3325.970975
15.582349	331.275000	3326.221992
15.580843	331.300000	3326.473008
15.579337	331.325000	3326.724025
15.577831	331.350000	3326.975042
15.576324	331.375000	3327.226058
15.574818	331.400000	3327.477075
15.573311	331.425000	3327.728092
15.571804	331.450000	3327.979108
15.570297	331.475000	3328.230125
15.568790	331.500000	3328.481142
15.567283	331.525000	3328.732158
15.565776	331.550000	3328.983175
15.564269	331.575000	3329.234192
15.562761	331.600000	3329.485208
15.561254	331.625000	3329.736225
15.559746	331.650000	3329.987242
15.558238	331.675000	3330.238259
15.556730	331.700000	3330.489275
15.555222	331.725000	3330.740292
15.553714	331.750000	3330.991309
15.552205	331.775000	3331.242325
15.550697	331.800000	3331.493342
15.549188	331.825000	3331.744359
15.547679	331.850000	3331.995375
15.546170	331.875000	3332.246392
15.544661	331.900000	3332.497409
15.543152	331.925000	3332.748425
15.541643	331.950000	3332.999442
15.540134	331.975000	3333.250459
15.538624	332.000000	3333.501475
15.537115	332.025000	3333.752492
15.535605	332.050000	3334.003509
15.534095	332.075000	3334.254525
15.532585	332.100000	3334.505542
15.531075	332.125000	3334.756559
15.529565	332.150000	3335.007575
15.528054	332.175000	3335.258592
15.526544	332.200000	3335.509609
15.525033	332.225000	3335.760625
15.523523	332.250000	3336.011642
15.522012	332.275000	3336.262659
15.520501	332.300000	3336.513675
15.518990	332.325000	3336.764692
15.517478	332.350000	3337.015709
15.515967	332.375000	3337.266725
15.514456	332.400000	3337.517742
15.512944	332.425000	3337.768759
15.511432	332.450000	3338.019776
15.509920	332.475000	3338.270792
15.508408	332.500000	3338.521809
15.506896	332.525000	3338.772826
15.505384	332.550000	3339.023842
15.503872	332.575000	3339.274859
15.502359	332.600000	3339.525876
15.500847	332.625000	3339.776892
15.499334	332.650000	3340.027909
15.497821	332.675000	3340.278926
15.496308	332.700000	3340.529942
15.494795	332.725000	3340.780959
15.493282	332.750000	3341.031976
15.491768	332.775000	3341.282992
15.490255	332.800000	3341.534009
15.488741	332.825000	3341.785026
15.487228	332.850000	3342.036042
15.485714	332.875000	3342.287059
15.484200	332.900000	3342.538076
15.482686	332.925000	3342.789092
15.481171	332.950000	3343.040109
15.479657	332.975000	3343.291126
15.478143	333.000000	3343.542142
15.476628	333.025000	3343.793159
15.475113	333.050000	3344.044176
15.473598	333.075000	3344.295192
15.472083	333.100000	3344.546209
15.470568	333.125000	3344.797226
15.469053	333.150000	3345.048242
15.467538	333.175000	3345.299259
15.466022	333.200000	3345.550276
15.464507	333.225000	3345.801292
15.462991	333.250000	3346.052309
15.461475	333.275000	3346.303326
15.459959	333.300000	3346.554343
15.458443	333.325000	3346.805359
15.456927	333.350000	3347.056376
15.455410	333.375000	3347.307393
15.453894	333.400000	3347.558409
15.452377	333.425000	3347.809426
15.450861	333.450000	3348.060443
15.449344	333.475000	3348.311459
15.447827	333.500000	3348.562476
15.446310	333.525000	3348.813493
15.444792	333.550000	3349.064509
15.443275	333.575000	3349.315526
15.441758	333.600000	3349.566543
15.440240	333.625000	3349.817559
15.438722	333.650000	3350.068576
15.437204	333.675000	3350.319593
15.435686	333.700000	3350.570609
15.434168	333.725000	3350.821626
15.432650	333.750000	3351.072643
15.431132	333.775000	3351.323659
15.429613	333.800000	3351.574676
15.428094	333.825000	3351.825693
15.426576	333.850000	3352.076709
15.425057	333.875000	3352.327726
15.423538	333.900000	3352.578743
15.422019	333.925000	3352.829759
15.420499	333.950000	3353.080776
15.418980	333.975000	3353.331793
15.417461	334.000000	3353.582809
15.415941	334.025000	3353.833826
15.414421	334.050000	3354.084843
15.412901	334.075000	3354.335860
15.411381	334.100000	3354.586876
15.409861	334.125000	3354.837893
15.408341	334.150000	3355.088910
15.406820	334.175000	3355.339926
15.405300	334.200000	3355.590943
15.403779	334.225000	3355.841960
15.402258	334.250000	3356.092976
15.400738	334.275000	3356.343993
15.399216	334.300000	3356.595010
15.397695	334.325000	3356.846026
15.396174	334.350000	3357.097043
15.394653	334.375000	3357.348060
15.393131	334.400000	3357.599076
15.391609	334.425000	3357.850093
15.390088	334.450000	3358.101110
15.388566	334.475000	3358.352126
15.387044	334.500000	3358.603143
15.385521	334.525000	3358.854160
15.383999	334.550000	3359.105176
15.382477	334.575000	3359.356193
15.380954	334.600000	3359.607210
15.379431	334.625000	3359.858226
15.377909	334.650000	3360.109243
15.376386	334.675000	3360.360260
15.374863	334.700000	3360.611276
15.373339	334.725000	3360.862293
15.371816	334.750000	3361.113310
15.370293	334.775000	3361.364326
15.368769	334.800000	3361.615343
15.367245	334.825000	3361.866360
15.365721	334.850000	3362.117377
15.364198	334.875000	3362.368393
15.362673	334.900000	3362.619410
15.361149	334.925000	3362.870427
15.359625	334.950000	3363.121443
15.358100	334.975000	3363.372460
15.356576	335.000000	3363.623477
15.355051	335.025000	3363.874493
15.353526	335.050000	3364.125510
15.352001	335.075000	3364.376527
15.350476	335.100000	3364.627543
15.348951	335.125000	3364.878560
15.347425	335.150000	3365.129577
15.345900	335.175000	3365.380593
15.344374	335.200000	3365.631610
15.342849	335.225000	3365.882627
15.341323	335.250000	3366.133643
15.339797	335.275000	3366.384660
15.338271	335.300000	3366.635677
15.336744	335.325000	3366.886693
15.335218	335.350000	3367.137710
15.333691	335.375000	3367.388727
15.332165	335.400000	3367.639743
15.330638	335.425000	3367.890760
15.329111	335.450000	3368.141777
15.327584	335.475000	3368.392793
15.326057	335.500000	3368.643810
15.324529	335.525000	3368.894827
15.323002	335.550000	3369.145843
15.321474	335.575000	3369.396860
15.319947	335.600000	3369.647877
15.318419	335.625000	3369.898894
15.316891	335.650000	3370.149910
15.315363	335.675000	3370.400927
15.313835	335.700000	3370.651944
15.312306	335.725000	3370.902960
15.310778	335.750000	3371.153977
15.309249	335.775000	3371.404994
15.307721	335.800000	3371.656010
15.306192	335.825000	3371.907027
15.304663	335.850000	3372.158044
15.303134	335.875000	3372.409060
15.301605	335.900000	3372.660077
15.300075	335.925000	3372.911094
15.298546	335.950000	3373.162110
15.297016	335.975000	3373.413127
15.295486	336.000000	3373.664144
15.293956	336.025000	3373.915160
15.292426	336.050000	3374.166177
15.290896	336.075000	3374.417194
15.289366	336.100000	3374.668210
15.287836	336.125000	3374.919227
15.286305	336.150000	3375.170244
15.284774	336.175000	3375.421260
15.283244	336.200000	3375.672277
15.281713	336.225000	3375.923294
15.280182	336.250000	3376.174310
15.278651	336.275000	3376.425327
15.277119	336.300000	3376.676344
15.275588	336.325000	3376.927360
15.274056	336.350000	3377.178377
15.272525	336.375000	3377.429394
15.270993	336.400000	3377.680411
15.269461	336.425000	3377.931427
15.267929	336.450000	3378.182444
15.266396	336.475000	3378.433461
15.264864	336.500000	3378.684477
15.263332	336.525000	3378.935494
15.261799	336.550000	3379.186511
15.260266	336.575000	3379.437527
15.258733	336.600000	3379.688544
15.257200	336.625000	3379.939561
15.255667	336.650000	3380.190577
15.254134	336.675000	3380.441594
15.252601	336.700000	3380.692611
15.251067	336.725000	3380.943627
15.249534	336.750000	3381.194644
15.248000	336.775000	3381.445661
15.246466	336.800000	3381.696677
15.244932	336.825000	3381.947694
15.243398	336.850000	3382.198711
15.241863	336.875000	3382.449727
15.240329	336.900000	3382.700744
15.238794	336.925000	3382.951761
15.237260	336.950000	3383.202777
15.235725	336.975000	3383.453794
15.234190	337.000000	3383.704811
15.232655	337.025000	3383.955827
15.231120	337.050000	3384.206844
15.229584	337.075000	3384.457861
15.228049	337.100000	3384.708877
15.226513	337.125000	3384.959894
15.224977	337.150000	3385.210911
15.223442	337.175000	3385.461928
15.221906	337.200000	3385.712944
15.220369	337.225000	3385.963961
15.218833	337.250000	3386.214978
15.217297	337.275000	3386.465994
15.215760	337.300000	3386.717011
15.214224	337.325000	3386.968028
15.212687	337.350000	3387.219044
15.211150	337.375000	3387.470061
15.209613	337.400000	3387.721078
15.208076	337.425000	3387.972094
15.206538	337.450000	3388.223111
15.205001	337.475000	3388.474128
15.203463	337.500000	3388.725144
15.201926	337.525000	3388.976161
15.200388	337.550000	3389.227178
15.198850	337.575000	3389.478194
15.197312	337.600000	3389.729211
15.195774	337.625000	3389.980228
15.194235	337.650000	3390.231244
15.192697	337.675000	3390.482261
15.191158	337.700000	3390.733278
15.189619	337.725000	3390.984294
15.188081	337.750000	3391.235311
15.186542	337.775000	3391.486328
15.185002	337.800000	3391.737344
15.183463	337.825000	3391.988361
15.181924	337.850000	3392.239378
15.180384	337.875000	3392.490394
15.178844	337.900000	3392.741411
15.177305	337.925000	3392.992428
15.175765	337.950000	3393.243445
15.174225	337.975000	3393.494461
15.172684	338.000000	3393.745478
15.171144	338.025000	3393.996495
15.169604	338.050000	3394.247511
15.168063	338.075000	3394.498528
15.166522	338.100000	3394.749545
15.164981	338.125000	3395.000561
15.163440	338.150000	3395.251578
15.161899	338.175000	3395.502595
15.160358	338.200000	3395.753611
15.158817	338.225000	3396.004628
15.157275	338.250000	3396.255645
15.155733	338.275000	3396.506661
15.154192	338.300000	3396.757678
15.152650	338.325000	3397.008695
15.151108	338.350000	3397.259711
15.149566	338.375000	3397.510728
15.148023	338.400000	3397.761745
15.146481	338.425000	3398.012761
15.144938	338.450000	3398.263778
15.143395	338.475000	3398.514795
15.141853	338.500000	3398.765811
15.140310	338.525000	3399.016828
15.138767	338.550000	3399.267845
15.137223	338.575000	3399.518861
15.135680	338.600000	3399.769878
15.134136	338.625000	3400.020895
15.132593	338.650000	3400.271911
15.131049	338.675000	3400.522928
15.129505	338.700000	3400.773945
15.127961	338.725000	3401.024962
15.126417	338.750000	3401.275978
15.124872	338.775000	3401.526995
15.123328	338.800000	3401.778012
15.121783	338.825000	3402.029028
15.120239	338.850000	3402.280045
15.118694	338.875000	3402.531062
15.117149	338.900000	3402.782078
15.115604	338.925000	3403.033095
15.114059	338.950000	3403.284112
15.112513	338.975000	3403.535128
15.110968	339.000000	3403.786145
15.109422	339.025000	3404.037162
15.107876	339.050000	3404.288178
15.106330	339.075000	3404.539195
15.104784	339.100000	3404.790212
15.103238	339.125000	3405.041228
15.101692	339.150000	3405.292245
15.100145	339.175000	3405.543262
15.098599	339.200000	3405.794278
15.097052	339.225000	3406.045295
15.095505	339.250000	3406.296312
15.093958	339.275000	3406.547328
15.092411	339.300000	3406.798345
15.090864	339.325000	3407.049362
15.089316	339.350000	3407.300378
15.087769	339.375000	3407.551395
15.086221	339.400000	3407.802412
15.084673	339.425000	3408.053428
15.083126	339.450000	3408.304445
15.081577	339.475000	3408.555462
15.080029	339.500000	3408.806479
15.078481	339.525000	3409.057495
15.076933	339.550000	3409.308512
15.075384	339.575000	3409.559529
15.073835	339.600000	3409.810545
15.072286	339.625000	3410.061562
15.070737	339.650000	3410.312579
15.069188	339.675000	3410.563595
15.067639	339.700000	3410.814612
15.066090	339.725000	3411.065629
15.064540	339.750000	3411.316645
15.062990	339.775000	3411.567662
15.061441	339.800000	3411.818679
15.059891	339.825000	3412.069695
15.058341	339.850000	3412.320712
15.056790	339.875000	3412.571729
15.055240	339.900000	3412.822745
15.053690	339.925000	3413.073762
15.052139	339.950000	3413.324779
15.050588	339.975000	3413.575795
15.049037	340.000000	3413.826812
15.047486	340.025000	3414.077829
15.045935	340.050000	3414.328845
15.044384	340.075000	3414.579862
15.042832	340.100000	3414.830879
15.041281	340.125000	3415.081895
15.039729	340.150000	3415.332912
15.038177	340.175000	3415.583929
15.036625	340.200000	3415.834945
15.035073	340.225000	3416.085962
15.033521	340.250000	3416.336979
15.031969	340.275000	3416.587996
15.030416	340.300000	3416.839012
15.028864	340.325000	3417.090029
15.027311	340.350000	3417.341046
15.025758	340.375000	3417.592062
15.024205	340.400000	3417.843079
15.022652	340.425000	3418.094096
15.021098	340.450000	3418.345112
15.019545	340.475000	3418.596129
15.017991	340.500000	3418.847146
15.016438	340.525000	3419.098162
15.014884	340.550000	3419.349179
15.013330	340.575000	3419.600196
15.011776	340.600000	3419.851212
15.010221	340.625000	3420.102229
15.008667	340.650000	3420.353246
15.007112	340.675000	3420.604262
15.005558	340.700000	3420.855279
15.004003	340.725000	3421.106296
15.002448	340.750000	3421.357312
15.000893	340.775000	3421.608329
14.999338	340.800000	3421.859346
14.997782	340.825000	3422.110362
14.996227	340.850000	3422.361379
14.994671	340.875000	3422.612396
14.993115	340.900000	3422.863412
14.991559	340.925000	3423.114429
14.990003	340.950000	3423.365446
14.988447	340.975000	3423.616462
14.986891	341.000000	3423.867479
14.985335	341.025000	3424.118496
14.983778	341.050000	3424.369513
14.982221	341.075000	3424.620529
14.980664	341.100000	3424.871546
14.979107	341.125000	3425.122563
14.977550	341.150000	3425.373579
14.975993	341.175000	3425.624596
14.974436	341.200000	3425.875613
14.972878	341.225000	3426.126629
14.971320	341.250000	3426.377646
14.969763	341.275000	3426.628663
14.968205	341.300000	3426.879679
14.966647	341.325000	3427.130696
14.965088	341.350000	3427.381713
14.963530	341.375000	3427.632729
14.961971	341.400000	3427.883746
14.960413	341.425000	3428.134763
14.958854	341.450000	3428.385779
14.957295	341.475000	3428.636796
14.955736	341.500000	3428.887813
14.954177	341.525000	3429.138829
14.952618	341.550000	3429.389846
14.951058	341.575000	3429.640863
14.949499	341.600000	3429.891879
14.947939	341.625000	3430.142896
14.946379	341.650000	3430.393913
14.944819	341.675000	3430.644929
14.943259	341.700000	3430.895946
14.941699	341.725000	3431.146963
14.940138	341.750000	3431.397979
14.938578	341.775000	3431.648996
14.937017	341.800000	3431.900013
14.935456	341.825000	3432.151030
14.933895	341.850000	3432.402046
14.932334	341.875000	3432.653063
14.930773	341.900000	3432.904080
14.929211	341.925000	3433.155096
14.927650	341.950000	3433.406113
14.926088	341.975000	3433.657130
14.924526	342.000000	3433.908146
14.922964	342.025000	3434.159163
14.921402	342.050000	3434.410180
14.919840	342.075000	3434.661196
14.918278	342.100000	3434.912213
14.916715	342.125000	3435.163230
14.915153	342.150000	3435.414246
14.913590	342.175000	3435.665263
14.912027	342.200000	3435.916280
14.910464	342.225000	3436.167296
14.908901	342.250000	3436.418313
14.907338	342.275000	3436.669330
14.905774	342.300000	3436.920346
14.904211	342.325000	3437.171363
14.902647	342.350000	3437.422380
14.901083	342.375000	3437.673396
14.899519	342.400000	3437.924413
14.897955	342.425000	3438.175430
14.896391	342.450000	3438.426446
14.894826	342.475000	3438.677463
14.893262	342.500000	3438.928480
14.891697	342.525000	3439.179496
14.890132	342.550000	3439.430513
14.888567	342.575000	3439.681530
14.887002	342.600000	3439.932547
14.885437	342.625000	3440.183563
14.883871	342.650000	3440.434580
14.882306	342.675000	3440.685597
14.880740	342.700000	3440.936613
14.879174	342.725000	3441.187630
14.877608	342.750000	3441.438647
14.876042	342.775000	3441.689663
14.874476	342.800000	3441.940680
14.872910	342.825000	3442.191697
14.871343	342.850000	3442.442713
14.869776	342.875000	3442.693730
14.868210	342.900000	3442.944747
14.866643	342.925000	3443.195763
14.865076	342.950000	3443.446780
14.863509	342.975000	3443.697797
14.861941	343.000000	3443.948813
14.860374	343.025000	3444.199830
14.858806	343.050000	3444.450847
14.857238	343.075000	3444.701863
14.855670	343.100000	3444.952880
14.854102	343.125000	3445.203897
14.852534	343.150000	3445.454913
14.850966	343.175000	3445.705930
14.849397	343.200000	3445.956947
14.847829	343.225000	3446.207963
14.846260	343.250000	3446.458980
14.844691	343.275000	3446.709997
14.843122	343.300000	3446.961013
14.841553	343.325000	3447.212030
14.839984	343.350000	3447.463047
14.838414	343.375000	3447.714064
14.836845	343.400000	3447.965080
14.835275	343.425000	3448.216097
14.833705	343.450000	3448.467114
14.832135	343.475000	3448.718130
14.830565	343.500000	3448.969147
14.828995	343.525000	3449.220164
14.827424	343.550000	3449.471180
14.825854	343.575000	3449.722197
14.824283	343.600000	3449.973214
14.822712	343.625000	3450.224230
14.821141	343.650000	3450.475247
14.819570	343.675000	3450.726264
14.817999	343.700000	3450.977280
14.816428	343.725000	3451.228297
14.814856	343.750000	3451.479314
14.813284	343.775000	3451.730330
14.811712	343.800000	3451.981347
14.810141	343.825000	3452.232364
14.808568	343.850000	3452.483380
14.806996	343.875000	3452.734397
14.805424	343.900000	3452.985414
14.803851	343.925000	3453.236430
14.802279	343.950000	3453.487447
14.800706	343.975000	3453.738464
14.799133	344.000000	3453.989480
14.797560	344.025000	3454.240497
14.795987	344.050000	3454.491514
14.794413	344.075000	3454.742530
14.792840	344.100000	3454.993547
14.791266	344.125000	3455.244564
14.789692	344.150000	3455.495581
14.788118	344.175000	3455.746597
14.786544	344.200000	3455.997614
14.784970	344.225000	3456.248631
14.783396	344.250000	3456.499647
14.781821	344.275000	3456.750664
14.780246	344.300000	3457.001681
14.778672	344.325000	3457.252697
14.777097	344.350000	3457.503714
14.775522	344.375000	3457.754731
14.773946	344.400000	3458.005747
14.772371	344.425000	3458.256764
14.770796	344.450000	3458.507781
14.769220	344.475000	3458.758797
14.767644	344.500000	3459.009814
14.766068	344.525000	3459.260831
14.764492	344.550000	3459.511847
14.762916	344.575000	3459.762864
14.761340	344.600000	3460.013881
14.759763	344.625000	3460.264897
14.758187	344.650000	3460.515914
14.756610	344.675000	3460.766931
14.755033	344.700000	3461.017947
14.753456	344.725000	3461.268964
14.751879	344.750000	3461.519981
14.750301	344.775000	3461.770997
14.748724	344.800000	3462.022014
14.747146	344.825000	3462.273031
14.745568	344.850000	3462.524047
14.743991	344.875000	3462.775064
14.742413	344.900000	3463.026081
14.740834	344.925000	3463.277098
14.739256	344.950000	3463.528114
14.737678	344.975000	3463.779131
14.736099	345.000000	3464.030148
14.734520	345.025000	3464.281164
14.732941	345.050000	3464.532181
14.731362	345.075000	3464.783198
14.729783	345.100000	3465.034214
14.728204	345.125000	3465.285231
14.726624	345.150000	3465.536248
14.725045	345.175000	3465.787264
14.723465	345.200000	3466.038281
14.721885	345.225000	3466.289298
14.720305	345.250000	3466.540314
14.718725	345.275000	3466.791331
14.717144	345.300000	3467.042348
14.715564	345.325000	3467.293364
14.713983	345.350000	3467.544381
14.712403	345.375000	3467.795398
14.710822	345.400000	3468.046414
14.709241	345.425000	3468.297431
14.707659	345.450000	3468.548448
14.706078	345.475000	3468.799464
14.704497	345.500000	3469.050481
14.702915	345.525000	3469.301498
14.701333	345.550000	3469.552514
14.699751	345.575000	3469.803531
14.698169	345.600000	3470.054548
14.696587	345.625000	3470.305564
14.695005	345.650000	3470.556581
14.693422	345.675000	3470.807598
14.691840	345.700000	3471.058614
14.690257	345.725000	3471.309631
14.688674	345.750000	3471.560648
14.687091	345.775000	3471.811665
14.685508	345.800000	3472.062681
14.683924	345.825000	3472.313698
14.682341	345.850000	3472.564715
14.680757	345.875000	3472.815731
14.679173	345.900000	3473.066748
14.677589	345.925000	3473.317765
14.676005	345.950000	3473.568781
14.674421	345.975000	3473.819798
14.672837	346.000000	3474.070815
14.671252	346.025000	3474.321831
14.669668	346.050000	3474.572848
14.668083	346.075000	3474.823865
14.666498	346.100000	3475.074881
14.664913	346.125000	3475.325898
14.663328	346.150000	3475.576915
14.661742	346.175000	3475.827931
14.660157	346.200000	3476.078948
14.658571	346.225000	3476.329965
14.656985	346.250000	3476.580981
14.655399	346.275000	3476.831998
14.653813	346.300000	3477.083015
14.652227	346.325000	3477.334031
14.650641	346.350000	3477.585048
14.649054	346.375000	3477.836065
14.647468	346.400000	3478.087081
14.645881	346.425000	3478.338098
14.644294	346.450000	3478.589115
14.642707	346.475000	3478.840131
14.641119	346.500000	3479.091148
14.639532	346.525000	3479.342165
14.637945	346.550000	3479.593182
14.636357	346.575000	3479.844198
14.634769	346.600000	3480.095215
14.633181	346.625000	3480.346232
14.631593	346.650000	3480.597248
14.630005	346.675000	3480.848265
14.628416	346.700000	3481.099282
14.626828	346.725000	3481.350298
14.625239	346.750000	3481.601315
14.623650	346.775000	3481.852332
14.622061	346.800000	3482.103348
14.620472	346.825000	3482.354365
14.618883	346.850000	3482.605382
14.617293	346.875000	3482.856398
14.615704	346.900000	3483.107415
14.614114	346.925000	3483.358432
14.612524	346.950000	3483.609448
14.610934	346.975000	3483.860465
14.609344	347.000000	3484.111482
14.607754	347.025000	3484.362498
14.606163	347.050000	3484.613515
14.604573	347.075000	3484.864532
14.602982	347.100000	3485.115548
14.601391	347.125000	3485.366565
14.599800	347.150000	3485.617582
14.598209	347.175000	3485.868598
14.596618	347.200000	3486.119615
14.595026	347.225000	3486.370632
14.593434	347.250000	3486.621648
14.591843	347.275000	3486.872665
14.590251	347.300000	3487.123682
14.588659	347.325000	3487.374699
14.587067	347.350000	3487.625715
14.585474	347.375000	3487.876732
14.583882	347.400000	3488.127749
14.582289	347.425000	3488.378765
14.580696	347.450000	3488.629782
14.579103	347.475000	3488.880799
14.577510	347.500000	3489.131815
14.575917	347.525000	3489.382832
14.574324	347.550000	3489.633849
14.572730	347.575000	3489.884865
14.571136	347.600000	3490.135882
14.569543	347.625000	3490.386899
14.567949	347.650000	3490.637915
14.566355	347.675000	3490.888932
14.564760	347.700000	3491.139949
14.563166	347.725000	3491.390965
14.561571	347.750000	3491.641982
14.559977	347.775000	3491.892999
14.558382	347.800000	3492.144015
14.556787	347.825000	3492.395032
14.555192	347.850000	3492.646049
14.553596	347.875000	3492.897065
14.552001	347.900000	3493.148082
14.550405	347.925000	3493.399099
14.548810	347.950000	3493.650115
14.547214	347.975000	3493.901132
14.545618	348.000000	3494.152149
14.544022	348.025000	3494.403165
14.542425	348.050000	3494.654182
14.540829	348.075000	3494.905199
14.539232	348.100000	3495.156216
14.537636	348.125000	3495.407232
14.536039	348.150000	3495.658249
14.534442	348.175000	3495.909266
14.532844	348.200000	3496.160282
14.531247	348.225000	3496.411299
14.529650	348.250000	3496.662316
14.528052	348.275000	3496.913332
14.526454	348.300000	3497.164349
14.524856	348.325000	3497.415366
14.523258	348.350000	3497.666382
14.521660	348.375000	3497.917399
14.520061	348.400000	3498.168416
14.518463	348.425000	3498.419432
14.516864	348.450000	3498.670449
14.515265	348.475000	3498.921466
14.513666	348.500000	3499.172482
14.512067	348.525000	3499.423499
14.510468	348.550000	3499.674516
14.508869	348.575000	3499.925532
14.507269	348.600000	3500.176549
14.505669	348.625000	3500.427566
14.504069	348.650000	3500.678582
14.502469	348.675000	3500.929599
14.500869	348.700000	3501.180616
14.499269	348.725000	3501.431632
14.497668	348.750000	3501.682649
14.496068	348.775000	3501.933666
14.494467	348.800000	3502.184682
14.492866	348.825000	3502.435699
14.491265	348.850000	3502.686716
14.489664	348.875000	3502.937733
14.488063	348.900000	3503.188749
14.486461	348.925000	3503.439766
14.484859	348.950000	3503.690783
14.483258	348.975000	3503.941799
14.481656	349.000000	3504.192816
14.480054	349.025000	3504.443833
14.478451	349.050000	3504.694849
14.476849	349.075000	3504.945866
14.475246	349.100000	3505.196883
14.473644	349.125000	3505.447899
14.472041	349.150000	3505.698916
14.470438	349.175000	3505.949933
14.468835	349.200000	3506.200949
14.467231	349.225000	3506.451966
14.465628	349.250000	3506.702983
14.464024	349.275000	3506.953999
14.462421	349.300000	3507.205016
14.460817	349.325000	3507.456033
14.459213	349.350000	3507.707049
14.457608	349.375000	3507.958066
14.456004	349.400000	3508.209083
14.454400	349.425000	3508.460099
14.452795	349.450000	3508.711116
14.451190	349.475000	3508.962133
14.449585	349.500000	3509.213149
14.447980	349.525000	3509.464166
14.446375	349.550000	3509.715183
14.444769	349.575000	3509.966199
14.443164	349.600000	3510.217216
14.441558	349.625000	3510.468233
14.439952	349.650000	3510.719250
14.438346	349.675000	3510.970266
14.436740	349.700000	3511.221283
14.435134	349.725000	3511.472300
14.433527	349.750000	3511.723316
14.431921	349.775000	3511.974333
14.430314	349.800000	3512.225350
14.428707	349.825000	3512.476366
14.427100	349.850000	3512.727383
14.425493	349.875000	3512.978400
14.423886	349.900000	3513.229416
14.422278	349.925000	3513.480433
14.420670	349.950000	3513.731450
14.419063	349.975000	3513.982466
14.417455	350.000000	3514.233483
14.415847	350.025000	3514.484500
14.414238	350.050000	3514.735516
14.412630	350.075000	3514.986533
14.411021	350.100000	3515.237550
14.409413	350.125000	3515.488566
14.407804	350.150000	3515.739583
14.406195	350.175000	3515.990600
14.404586	350.200000	3516.241616
14.402976	350.225000	3516.492633
14.401367	350.250000	3516.743650
14.399757	350.275000	3516.994666
14.398147	350.300000	3517.245683
14.396537	350.325000	3517.496700
14.394927	350.350000	3517.747716
14.393317	350.375000	3517.998733
14.391707	350.400000	3518.249750
14.390096	350.425000	3518.500767
14.388486	350.450000	3518.751783
14.386875	350.475000	3519.002800
14.385264	350.500000	3519.253817
14.383653	350.525000	3519.504833
14.382041	350.550000	3519.755850
14.380430	350.575000	3520.006867
14.378818	350.600000	3520.257883
14.377207	350.625000	3520.508900
14.375595	350.650000	3520.759917
14.373983	350.675000	3521.010933
14.372370	350.700000	3521.261950
14.370758	350.725000	3521.512967
14.369145	350.750000	3521.763983
14.367533	350.775000	3522.015000
14.365920	350.800000	3522.266017
14.364307	350.825000	3522.517033
14.362694	350.850000	3522.768050
14.361081	350.875000	3523.019067
14.359467	350.900000	3523.270083
14.357854	350.925000	3523.521100
14.356240	350.950000	3523.772117
14.354626	350.975000	3524.023133
14.353012	351.000000	3524.274150
14.351398	351.025000	3524.525167
14.349784	351.050000	3524.776183
14.348169	351.075000	3525.027200
14.346554	351.100000	3525.278217
14.344940	351.125000	3525.529233
14.343325	351.150000	3525.780250
14.341710	351.175000	3526.031267
14.340094	351.200000	3526.282284
14.338479	351.225000	3526.533300
14.336863	351.250000	3526.784317
14.335248	351.275000	3527.035334
14.333632	351.300000	3527.286350
14.332016	351.325000	3527.537367
14.330400	351.350000	3527.788384
14.328783	351.375000	3528.039400
14.327167	351.400000	3528.290417
14.325550	351.425000	3528.541434
14.323933	351.450000	3528.792450
14.322316	351.475000	3529.043467
14.320699	351.500000	3529.294484
14.319082	351.525000	3529.545500
14.317465	351.550000	3529.796517
14.315847	351.575000	3530.047534
14.314229	351.600000	3530.298550
14.312611	351.625000	3530.549567
14.310993	351.650000	3530.800584
14.309375	351.675000	3531.051600
14.307757	351.700000	3531.302617
14.306138	351.725000	3531.553634
14.304520	351.750000	3531.804650
14.302901	351.775000	3532.055667
14.301282	351.800000	3532.306684
14.299663	351.825000	3532.557700
14.298044	351.850000	3532.808717
14.296424	351.875000	3533.059734
14.294805	351.900000	3533.310750
14.293185	351.925000	3533.561767
14.291565	351.950000	3533.812784
14.289945	351.975000	3534.063801
14.288325	352.000000	3534.314817
14.286705	352.025000	3534.565834
14.285084	352.050000	3534.816851
14.283464	352.075000	3535.067867
14.281843	352.100000	3535.318884
14.280222	352.125000	3535.569901
14.278601	352.150000	3535.820917
14.276979	352.175000	3536.071934
14.275358	352.200000	3536.322951
14.273736	352.225000	3536.573967
14.272115	352.250000	3536.824984
14.270493	352.275000	3537.076001
14.268871	352.300000	3537.327017
14.267249	352.325000	3537.578034
14.265626	352.350000	3537.829051
14.264004	352.375000	3538.080067
14.262381	352.400000	3538.331084
14.260758	352.425000	3538.582101
14.259135	352.450000	3538.833117
14.257512	352.475000	3539.084134
14.255889	352.500000	3539.335151
14.254266	352.525000	3539.586167
14.252642	352.550000	3539.837184
14.251018	352.575000	3540.088201
14.249394	352.600000	3540.339217
14.247770	352.625000	3540.590234
14.246146	352.650000	3540.841251
14.244522	352.675000	3541.092267
14.242897	352.700000	3541.343284
14.241272	352.725000	3541.594301
14.239648	352.750000	3541.845318
14.238023	352.775000	3542.096334
14.236397	352.800000	3542.347351
14.234772	352.825000	3542.598368
14.233147	352.850000	3542.849384
14.231521	352.875000	3543.100401
14.229895	352.900000	3543.351418
14.228269	352.925000	3543.602434
14.226643	352.950000	3543.853451
14.225017	352.975000	3544.104468
14.223391	353.000000	3544.355484
14.221764	353.025000	3544.606501
14.220137	353.050000	3544.857518
14.218511	353.075000	3545.108534
14.216884	353.100000	3545.359551
14.215256	353.125000	3545.610568
14.213629	353.150000	3545.861584
14.212002	353.175000	3546.112601
14.210374	353.200000	3546.363618
14.208746	353.225000	3546.614634
14.207118	353.250000	3546.865651
14.205490	353.275000	3547.116668
14.203862	353.300000	3547.367684
14.202233	353.325000	3547.618701
14.200605	353.350000	3547.869718
14.198976	353.375000	3548.120734
14.197347	353.400000	3548.371751
14.195718	353.425000	3548.622768
14.194089	353.450000	3548.873784
14.192459	353.475000	3549.124801
14.190830	353.500000	3549.375818
14.189200	353.525000	3549.626835
14.187570	353.550000	3549.877851
14.185940	353.575000	3550.128868
14.184310	353.600000	3550.379885
14.182680	353.625000	3550.630901
14.181049	353.650000	3550.881918
14.179419	353.675000	3551.132935
14.177788	353.700000	3551.383951
14.176157	353.725000	3551.634968
14.174526	353.750000	3551.885985
14.172895	353.775000	3552.137001
14.171263	353.800000	3552.388018
14.169632	353.825000	3552.639035
14.168000	353.850000	3552.890051
14.166368	353.875000	3553.141068
14.164736	353.900000	3553.392085
14.163104	353.925000	3553.643101
14.161471	353.950000	3553.894118
14.159839	353.975000	3554.145135
14.158206	354.000000	3554.396151
14.156573	354.025000	3554.647168
14.154940	354.050000	3554.898185
14.153307	354.075000	3555.149201
14.151674	354.100000	3555.400218
14.150040	354.125000	3555.651235
14.148407	354.150000	3555.902251
14.146773	354.175000	3556.153268
14.145139	354.200000	3556.404285
14.143505	354.225000	3556.655301
14.141870	354.250000	3556.906318
14.140236	354.275000	3557.157335
14.138601	354.300000	3557.408352
14.136967	354.325000	3557.659368
14.135332	354.350000	3557.910385
14.133697	354.375000	3558.161402
14.132061	354.400000	3558.412418
14.130426	354.425000	3558.663435
14.128790	354.450000	3558.914452
14.127155	354.475000	3559.165468
14.125519	354.500000	3559.416485
14.123883	354.525000	3559.667502
14.122247	354.550000	3559.918518
14.120610	354.575000	3560.169535
14.118974	354.600000	3560.420552
14.117337	354.625000	3560.671568
14.115700	354.650000	3560.922585
14.114063	354.675000	3561.173602
14.112426	354.700000	3561.424618
14.110789	354.725000	3561.675635
14.109151	354.750000	3561.926652
14.107514	354.775000	3562.177668
14.105876	354.800000	3562.428685
14.104238	354.825000	3562.679702
14.102600	354.850000	3562.930718
14.100962	354.875000	3563.181735
14.099323	354.900000	3563.432752
14.097685	354.925000	3563.683768
14.096046	354.950000	3563.934785
14.094407	354.975000	3564.185802
14.092768	355.000000	3564.436818
14.091129	355.025000	3564.687835
14.089489	355.050000	3564.938852
14.087850	355.075000	3565.189869
14.086210	355.100000	3565.440885
14.084570	355.125000	3565.691902
14.082930	355.150000	3565.942919
14.081290	355.175000	3566.193935
14.079650	355.200000	3566.444952
14.078009	355.225000	3566.695969
14.076369	355.250000	3566.946985
14.074728	355.275000	3567.198002
14.073087	355.300000	3567.449019
14.071446	355.325000	3567.700035
14.069804	355.350000	3567.951052
14.068163	355.375000	3568.202069
14.066521	355.400000	3568.453085
14.064879	355.425000	3568.704102
14.063237	355.450000	3568.955119
14.061595	355.475000	3569.206135
14.059953	355.500000	3569.457152
14.058311	355.525000	3569.708169
14.056668	355.550000	3569.959185
14.055025	355.575000	3570.210202
14.053382	355.600000	3570.461219
14.051739	355.625000	3570.712235
14.050096	355.650000	3570.963252
14.048453	355.675000	3571.214269
14.046809	355.700000	3571.465285
14.045165	355.725000	3571.716302
14.043521	355.750000	3571.967319
14.041877	355.775000	3572.218335
14.040233	355.800000	3572.469352
14.038589	355.825000	3572.720369
14.036944	355.850000	3572.971386
14.035300	355.875000	3573.222402
14.033655	355.900000	3573.473419
14.032010	355.925000	3573.724436
14.030364	355.950000	3573.975452
14.028719	355.975000	3574.226469
14.027074	356.000000	3574.477486
14.025428	356.025000	3574.728502
14.023782	356.050000	3574.979519
14.022136	356.075000	3575.230536
14.020490	356.100000	3575.481552
14.018844	356.125000	3575.732569
14.017197	356.150000	3575.983586
14.015550	356.175000	3576.234602
14.013904	356.200000	3576.485619
14.012257	356.225000	3576.736636
14.010610	356.250000	3576.987652
14.008962	356.275000	3577.238669
14.007315	356.300000	3577.489686
14.005667	356.325000	3577.740702
14.004019	356.350000	3577.991719
14.002371	356.375000	3578.242736
14.000723	356.400000	3578.493752
13.999075	356.425000	3578.744769
13.997427	356.450000	3578.995786
13.995778	356.475000	3579.246802
13.994129	356.500000	3579.497819
13.992480	356.525000	3579.748836
13.990831	356.550000	3579.999852
13.989182	356.575000	3580.250869
13.987533	356.600000	3580.501886
13.985883	356.625000	3580.752903
13.984233	356.650000	3581.003919
13.982583	356.675000	3581.254936
13.980933	356.700000	3581.505953
13.979283	356.725000	3581.756969
13.977633	356.750000	3582.007986
13.975982	356.775000	3582.259003
13.974331	356.800000	3582.510019
13.972680	356.825000	3582.761036
13.971029	356.850000	3583.012053
13.969378	356.875000	3583.263069
13.967727	356.900000	3583.514086
13.966075	356.925000	3583.765103
13.964424	356.950000	3584.016119
13.962772	356.975000	3584.267136
13.961120	357.000000	3584.518153
13.959467	357.025000	3584.769169
13.957815	357.050000	3585.020186
13.956163	357.075000	3585.271203
13.954510	357.100000	3585.522219
13.952857	357.125000	3585.773236
13.951204	357.150000	3586.024253
13.949551	357.175000	3586.275269
13.947897	357.200000	3586.526286
13.946244	357.225000	3586.777303
13.944590	357.250000	3587.028319
13.942936	357.275000	3587.279336
13.941282	357.300000	3587.530353
13.939628	357.325000	3587.781369
13.937974	357.350000	3588.032386
13.936319	357.375000	3588.283403
13.934665	357.400000	3588.534419
13.933010	357.425000	3588.785436
13.931355	357.450000	3589.036453
13.929700	357.475000	3589.287470
13.928044	357.500000	3589.538486
13.926389	357.525000	3589.789503
13.924733	357.550000	3590.040520
13.923077	357.575000	3590.291536
13.921421	357.600000	3590.542553
13.919765	357.625000	3590.793570
13.918109	357.650000	3591.044586
13.916452	357.675000	3591.295603
13.914796	357.700000	3591.546620
13.913139	357.725000	3591.797636
13.911482	357.750000	3592.048653
13.909825	357.775000	3592.299670
13.908167	357.800000	3592.550686
13.906510	357.825000	3592.801703
13.904852	357.850000	3593.052720
13.903194	357.875000	3593.303736
13.901536	357.900000	3593.554753
13.899878	357.925000	3593.805770
13.898220	357.950000	3594.056786
13.896562	357.975000	3594.307803
13.894903	358.000000	3594.558820
13.893244	358.025000	3594.809836
13.891585	358.050000	3595.060853
13.889926	358.075000	3595.311870
13.888267	358.100000	3595.562886
13.886607	358.125000	3595.813903
13.884948	358.150000	3596.064920
13.883288	358.175000	3596.315936
13.881628	358.200000	3596.566953
13.879968	358.225000	3596.817970
13.878307	358.250000	3597.068987
13.876647	358.275000	3597.320003
13.874986	358.300000	3597.571020
13.873325	358.325000	3597.822037
13.871664	358.350000	3598.073053
13.870003	358.375000	3598.324070
13.868342	358.400000	3598.575087
13.866680	358.425000	3598.826103
13.865019	358.450000	3599.077120
13.863357	358.475000	3599.328137
13.861695	358.500000	3599.579153
13.860033	358.525000	3599.830170
13.858370	358.550000	3600.081187
13.856708	358.575000	3600.332203
13.855045	358.600000	3600.583220
13.853383	358.625000	3600.834237
13.851720	358.650000	3601.085253
13.850056	358.675000	3601.336270
13.848393	358.700000	3601.587287
13.846730	358.725000	3601.838303
13.845066	358.750000	3602.089320
13.843402	358.775000	3602.340337
13.841738	358.800000	3602.591353
13.840074	358.825000	3602.842370
13.838410	358.850000	3603.093387
13.836745	358.875000	3603.344403
13.835080	358.900000	3603.595420
13.833416	358.925000	3603.846437
13.831751	358.950000	3604.097453
13.830085	358.975000	3604.348470
13.828420	359.000000	3604.599487
13.826755	359.025000	3604.850504
13.825089	359.050000	3605.101520
13.823423	359.075000	3605.352537
13.821757	359.100000	3605.603554
13.820091	359.125000	3605.854570
13.818425	359.150000	3606.105587
13.816758	359.175000	3606.356604
13.815091	359.200000	3606.607620
13.813424	359.225000	3606.858637
13.811757	359.250000	3607.109654
13.810090	359.275000	3607.360670
13.808423	359.300000	3607.611687
13.806755	359.325000	3607.862704
13.805088	359.350000	3608.113720
13.803420	359.375000	3608.364737
13.801752	359.400000	3608.615754
13.800084	359.425000	3608.866770
13.798415	359.450000	3609.117787
13.796747	359.475000	3609.368804
13.795078	359.500000	3609.619820
13.793409	359.525000	3609.870837
13.791740	359.550000	3610.121854
13.790071	359.575000	3610.372870
13.788401	359.600000	3610.623887
13.786732	359.625000	3610.874904
13.785062	359.650000	3611.125920
13.783392	359.675000	3611.376937
13.781722	359.700000	3611.627954
13.780052	359.725000	3611.878970
13.778381	359.750000	3612.129987
13.776711	359.775000	3612.381004
13.775040	359.800000	3612.632021
13.773369	359.825000	3612.883037
13.771698	359.850000	3613.134054
13.770027	359.875000	3613.385071
13.768355	359.900000	3613.636087
13.766684	359.925000	3613.887104
13.765012	359.950000	3614.138121
13.763340	359.975000	3614.389137
13.761668	360.000000	3614.640154
13.759996	360.025000	3614.891171
13.758323	360.050000	3615.142187
13.756650	360.075000	3615.393204
13.754978	360.100000	3615.644221
13.753305	360.125000	3615.895237
13.751632	360.150000	3616.146254
13.749958	360.175000	3616.397271
13.748285	360.200000	3616.648287
13.746611	360.225000	3616.899304
13.744937	360.250000	3617.150321
13.743263	360.275000	3617.401337
13.741589	360.300000	3617.652354
13.739915	360.325000	3617.903371
13.738240	360.350000	3618.154387
13.736566	360.375000	3618.405404
13.734891	360.400000	3618.656421
13.733216	360.425000	3618.907437
13.731541	360.450000	3619.158454
13.729865	360.475000	3619.409471
13.728190	360.500000	3619.660487
13.726514	360.525000	3619.911504
13.724838	360.550000	3620.162521
13.723162	360.575000	3620.413538
13.721486	360.600000	3620.664554
13.719809	360.625000	3620.915571
13.718133	360.650000	3621.166588
13.716456	360.675000	3621.417604
13.714779	360.700000	3621.668621
13.713102	360.725000	3621.919638
13.711425	360.750000	3622.170654
13.709747	360.775000	3622.421671
13.708070	360.800000	3622.672688
13.706392	360.825000	3622.923704
13.704714	360.850000	3623.174721
13.703036	360.875000	3623.425738
13.701358	360.900000	3623.676754
13.699679	360.925000	3623.927771
13.698001	360.950000	3624.178788
13.696322	360.975000	3624.429804
13.694643	361.000000	3624.680821
13.692964	361.025000	3624.931838
13.691284	361.050000	3625.182854
13.689605	361.075000	3625.433871
13.687925	361.100000	3625.684888
13.686245	361.125000	3625.935904
13.684565	361.150000	3626.186921
13.682885	361.175000	3626.437938
13.681205	361.200000	3626.688954
13.679524	361.225000	3626.939971
13.677843	361.250000	3627.190988
13.676163	361.275000	3627.442004
13.674482	361.300000	3627.693021
13.672800	361.325000	3627.944038
13.671119	361.350000	3628.195055
13.669437	361.375000	3628.446071
13.667756	361.400000	3628.697088
13.666074	361.425000	3628.948105
13.664392	361.450000	3629.199121
13.662709	361.475000	3629.450138
13.661027	361.500000	3629.701155
13.659344	361.525000	3629.952171
13.657661	361.550000	3630.203188
13.655978	361.575000	3630.454205
13.654295	361.600000	3630.705221
13.652612	361.625000	3630.956238
13.650929	361.650000	3631.207255
13.649245	361.675000	3631.458271
13.647561	361.700000	3631.709288
13.645877	361.725000	3631.960305
13.644193	361.750000	3632.211321
13.642508	361.775000	3632.462338
13.640824	361.800000	3632.713355
13.639139	361.825000	3632.964371
13.637454	361.850000	3633.215388
13.635769	361.875000	3633.466405
13.634084	361.900000	3633.717421
13.632399	361.925000	3633.968438
13.630713	361.950000	3634.219455
13.629027	361.975000	3634.470471
13.627341	362.000000	3634.721488
13.625655	362.025000	3634.972505
13.623969	362.050000	3635.223521
13.622283	362.075000	3635.474538
13.620596	362.100000	3635.725555
13.618909	362.125000	3635.976572
13.617222	362.150000	3636.227588
13.615535	362.175000	3636.478605
13.613848	362.200000	3636.729622
13.612160	362.225000	3636.980638
13.610472	362.250000	3637.231655
13.608785	362.275000	3637.482672
13.607097	362.300000	3637.733688
13.605408	362.325000	3637.984705
13.603720	362.350000	3638.235722
13.602031	362.375000	3638.486738
13.600343	362.400000	3638.737755
13.598654	362.425000	3638.988772
13.596965	362.450000	3639.239788
13.595275	362.475000	3639.490805
13.593586	362.500000	3639.741822
13.591896	362.525000	3639.992838
13.590206	362.550000	3640.243855
13.588517	362.575000	3640.494872
13.586826	362.600000	3640.745888
13.585136	362.625000	3640.996905
13.583446	362.650000	3641.247922
13.581755	362.675000	3641.498938
13.580064	362.700000	3641.749955
13.578373	362.725000	3642.000972
13.576682	362.750000	3642.251988
13.574990	362.775000	3642.503005
13.573299	362.800000	3642.754022
13.571607	362.825000	3643.005038
13.569915	362.850000	3643.256055
13.568223	362.875000	3643.507072
13.566531	362.900000	3643.758089
13.564838	362.925000	3644.009105
13.563146	362.950000	3644.260122
13.561453	362.975000	3644.511139
13.559760	363.000000	3644.762155
13.558067	363.025000	3645.013172
13.556374	363.050000	3645.264189
13.554680	363.075000	3645.515205
13.552986	363.100000	3645.766222
13.551292	363.125000	3646.017239
13.549598	363.150000	3646.268255
13.547904	363.175000	3646.519272
13.546210	363.200000	3646.770289
13.544515	363.225000	3647.021305
13.542821	363.250000	3647.272322
13.541126	363.275000	3647.523339
13.539430	363.300000	3647.774355
13.537735	363.325000	3648.025372
13.536040	363.350000	3648.276389
13.534344	363.375000	3648.527405
13.532648	363.400000	3648.778422
13.530952	363.425000	3649.029439
13.529256	363.450000	3649.280455
13.527560	363.475000	3649.531472
13.525863	363.500000	3649.782489
13.524167	363.525000	3650.033505
13.522470	363.550000	3650.284522
13.520773	363.575000	3650.535539
13.519075	363.600000	3650.786555
13.517378	363.625000	3651.037572
13.515680	363.650000	3651.288589
13.513983	363.675000	3651.539606
13.512285	363.700000	3651.790622
13.510586	363.725000	3652.041639
13.508888	363.750000	3652.292656
13.507190	363.775000	3652.543672
13.505491	363.800000	3652.794689
13.503792	363.825000	3653.045706
13.502093	363.850000	3653.296722
13.500394	363.875000	3653.547739
13.498694	363.900000	3653.798756
13.496995	363.925000	3654.049772
13.495295	363.950000	3654.300789
13.493595	363.975000	3654.551806
13.491895	364.000000	3654.802822
13.490195	364.025000	3655.053839
13.488494	364.050000	3655.304856
13.486794	364.075000	3655.555872
13.485093	364.100000	3655.806889
13.483392	364.125000	3656.057906
13.481691	364.150000	3656.308922
13.479989	364.175000	3656.559939
13.478288	364.200000	3656.810956
13.476586	364.225000	3657.061972
13.474884	364.250000	3657.312989
13.473182	364.275000	3657.564006
13.471480	364.300000	3657.815022
13.469777	364.325000	3658.066039
13.468075	364.350000	3658.317056
13.466372	364.375000	3658.568072
13.464669	364.400000	3658.819089
13.462966	364.425000	3659.070106
13.461262	364.450000	3659.321123
13.459559	364.475000	3659.572139
13.457855	364.500000	3659.823156
13.456151	364.525000	3660.074173
13.454447	364.550000	3660.325189
13.452743	364.575000	3660.576206
13.451039	364.600000	3660.827223
13.449334	364.625000	3661.078239
13.447629	364.650000	3661.329256
13.445924	364.675000	3661.580273
13.444219	364.700000	3661.831289
13.442514	364.725000	3662.082306
13.440808	364.750000	3662.333323
13.439102	364.775000	3662.584339
13.437397	364.800000	3662.835356
13.435690	364.825000	3663.086373
13.433984	364.850000	3663.337389
13.432278	364.875000	3663.588406
13.430571	364.900000	3663.839423
13.428864	364.925000	3664.090439
13.427157	364.950000	3664.341456
13.425450	364.975000	3664.592473
13.423743	365.000000	3664.843489
13.422035	365.025000	3665.094506
13.420328	365.050000	3665.345523
13.418620	365.075000	3665.596539
13.416912	365.100000	3665.847556
13.415203	365.125000	3666.098573
13.413495	365.150000	3666.349589
13.411786	365.175000	3666.600606
13.410078	365.200000	3666.851623
13.408369	365.225000	3667.102640
13.406660	365.250000	3667.353656
13.404950	365.275000	3667.604673
13.403241	365.300000	3667.855690
13.401531	365.325000	3668.106706
13.399821	365.350000	3668.357723
13.398111	365.375000	3668.608740
13.396401	365.400000	3668.859756
13.394690	365.425000	3669.110773
13.392980	365.450000	3669.361790
13.391269	365.475000	3669.612806
13.389558	365.500000	3669.863823
13.387847	365.525000	3670.114840
13.386135	365.550000	3670.365856
13.384424	365.575000	3670.616873
13.382712	365.600000	3670.867890
13.381000	365.625000	3671.118906
13.379288	365.650000	3671.369923
13.377576	365.675000	3671.620940
13.375863	365.700000	3671.871956
13.374151	365.725000	3672.122973
13.372438	365.750000	3672.373990
13.370725	365.775000	3672.625006
13.369012	365.800000	3672.876023
13.367298	365.825000	3673.127040
13.365585	365.850000	3673.378056
13.363871	365.875000	3673.629073
13.362157	365.900000	3673.880090
13.360443	365.925000	3674.131106
13.358729	365.950000	3674.382123
13.357014	365.975000	3674.633140
13.355300	366.000000	3674.884157
13.353585	366.025000	3675.135173
13.351870	366.050000	3675.386190
13.350154	366.075000	3675.637207
13.348439	366.100000	3675.888223
13.346723	366.125000	3676.139240
13.345008	366.150000	3676.390257
13.343292	366.175000	3676.641273
13.341576	366.200000	3676.892290
13.339859	366.225000	3677.143307
13.338143	366.250000	3677.394323
13.336426	366.275000	3677.645340
13.334709	366.300000	3677.896357
13.332992	366.325000	3678.147373
13.331275	366.350000	3678.398390
13.329557	366.375000	3678.649407
13.327840	366.400000	3678.900423
13.326122	366.425000	3679.151440
13.324404	366.450000	3679.402457
13.322686	366.475000	3679.653473
13.320967	366.500000	3679.904490
13.319249	366.525000	3680.155507
13.317530	366.550000	3680.406523
13.315811	366.575000	3680.657540
13.314092	366.600000	3680.908557
13.312373	366.625000	3681.159573
13.310653	366.650000	3681.410590
13.308934	366.675000	3681.661607
13.307214	366.700000	3681.912623
13.305494	366.725000	3682.163640
13.303774	366.750000	3682.414657
13.302053	366.775000	3682.665674
13.300333	366.800000	3682.916690
13.298612	366.825000	3683.167707
13.296891	366.850000	3683.418724
13.295170	366.875000	3683.669740
13.293448	366.900000	3683.920757
13.291727	366.925000	3684.171774
13.290005	366.950000	3684.422790
13.288283	366.975000	3684.673807
13.286561	367.000000	3684.924824
13.284839	367.025000	3685.175840
13.283116	367.050000	3685.426857
13.281394	367.075000	3685.677874
13.279671	367.100000	3685.928890
13.277948	367.125000	3686.179907
13.276225	367.150000	3686.430924
13.274501	367.175000	3686.681940
13.272778	367.200000	3686.932957
13.271054	367.225000	3687.183974
13.269330	367.250000	3687.434990
13.267606	367.275000	3687.686007
13.265882	367.300000	3687.937024
13.264157	367.325000	3688.188040
13.262432	367.350000	3688.439057
13.260707	367.375000	3688.690074
13.258982	367.400000	3688.941090
13.257257	367.425000	3689.192107
13.255532	367.450000	3689.443124
13.253806	367.475000	3689.694140
13.252080	367.500000	3689.945157
13.250354	367.525000	3690.196174
13.248628	367.550000	3690.447191
13.246901	367.575000	3690.698207
13.245175	367.600000	3690.949224
13.243448	367.625000	3691.200241
13.241721	367.650000	3691.451257
13.239994	367.675000	3691.702274
13.238267	367.700000	3691.953291
13.236539	367.725000	3692.204307
13.234811	367.750000	3692.455324
13.233083	367.775000	3692.706341
13.231355	367.800000	3692.957357
13.229627	367.825000	3693.208374
13.227899	367.850000	3693.459391
13.226170	367.875000	3693.710407
13.224441	367.900000	3693.961424
13.222712	367.925000	3694.212441
13.220983	367.950000	3694.463457
13.219253	367.975000	3694.714474
13.217524	368.000000	3694.965491
13.215794	368.025000	3695.216507
13.214064	368.050000	3695.467524
13.212334	368.075000	3695.718541
13.210603	368.100000	3695.969557
13.208873	368.125000	3696.220574
13.207142	368.150000	3696.471591
13.205411	368.175000	3696.722607
13.203680	368.200000	3696.973624
13.201949	368.225000	3697.224641
13.200217	368.250000	3697.475657
13.198486	368.275000	3697.726674
13.196754	368.300000	3697.977691
13.195022	368.325000	3698.228708
13.193289	368.350000	3698.479724
13.191557	368.375000	3698.730741
13.189824	368.400000	3698.981758
13.188091	368.425000	3699.232774
13.186358	368.450000	3699.483791
13.184625	368.475000	3699.734808
13.182892	368.500000	3699.985824
13.181158	368.525000	3700.236841
13.179424	368.550000	3700.487858
13.177690	368.575000	3700.738874
13.175956	368.600000	3700.989891
13.174222	368.625000	3701.240908
13.172487	368.650000	3701.491924
13.170752	368.675000	3701.742941
13.169018	368.700000	3701.993958
13.167282	368.725000	3702.244974
13.165547	368.750000	3702.495991
13.163812	368.775000	3702.747008
13.162076	368.800000	3702.998024
13.160340	368.825000	3703.249041
13.158604	368.850000	3703.500058
13.156868	368.875000	3703.751074
13.155131	368.900000	3704.002091
13.153394	368.925000	3704.253108
13.151658	368.950000	3704.504124
13.149921	368.975000	3704.755141
13.148183	369.000000	3705.006158
13.146446	369.025000	3705.257174
13.144708	369.050000	3705.508191
13.142970	369.075000	3705.759208
13.141232	369.100000	3706.010224
13.139494	369.125000	3706.261241
13.137756	369.150000	3706.512258
13.136017	369.175000	3706.763275
13.134278	369.200000	3707.014291
13.132539	369.225000	3707.265308
13.130800	369.250000	3707.516325
13.129061	369.275000	3707.767341
13.127321	369.300000	3708.018358
13.125582	369.325000	3708.269375
13.123842	369.350000	3708.520391
13.122102	369.375000	3708.771408
13.120361	369.400000	3709.022425
13.118621	369.425000	3709.273441
13.116880	369.450000	3709.524458
13.115139	369.475000	3709.775475
13.113398	369.500000	3710.026491
13.111657	369.525000	3710.277508
13.109915	369.550000	3710.528525
13.108174	369.575000	3710.779541
13.106432	369.600000	3711.030558
13.104690	369.625000	3711.281575
13.102947	369.650000	3711.532591
13.101205	369.675000	3711.783608
13.099462	369.700000	3712.034625
13.097720	369.725000	3712.285641
13.095976	369.750000	3712.536658
13.094233	369.775000	3712.787675
13.092490	369.800000	3713.038691
13.090746	369.825000	3713.289708
13.089002	369.850000	3713.540725
13.087258	369.875000	3713.791741
13.085514	369.900000	3714.042758
13.083770	369.925000	3714.293775
13.082025	369.950000	3714.544792
13.080280	369.975000	3714.795808
13.078536	370.000000	3715.046825
13.076790	370.025000	3715.297842
13.075045	370.050000	3715.548858
13.073299	370.075000	3715.799875
13.071554	370.100000	3716.050892
13.069808	370.125000	3716.301908
13.068062	370.150000	3716.552925
13.066315	370.175000	3716.803942
13.064569	370.200000	3717.054958
13.062822	370.225000	3717.305975
13.061075	370.250000	3717.556992
13.059328	370.275000	3717.808008
13.057581	370.300000	3718.059025
13.055833	370.325000	3718.310042
13.054085	370.350000	3718.561058
13.052337	370.375000	3718.812075
13.050589	370.400000	3719.063092
13.048841	370.425000	3719.314108
13.047093	370.450000	3719.565125
13.045344	370.475000	3719.816142
13.043595	370.500000	3720.067158
13.041846	370.525000	3720.318175
13.040097	370.550000	3720.569192
13.038347	370.575000	3720.820208
13.036598	370.600000	3721.071225
13.034848	370.625000	3721.322242
13.033098	370.650000	3721.573258
13.031347	370.675000	3721.824275
13.029597	370.700000	3722.075292
13.027846	370.725000	3722.326309
13.026095	370.750000	3722.577325
13.024344	370.775000	3722.828342
13.022593	370.800000	3723.079359
13.020842	370.825000	3723.330375
13.019090	370.850000	3723.581392
13.017338	370.875000	3723.832409
13.015586	370.900000	3724.083425
13.013834	370.925000	3724.334442
13.012082	370.950000	3724.585459
13.010329	370.975000	3724.836475
13.008576	371.000000	3725.087492
13.006823	371.025000	3725.338509
13.005070	371.050000	3725.589525
13.003317	371.075000	3725.840542
13.001563	371.100000	3726.091559
12.999809	371.125000	3726.342575
12.998055	371.150000	3726.593592
12.996301	371.175000	3726.844609
12.994547	371.200000	3727.095625
12.992792	371.225000	3727.346642
12.991037	371.250000	3727.597659
12.989282	371.275000	3727.848675
12.987527	371.300000	3728.099692
12.985772	371.325000	3728.350709
12.984016	371.350000	3728.601725
12.982260	371.375000	3728.852742
12.980504	371.400000	3729.103759
12.978748	371.425000	3729.354775
12.976992	371.450000	3729.605792
12.975235	371.475000	3729.856809
12.973478	371.500000	3730.107826
12.971721	371.525000	3730.358842
12.969964	371.550000	3730.609859
12.968207	371.575000	3730.860876
12.966449	371.600000	3731.111892
12.964691	371.625000	3731.362909
12.962933	371.650000	3731.613926
12.961175	371.675000	3731.864942
12.959417	371.700000	3732.115959
12.957658	371.725000	3732.366976
12.955900	371.750000	3732.617992
12.954141	371.775000	3732.869009
12.952381	371.800000	3733.120026
12.950622	371.825000	3733.371042
12.948862	371.850000	3733.622059
12.947103	371.875000	3733.873076
12.945343	371.900000	3734.124092
12.943583	371.925000	3734.375109
12.941822	371.950000	3734.626126
12.940062	371.975000	3734.877142
12.938301	372.000000	3735.128159
12.936540	372.025000	3735.379176
12.934779	372.050000	3735.630192
12.933017	372.075000	3735.881209
12.931256	372.100000	3736.132226
12.929494	372.125000	3736.383242
12.927732	372.150000	3736.634259
12.925970	372.175000	3736.885276
12.924207	372.200000	3737.136292
12.922445	372.225000	3737.387309
12.920682	372.250000	3737.638326
12.918919	372.275000	3737.889343
12.917156	372.300000	3738.140359
12.915393	372.325000	3738.391376
12.913629	372.350000	3738.642393
12.911865	372.375000	3738.893409
12.910101	372.400000	3739.144426
12.908337	372.425000	3739.395443
12.906573	372.450000	3739.646459
12.904808	372.475000	3739.897476
12.903043	372.500000	3740.148493
12.901278	372.525000	3740.399509
12.899513	372.550000	3740.650526
12.897748	372.575000	3740.901543
12.895982	372.600000	3741.152559
12.894216	372.625000	3741.403576
12.892450	372.650000	3741.654593
12.890684	372.675000	3741.905609
12.888918	372.700000	3742.156626
12.887151	372.725000	3742.407643
12.885384	372.750000	3742.658659
12.883617	372.775000	3742.909676
12.881850	372.800000	3743.160693
12.880083	372.825000	3743.411709
12.878315	372.850000	3743.662726
12.876547	372.875000	3743.913743
12.874779	372.900000	3744.164759
12.873011	372.925000	3744.415776
12.871243	372.950000	3744.666793
12.869474	372.975000	3744.917809
12.867705	373.000000	3745.168826
12.865936	373.025000	3745.419843
12.864167	373.050000	3745.670860
12.862397	373.075000	3745.921876
12.860628	373.100000	3746.172893
12.858858	373.125000	3746.423910
12.857088	373.150000	3746.674926
12.855318	373.175000	3746.925943
12.853547	373.200000	3747.176960
12.851776	373.225000	3747.427976
12.850006	373.250000	3747.678993
12.848235	373.275000	3747.930010
12.846463	373.300000	3748.181026
12.844692	373.325000	3748.432043
12.842920	373.350000	3748.683060
12.841148	373.375000	3748.934076
12.839376	373.400000	3749.185093
12.837604	373.425000	3749.436110
12.835831	373.450000	3749.687126
12.834059	373.475000	3749.938143
12.832286	373.500000	3750.189160
12.830513	373.525000	3750.440176
12.828739	373.550000	3750.691193
12.826966	373.575000	3750.942210
12.825192	373.600000	3751.193226
12.823418	373.625000	3751.444243
12.821644	373.650000	3751.695260
12.819870	373.675000	3751.946276
12.818095	373.700000	3752.197293
12.816320	373.725000	3752.448310
12.814545	373.750000	3752.699326
12.812770	373.775000	3752.950343
12.810995	373.800000	3753.201360
12.809219	373.825000	3753.452377
12.807443	373.850000	3753.703393
12.805667	373.875000	3753.954410
12.803891	373.900000	3754.205427
12.802115	373.925000	3754.456443
12.800338	373.950000	3754.707460
12.798561	373.975000	3754.958477
12.796784	374.000000	3755.209493
12.795007	374.025000	3755.460510
12.793230	374.050000	3755.711527
12.791452	374.075000	3755.962543
12.789674	374.100000	3756.213560
12.787896	374.125000	3756.464577
12.786118	374.150000	3756.715593
12.784339	374.175000	3756.966610
12.782561	374.200000	3757.217627
12.780782	374.225000	3757.468643
12.779003	374.250000	3757.719660
12.777224	374.275000	3757.970677
12.775444	374.300000	3758.221693
12.773664	374.325000	3758.472710
12.771884	374.350000	3758.723727
12.770104	374.375000	3758.974743
12.768324	374.400000	3759.225760
12.766544	374.425000	3759.476777
12.764763	374.450000	3759.727793
12.762982	374.475000	3759.978810
12.761201	374.500000	3760.229827
12.759419	374.525000	3760.480843
12.757638	374.550000	3760.731860
12.755856	374.575000	3760.982877
12.754074	374.600000	3761.233894
12.752292	374.625000	3761.484910
12.750509	374.650000	3761.735927
12.748727	374.675000	3761.986944
12.746944	374.700000	3762.237960
12.745161	374.725000	3762.488977
12.743378	374.750000	3762.739994
12.741594	374.775000	3762.991010
12.739811	374.800000	3763.242027
12.738027	374.825000	3763.493044
12.736243	374.850000	3763.744060
12.734458	374.875000	3763.995077
12.732674	374.900000	3764.246094
12.730889	374.925000	3764.497110
12.729104	374.950000	3764.748127
12.727319	374.975000	3764.999144
12.725534	375.000000	3765.250160
12.723748	375.025000	3765.501177
12.721963	375.050000	3765.752194
12.720177	375.075000	3766.003210
12.718391	375.100000	3766.254227
12.716604	375.125000	3766.505244
12.714818	375.150000	3766.756260
12.713031	375.175000	3767.007277
12.711244	375.200000	3767.258294
12.709457	375.225000	3767.509310
12.707669	375.250000	3767.760327
12.705882	375.275000	3768.011344
12.704094	375.300000	3768.262360
12.702306	375.325000	3768.513377
12.700517	375.350000	3768.764394
12.698729	375.375000	3769.015411
12.696940	375.400000	3769.266427
12.695151	375.425000	3769.517444
12.693362	375.450000	3769.768461
12.691573	375.475000	3770.019477
12.689784	375.500000	3770.270494
12.687994	375.525000	3770.521511
12.686204	375.550000	3770.772527
12.684414	375.575000	3771.023544
12.682623	375.600000	3771.274561
12.680833	375.625000	3771.525577
12.679042	375.650000	3771.776594
12.677251	375.675000	3772.027611
12.675460	375.700000	3772.278627
12.673668	375.725000	3772.529644
12.671877	375.750000	3772.780661
12.670085	375.775000	3773.031677
12.668293	375.800000	3773.282694
12.666501	375.825000	3773.533711
12.664708	375.850000	3773.784727
12.662916	375.875000	3774.035744
12.661123	375.900000	3774.286761
12.659330	375.925000	3774.537777
12.657536	375.950000	3774.788794
12.655743	375.975000	3775.039811
12.653949	376.000000	3775.290827
12.652155	376.025000	3775.541844
12.650361	376.050000	3775.792861
12.648566	376.075000	3776.043877
12.646772	376.100000	3776.294894
12.644977	376.125000	3776.545911
12.643182	376.150000	3776.796928
12.641387	376.175000	3777.047944
12.639591	376.200000	3777.298961
12.637796	376.225000	3777.549978
12.636000	376.250000	3777.800994
12.634204	376.275000	3778.052011
12.632407	376.300000	3778.303028
12.630611	376.325000	3778.554044
12.628814	376.350000	3778.805061
12.627017	376.375000	3779.056078
12.625220	376.400000	3779.307094
12.623423	376.425000	3779.558111
12.621625	376.450000	3779.809128
12.619827	376.475000	3780.060144
12.618029	376.500000	3780.311161
12.616231	376.525000	3780.562178
12.614433	376.550000	3780.813194
12.612634	376.575000	3781.064211
12.610835	376.600000	3781.315228
12.609036	376.625000	3781.566244
12.607237	376.650000	3781.817261
12.605437	376.675000	3782.068278
12.603638	376.700000	3782.319294
12.601838	376.725000	3782.570311
12.600038	376.750000	3782.821328
12.598237	376.775000	3783.072344
12.596437	376.800000	3783.323361
12.594636	376.825000	3783.574378
12.592835	376.850000	3783.825394
12.591034	376.875000	3784.076411
12.589232	376.900000	3784.327428
12.587431	376.925000	3784.578445
12.585629	376.950000	3784.829461
12.583827	376.975000	3785.080478
12.582024	377.000000	3785.331495
12.580222	377.025000	3785.582511
12.578419	377.050000	3785.833528
12.576616	377.075000	3786.084545
12.574813	377.100000	3786.335561
12.573010	377.125000	3786.586578
12.571206	377.150000	3786.837595
12.569402	377.175000	3787.088611
12.567598	377.200000	3787.339628
12.565794	377.225000	3787.590645
12.563990	377.250000	3787.841661
12.562185	377.275000	3788.092678
12.560380	377.300000	3788.343695
12.558575	377.325000	3788.594711
12.556770	377.350000	3788.845728
12.554964	377.375000	3789.096745
12.553158	377.400000	3789.347761
12.551352	377.425000	3789.598778
12.549546	377.450000	3789.849795
12.547740	377.475000	3790.100811
12.545933	377.500000	3790.351828
12.544126	377.525000	3790.602845
12.542319	377.550000	3790.853861
12.540512	377.575000	3791.104878
12.538705	377.600000	3791.355895
12.536897	377.625000	3791.606911
12.535089	377.650000	3791.857928
12.533281	377.675000	3792.108945
12.531473	377.700000	3792.359962
12.529664	377.725000	3792.610978
12.527855	377.750000	3792.861995
12.526046	377.775000	3793.113012
12.524237	377.800000	3793.364028
12.522428	377.825000	3793.615045
12.520618	377.850000	3793.866062
12.518808	377.875000	3794.117078
12.516998	377.900000	3794.368095
12.515188	377.925000	3794.619112
12.513377	377.950000	3794.870128
12.511566	377.975000	3795.121145
12.509755	378.000000	3795.372162
12.507944	378.025000	3795.623178
12.506133	378.050000	3795.874195
12.504321	378.075000	3796.125212
12.502509	378.100000	3796.376228
12.500697	378.125000	3796.627245
12.498885	378.150000	3796.878262
12.497073	378.175000	3797.129278
12.495260	378.200000	3797.380295
12.493447	378.225000	3797.631312
12.491634	378.250000	3797.882328
12.489820	378.275000	3798.133345
12.488007	378.300000	3798.384362
12.486193	378.325000	3798.635378
12.484379	378.350000	3798.886395
12.482565	378.375000	3799.137412
12.480750	378.400000	3799.388428
12.478935	378.425000	3799.639445
12.477121	378.450000	3799.890462
12.475305	378.475000	3800.141479
12.473490	378.500000	3800.392495
12.471674	378.525000	3800.643512
12.469859	378.550000	3800.894529
12.468043	378.575000	3801.145545
12.466226	378.600000	3801.396562
12.464410	378.625000	3801.647579
12.462593	378.650000	3801.898595
12.460776	378.675000	3802.149612
12.458959	378.700000	3802.400629
12.457142	378.725000	3802.651645
12.455324	378.750000	3802.902662
12.453507	378.775000	3803.153679
12.451689	378.800000	3803.404695
12.449870	378.825000	3803.655712
12.448052	378.850000	3803.906729
12.446233	378.875000	3804.157745
12.444414	378.900000	3804.408762
12.442595	378.925000	3804.659779
12.440776	378.950000	3804.910795
12.438956	378.975000	3805.161812
12.437137	379.000000	3805.412829
12.435317	379.025000	3805.663845
12.433496	379.050000	3805.914862
12.431676	379.075000	3806.165879
12.429855	379.100000	3806.416895
12.428034	379.125000	3806.667912
12.426213	379.150000	3806.918929
12.424392	379.175000	3807.169945
12.422570	379.200000	3807.420962
12.420749	379.225000	3807.671979
12.418927	379.250000	3807.922996
12.417104	379.275000	3808.174012
12.415282	379.300000	3808.425029
12.413459	379.325000	3808.676046
12.411636	379.350000	3808.927062
12.409813	379.375000	3809.178079
12.407990	379.400000	3809.429096
12.406166	379.425000	3809.680112
12.404343	379.450000	3809.931129
12.402519	379.475000	3810.182146
12.400694	379.500000	3810.433162
12.398870	379.525000	3810.684179
12.397045	379.550000	3810.935196
12.395220	379.575000	3811.186212
12.393395	379.600000	3811.437229
12.391570	379.625000	3811.688246
12.389744	379.650000	3811.939262
12.387919	379.675000	3812.190279
12.386093	379.700000	3812.441296
12.384266	379.725000	3812.692312
12.382440	379.750000	3812.943329
12.380613	379.775000	3813.194346
12.378786	379.800000	3813.445362
12.376959	379.825000	3813.696379
12.375132	379.850000	3813.947396
12.373304	379.875000	3814.198412
12.371476	379.900000	3814.449429
12.369648	379.925000	3814.700446
12.367820	379.950000	3814.951462
12.365992	379.975000	3815.202479
12.364163	380.000000	3815.453496
12.362334	380.025000	3815.704513
12.360505	380.050000	3815.955529
12.358675	380.075000	3816.206546
12.356846	380.100000	3816.457563
12.355016	380.125000	3816.708579
12.353186	380.150000	3816.959596
12.351355	380.175000	3817.210613
12.349525	380.200000	3817.461629
12.347694	380.225000	3817.712646
12.345863	380.250000	3817.963663
12.344032	380.275000	3818.214679
12.342201	380.300000	3818.465696
12.340369	380.325000	3818.716713
12.338537	380.350000	3818.967729
12.336705	380.375000	3819.218746
12.334873	380.400000	3819.469763
12.333040	380.425000	3819.720779
12.331207	380.450000	3819.971796
12.329374	380.475000	3820.222813
12.327541	380.500000	3820.473829
12.325708	380.525000	3820.724846
12.323874	380.550000	3820.975863
12.322040	380.575000	3821.226879
12.320206	380.600000	3821.477896
12.318371	380.625000	3821.728913
12.316537	380.650000	3821.979929
12.314702	380.675000	3822.230946
12.312867	380.700000	3822.481963
12.311032	380.725000	3822.732979
12.309196	380.750000	3822.983996
12.307360	380.775000	3823.235013
12.305524	380.800000	3823.486030
12.303688	380.825000	3823.737046
12.301852	380.850000	3823.988063
12.300015	380.875000	3824.239080
12.298178	380.900000	3824.490096
12.296341	380.925000	3824.741113
12.294504	380.950000	3824.992130
12.292666	380.975000	3825.243146
12.290828	381.000000	3825.494163
12.288990	381.025000	3825.745180
12.287152	381.050000	3825.996196
12.285314	381.075000	3826.247213
12.283475	381.100000	3826.498230
12.281636	381.125000	3826.749246
12.279797	381.150000	3827.000263
12.277957	381.175000	3827.251280
12.276118	381.200000	3827.502296
12.274278	381.225000	3827.753313
12.272438	381.250000	3828.004330
12.270598	381.275000	3828.255346
12.268757	381.300000	3828.506363
12.266916	381.325000	3828.757380
12.265075	381.350000	3829.008396
12.263234	381.375000	3829.259413
12.261393	381.400000	3829.510430
12.259551	381.425000	3829.761446
12.257709	381.450000	3830.012463
12.255867	381.475000	3830.263480
12.254024	381.500000	3830.514496
12.252182	381.525000	3830.765513
12.250339	381.550000	3831.016530
12.248496	381.575000	3831.267546
12.246652	381.600000	3831.518563
12.244809	381.625000	3831.769580
12.242965	381.650000	3832.020597
12.241121	381.675000	3832.271613
12.239277	381.700000	3832.522630
12.237432	381.725000	3832.773647
12.235588	381.750000	3833.024663
12.233743	381.775000	3833.275680
12.231898	381.800000	3833.526697
12.230052	381.825000	3833.777713
12.228207	381.850000	3834.028730
12.226361	381.875000	3834.279747
12.224515	381.900000	3834.530763
12.222668	381.925000	3834.781780
12.220822	381.950000	3835.032797
12.218975	381.975000	3835.283813
12.217128	382.000000	3835.534830
12.215281	382.025000	3835.785847
12.213433	382.050000	3836.036863
12.211586	382.075000	3836.287880
12.209738	382.100000	3836.538897
12.207889	382.125000	3836.789913
12.206041	382.150000	3837.040930
12.204192	382.175000	3837.291947
12.202343	382.200000	3837.542963
12.200494	382.225000	3837.793980
12.198645	382.250000	3838.044997
12.196795	382.275000	3838.296013
12.194946	382.300000	3838.547030
12.193096	382.325000	3838.798047
12.191245	382.350000	3839.049063
12.189395	382.375000	3839.300080
12.187544	382.400000	3839.551097
12.185693	382.425000	3839.802114
12.183842	382.450000	3840.053130
12.181990	382.475000	3840.304147
12.180139	382.500000	3840.555164
12.178287	382.525000	3840.806180
12.176435	382.550000	3841.057197
12.174582	382.575000	3841.308214
12.172730	382.600000	3841.559230
12.170877	382.625000	3841.810247
12.169024	382.650000	3842.061264
12.167170	382.675000	3842.312280
12.165317	382.700000	3842.563297
12.163463	382.725000	3842.814314
12.161609	382.750000	3843.065330
12.159755	382.775000	3843.316347
12.157900	382.800000	3843.567364
12.156045	382.825000	3843.818380
12.154190	382.850000	3844.069397
12.152335	382.875000	3844.320414
12.150480	382.900000	3844.571430
12.148624	382.925000	3844.822447
12.146768	382.950000	3845.073464
12.144912	382.975000	3845.324480
12.143056	383.000000	3845.575497
12.141199	383.025000	3845.826514
12.139342	383.050000	3846.077530
12.137485	383.075000	3846.328547
12.135628	383.100000	3846.579564
12.133770	383.125000	3846.830580
12.131912	383.150000	3847.081597
12.130054	383.175000	3847.332614
12.128196	383.200000	3847.583631
12.126338	383.225000	3847.834647
12.124479	383.250000	3848.085664
12.122620	383.275000	3848.336681
12.120761	383.300000	3848.587697
12.118901	383.325000	3848.838714
12.117041	383.350000	3849.089731
12.115181	383.375000	3849.340747
12.113321	383.400000	3849.591764
12.111461	383.425000	3849.842781
12.109600	383.450000	3850.093797
12.107739	383.475000	3850.344814
12.105878	383.500000	3850.595831
12.104017	383.525000	3850.846847
12.102155	383.550000	3851.097864
12.100293	383.575000	3851.348881
12.098431	383.600000	3851.599897
12.096569	383.625000	3851.850914
12.094706	383.650000	3852.101931
12.092844	383.675000	3852.352947
12.090981	383.700000	3852.603964
12.089117	383.725000	3852.854981
12.087254	383.750000	3853.105997
12.085390	383.775000	3853.357014
12.083526	383.800000	3853.608031
12.081662	383.825000	3853.859047
12.079797	383.850000	3854.110064
12.077933	383.875000	3854.361081
12.076068	383.900000	3854.612097
12.074203	383.925000	3854.863114
12.072337	383.950000	3855.114131
12.070471	383.975000	3855.365148
12.068606	384.000000	3855.616164
12.066739	384.025000	3855.867181
12.064873	384.050000	3856.118198
12.063006	384.075000	3856.369214
12.061139	384.100000	3856.620231
12.059272	384.125000	3856.871248
12.057405	384.150000	3857.122264
12.055537	384.175000	3857.373281
12.053670	384.200000	3857.624298
12.051802	384.225000	3857.875314
12.049933	384.250000	3858.126331
12.048065	384.275000	3858.377348
12.046196	384.300000	3858.628364
12.044327	384.325000	3858.879381
12.042458	384.350000	3859.130398
12.040588	384.375000	3859.381414
12.038718	384.400000	3859.632431
12.036848	384.425000	3859.883448
12.034978	384.450000	3860.134464
12.033108	384.475000	3860.385481
12.031237	384.500000	3860.636498
12.029366	384.525000	3860.887514
12.027495	384.550000	3861.138531
12.025623	384.575000	3861.389548
12.023752	384.600000	3861.640564
12.021880	384.625000	3861.891581
12.020007	384.650000	3862.142598
12.018135	384.675000	3862.393614
12.016262	384.700000	3862.644631
12.014389	384.725000	3862.895648
12.012516	384.750000	3863.146665
12.010643	384.775000	3863.397681
12.008769	384.800000	3863.648698
12.006895	384.825000	3863.899715
12.005021	384.850000	3864.150731
12.003147	384.875000	3864.401748
12.001272	384.900000	3864.652765
11.999398	384.925000	3864.903781
11.997522	384.950000	3865.154798
11.995647	384.975000	3865.405815
11.993772	385.000000	3865.656831
11.991896	385.025000	3865.907848
11.990020	385.050000	3866.158865
11.988143	385.075000	3866.409881
11.986267	385.100000	3866.660898
11.984390	385.125000	3866.911915
11.982513	385.150000	3867.162931
11.980636	385.175000	3867.413948
11.978758	385.200000	3867.664965
11.976880	385.225000	3867.915981
11.975002	385.250000	3868.166998
11.973124	385.275000	3868.418015
11.971246	385.300000	3868.669031
11.969367	385.325000	3868.920048
11.967488	385.350000	3869.171065
11.965609	385.375000	3869.422081
11.963729	385.400000	3869.673098
11.961849	385.425000	3869.924115
11.959969	385.450000	3870.175131
11.958089	385.475000	3870.426148
11.956209	385.500000	3870.677165
11.954328	385.525000	3870.928182
11.952447	385.550000	3871.179198
11.950566	385.575000	3871.430215
11.948684	385.600000	3871.681232
11.946803	385.625000	3871.932248
11.944921	385.650000	3872.183265
11.943038	385.675000	3872.434282
11.941156	385.700000	3872.685298
11.939273	385.725000	3872.936315
11.937390	385.750000	3873.187332
11.935507	385.775000	3873.438348
11.933624	385.800000	3873.689365
11.931740	385.825000	3873.940382
11.929856	385.850000	3874.191398
11.927972	385.875000	3874.442415
11.926088	385.900000	3874.693432
11.924203	385.925000	3874.944448
11.922318	385.950000	3875.195465
11.920433	385.975000	3875.446482
11.918547	386.000000	3875.697498
11.916662	386.025000	3875.948515
11.914776	386.050000	3876.199532
11.912890	386.075000	3876.450548
11.911003	386.100000	3876.701565
11.909117	386.125000	3876.952582
11.907230	386.150000	3877.203598
11.905343	386.175000	3877.454615
11.903455	386.200000	3877.705632
11.901568	386.225000	3877.956648
11.899680	386.250000	3878.207665
11.897792	386.275000	3878.458682
11.895903	386.300000	3878.709699
11.894015	386.325000	3878.960715
11.892126	386.350000	3879.211732
11.890237	386.375000	3879.462749
11.888347	386.400000	3879.713765
11.886458	386.425000	3879.964782
11.884568	386.450000	3880.215799
11.882678	386.475000	3880.466815
11.880787	386.500000	3880.717832
11.878897	386.525000	3880.968849
11.877006	386.550000	3881.219865
11.875114	386.575000	3881.470882
11.873223	386.600000	3881.721899
11.871331	386.625000	3881.972915
11.869440	386.650000	3882.223932
11.867547	386.675000	3882.474949
11.865655	386.700000	3882.725965
11.863762	386.725000	3882.976982
11.861870	386.750000	3883.227999
11.859976	386.775000	3883.479015
11.858083	386.800000	3883.730032
11.856189	386.825000	3883.981049
11.854296	386.850000	3884.232065
11.852401	386.875000	3884.483082
11.850507	386.900000	3884.734099
11.848612	386.925000	3884.985115
11.846717	386.950000	3885.236132
11.844822	386.975000	3885.487149
11.842927	387.000000	3885.738165
11.841031	387.025000	3885.989182
11.839135	387.050000	3886.240199
11.837239	387.075000	3886.491216
11.835343	387.100000	3886.742232
11.833446	387.125000	3886.993249
11.831549	387.150000	3887.244266
11.829652	387.175000	3887.495282
11.827755	387.200000	3887.746299
11.825857	387.225000	3887.997316
11.823959	387.250000	3888.248332
11.822061	387.275000	3888.499349
11.820162	387.300000	3888.750366
11.818264	387.325000	3889.001382
11.816365	387.350000	3889.252399
11.814466	387.375000	3889.503416
11.812566	387.400000	3889.754432
11.810666	387.425000	3890.005449
11.808767	387.450000	3890.256466
11.806866	387.475000	3890.507482
11.804966	387.500000	3890.758499
11.803065	387.525000	3891.009516
11.801164	387.550000	3891.260532
11.799263	387.575000	3891.511549
11.797362	387.600000	3891.762566
11.795460	387.625000	3892.013582
11.793558	387.650000	3892.264599
11.791656	387.675000	3892.515616
11.789753	387.700000	3892.766632
11.787850	387.725000	3893.017649
11.785947	387.750000	3893.268666
11.784044	387.775000	3893.519682
11.782141	387.800000	3893.770699
11.780237	387.825000	3894.021716
11.778333	387.850000	3894.272733
11.776428	387.875000	3894.523749
11.774524	387.900000	3894.774766
11.772619	387.925000	3895.025783
11.770714	387.950000	3895.276799
11.768809	387.975000	3895.527816
11.766903	388.000000	3895.778833
11.764997	388.025000	3896.029849
11.763091	388.050000	3896.280866
11.761185	388.075000	3896.531883
11.759278	388.100000	3896.782899
11.757372	388.125000	3897.033916
11.755465	388.150000	3897.284933
11.753557	388.175000	3897.535949
11.751650	388.200000	3897.786966
11.749742	388.225000	3898.037983
11.747834	388.250000	3898.288999
11.745925	388.275000	3898.540016
11.744017	388.300000	3898.791033
11.742108	388.325000	3899.042049
11.740199	388.350000	3899.293066
11.738289	388.375000	3899.544083
11.736379	388.400000	3899.795099
11.734470	388.425000	3900.046116
11.732559	388.450000	3900.297133
11.730649	388.475000	3900.548149
11.728738	388.500000	3900.799166
11.726827	388.525000	3901.050183
11.724916	388.550000	3901.301199
11.723005	388.575000	3901.552216
11.721093	388.600000	3901.803233
11.719181	388.625000	3902.054250
11.717269	388.650000	3902.305266
11.715356	388.675000	3902.556283
11.713443	388.700000	3902.807300
11.711530	388.725000	3903.058316
11.709617	388.750000	3903.309333
11.707703	388.775000	3903.560350
11.705790	388.800000	3903.811366
11.703876	388.825000	3904.062383
11.701961	388.850000	3904.313400
11.700047	388.875000	3904.564416
11.698132	388.900000	3904.815433
11.696217	388.925000	3905.066450
11.694301	388.950000	3905.317466
11.692386	388.975000	3905.568483
11.690470	389.000000	3905.819500
11.688554	389.025000	3906.070516
11.686637	389.050000	3906.321533
11.684721	389.075000	3906.572550
11.682804	389.100000	3906.823566
11.680886	389.125000	3907.074583
11.678969	389.150000	3907.325600
11.677051	389.175000	3907.576616
11.675133	389.200000	3907.827633
11.673215	389.225000	3908.078650
11.671297	389.250000	3908.329666
11.669378	389.275000	3908.580683
11.667459	389.300000	3908.831700
11.665540	389.325000	3909.082716
11.663620	389.350000	3909.333733
11.661700	389.375000	3909.584750
11.659780	389.400000	3909.835767
11.657860	389.425000	3910.086783
11.655939	389.450000	3910.337800
11.654018	389.475000	3910.588817
11.652097	389.500000	3910.839833
11.650176	389.525000	3911.090850
11.648254	389.550000	3911.341867
11.646332	389.575000	3911.592883
11.644410	389.600000	3911.843900
11.642488	389.625000	3912.094917
11.640565	389.650000	3912.345933
11.638642	389.675000	3912.596950
11.636719	389.700000	3912.847967
11.634795	389.725000	3913.098983
11.632872	389.750000	3913.350000
11.630948	389.775000	3913.601017
11.629023	389.800000	3913.852033
11.627099	389.825000	3914.103050
11.625174	389.850000	3914.354067
11.623249	389.875000	3914.605083
11.621324	389.900000	3914.856100
11.619398	389.925000	3915.107117
11.617472	389.950000	3915.358133
11.615546	389.975000	3915.609150
11.613620	390.000000	3915.860167
11.611693	390.025000	3916.111183
11.609766	390.050000	3916.362200
11.607839	390.075000	3916.613217
11.605911	390.100000	3916.864233
11.603984	390.125000	3917.115250
11.602056	390.150000	3917.366267
11.600127	390.175000	3917.617284
11.598199	390.200000	3917.868300
11.596270	390.225000	3918.119317
11.594341	390.250000	3918.370334
11.592412	390.275000	3918.621350
11.590482	390.300000	3918.872367
11.588552	390.325000	3919.123384
11.586622	390.350000	3919.374400
11.584692	390.375000	3919.625417
11.582761	390.400000	3919.876434
11.580830	390.425000	3920.127450
11.578899	390.450000	3920.378467
11.576968	390.475000	3920.629484
11.575036	390.500000	3920.880500
11.573104	390.525000	3921.131517
11.571172	390.550000	3921.382534
11.569239	390.575000	3921.633550
11.567306	390.600000	3921.884567
11.565373	390.625000	3922.135584
11.563440	390.650000	3922.386600
11.561506	390.675000	3922.637617
11.559573	390.700000	3922.888634
11.557638	390.725000	3923.139650
11.555704	390.750000	3923.390667
11.553769	390.775000	3923.641684
11.551834	390.800000	3923.892700
11.549899	390.825000	3924.143717
11.547964	390.850000	3924.394734
11.546028	390.875000	3924.645750
11.544092	390.900000	3924.896767
11.542156	390.925000	3925.147784
11.540219	390.950000	3925.398801
11.538282	390.975000	3925.649817
11.536345	391.000000	3925.900834
11.534408	391.025000	3926.151851
11.532470	391.050000	3926.402867
11.530532	391.075000	3926.653884
11.528594	391.100000	3926.904901
11.526656	391.125000	3927.155917
11.524717	391.150000	3927.406934
11.522778	391.175000	3927.657951
11.520839	391.200000	3927.908967
11.518899	391.225000	3928.159984
11.516960	391.250000	3928.411001
11.515020	391.275000	3928.662017
11.513079	391.300000	3928.913034
11.511139	391.325000	3929.164051
11.509198	391.350000	3929.415067
11.507257	391.375000	3929.666084
11.505315	391.400000	3929.917101
11.503374	391.425000	3930.168117
11.501432	391.450000	3930.419134
11.499489	391.475000	3930.670151
11.497547	391.500000	3930.921167
11.495604	391.525000	3931.172184
11.493661	391.550000	3931.423201
11.491718	391.575000	3931.674217
11.489774	391.600000	3931.925234
11.487830	391.625000	3932.176251
11.485886	391.650000	3932.427267
11.483942	391.675000	3932.678284
11.481997	391.700000	3932.929301
11.480052	391.725000	3933.180318
11.478107	391.750000	3933.431334
11.476161	391.775000	3933.682351
11.474216	391.800000	3933.933368
11.472270	391.825000	3934.184384
11.470323	391.850000	3934.435401
11.468377	391.875000	3934.686418
11.466430	391.900000	3934.937434
11.464483	391.925000	3935.188451
11.462535	391.950000	3935.439468
11.460588	391.975000	3935.690484
11.458640	392.000000	3935.941501
11.456691	392.025000	3936.192518
11.454743	392.050000	3936.443534
11.452794	392.075000	3936.694551
11.450845	392.100000	3936.945568
11.448896	392.125000	3937.196584
11.446946	392.150000	3937.447601
11.444996	392.175000	3937.698618
11.443046	392.200000	3937.949634
11.441096	392.225000	3938.200651
11.439145	392.250000	3938.451668
11.437194	392.275000	3938.702684
11.435243	392.300000	3938.953701
11.433291	392.325000	3939.204718
11.431339	392.350000	3939.455734
11.429387	392.375000	3939.706751
11.427435	392.400000	3939.957768
11.425482	392.425000	3940.208784
11.423529	392.450000	3940.459801
11.421576	392.475000	3940.710818
11.419623	392.500000	3940.961835
11.417669	392.525000	3941.212851
11.415715	392.550000	3941.463868
11.413761	392.575000	3941.714885
11.411806	392.600000	3941.965901
11.409851	392.625000	3942.216918
11.407896	392.650000	3942.467935
11.405941	392.675000	3942.718951
11.403985	392.700000	3942.969968
11.402029	392.725000	3943.220985
11.400073	392.750000	3943.472001
11.398116	392.775000	3943.723018
11.396160	392.800000	3943.974035
11.394203	392.825000	3944.225051
11.392245	392.850000	3944.476068
11.390288	392.875000	3944.727085
11.388330	392.900000	3944.978101
11.386371	392.925000	3945.229118
11.384413	392.950000	3945.480135
11.382454	392.975000	3945.731151
11.380495	393.000000	3945.982168
11.378536	393.025000	3946.233185
11.376576	393.050000	3946.484201
11.374616	393.075000	3946.735218
11.372656	393.100000	3946.986235
11.370696	393.125000	3947.237251
11.368735	393.150000	3947.488268
11.366774	393.175000	3947.739285
11.364813	393.200000	3947.990301
11.362851	393.225000	3948.241318
11.360890	393.250000	3948.492335
11.358927	393.275000	3948.743351
11.356965	393.300000	3948.994368
11.355002	393.325000	3949.245385
11.353039	393.350000	3949.496402
11.351076	393.375000	3949.747418
11.349113	393.400000	3949.998435
11.347149	393.425000	3950.249452
11.345185	393.450000	3950.500468
11.343221	393.475000	3950.751485
11.341256	393.500000	3951.002502
11.339291	393.525000	3951.253518
11.337326	393.550000	3951.504535
11.335360	393.575000	3951.755552
11.333395	393.600000	3952.006568
11.331429	393.625000	3952.257585
11.329462	393.650000	3952.508602
11.327496	393.675000	3952.759618
11.325529	393.700000	3953.010635
11.323562	393.725000	3953.261652
11.321594	393.750000	3953.512668
11.319626	393.775000	3953.763685
11.317658	393.800000	3954.014702
11.315690	393.825000	3954.265718
11.313721	393.850000	3954.516735
11.311753	393.875000	3954.767752
11.309783	393.900000	3955.018768
11.307814	393.925000	3955.269785
11.305844	393.950000	3955.520802
11.303874	393.975000	3955.771818
11.301904	394.000000	3956.022835
11.299933	394.025000	3956.273852
11.297963	394.050000	3956.524868
11.295991	394.075000	3956.775885
11.294020	394.100000	3957.026902
11.292048	394.125000	3957.277919
11.290076	394.150000	3957.528935
11.288104	394.175000	3957.779952
11.286131	394.200000	3958.030969
11.284159	394.225000	3958.281985
11.282185	394.250000	3958.533002
11.280212	394.275000	3958.784019
11.278238	394.300000	3959.035035
11.276264	394.325000	3959.286052
11.274290	394.350000	3959.537069
11.272315	394.375000	3959.788085
11.270341	394.400000	3960.039102
11.268365	394.425000	3960.290119
11.266390	394.450000	3960.541135
11.264414	394.475000	3960.792152
11.262438	394.500000	3961.043169
11.260462	394.525000	3961.294185
11.258485	394.550000	3961.545202
11.256509	394.575000	3961.796219
11.254531	394.600000	3962.047235
11.252554	394.625000	3962.298252
11.250576	394.650000	3962.549269
11.248598	394.675000	3962.800285
11.246620	394.700000	3963.051302
11.244641	394.725000	3963.302319
11.242662	394.750000	3963.553335
11.240683	394.775000	3963.804352
11.238704	394.800000	3964.055369
11.236724	394.825000	3964.306385
11.234744	394.850000	3964.557402
11.232764	394.875000	3964.808419
11.230783	394.900000	3965.059436
11.228802	394.925000	3965.310452
11.226821	394.950000	3965.561469
11.224840	394.975000	3965.812486
11.222858	395.000000	3966.063502
11.220876	395.025000	3966.314519
11.218893	395.050000	3966.565536
11.216911	395.075000	3966.816552
11.214928	395.100000	3967.067569
11.212945	395.125000	3967.318586
11.210961	395.150000	3967.569602
11.208977	395.175000	3967.820619
11.206993	395.200000	3968.071636
11.205009	395.225000	3968.322652
11.203024	395.250000	3968.573669
11.201039	395.275000	3968.824686
11.199054	395.300000	3969.075702
11.197069	395.325000	3969.326719
11.195083	395.350000	3969.577736
11.193097	395.375000	3969.828752
11.191110	395.400000	3970.079769
11.189124	395.425000	3970.330786
11.187137	395.450000	3970.581802
11.185149	395.475000	3970.832819
11.183162	395.500000	3971.083836
11.181174	395.525000	3971.334852
11.179186	395.550000	3971.585869
11.177197	395.575000	3971.836886
11.175208	395.600000	3972.087902
11.173219	395.625000	3972.338919
11.171230	395.650000	3972.589936
11.169240	395.675000	3972.840953
11.167251	395.700000	3973.091969
11.165260	395.725000	3973.342986
11.163270	395.750000	3973.594003
11.161279	395.775000	3973.845019
11.159288	395.800000	3974.096036
11.157297	395.825000	3974.347053
11.155305	395.850000	3974.598069
11.153313	395.875000	3974.849086
11.151321	395.900000	3975.100103
11.149328	395.925000	3975.351119
11.147335	395.950000	3975.602136
11.145342	395.975000	3975.853153
11.143349	396.000000	3976.104169
11.141355	396.025000	3976.355186
11.139361	396.050000	3976.606203
11.137367	396.075000	3976.857219
11.135372	396.100000	3977.108236
11.133377	396.125000	3977.359253
11.131382	396.150000	3977.610269
11.129386	396.175000	3977.861286
11.127390	396.200000	3978.112303
11.125394	396.225000	3978.363319
11.123398	396.250000	3978.614336
11.121401	396.275000	3978.865353
11.119404	396.300000	3979.116369
11.117407	396.325000	3979.367386
11.115409	396.350000	3979.618403
11.113412	396.375000	3979.869419
11.111413	396.400000	3980.120436
11.109415	396.425000	3980.371453
11.107416	396.450000	3980.622470
11.105417	396.475000	3980.873486
11.103418	396.500000	3981.124503
11.101418	396.525000	3981.375520
11.099418	396.550000	3981.626536
11.097418	396.575000	3981.877553
11.095417	396.600000	3982.128570
11.093416	396.625000	3982.379586
11.091415	396.650000	3982.630603
11.089414	396.675000	3982.881620
11.087412	396.700000	3983.132636
11.085410	396.725000	3983.383653
11.083408	396.750000	3983.634670
11.081405	396.775000	3983.885686
11.079402	396.800000	3984.136703
11.077399	396.825000	3984.387720
11.075395	396.850000	3984.638736
11.073391	396.875000	3984.889753
11.071387	396.900000	3985.140770
11.069383	396.925000	3985.391786
11.067378	396.950000	3985.642803
11.065373	396.975000	3985.893820
11.063368	397.000000	3986.144836
11.061362	397.025000	3986.395853
11.059356	397.050000	3986.646870
11.057350	397.075000	3986.897886
11.055343	397.100000	3987.148903
11.053337	397.125000	3987.399920
11.051329	397.150000	3987.650936
11.049322	397.175000	3987.901953
11.047314	397.200000	3988.152970
11.045306	397.225000	3988.403987
11.043298	397.250000	3988.655003
11.041289	397.275000	3988.906020
11.039280	397.300000	3989.157037
11.037271	397.325000	3989.408053
11.035261	397.350000	3989.659070
11.033252	397.375000	3989.910087
11.031241	397.400000	3990.161103
11.029231	397.425000	3990.412120
11.027220	397.450000	3990.663137
11.025209	397.475000	3990.914153
11.023198	397.500000	3991.165170
11.021186	397.525000	3991.416187
11.019174	397.550000	3991.667203
11.017162	397.575000	3991.918220
11.015149	397.600000	3992.169237
11.013136	397.625000	3992.420253
11.011123	397.650000	3992.671270
11.009110	397.675000	3992.922287
11.007096	397.700000	3993.173303
11.005082	397.725000	3993.424320
11.003067	397.750000	3993.675337
11.001053	397.775000	3993.926353
10.999038	397.800000	3994.177370
10.997022	397.825000	3994.428387
10.995007	397.850000	3994.679403
10.992991	397.875000	3994.930420
10.990974	397.900000	3995.181437
10.988958	397.925000	3995.432453
10.986941	397.950000	3995.683470
10.984924	397.975000	3995.934487
10.982906	398.000000	3996.185504
10.980889	398.025000	3996.436520
10.978871	398.050000	3996.687537
10.976852	398.075000	3996.938554
10.974833	398.100000	3997.189570
10.972814	398.125000	3997.440587
10.970795	398.150000	3997.691604
10.968776	398.175000	3997.942620
10.966756	398.200000	3998.193637
10.964735	398.225000	3998.444654
10.962715	398.250000	3998.695670
10.960694	398.275000	3998.946687
10.958673	398.300000	3999.197704
10.956651	398.325000	3999.448720
10.954630	398.350000	3999.699737
10.952608	398.375000	3999.950754
10.950585	398.400000	4000.201770
10.948563	398.425000	4000.452787
10.946540	398.450000	4000.703804
10.944516	398.475000	4000.954820
10.942493	398.500000	4001.205837
10.940469	398.525000	4001.456854
10.938444	398.550000	4001.707870
10.936420	398.575000	4001.958887
10.934395	398.600000	4002.209904
10.932370	398.625000	4002.460920
10.930344	398.650000	4002.711937
10.928319	398.675000	4002.962954
10.926293	398.700000	4003.213970
10.924266	398.725000	4003.464987
10.922240	398.750000	4003.716004
10.920212	398.775000	4003.967021
10.918185	398.800000	4004.218037
10.916158	398.825000	4004.469054
10.914130	398.850000	4004.720071
10.912101	398.875000	4004.971087
10.910073	398.900000	4005.222104
10.908044	398.925000	4005.473121
10.906015	398.950000	4005.724137
10.903985	398.975000	4005.975154
10.901955	399.000000	4006.226171
10.899925	399.025000	4006.477187
10.897895	399.050000	4006.728204
10.895864	399.075000	4006.979221
10.893833	399.100000	4007.230237
10.891802	399.125000	4007.481254
10.889770	399.150000	4007.732271
10.887738	399.175000	4007.983287
10.885706	399.200000	4008.234304
10.883673	399.225000	4008.485321
10.881640	399.250000	4008.736337
10.879607	399.275000	4008.987354
10.877573	399.300000	4009.238371
10.875539	399.325000	4009.489387
10.873505	399.350000	4009.740404
10.871471	399.375000	4009.991421
10.869436	399.400000	4010.242437
10.867401	399.425000	4010.493454
10.865365	399.450000	4010.744471
10.863329	399.475000	4010.995487
10.861293	399.500000	4011.246504
10.859257	399.525000	4011.497521
10.857220	399.550000	4011.748538
10.855183	399.575000	4011.999554
10.853146	399.600000	4012.250571
10.851108	399.625000	4012.501588
10.849070	399.650000	4012.752604
10.847032	399.675000	4013.003621
10.844993	399.700000	4013.254638
10.842954	399.725000	4013.505654
10.840915	399.750000	4013.756671
10.838876	399.775000	4014.007688
10.836836	399.800000	4014.258704
10.834795	399.825000	4014.509721
10.832755	399.850000	4014.760738
10.830714	399.875000	4015.011754
10.828673	399.900000	4015.262771
10.826632	399.925000	4015.513788
10.824590	399.950000	4015.764804
10.822548	399.975000	4016.015821
10.820505	400.000000	4016.266838
10.818463	400.025000	4016.517854
10.816419	400.050000	4016.768871
10.814376	400.075000	4017.019888
10.812332	400.100000	4017.270904
10.810288	400.125000	4017.521921
10.808244	400.150000	4017.772938
10.806199	400.175000	4018.023954
10.804154	400.200000	4018.274971
10.802109	400.225000	4018.525988
10.800064	400.250000	4018.777004
10.798018	400.275000	4019.028021
10.795971	400.300000	4019.279038
10.793925	400.325000	4019.530055
10.791878	400.350000	4019.781071
10.789831	400.375000	4020.032088
10.787783	400.400000	4020.283105
10.785735	400.425000	4020.534121
10.783687	400.450000	4020.785138
10.781639	400.475000	4021.036155
10.779590	400.500000	4021.287171
10.777541	400.525000	4021.538188
10.775491	400.550000	4021.789205
10.773442	400.575000	4022.040221
10.771392	400.600000	4022.291238
10.769341	400.625000	4022.542255
10.767290	400.650000	4022.793271
10.765239	400.675000	4023.044288
10.763188	400.700000	4023.295305
10.761136	400.725000	4023.546321
10.759084	400.750000	4023.797338
10.757032	400.775000	4024.048355
10.754979	400.800000	4024.299371
10.752926	400.825000	4024.550388
10.750873	400.850000	4024.801405
10.748819	400.875000	4025.052421
10.746765	400.900000	4025.303438
10.744711	400.925000	4025.554455
10.742657	400.950000	4025.805471
10.740602	400.975000	4026.056488
10.738546	401.000000	4026.307505
10.736491	401.025000	4026.558521
10.734435	401.050000	4026.809538
10.732379	401.075000	4027.060555
10.730322	401.100000	4027.311572
10.728265	401.125000	4027.562588
10.726208	401.150000	4027.813605
10.724151	401.175000	4028.064622
10.722093	401.200000	4028.315638
10.720035	401.225000	4028.566655
10.717976	401.250000	4028.817672
10.715917	401.275000	4029.068688
10.713858	401.300000	4029.319705
10.711799	401.325000	4029.570722
10.709739	401.350000	4029.821738
10.707679	401.375000	4030.072755
10.705618	401.400000	4030.323772
10.703557	401.425000	4030.574788
10.701496	401.450000	4030.825805
10.699435	401.475000	4031.076822
10.697373	401.500000	4031.327838
10.695311	401.525000	4031.578855
10.693249	401.550000	4031.829872
10.691186	401.575000	4032.080888
10.689123	401.600000	4032.331905
10.687059	401.625000	4032.582922
10.684996	401.650000	4032.833938
10.682932	401.675000	4033.084955
10.680867	401.700000	4033.335972
10.678802	401.725000	4033.586988
10.676737	401.750000	4033.838005
10.674672	401.775000	4034.089022
10.672606	401.800000	4034.340038
10.670540	401.825000	4034.591055
10.668474	401.850000	4034.842072
10.666407	401.875000	4035.093089
10.664340	401.900000	4035.344105
10.662273	401.925000	4035.595122
10.660205	401.950000	4035.846139
10.658137	401.975000	4036.097155
10.656069	402.000000	4036.348172
10.654000	402.025000	4036.599189
10.651931	402.050000	4036.850205
10.649862	402.075000	4037.101222
10.647792	402.100000	4037.352239
10.645722	402.125000	4037.603255
10.643652	402.150000	4037.854272
10.641581	402.175000	4038.105289
10.639510	402.200000	4038.356305
10.637439	402.225000	4038.607322
10.635367	402.250000	4038.858339
10.633295	402.275000	4039.109355
10.631223	402.300000	4039.360372
10.629150	402.325000	4039.611389
10.627077	402.350000	4039.862405
10.625004	402.375000	4040.113422
10.622930	402.400000	4040.364439
10.620856	402.425000	4040.615455
10.618782	402.450000	4040.866472
10.616707	402.475000	4041.117489
10.614632	402.500000	4041.368505
10.612557	402.525000	4041.619522
10.610481	402.550000	4041.870539
10.608405	402.575000	4042.121555
10.606329	402.600000	4042.372572
10.604252	402.625000	4042.623589
10.602175	402.650000	4042.874606
10.600098	402.675000	4043.125622
10.598020	402.700000	4043.376639
10.595942	402.725000	4043.627656
10.593864	402.750000	4043.878672
10.591785	402.775000	4044.129689
10.589706	402.800000	4044.380706
10.587627	402.825000	4044.631722
10.585547	402.850000	4044.882739
10.583467	402.875000	4045.133756
10.581387	402.900000	4045.384772
10.579306	402.925000	4045.635789
10.577225	402.950000	4045.886806
10.575144	402.975000	4046.137822
10.573062	403.000000	4046.388839
10.570980	403.025000	4046.639856
10.568897	403.050000	4046.890872
10.566815	403.075000	4047.141889
10.564732	403.100000	4047.392906
10.562648	403.125000	4047.643922
10.560565	403.150000	4047.894939
10.558480	403.175000	4048.145956
10.556396	403.200000	4048.396972
10.554311	403.225000	4048.647989
10.552226	403.250000	4048.899006
10.550141	403.275000	4049.150022
10.548055	403.300000	4049.401039
10.545969	403.325000	4049.652056
10.543883	403.350000	4049.903072
10.541796	403.375000	4050.154089
10.539709	403.400000	4050.405106
10.537621	403.425000	4050.656123
10.535533	403.450000	4050.907139
10.533445	403.475000	4051.158156
10.531357	403.500000	4051.409173
10.529268	403.525000	4051.660189
10.527179	403.550000	4051.911206
10.525089	403.575000	4052.162223
10.522999	403.600000	4052.413239
10.520909	403.625000	4052.664256
10.518819	403.650000	4052.915273
10.516728	403.675000	4053.166289
10.514637	403.700000	4053.417306
10.512545	403.725000	4053.668323
10.510453	403.750000	4053.919339
10.508361	403.775000	4054.170356
10.506268	403.800000	4054.421373
10.504175	403.825000	4054.672389
10.502082	403.850000	4054.923406
10.499988	403.875000	4055.174423
10.497894	403.900000	4055.425439
10.495800	403.925000	4055.676456
10.493705	403.950000	4055.927473
10.491610	403.975000	4056.178489
10.489515	404.000000	4056.429506
10.487419	404.025000	4056.680523
10.485323	404.050000	4056.931539
10.483227	404.075000	4057.182556
10.481130	404.100000	4057.433573
10.479033	404.125000	4057.684589
10.476936	404.150000	4057.935606
10.474838	404.175000	4058.186623
10.472740	404.200000	4058.437640
10.470642	404.225000	4058.688656
10.468543	404.250000	4058.939673
10.466444	404.275000	4059.190690
10.464344	404.300000	4059.441706
10.462244	404.325000	4059.692723
10.460144	404.350000	4059.943740
10.458044	404.375000	4060.194756
10.455943	404.400000	4060.445773
10.453842	404.425000	4060.696790
10.451740	404.450000	4060.947806
10.449638	404.475000	4061.198823
10.447536	404.500000	4061.449840
10.445433	404.525000	4061.700856
10.443330	404.550000	4061.951873
10.441227	404.575000	4062.202890
10.439123	404.600000	4062.453906
10.437019	404.625000	4062.704923
10.434915	404.650000	4062.955940
10.432810	404.675000	4063.206956
10.430705	404.700000	4063.457973
10.428600	404.725000	4063.708990
10.426494	404.750000	4063.960006
10.424388	404.775000	4064.211023
10.422282	404.800000	4064.462040
10.420175	404.825000	4064.713056
10.418068	404.850000	4064.964073
10.415960	404.875000	4065.215090
10.413852	404.900000	4065.466106
10.411744	404.925000	4065.717123
10.409635	404.950000	4065.968140
10.407527	404.975000	4066.219157
10.405417	405.000000	4066.470173
10.403308	405.025000	4066.721190
10.401198	405.050000	4066.972207
10.399087	405.075000	4067.223223
10.396977	405.100000	4067.474240
10.394866	405.125000	4067.725257
10.392754	405.150000	4067.976273
10.390643	405.175000	4068.227290
10.388531	405.200000	4068.478307
10.386418	405.225000	4068.729323
10.384305	405.250000	4068.980340
10.382192	405.275000	4069.231357
10.380079	405.300000	4069.482373
10.377965	405.325000	4069.733390
10.375851	405.350000	4069.984407
10.373736	405.375000	4070.235423
10.371621	405.400000	4070.486440
10.369506	405.425000	4070.737457
10.367390	405.450000	4070.988473
10.365275	405.475000	4071.239490
10.363158	405.500000	4071.490507
10.361042	405.525000	4071.741523
10.358924	405.550000	4071.992540
10.356807	405.575000	4072.243557
10.354689	405.600000	4072.494573
10.352571	405.625000	4072.745590
10.350453	405.650000	4072.996607
10.348334	405.675000	4073.247623
10.346215	405.700000	4073.498640
10.344095	405.725000	4073.749657
10.341975	405.750000	4074.000673
10.339855	405.775000	4074.251690
10.337735	405.800000	4074.502707
10.335614	405.825000	4074.753724
10.333492	405.850000	4075.004740
10.331371	405.875000	4075.255757
10.329249	405.900000	4075.506774
10.327126	405.925000	4075.757790
10.325004	405.950000	4076.008807
10.322880	405.975000	4076.259824
10.320757	406.000000	4076.510840
10.318633	406.025000	4076.761857
10.316509	406.050000	4077.012874
10.314384	406.075000	4077.263890
10.312260	406.100000	4077.514907
10.310134	406.125000	4077.765924
10.308009	406.150000	4078.016940
10.305883	406.175000	4078.267957
10.303756	406.200000	4078.518974
10.301630	406.225000	4078.769990
10.299503	406.250000	4079.021007
10.297375	406.275000	4079.272024
10.295247	406.300000	4079.523040
10.293119	406.325000	4079.774057
10.290991	406.350000	4080.025074
10.288862	406.375000	4080.276090
10.286733	406.400000	4080.527107
10.284603	406.425000	4080.778124
10.282473	406.450000	4081.029140
10.280343	406.475000	4081.280157
10.278212	406.500000	4081.531174
10.276081	406.525000	4081.782190
10.273950	406.550000	4082.033207
10.271818	406.575000	4082.284224
10.269686	406.600000	4082.535241
10.267553	406.625000	4082.786257
10.265420	406.650000	4083.037274
10.263287	406.675000	4083.288291
10.261154	406.700000	4083.539307
10.259020	406.725000	4083.790324
10.256885	406.750000	4084.041341
10.254751	406.775000	4084.292357
10.252616	406.800000	4084.543374
10.250480	406.825000	4084.794391
10.248344	406.850000	4085.045407
10.246208	406.875000	4085.296424
10.244072	406.900000	4085.547441
10.241935	406.925000	4085.798457
10.239798	406.950000	4086.049474
10.237660	406.975000	4086.300491
10.235522	407.000000	4086.551507
10.233384	407.025000	4086.802524
10.231245	407.050000	4087.053541
10.229106	407.075000	4087.304557
10.226967	407.100000	4087.555574
10.224827	407.125000	4087.806591
10.222687	407.150000	4088.057607
10.220546	407.175000	4088.308624
10.218405	407.200000	4088.559641
10.216264	407.225000	4088.810657
10.214122	407.250000	4089.061674
10.211980	407.275000	4089.312691
10.209838	407.300000	4089.563707
10.207695	407.325000	4089.814724
10.205552	407.350000	4090.065741
10.203409	407.375000	4090.316758
10.201265	407.400000	4090.567774
10.199120	407.425000	4090.818791
10.196976	407.450000	4091.069808
10.194831	407.475000	4091.320824
10.192686	407.500000	4091.571841
10.190540	407.525000	4091.822858
10.188394	407.550000	4092.073874
10.186247	407.575000	4092.324891
10.184100	407.600000	4092.575908
10.181953	407.625000	4092.826924
10.179806	407.650000	4093.077941
10.177658	407.675000	4093.328958
10.175509	407.700000	4093.579974
10.173361	407.725000	4093.830991
10.171212	407.750000	4094.082008
10.169062	407.775000	4094.333024
10.166912	407.800000	4094.584041
10.164762	407.825000	4094.835058
10.162612	407.850000	4095.086074
10.160461	407.875000	4095.337091
10.158310	407.900000	4095.588108
10.156158	407.925000	4095.839124
10.154006	407.950000	4096.090141
10.151853	407.975000	4096.341158
10.149701	408.000000	4096.592174
10.147547	408.025000	4096.843191
10.145394	408.050000	4097.094208
10.143240	408.075000	4097.345224
10.141086	408.100000	4097.596241
10.138931	408.125000	4097.847258
10.136776	408.150000	4098.098275
10.134621	408.175000	4098.349291
10.132465	408.200000	4098.600308
10.130309	408.225000	4098.851325
10.128152	408.250000	4099.102341
10.125995	408.275000	4099.353358
10.123838	408.300000	4099.604375
10.121680	408.325000	4099.855391
10.119522	408.350000	4100.106408
10.117364	408.375000	4100.357425
10.115205	408.400000	4100.608441
10.113046	408.425000	4100.859458
10.110886	408.450000	4101.110475
10.108726	408.475000	4101.361491
10.106566	408.500000	4101.612508
10.104405	408.525000	4101.863525
10.102244	408.550000	4102.114541
10.100083	408.575000	4102.365558
10.097921	408.600000	4102.616575
10.095758	408.625000	4102.867591
10.093596	408.650000	4103.118608
10.091433	408.675000	4103.369625
10.089270	408.700000	4103.620641
10.087106	408.725000	4103.871658
10.084942	408.750000	4104.122675
10.082777	408.775000	4104.373691
10.080612	408.800000	4104.624708
10.078447	408.825000	4104.875725
10.076281	408.850000	4105.126741
10.074115	408.875000	4105.377758
10.071949	408.900000	4105.628775
10.069782	408.925000	4105.879792
10.067615	408.950000	4106.130808
10.065447	408.975000	4106.381825
10.063279	409.000000	4106.632842
10.061111	409.025000	4106.883858
10.058942	409.050000	4107.134875
10.056773	409.075000	4107.385892
10.054604	409.100000	4107.636908
10.052434	409.125000	4107.887925
10.050264	409.150000	4108.138942
10.048093	409.175000	4108.389958
10.045922	409.200000	4108.640975
10.043751	409.225000	4108.891992
10.041579	409.250000	4109.143008
10.039407	409.275000	4109.394025
10.037234	409.300000	4109.645042
10.035061	409.325000	4109.896058
10.032888	409.350000	4110.147075
10.030714	409.375000	4110.398092
10.028540	409.400000	4110.649108
10.026366	409.425000	4110.900125
10.024191	409.450000	4111.151142
10.022016	409.475000	4111.402158
10.019840	409.500000	4111.653175
10.017664	409.525000	4111.904192
10.015487	409.550000	4112.155208
10.013311	409.575000	4112.406225
10.011133	409.600000	4112.657242
10.008956	409.625000	4112.908258
10.006778	409.650000	4113.159275
10.004600	409.675000	4113.410292
10.002421	409.700000	4113.661309
10.000242	409.725000	4113.912325
9.998062	409.750000	4114.163342
9.995882	409.775000	4114.414359
9.993702	409.800000	4114.665375
9.991521	409.825000	4114.916392
9.989340	409.850000	4115.167409
9.987159	409.875000	4115.418425
9.984977	409.900000	4115.669442
9.982795	409.925000	4115.920459
9.980612	409.950000	4116.171475
9.978429	409.975000	4116.422492
9.976245	410.000000	4116.673509
9.974062	410.025000	4116.924525
9.971877	410.050000	4117.175542
9.969693	410.075000	4117.426559
9.967508	410.100000	4117.677575
9.965322	410.125000	4117.928592
9.963137	410.150000	4118.179609
9.960950	410.175000	4118.430625
9.958764	410.200000	4118.681642
9.956577	410.225000	4118.932659
9.954390	410.250000	4119.183675
9.952202	410.275000	4119.434692
9.950014	410.300000	4119.685709
9.947825	410.325000	4119.936725
9.945636	410.350000	4120.187742
9.943447	410.375000	4120.438759
9.941257	410.400000	4120.689775
9.939067	410.425000	4120.940792
9.936877	410.450000	4121.191809
9.934686	410.475000	4121.442826
9.932494	410.500000	4121.693842
9.930303	410.525000	4121.944859
9.928111	410.550000	4122.195876
9.925918	410.575000	4122.446892
9.923725	410.600000	4122.697909
9.921532	410.625000	4122.948926
9.919338	410.650000	4123.199942
9.917144	410.675000	4123.450959
9.914950	410.700000	4123.701976
9.912755	410.725000	4123.952992
9.910560	410.750000	4124.204009
9.908364	410.775000	4124.455026
9.906168	410.800000	4124.706042
9.903971	410.825000	4124.957059
9.901774	410.850000	4125.208076
9.899577	410.875000	4125.459092
9.897380	410.900000	4125.710109
9.895181	410.925000	4125.961126
9.892983	410.950000	4126.212142
9.890784	410.975000	4126.463159
9.888585	411.000000	4126.714176
9.886385	411.025000	4126.965192
9.884185	411.050000	4127.216209
9.881985	411.075000	4127.467226
9.879784	411.100000	4127.718242
9.877582	411.125000	4127.969259
9.875381	411.150000	4128.220276
9.873179	411.175000	4128.471292
9.870976	411.200000	4128.722309
9.868773	411.225000	4128.973326
9.866570	411.250000	4129.224343
9.864366	411.275000	4129.475359
9.862162	411.300000	4129.726376
9.859958	411.325000	4129.977393
9.857753	411.350000	4130.228409
9.855548	411.375000	4130.479426
9.853342	411.400000	4130.730443
9.851136	411.425000	4130.981459
9.848929	411.450000	4131.232476
9.846722	411.475000	4131.483493
9.844515	411.500000	4131.734509
9.842307	411.525000	4131.985526
9.840099	411.550000	4132.236543
9.837891	411.575000	4132.487559
9.835682	411.600000	4132.738576
9.833472	411.625000	4132.989593
9.831263	411.650000	4133.240609
9.829053	411.675000	4133.491626
9.826842	411.700000	4133.742643
9.824631	411.725000	4133.993659
9.822420	411.750000	4134.244676
9.820208	411.775000	4134.495693
9.817996	411.800000	4134.746709
9.815783	411.825000	4134.997726
9.813570	411.850000	4135.248743
9.811357	411.875000	4135.499759
9.809143	411.900000	4135.750776
9.806928	411.925000	4136.001793
9.804714	411.950000	4136.252809
9.802499	411.975000	4136.503826
9.800283	412.000000	4136.754843
9.798067	412.025000	4137.005860
9.795851	412.050000	4137.256876
9.793634	412.075000	4137.507893
9.791417	412.100000	4137.758910
9.789200	412.125000	4138.009926
9.786982	412.150000	4138.260943
9.784764	412.175000	4138.511960
9.782545	412.200000	4138.762976
9.780326	412.225000	4139.013993
9.778106	412.250000	4139.265010
9.775886	412.275000	4139.516026
9.773666	412.300000	4139.767043
9.771445	412.325000	4140.018060
9.769224	412.350000	4140.269076
9.767002	412.375000	4140.520093
9.764780	412.400000	4140.771110
9.762557	412.425000	4141.022126
9.760335	412.450000	4141.273143
9.758111	412.475000	4141.524160
9.755888	412.500000	4141.775176
9.753663	412.525000	4142.026193
9.751439	412.550000	4142.277210
9.749214	412.575000	4142.528226
9.746989	412.600000	4142.779243
9.744763	412.625000	4143.030260
9.742537	412.650000	4143.281276
9.740310	412.675000	4143.532293
9.738083	412.700000	4143.783310
9.735856	412.725000	4144.034326
9.733628	412.750000	4144.285343
9.731399	412.775000	4144.536360
9.729171	412.800000	4144.787377
9.726942	412.825000	4145.038393
9.724712	412.850000	4145.289410
9.722482	412.875000	4145.540427
9.720252	412.900000	4145.791443
9.718021	412.925000	4146.042460
9.715790	412.950000	4146.293477
9.713558	412.975000	4146.544493
9.711326	413.000000	4146.795510
9.709094	413.025000	4147.046527
9.706861	413.050000	4147.297543
9.704627	413.075000	4147.548560
9.702394	413.100000	4147.799577
9.700159	413.125000	4148.050593
9.697925	413.150000	4148.301610
9.695690	413.175000	4148.552627
9.693454	413.200000	4148.803643
9.691219	413.225000	4149.054660
9.688982	413.250000	4149.305677
9.686746	413.275000	4149.556693
9.684509	413.300000	4149.807710
9.682271	413.325000	4150.058727
9.680033	413.350000	4150.309743
9.677795	413.375000	4150.560760
9.675556	413.400000	4150.811777
9.673317	413.425000	4151.062793
9.671077	413.450000	4151.313810
9.668837	413.475000	4151.564827
9.666597	413.500000	4151.815843
9.664356	413.525000	4152.066860
9.662114	413.550000	4152.317877
9.659873	413.575000	4152.568894
9.657630	413.600000	4152.819910
9.655388	413.625000	4153.070927
9.653145	413.650000	4153.321944
9.650901	413.675000	4153.572960
9.648657	413.700000	4153.823977
9.646413	413.725000	4154.074994
9.644168	413.750000	4154.326010
9.641923	413.775000	4154.577027
9.639678	413.800000	4154.828044
9.637432	413.825000	4155.079060
9.635185	413.850000	4155.330077
9.632938	413.875000	4155.581094
9.630691	413.900000	4155.832110
9.628443	413.925000	4156.083127
9.626195	413.950000	4156.334144
9.623946	413.975000	4156.585160
9.621697	414.000000	4156.836177
9.619448	414.025000	4157.087194
9.617198	414.050000	4157.338210
9.614948	414.075000	4157.589227
9.612697	414.100000	4157.840244
9.610446	414.125000	4158.091260
9.608194	414.150000	4158.342277
9.605942	414.175000	4158.593294
9.603690	414.200000	4158.844310
9.601437	414.225000	4159.095327
9.599184	414.250000	4159.346344
9.596930	414.275000	4159.597360
9.594676	414.300000	4159.848377
9.592421	414.325000	4160.099394
9.590166	414.350000	4160.350411
9.587910	414.375000	4160.601427
9.585655	414.400000	4160.852444
9.583398	414.425000	4161.103461
9.581141	414.450000	4161.354477
9.578884	414.475000	4161.605494
9.576626	414.500000	4161.856511
9.574368	414.525000	4162.107527
9.572110	414.550000	4162.358544
9.569851	414.575000	4162.609561
9.567591	414.600000	4162.860577
9.565332	414.625000	4163.111594
9.563071	414.650000	4163.362611
9.560811	414.675000	4163.613627
9.558550	414.700000	4163.864644
9.556288	414.725000	4164.115661
9.554026	414.750000	4164.366677
9.551763	414.775000	4164.617694
9.549501	414.800000	4164.868711
9.547237	414.825000	4165.119727
9.544973	414.850000	4165.370744
9.542709	414.875000	4165.621761
9.540445	414.900000	4165.872777
9.538179	414.925000	4166.123794
9.535914	414.950000	4166.374811
9.533648	414.975000	4166.625827
9.531382	415.000000	4166.876844
9.529115	415.025000	4167.127861
9.526847	415.050000	4167.378877
9.524580	415.075000	4167.629894
9.522312	415.100000	4167.880911
9.520043	415.125000	4168.131928
9.517774	415.150000	4168.382944
9.515504	415.175000	4168.633961
9.513234	415.200000	4168.884978
9.510964	415.225000	4169.135994
9.508693	415.250000	4169.387011
9.506422	415.275000	4169.638028
9.504150	415.300000	4169.889044
9.501878	415.325000	4170.140061
9.499606	415.350000	4170.391078
9.497333	415.375000	4170.642094
9.495059	415.400000	4170.893111
9.492785	415.425000	4171.144128
9.490511	415.450000	4171.395144
9.488236	415.475000	4171.646161
9.485961	415.500000	4171.897178
9.483685	415.525000	4172.148194
9.481409	415.550000	4172.399211
9.479132	415.575000	4172.650228
9.476855	415.600000	4172.901244
9.474578	415.625000	4173.152261
9.472300	415.650000	4173.403278
9.470021	415.675000	4173.654294
9.467743	415.700000	4173.905311
9.465463	415.725000	4174.156328
9.463184	415.750000	4174.407344
9.460903	415.775000	4174.658361
9.458623	415.800000	4174.909378
9.456342	415.825000	4175.160394
9.454060	415.850000	4175.411411
9.451778	415.875000	4175.662428
9.449496	415.900000	4175.913445
9.447213	415.925000	4176.164461
9.444930	415.950000	4176.415478
9.442646	415.975000	4176.666495
9.440362	416.000000	4176.917511
9.438077	416.025000	4177.168528
9.435792	416.050000	4177.419545
9.433506	416.075000	4177.670561
9.431220	416.100000	4177.921578
9.428934	416.125000	4178.172595
9.426647	416.150000	4178.423611
9.424360	416.175000	4178.674628
9.422072	416.200000	4178.925645
9.419783	416.225000	4179.176661
9.417495	416.250000	4179.427678
9.415206	416.275000	4179.678695
9.412916	416.300000	4179.929711
9.410626	416.325000	4180.180728
9.408335	416.350000	4180.431745
9.406044	416.375000	4180.682761
9.403753	416.400000	4180.933778
9.401461	416.425000	4181.184795
9.399168	416.450000	4181.435811
9.396876	416.475000	4181.686828
9.394582	416.500000	4181.937845
9.392289	416.525000	4182.188861
9.389994	416.550000	4182.439878
9.387700	416.575000	4182.690895
9.385405	416.600000	4182.941911
9.383109	416.625000	4183.192928
9.380813	416.650000	4183.443945
9.378517	416.675000	4183.694962
9.376220	416.700000	4183.945978
9.373922	416.725000	4184.196995
9.371624	416.750000	4184.448012
9.369326	416.775000	4184.699028
9.367027	416.800000	4184.950045
9.364728	416.825000	4185.201062
9.362428	416.850000	4185.452078
9.360128	416.875000	4185.703095
9.357827	416.900000	4185.954112
9.355526	416.925000	4186.205128
9.353225	416.950000	4186.456145
9.350923	416.975000	4186.707162
9.348620	417.000000	4186.958178
9.346317	417.025000	4187.209195
9.344014	417.050000	4187.460212
9.341710	417.075000	4187.711228
9.339406	417.100000	4187.962245
9.337101	417.125000	4188.213262
9.334796	417.150000	4188.464278
9.332490	417.175000	4188.715295
9.330184	417.200000	4188.966312
9.327877	417.225000	4189.217328
9.325570	417.250000	4189.468345
9.323263	417.275000	4189.719362
9.320955	417.300000	4189.970378
9.318646	417.325000	4190.221395
9.316337	417.350000	4190.472412
9.314028	417.375000	4190.723428
9.311718	417.400000	4190.974445
9.309407	417.425000	4191.225462
9.307097	417.450000	4191.476478
9.304785	417.475000	4191.727495
9.302473	417.500000	4191.978512
9.300161	417.525000	4192.229529
9.297849	417.550000	4192.480545
9.295535	417.575000	4192.731562
9.293222	417.600000	4192.982579
9.290908	417.625000	4193.233595
9.288593	417.650000	4193.484612
9.286278	417.675000	4193.735629
9.283962	417.700000	4193.986645
9.281646	417.725000	4194.237662
9.279330	417.750000	4194.488679
9.277013	417.775000	4194.739695
9.274696	417.800000	4194.990712
9.272378	417.825000	4195.241729
9.270059	417.850000	4195.492745
9.267741	417.875000	4195.743762
9.265421	417.900000	4195.994779
9.263102	417.925000	4196.245795
9.260781	417.950000	4196.496812
9.258461	417.975000	4196.747829
9.256139	418.000000	4196.998845
9.253818	418.025000	4197.249862
9.251496	418.050000	4197.500879
9.249173	418.075000	4197.751895
9.246850	418.100000	4198.002912
9.244526	418.125000	4198.253929
9.242202	418.150000	4198.504945
9.239878	418.175000	4198.755962
9.237553	418.200000	4199.006979
9.235227	418.225000	4199.257995
9.232901	418.250000	4199.509012
9.230575	418.275000	4199.760029
9.228248	418.300000	4200.011046
9.225921	418.325000	4200.262062
9.223593	418.350000	4200.513079
9.221264	418.375000	4200.764096
9.218936	418.400000	4201.015112
9.216606	418.425000	4201.266129
9.214277	418.450000	4201.517146
9.211946	418.475000	4201.768162
9.209616	418.500000	4202.019179
9.207284	418.525000	4202.270196
9.204953	418.550000	4202.521212
9.202621	418.575000	4202.772229
9.200288	418.600000	4203.023246
9.197955	418.625000	4203.274262
9.195621	418.650000	4203.525279
9.193287	418.675000	4203.776296
9.190952	418.700000	4204.027312
9.188617	418.725000	4204.278329
9.186282	418.750000	4204.529346
9.183946	418.775000	4204.780362
9.181609	418.800000	4205.031379
9.179272	418.825000	4205.282396
9.176935	418.850000	4205.533412
9.174597	418.875000	4205.784429
9.172258	418.900000	4206.035446
9.169920	418.925000	4206.286462
9.167580	418.950000	4206.537479
9.165240	418.975000	4206.788496
9.162900	419.000000	4207.039512
9.160559	419.025000	4207.290529
9.158218	419.050000	4207.541546
9.155876	419.075000	4207.792563
9.153533	419.100000	4208.043579
9.151191	419.125000	4208.294596
9.148847	419.150000	4208.545613
9.146503	419.175000	4208.796629
9.144159	419.200000	4209.047646
9.141814	419.225000	4209.298663
9.139469	419.250000	4209.549679
9.137123	419.275000	4209.800696
9.134777	419.300000	4210.051713
9.132430	419.325000	4210.302729
9.130083	419.350000	4210.553746
9.127735	419.375000	4210.804763
9.125387	419.400000	4211.055779
9.123038	419.425000	4211.306796
9.120689	419.450000	4211.557813
9.118340	419.475000	4211.808829
9.115989	419.500000	4212.059846
9.113639	419.525000	4212.310863
9.111288	419.550000	4212.561879
9.108936	419.575000	4212.812896
9.106584	419.600000	4213.063913
9.104231	419.625000	4213.314929
9.101878	419.650000	4213.565946
9.099524	419.675000	4213.816963
9.097170	419.700000	4214.067979
9.094816	419.725000	4214.318996
9.092460	419.750000	4214.570013
9.090105	419.775000	4214.821029
9.087749	419.800000	4215.072046
9.085392	419.825000	4215.323063
9.083035	419.850000	4215.574080
9.080677	419.875000	4215.825096
9.078319	419.900000	4216.076113
9.075961	419.925000	4216.327130
9.073602	419.950000	4216.578146
9.071242	419.975000	4216.829163
9.068882	420.000000	4217.080180
9.066521	420.025000	4217.331196
9.064160	420.050000	4217.582213
9.061799	420.075000	4217.833230
9.059436	420.100000	4218.084246
9.057074	420.125000	4218.335263
9.054711	420.150000	4218.586280
9.052347	420.175000	4218.837296
9.049983	420.200000	4219.088313
9.047618	420.225000	4219.339330
9.045253	420.250000	4219.590346
9.042888	420.275000	4219.841363
9.040522	420.300000	4220.092380
9.038155	420.325000	4220.343396
9.035788	420.350000	4220.594413
9.033420	420.375000	4220.845430
9.031052	420.400000	4221.096446
9.028683	420.425000	4221.347463
9.026314	420.450000	4221.598480
9.023945	420.475000	4221.849496
9.021575	420.500000	4222.100513
9.019204	420.525000	4222.351530
9.016833	420.550000	4222.602546
9.014461	420.575000	4222.853563
9.012089	420.600000	4223.104580
9.009716	420.625000	4223.355597
9.007343	420.650000	4223.606613
9.004969	420.675000	4223.857630
9.002595	420.700000	4224.108647
9.000220	420.725000	4224.359663
8.997845	420.750000	4224.610680
8.995469	420.775000	4224.861697
8.993093	420.800000	4225.112713
8.990716	420.825000	4225.363730
8.988339	420.850000	4225.614747
8.985961	420.875000	4225.865763
8.983583	420.900000	4226.116780
8.981204	420.925000	4226.367797
8.978825	420.950000	4226.618813
8.976445	420.975000	4226.869830
8.974065	421.000000	4227.120847
8.971684	421.025000	4227.371863
8.969303	421.050000	4227.622880
8.966921	421.075000	4227.873897
8.964538	421.100000	4228.124913
8.962155	421.125000	4228.375930
8.959772	421.150000	4228.626947
8.957388	421.175000	4228.877963
8.955004	421.200000	4229.128980
8.952619	421.225000	4229.379997
8.950233	421.250000	4229.631013
8.947847	421.275000	4229.882030
8.945461	421.300000	4230.133047
8.943074	421.325000	4230.384063
8.940686	421.350000	4230.635080
8.938298	421.375000	4230.886097
8.935909	421.400000	4231.137114
8.933520	421.425000	4231.388130
8.931131	421.450000	4231.639147
8.928741	421.475000	4231.890164
8.926350	421.500000	4232.141180
8.923959	421.525000	4232.392197
8.921567	421.550000	4232.643214
8.919175	421.575000	4232.894230
8.916782	421.600000	4233.145247
8.914389	421.625000	4233.396264
8.911995	421.650000	4233.647280
8.909601	421.675000	4233.898297
8.907206	421.700000	4234.149314
8.904811	421.725000	4234.400330
8.902415	421.750000	4234.651347
8.900018	421.775000	4234.902364
8.897621	421.800000	4235.153380
8.895224	421.825000	4235.404397
8.892826	421.850000	4235.655414
8.890427	421.875000	4235.906430
8.888028	421.900000	4236.157447
8.885629	421.925000	4236.408464
8.883229	421.950000	4236.659480
8.880828	421.975000	4236.910497
8.878427	422.000000	4237.161514
8.876025	422.025000	4237.412530
8.873623	422.050000	4237.663547
8.871221	422.075000	4237.914564
8.868817	422.100000	4238.165580
8.866414	422.125000	4238.416597
8.864009	422.150000	4238.667614
8.861604	422.175000	4238.918631
8.859199	422.200000	4239.169647
8.856793	422.225000	4239.420664
8.854387	422.250000	4239.671681
8.851980	422.275000	4239.922697
8.849572	422.300000	4240.173714
8.847164	422.325000	4240.424731
8.844756	422.350000	4240.675747
8.842347	422.375000	4240.926764
8.839937	422.400000	4241.177781
8.837527	422.425000	4241.428797
8.835116	422.450000	4241.679814
8.832705	422.475000	4241.930831
8.830293	422.500000	4242.181847
8.827881	422.525000	4242.432864
8.825468	422.550000	4242.683881
8.823055	422.575000	4242.934897
8.820641	422.600000	4243.185914
8.818227	422.625000	4243.436931
8.815812	422.650000	4243.687947
8.813396	422.675000	4243.938964
8.810980	422.700000	4244.189981
8.808564	422.725000	4244.440997
8.806147	422.750000	4244.692014
8.803729	422.775000	4244.943031
8.801311	422.800000	4245.194047
8.798892	422.825000	4245.445064
8.796473	422.850000	4245.696081
8.794053	422.875000	4245.947097
8.791633	422.900000	4246.198114
8.789212	422.925000	4246.449131
8.786791	422.950000	4246.700148
8.784369	422.975000	4246.951164
8.781946	423.000000	4247.202181
8.779523	423.025000	4247.453198
8.777100	423.050000	4247.704214
8.774675	423.075000	4247.955231
8.772251	423.100000	4248.206248
8.769826	423.125000	4248.457264
8.767400	423.150000	4248.708281
8.764973	423.175000	4248.959298
8.762547	423.200000	4249.210314
8.760119	423.225000	4249.461331
8.757691	423.250000	4249.712348
8.755263	423.275000	4249.963364
8.752834	423.300000	4250.214381
8.750404	423.325000	4250.465398
8.747974	423.350000	4250.716414
8.745544	423.375000	4250.967431
8.743112	423.400000	4251.218448
8.740681	423.425000	4251.469464
8.738248	423.450000	4251.720481
8.735815	423.475000	4251.971498
8.733382	423.500000	4252.222514
8.730948	423.525000	4252.473531
8.728514	423.550000	4252.724548
8.726079	423.575000	4252.975564
8.723643	423.600000	4253.226581
8.721207	423.625000	4253.477598
8.718770	423.650000	4253.728614
8.716333	423.675000	4253.979631
8.713895	423.700000	4254.230648
8.711457	423.725000	4254.481665
8.709018	423.750000	4254.732681
8.706578	423.775000	4254.983698
8.704138	423.800000	4255.234715
8.701698	423.825000	4255.485731
8.699257	423.850000	4255.736748
8.696815	423.875000	4255.987765
8.694373	423.900000	4256.238781
8.691930	423.925000	4256.489798
8.689486	423.950000	4256.740815
8.687043	423.975000	4256.991831
8.684598	424.000000	4257.242848
8.682153	424.025000	4257.493865
8.679708	424.050000	4257.744881
8.677261	424.075000	4257.995898
8.674815	424.100000	4258.246915
8.672367	424.125000	4258.497931
8.669920	424.150000	4258.748948
8.667471	424.175000	4258.999965
8.665022	424.200000	4259.250981
8.662573	424.225000	4259.501998
8.660123	424.250000	4259.753015
8.657672	424.275000	4260.004031
8.655221	424.300000	4260.255048
8.652769	424.325000	4260.506065
8.650317	424.350000	4260.757081
8.647864	424.375000	4261.008098
8.645411	424.400000	4261.259115
8.642957	424.425000	4261.510131
8.640502	424.450000	4261.761148
8.638047	424.475000	4262.012165
8.635591	424.500000	4262.263182
8.633135	424.525000	4262.514198
8.630678	424.550000	4262.765215
8.628221	424.575000	4263.016232
8.625763	424.600000	4263.267248
8.623304	424.625000	4263.518265
8.620845	424.650000	4263.769282
8.618386	424.675000	4264.020298
8.615925	424.700000	4264.271315
8.613465	424.725000	4264.522332
8.611003	424.750000	4264.773348
8.608541	424.775000	4265.024365
8.606079	424.800000	4265.275382
8.603616	424.825000	4265.526398
8.601152	424.850000	4265.777415
8.598688	424.875000	4266.028432
8.596223	424.900000	4266.279448
8.593758	424.925000	4266.530465
8.591292	424.950000	4266.781482
8.588825	424.975000	4267.032498
8.586358	425.000000	4267.283515
8.583891	425.025000	4267.534532
8.581422	425.050000	4267.785548
8.578954	425.075000	4268.036565
8.576484	425.100000	4268.287582
8.574014	425.125000	4268.538598
8.571544	425.150000	4268.789615
8.569073	425.175000	4269.040632
8.566601	425.200000	4269.291648
8.564129	425.225000	4269.542665
8.561656	425.250000	4269.793682
8.559183	425.275000	4270.044699
8.556709	425.300000	4270.295715
8.554234	425.325000	4270.546732
8.551759	425.350000	4270.797749
8.549283	425.375000	4271.048765
8.546807	425.400000	4271.299782
8.544330	425.425000	4271.550799
8.541853	425.450000	4271.801815
8.539374	425.475000	4272.052832
8.536896	425.500000	4272.303849
8.534417	425.525000	4272.554865
8.531937	425.550000	4272.805882
8.529457	425.575000	4273.056899
8.526976	425.600000	4273.307915
8.524494	425.625000	4273.558932
8.522012	425.650000	4273.809949
8.519529	425.675000	4274.060965
8.517046	425.700000	4274.311982
8.514562	425.725000	4274.562999
8.512078	425.750000	4274.814015
8.509593	425.775000	4275.065032
8.507107	425.800000	4275.316049
8.504621	425.825000	4275.567065
8.502134	425.850000	4275.818082
8.499646	425.875000	4276.069099
8.497158	425.900000	4276.320115
8.494670	425.925000	4276.571132
8.492181	425.950000	4276.822149
8.489691	425.975000	4277.073165
8.487201	426.000000	4277.324182
8.484710	426.025000	4277.575199
8.482218	426.050000	4277.826216
8.479726	426.075000	4278.077232
8.477233	426.100000	4278.328249
8.474740	426.125000	4278.579266
8.472246	426.150000	4278.830282
8.469752	426.175000	4279.081299
8.467257	426.200000	4279.332316
8.464761	426.225000	4279.583332
8.462265	426.250000	4279.834349
8.459768	426.275000	4280.085366
8.457270	426.300000	4280.336382
8.454772	426.325000	4280.587399
8.452274	426.350000	4280.838416
8.449774	426.375000	4281.089432
8.447274	426.400000	4281.340449
8.444774	426.425000	4281.591466
8.442273	426.450000	4281.842482
8.439771	426.475000	4282.093499
8.437269	426.500000	4282.344516
8.434766	426.525000	4282.595532
8.432263	426.550000	4282.846549
8.429759	426.575000	4283.097566
8.427254	426.600000	4283.348582
8.424749	426.625000	4283.599599
8.422243	426.650000	4283.850616
8.419737	426.675000	4284.101632
8.417229	426.700000	4284.352649
8.414722	426.725000	4284.603666
8.412214	426.750000	4284.854682
8.409705	426.775000	4285.105699
8.407195	426.800000	4285.356716
8.404685	426.825000	4285.607733
8.402174	426.850000	4285.858749
8.399663	426.875000	4286.109766
8.397151	426.900000	4286.360783
8.394639	426.925000	4286.611799
8.392126	426.950000	4286.862816
8.389612	426.975000	4287.113833
8.387098	427.000000	4287.364849
8.384583	427.025000	4287.615866
8.382067	427.050000	4287.866883
8.379551	427.075000	4288.117899
8.377034	427.100000	4288.368916
8.374517	427.125000	4288.619933
8.371999	427.150000	4288.870949
8.369480	427.175000	4289.121966
8.366961	427.200000	4289.372983
8.364441	427.225000	4289.623999
8.361921	427.250000	4289.875016
8.359400	427.275000	4290.126033
8.356878	427.300000	4290.377049
8.354356	427.325000	4290.628066
8.351833	427.350000	4290.879083
8.349309	427.375000	4291.130099
8.346785	427.400000	4291.381116
8.344261	427.425000	4291.632133
8.341735	427.450000	4291.883149
8.339209	427.475000	4292.134166
8.336683	427.500000	4292.385183
8.334156	427.525000	4292.636199
8.331628	427.550000	4292.887216
8.329099	427.575000	4293.138233
8.326570	427.600000	4293.389250
8.324041	427.625000	4293.640266
8.321510	427.650000	4293.891283
8.318979	427.675000	4294.142300
8.316448	427.700000	4294.393316
8.313916	427.725000	4294.644333
8.311383	427.750000	4294.895350
8.308849	427.775000	4295.146366
8.306315	427.800000	4295.397383
8.303781	427.825000	4295.648400
8.301245	427.850000	4295.899416
8.298710	427.875000	4296.150433
8.296173	427.900000	4296.401450
8.293636	427.925000	4296.652466
8.291098	427.950000	4296.903483
8.288560	427.975000	4297.154500
8.286021	428.000000	4297.405516
8.283481	428.025000	4297.656533
8.280941	428.050000	4297.907550
8.278400	428.075000	4298.158566
8.275858	428.100000	4298.409583
8.273316	428.125000	4298.660600
8.270773	428.150000	4298.911616
8.268230	428.175000	4299.162633
8.265686	428.200000	4299.413650
8.263141	428.225000	4299.664666
8.260596	428.250000	4299.915683
8.258050	428.275000	4300.166700
8.255503	428.300000	4300.417716
8.252956	428.325000	4300.668733
8.250408	428.350000	4300.919750
8.247859	428.375000	4301.170767
8.245310	428.400000	4301.421783
8.242761	428.425000	4301.672800
8.240210	428.450000	4301.923817
8.237659	428.475000	4302.174833
8.235107	428.500000	4302.425850
8.232555	428.525000	4302.676867
8.230002	428.550000	4302.927883
8.227449	428.575000	4303.178900
8.224894	428.600000	4303.429917
8.222339	428.625000	4303.680933
8.219784	428.650000	4303.931950
8.217228	428.675000	4304.182967
8.214671	428.700000	4304.433983
8.212114	428.725000	4304.685000
8.209555	428.750000	4304.936017
8.206997	428.775000	4305.187033
8.204437	428.800000	4305.438050
8.201877	428.825000	4305.689067
8.199317	428.850000	4305.940083
8.196755	428.875000	4306.191100
8.194194	428.900000	4306.442117
8.191631	428.925000	4306.693133
8.189068	428.950000	4306.944150
8.186504	428.975000	4307.195167
8.183939	429.000000	4307.446183
8.181374	429.025000	4307.697200
8.178808	429.050000	4307.948217
8.176242	429.075000	4308.199233
8.173675	429.100000	4308.450250
8.171107	429.125000	4308.701267
8.168539	429.150000	4308.952284
8.165969	429.175000	4309.203300
8.163400	429.200000	4309.454317
8.160829	429.225000	4309.705334
8.158258	429.250000	4309.956350
8.155687	429.275000	4310.207367
8.153114	429.300000	4310.458384
8.150541	429.325000	4310.709400
8.147968	429.350000	4310.960417
8.145393	429.375000	4311.211434
8.142818	429.400000	4311.462450
8.140243	429.425000	4311.713467
8.137667	429.450000	4311.964484
8.135090	429.475000	4312.215500
8.132512	429.500000	4312.466517
8.129934	429.525000	4312.717534
8.127355	429.550000	4312.968550
8.124775	429.575000	4313.219567
8.122195	429.600000	4313.470584
8.119614	429.625000	4313.721600
8.117033	429.650000	4313.972617
8.114451	429.675000	4314.223634
8.111868	429.700000	4314.474650
8.109284	429.725000	4314.725667
8.106700	429.750000	4314.976684
8.104115	429.775000	4315.227700
8.101530	429.800000	4315.478717
8.098944	429.825000	4315.729734
8.096357	429.850000	4315.980750
8.093769	429.875000	4316.231767
8.091181	429.900000	4316.482784
8.088592	429.925000	4316.733800
8.086003	429.950000	4316.984817
8.083413	429.975000	4317.235834
8.080822	430.000000	4317.486851
8.078230	430.025000	4317.737867
8.075638	430.050000	4317.988884
8.073045	430.075000	4318.239901
8.070452	430.100000	4318.490917
8.067857	430.125000	4318.741934
8.065263	430.150000	4318.992951
8.062667	430.175000	4319.243967
8.060071	430.200000	4319.494984
8.057474	430.225000	4319.746001
8.054876	430.250000	4319.997017
8.052278	430.275000	4320.248034
8.049679	430.300000	4320.499051
8.047080	430.325000	4320.750067
8.044480	430.350000	4321.001084
8.041879	430.375000	4321.252101
8.039277	430.400000	4321.503117
8.036675	430.425000	4321.754134
8.034072	430.450000	4322.005151
8.031468	430.475000	4322.256167
8.028864	430.500000	4322.507184
8.026259	430.525000	4322.758201
8.023653	430.550000	4323.009217
8.021047	430.575000	4323.260234
8.018440	430.600000	4323.511251
8.015832	430.625000	4323.762267
8.013224	430.650000	4324.013284
8.010615	430.675000	4324.264301
8.008005	430.700000	4324.515317
8.005394	430.725000	4324.766334
8.002783	430.750000	4325.017351
8.000171	430.775000	4325.268368
7.997559	430.800000	4325.519384
7.994946	430.825000	4325.770401
7.992332	430.850000	4326.021418
7.989717	430.875000	4326.272434
7.987102	430.900000	4326.523451
7.984486	430.925000	4326.774468
7.981870	430.950000	4327.025484
7.979252	430.975000	4327.276501
7.976634	431.000000	4327.527518
7.974016	431.025000	4327.778534
7.971396	431.050000	4328.029551
7.968776	431.075000	4328.280568
7.966155	431.100000	4328.531584
7.963534	431.125000	4328.782601
7.960912	431.150000	4329.033618
7.958289	431.175000	4329.284634
7.955665	431.200000	4329.535651
7.953041	431.225000	4329.786668
7.950416	431.250000	4330.037684
7.947790	431.275000	4330.288701
7.945164	431.300000	4330.539718
7.942537	431.325000	4330.790734
7.939909	431.350000	4331.041751
7.937281	431.375000	4331.292768
7.934652	431.400000	4331.543784
7.932022	431.425000	4331.794801
7.929391	431.450000	4332.045818
7.926760	431.475000	4332.296834
7.924128	431.500000	4332.547851
7.921496	431.525000	4332.798868
7.918862	431.550000	4333.049885
7.916228	431.575000	4333.300901
7.913593	431.600000	4333.551918
7.910958	431.625000	4333.802935
7.908322	431.650000	4334.053951
7.905685	431.675000	4334.304968
7.903047	431.700000	4334.555985
7.900409	431.725000	4334.807001
7.897770	431.750000	4335.058018
7.895131	431.775000	4335.309035
7.892490	431.800000	4335.560051
7.889849	431.825000	4335.811068
7.887207	431.850000	4336.062085
7.884565	431.875000	4336.313101
7.881921	431.900000	4336.564118
7.879277	431.925000	4336.815135
7.876633	431.950000	4337.066151
7.873987	431.975000	4337.317168
7.871341	432.000000	4337.568185
7.868695	432.025000	4337.819201
7.866047	432.050000	4338.070218
7.863399	432.075000	4338.321235
7.860750	432.100000	4338.572251
7.858100	432.125000	4338.823268
7.855450	432.150000	4339.074285
7.852799	432.175000	4339.325301
7.850147	432.200000	4339.576318
7.847494	432.225000	4339.827335
7.844841	432.250000	4340.078351
7.842187	432.275000	4340.329368
7.839532	432.300000	4340.580385
7.836877	432.325000	4340.831402
7.834221	432.350000	4341.082418
7.831564	432.375000	4341.333435
7.828906	432.400000	4341.584452
7.826248	432.425000	4341.835468
7.823589	432.450000	4342.086485
7.820929	432.475000	4342.337502
7.818269	432.500000	4342.588518
7.815607	432.525000	4342.839535
7.812945	432.550000	4343.090552
7.810283	432.575000	4343.341568
7.807619	432.600000	4343.592585
7.804955	432.625000	4343.843602
7.802290	432.650000	4344.094618
7.799625	432.675000	4344.345635
7.796958	432.700000	4344.596652
7.794291	432.725000	4344.847668
7.791624	432.750000	4345.098685
7.788955	432.775000	4345.349702
7.786286	432.800000	4345.600718
7.783616	432.825000	4345.851735
7.780945	432.850000	4346.102752
7.778274	432.875000	4346.353768
7.775602	432.900000	4346.604785
7.772929	432.925000	4346.855802
7.770255	432.950000	4347.106818
7.767581	432.975000	4347.357835
7.764905	433.000000	4347.608852
7.762229	433.025000	4347.859868
7.759553	433.050000	4348.110885
7.756875	433.075000	4348.361902
7.754197	433.100000	4348.612919
7.751519	433.125000	4348.863935
7.748839	433.150000	4349.114952
7.746159	433.175000	4349.365969
7.743478	433.200000	4349.616985
7.740796	433.225000	4349.868002
7.738113	433.250000	4350.119019
7.735430	433.275000	4350.370035
7.732746	433.300000	4350.621052
7.730061	433.325000	4350.872069
7.727375	433.350000	4351.123085
7.724689	433.375000	4351.374102
7.722002	433.400000	4351.625119
7.719314	433.425000	4351.876135
7.716626	433.450000	4352.127152
7.713936	433.475000	4352.378169
7.711246	433.500000	4352.629185
7.708556	433.525000	4352.880202
7.705864	433.550000	4353.131219
7.703172	433.575000	4353.382235
7.700479	433.600000	4353.633252
7.697785	433.625000	4353.884269
7.695090	433.650000	4354.135285
7.692395	433.675000	4354.386302
7.689699	433.700000	4354.637319
7.687002	433.725000	4354.888335
7.684304	433.750000	4355.139352
7.681606	433.775000	4355.390369
7.678907	433.800000	4355.641385
7.676207	433.825000	4355.892402
7.673506	433.850000	4356.143419
7.670805	433.875000	4356.394436
7.668103	433.900000	4356.645452
7.665400	433.925000	4356.896469
7.662696	433.950000	4357.147486
7.659992	433.975000	4357.398502
7.657287	434.000000	4357.649519
7.654581	434.025000	4357.900536
7.651874	434.050000	4358.151552
7.649166	434.075000	4358.402569
7.646458	434.100000	4358.653586
7.643749	434.125000	4358.904602
7.641039	434.150000	4359.155619
7.638329	434.175000	4359.406636
7.635617	434.200000	4359.657652
7.632905	434.225000	4359.908669
7.630192	434.250000	4360.159686
7.627479	434.275000	4360.410702
7.624764	434.300000	4360.661719
7.622049	434.325000	4360.912736
7.619333	434.350000	4361.163752
7.616616	434.375000	4361.414769
7.613899	434.400000	4361.665786
7.611180	434.425000	4361.916802
7.608461	434.450000	4362.167819
7.605741	434.475000	4362.418836
7.603021	434.500000	4362.669852
7.600299	434.525000	4362.920869
7.597577	434.550000	4363.171886
7.594854	434.575000	4363.422902
7.592130	434.600000	4363.673919
7.589406	434.625000	4363.924936
7.586680	434.650000	4364.175953
7.583954	434.675000	4364.426969
7.581227	434.700000	4364.677986
7.578499	434.725000	4364.929003
7.575771	434.750000	4365.180019
7.573042	434.775000	4365.431036
7.570312	434.800000	4365.682053
7.567581	434.825000	4365.933069
7.564849	434.850000	4366.184086
7.562117	434.875000	4366.435103
7.559384	434.900000	4366.686119
7.556650	434.925000	4366.937136
7.553915	434.950000	4367.188153
7.551179	434.975000	4367.439169
7.548443	435.000000	4367.690186
7.545706	435.025000	4367.941203
7.542968	435.050000	4368.192219
7.540229	435.075000	4368.443236
7.537489	435.100000	4368.694253
7.534749	435.125000	4368.945269
7.532008	435.150000	4369.196286
7.529266	435.175000	4369.447303
7.526523	435.200000	4369.698319
7.523780	435.225000	4369.949336
7.521035	435.250000	4370.200353
7.518290	435.275000	4370.451369
7.515544	435.300000	4370.702386
7.512797	435.325000	4370.953403
7.510050	435.350000	4371.204419
7.507302	435.375000	4371.455436
7.504552	435.400000	4371.706453
7.501802	435.425000	4371.957470
7.499052	435.450000	4372.208486
7.496300	435.475000	4372.459503
7.493548	435.500000	4372.710520
7.490794	435.525000	4372.961536
7.488040	435.550000	4373.212553
7.485286	435.575000	4373.463570
7.482530	435.600000	4373.714586
7.479774	435.625000	4373.965603
7.477016	435.650000	4374.216620
7.474258	435.675000	4374.467636
7.471499	435.700000	4374.718653
7.468740	435.725000	4374.969670
7.465979	435.750000	4375.220686
7.463218	435.775000	4375.471703
7.460456	435.800000	4375.722720
7.457693	435.825000	4375.973736
7.454929	435.850000	4376.224753
7.452164	435.875000	4376.475770
7.449399	435.900000	4376.726786
7.446633	435.925000	4376.977803
7.443866	435.950000	4377.228820
7.441098	435.975000	4377.479836
7.438329	436.000000	4377.730853
7.435560	436.025000	4377.981870
7.432789	436.050000	4378.232886
7.430018	436.075000	4378.483903
7.427246	436.100000	4378.734920
7.424473	436.125000	4378.985936
7.421700	436.150000	4379.236953
7.418925	436.175000	4379.487970
7.416150	436.200000	4379.738987
7.413374	436.225000	4379.990003
7.410597	436.250000	4380.241020
7.407819	436.275000	4380.492037
7.405041	436.300000	4380.743053
7.402261	436.325000	4380.994070
7.399481	436.350000	4381.245087
7.396700	436.375000	4381.496103
7.393918	436.400000	4381.747120
7.391135	436.425000	4381.998137
7.388351	436.450000	4382.249153
7.385567	436.475000	4382.500170
7.382782	436.500000	4382.751187
7.379995	436.525000	4383.002203
7.379661	436.528000	4383.032325
7.379327	436.531000	4383.062447
7.378992	436.534000	4383.092569
7.378658	436.537000	4383.122691
7.378323	436.540000	4383.152813
7.377989	436.543000	4383.182935
7.377654	436.546000	4383.213057
7.377320	436.549000	4383.243179
7.376985	436.552000	4383.273301
7.376651	436.555000	4383.303423
7.376316	436.558000	4383.333545
7.375982	436.561000	4383.363667
7.375647	436.564000	4383.393789
7.375313	436.567000	4383.423911
7.374978	436.570000	4383.454033
7.374644	436.573000	4383.484155
7.374309	436.576000	4383.514277
7.373974	436.579000	4383.544399
7.373640	436.582000	4383.574521
7.373305	436.585000	4383.604643
7.372971	436.588000	4383.634765
7.372636	436.591000	4383.664887
7.372301	436.594000	4383.695009
7.371967	436.597000	4383.725131
7.371632	436.600000	4383.755253
7.371297	436.603000	4383.785375
7.370963	436.606000	4383.815497
7.370628	436.609000	4383.845619
7.370293	436.612000	4383.875741
7.369958	436.615000	4383.905863
7.369624	436.618000	4383.935985
7.369289	436.621000	4383.966107
7.368954	436.624000	4383.996229
7.368619	436.627000	4384.026351
7.368284	436.630000	4384.056473
7.367950	436.633000	4384.086595
7.367615	436.636000	4384.116717
7.367280	436.639000	4384.146839
7.366945	436.642000	4384.176961
7.366610	436.645000	4384.207083
7.366275	436.648000	4384.237205
7.365940	436.651000	4384.267327
7.365606	436.654000	4384.297449
7.365271	436.657000	4384.327571
7.364936	436.660000	4384.357693
7.364601	436.663000	4384.387815
7.364266	436.666000	4384.417937
7.363931	436.669000	4384.448059
7.363596	436.672000	4384.478181
7.363261	436.675000	4384.508303
7.362926	436.678000	4384.538425
7.362591	436.681000	4384.568547
7.362256	436.684000	4384.598669
7.361921	436.687000	4384.628791
7.361586	436.690000	4384.658913
7.361251	436.693000	4384.689035
7.360916	436.696000	4384.719157
7.360581	436.699000	4384.749279
7.360245	436.702000	4384.779401
7.359910	436.705000	4384.809523
7.359575	436.708000	4384.839645
7.359240	436.711000	4384.869767
7.358905	436.714000	4384.899889
7.358570	436.717000	4384.930011
7.358235	436.720000	4384.960133
7.357899	436.723000	4384.990255
7.357564	436.726000	4385.020377
7.357229	436.729000	4385.050499
7.356894	436.732000	4385.080621
7.356559	436.735000	4385.110743
7.356223	436.738000	4385.140865
7.355888	436.741000	4385.170987
7.355553	436.744000	4385.201109
7.355218	436.747000	4385.231231
7.354882	436.750000	4385.261353
7.354547	436.753000	4385.291475
7.354212	436.756000	4385.321597
7.353876	436.759000	4385.351719
7.353541	436.762000	4385.381841
7.353206	436.765000	4385.411963
7.352870	436.768000	4385.442085
7.352535	436.771000	4385.472207
7.352199	436.774000	4385.502329
7.351864	436.777000	4385.532451
7.351529	436.780000	4385.562573
7.351193	436.783000	4385.592695
7.350858	436.786000	4385.622817
7.350522	436.789000	4385.652939
7.350187	436.792000	4385.683061
7.349851	436.795000	4385.713183
7.349516	436.798000	4385.743305
7.349180	436.801000	4385.773427
7.348845	436.804000	4385.803549
7.348509	436.807000	4385.833671
7.348174	436.810000	4385.863793
7.347838	436.813000	4385.893915
7.347503	436.816000	4385.924037
7.347167	436.819000	4385.954159
7.346832	436.822000	4385.984281
7.346496	436.825000	4386.014403
7.346160	436.828000	4386.044525
7.345825	436.831000	4386.074647
7.345489	436.834000	4386.104769
7.345153	436.837000	4386.134891
7.344818	436.840000	4386.165013
7.344482	436.843000	4386.195135
7.344146	436.846000	4386.225257
7.343811	436.849000	4386.255379
7.343475	436.852000	4386.285501
7.343139	436.855000	4386.315623
7.342804	436.858000	4386.345745
7.342468	436.861000	4386.375867
7.342132	436.864000	4386.405989
7.341796	436.867000	4386.436111
7.341461	436.870000	4386.466233
7.341125	436.873000	4386.496355
7.340789	436.876000	4386.526477
7.340453	436.879000	4386.556599
7.340117	436.882000	4386.586721
7.339781	436.885000	4386.616843
7.339446	436.888000	4386.646965
7.339110	436.891000	4386.677087
7.338774	436.894000	4386.707209
7.338438	436.897000	4386.737331
7.338102	436.900000	4386.767453
7.337766	436.903000	4386.797575
7.337430	436.906000	4386.827697
7.337094	436.909000	4386.857819
7.336758	436.912000	4386.887941
7.336422	436.915000	4386.918063
7.336086	436.918000	4386.948185
7.335750	436.921000	4386.978307
7.335414	436.924000	4387.008429
7.335078	436.927000	4387.038551
7.334742	436.930000	4387.068673
7.334406	436.933000	4387.098795
7.334070	436.936000	4387.128917
7.333734	436.939000	4387.159039
7.333398	436.942000	4387.189161
7.333062	436.945000	4387.219283
7.332726	436.948000	4387.249406
7.332390	436.951000	4387.279528
7.332054	436.954000	4387.309650
7.331718	436.957000	4387.339772
7.331381	436.960000	4387.369894
7.331045	436.963000	4387.400016
7.330709	436.966000	4387.430138
7.330373	436.969000	4387.460260
7.330037	436.972000	4387.490382
7.329700	436.975000	4387.520504
7.329364	436.978000	4387.550626
7.329028	436.981000	4387.580748
7.328692	436.984000	4387.610870
7.328356	436.987000	4387.640992
7.328019	436.990000	4387.671114
7.327683	436.993000	4387.701236
7.327347	436.996000	4387.731358
7.327010	436.999000	4387.761480
7.326674	437.002000	4387.791602
7.326338	437.005000	4387.821724
7.326001	437.008000	4387.851846
7.325665	437.011000	4387.881968
7.325329	437.014000	4387.912090
7.324992	437.017000	4387.942212
7.324656	437.020000	4387.972334
7.324319	437.023000	4388.002456
7.323983	437.026000	4388.032578
7.323647	437.029000	4388.062700
7.323310	437.032000	4388.092822
7.322974	437.035000	4388.122944
7.322637	437.038000	4388.153066
7.322301	437.041000	4388.183188
7.321964	437.044000	4388.213310
7.321628	437.047000	4388.243432
7.321291	437.050000	4388.273554
7.320955	437.053000	4388.303676
7.320618	437.056000	4388.333798
7.320282	437.059000	4388.363920
7.319945	437.062000	4388.394042
7.319608	437.065000	4388.424164
7.319272	437.068000	4388.454286
7.318935	437.071000	4388.484408
7.318599	437.074000	4388.514530
7.318262	437.077000	4388.544652
7.317925	437.080000	4388.574774
7.317589	437.083000	4388.604896
7.317252	437.086000	4388.635018
7.316915	437.089000	4388.665140
7.316579	437.092000	4388.695262
7.316242	437.095000	4388.725384
7.315905	437.098000	4388.755506
7.315569	437.101000	4388.785628
7.315232	437.104000	4388.815750
7.314895	437.107000	4388.845872
7.314558	437.110000	4388.875994
7.314221	437.113000	4388.906116
7.313885	437.116000	4388.936238
7.313548	437.119000	4388.966360
7.313211	437.122000	4388.996482
7.312874	437.125000	4389.026604
7.312537	437.128000	4389.056726
7.312201	437.131000	4389.086848
7.311864	437.134000	4389.116970
7.311527	437.137000	4389.147092
7.311190	437.140000	4389.177214
7.310853	437.143000	4389.207336
7.310516	437.146000	4389.237458
7.310179	437.149000	4389.267580
7.309842	437.152000	4389.297702
7.309505	437.155000	4389.327824
7.309168	437.158000	4389.357946
7.308831	437.161000	4389.388068
7.308494	437.164000	4389.418190
7.308157	437.167000	4389.448312
7.307820	437.170000	4389.478434
7.307483	437.173000	4389.508556
7.307146	437.176000	4389.538678
7.306809	437.179000	4389.568800
7.306472	437.182000	4389.598922
7.306135	437.185000	4389.629044
7.305798	437.188000	4389.659166
7.305461	437.191000	4389.689288
7.305124	437.194000	4389.719410
7.304787	437.197000	4389.749532
7.304450	437.200000	4389.779654
7.304112	437.203000	4389.809776
7.303775	437.206000	4389.839898
7.303438	437.209000	4389.870020
7.303101	437.212000	4389.900142
7.302764	437.215000	4389.930264
7.302426	437.218000	4389.960386
7.302089	437.221000	4389.990508
7.301752	437.224000	4390.020630
7.301415	437.227000	4390.050752
7.301077	437.230000	4390.080874
7.300740	437.233000	4390.110996
7.300403	437.236000	4390.141118
7.300066	437.239000	4390.171240
7.299728	437.242000	4390.201362
7.299391	437.245000	4390.231484
7.299054	437.248000	4390.261606
7.298716	437.251000	4390.291728
7.298379	437.254000	4390.321850
7.298042	437.257000	4390.351972
7.297704	437.260000	4390.382094
7.297367	437.263000	4390.412216
7.297029	437.266000	4390.442338
7.296692	437.269000	4390.472460
7.296355	437.272000	4390.502582
7.296017	437.275000	4390.532704
7.295680	437.278000	4390.562826
7.295342	437.281000	4390.592948
7.295005	437.284000	4390.623070
7.294667	437.287000	4390.653192
7.294330	437.290000	4390.683314
7.293992	437.293000	4390.713436
7.293655	437.296000	4390.743558
7.293317	437.299000	4390.773680
7.292979	437.302000	4390.803802
7.292642	437.305000	4390.833924
7.292304	437.308000	4390.864046
7.291967	437.311000	4390.894168
7.291629	437.314000	4390.924290
7.291292	437.317000	4390.954412
7.290954	437.320000	4390.984534
7.290616	437.323000	4391.014656
7.290279	437.326000	4391.044778
7.289941	437.329000	4391.074900
7.289603	437.332000	4391.105022
7.289266	437.335000	4391.135144
7.288928	437.338000	4391.165266
7.288590	437.341000	4391.195388
7.288252	437.344000	4391.225510
7.287915	437.347000	4391.255632
7.287577	437.350000	4391.285754
7.287239	437.353000	4391.315876
7.286901	437.356000	4391.345998
7.286564	437.359000	4391.376120
7.286226	437.362000	4391.406242
7.285888	437.365000	4391.436364
7.285550	437.368000	4391.466486
7.285212	437.371000	4391.496608
7.284874	437.374000	4391.526730
7.284536	437.377000	4391.556852
7.284199	437.380000	4391.586974
7.283861	437.383000	4391.617096
7.283523	437.386000	4391.647218
7.283185	437.389000	4391.677340
7.282847	437.392000	4391.707462
7.282509	437.395000	4391.737584
7.282171	437.398000	4391.767706
7.281833	437.401000	4391.797828
7.281495	437.404000	4391.827950
7.281157	437.407000	4391.858072
7.280819	437.410000	4391.888194
7.280481	437.413000	4391.918316
7.280143	437.416000	4391.948438
7.279805	437.419000	4391.978560
7.279467	437.422000	4392.008682
7.279129	437.425000	4392.038804
7.278791	437.428000	4392.068926
7.278453	437.431000	4392.099048
7.278115	437.434000	4392.129170
7.277776	437.437000	4392.159292
7.277438	437.440000	4392.189414
7.277100	437.443000	4392.219536
7.276762	437.446000	4392.249658
7.276424	437.449000	4392.279780
7.276086	437.452000	4392.309902
7.275747	437.455000	4392.340024
7.275409	437.458000	4392.370146
7.275071	437.461000	4392.400268
7.274733	437.464000	4392.430390
7.274395	437.467000	4392.460512
7.274056	437.470000	4392.490634
7.273718	437.473000	4392.520756
7.273380	437.476000	4392.550878
7.273041	437.479000	4392.581000
7.272703	437.482000	4392.611122
7.272365	437.485000	4392.641244
7.272026	437.488000	4392.671366
7.271688	437.491000	4392.701488
7.271350	437.494000	4392.731610
7.271011	437.497000	4392.761732
7.270673	437.500000	4392.791854
7.270335	437.503000	4392.821976
7.269996	437.506000	4392.852098
7.269658	437.509000	4392.882220
7.269319	437.512000	4392.912342
7.268981	437.515000	4392.942464
7.268642	437.518000	4392.972586
7.268304	437.521000	4393.002708
7.267965	437.524000	4393.032830
7.267627	437.527000	4393.062952
7.267288	437.530000	4393.093074
7.266950	437.533000	4393.123196
7.266611	437.536000	4393.153318
7.266273	437.539000	4393.183440
7.265934	437.542000	4393.213562
7.265596	437.545000	4393.243684
7.265257	437.548000	4393.273806
7.264919	437.551000	4393.303928
7.264580	437.554000	4393.334050
7.264241	437.557000	4393.364172
7.263903	437.560000	4393.394294
7.263564	437.563000	4393.424416
7.263225	437.566000	4393.454538
7.262887	437.569000	4393.484660
7.262548	437.572000	4393.514782
7.262209	437.575000	4393.544904
7.261871	437.578000	4393.575026
7.261532	437.581000	4393.605148
7.261193	437.584000	4393.635270
7.260854	437.587000	4393.665392
7.260516	437.590000	4393.695514
7.260177	437.593000	4393.725636
7.259838	437.596000	4393.755758
7.259499	437.599000	4393.785880
7.259160	437.602000	4393.816002
7.258822	437.605000	4393.846124
7.258483	437.608000	4393.876246
7.258144	437.611000	4393.906368
7.257805	437.614000	4393.936490
7.257466	437.617000	4393.966612
7.257127	437.620000	4393.996734
7.256788	437.623000	4394.026856
7.256449	437.626000	4394.056978
7.256111	437.629000	4394.087100
7.255772	437.632000	4394.117222
7.255433	437.635000	4394.147344
7.255094	437.638000	4394.177466
7.254755	437.641000	4394.207588
7.254416	437.644000	4394.237710
7.254077	437.647000	4394.267832
7.253738	437.650000	4394.297954
7.253399	437.653000	4394.328076
7.253060	437.656000	4394.358198
7.252721	437.659000	4394.388320
7.252382	437.662000	4394.418442
7.252042	437.665000	4394.448564
7.251703	437.668000	4394.478686
7.251364	437.671000	4394.508808
7.251025	437.674000	4394.538930
7.250686	437.677000	4394.569052
7.250347	437.680000	4394.599174
7.250008	437.683000	4394.629296
7.249669	437.686000	4394.659418
7.249329	437.689000	4394.689540
7.248990	437.692000	4394.719662
7.248651	437.695000	4394.749784
7.248312	437.698000	4394.779906
7.247973	437.701000	4394.810028
7.247633	437.704000	4394.840150
7.247294	437.707000	4394.870272
7.246955	437.710000	4394.900394
7.246616	437.713000	4394.930516
7.246276	437.716000	4394.960638
7.245937	437.719000	4394.990760
7.245598	437.722000	4395.020882
7.245258	437.725000	4395.051004
7.244919	437.728000	4395.081126
7.244580	437.731000	4395.111248
7.244240	437.734000	4395.141370
7.243901	437.737000	4395.171492
7.243561	437.740000	4395.201614
7.243222	437.743000	4395.231736
7.242883	437.746000	4395.261858
7.242543	437.749000	4395.291980
7.242204	437.752000	4395.322102
7.241864	437.755000	4395.352224
7.241525	437.758000	4395.382346
7.241185	437.761000	4395.412468
7.240846	437.764000	4395.442590
7.240506	437.767000	4395.472712
7.240167	437.770000	4395.502834
7.239827	437.773000	4395.532956
7.239488	437.776000	4395.563078
7.239148	437.779000	4395.593200
7.238809	437.782000	4395.623322
7.238469	437.785000	4395.653444
7.238129	437.788000	4395.683566
7.237790	437.791000	4395.713688
7.237450	437.794000	4395.743810
7.237111	437.797000	4395.773932
7.236771	437.800000	4395.804054
7.236431	437.803000	4395.834176
7.236092	437.806000	4395.864298
7.235752	437.809000	4395.894420
7.235412	437.812000	4395.924542
7.235072	437.815000	4395.954664
7.234733	437.818000	4395.984786
7.234393	437.821000	4396.014908
7.234053	437.824000	4396.045030
7.233714	437.827000	4396.075152
7.233374	437.830000	4396.105274
7.233034	437.833000	4396.135396
7.232694	437.836000	4396.165518
7.232354	437.839000	4396.195640
7.232015	437.842000	4396.225762
7.231675	437.845000	4396.255884
7.231335	437.848000	4396.286006
7.230995	437.851000	4396.316128
7.230655	437.854000	4396.346250
7.230315	437.857000	4396.376372
7.229975	437.860000	4396.406494
7.229635	437.863000	4396.436616
7.229295	437.866000	4396.466738
7.228956	437.869000	4396.496860
7.228616	437.872000	4396.526982
7.228276	437.875000	4396.557104
7.227936	437.878000	4396.587226
7.227596	437.881000	4396.617348
7.227256	437.884000	4396.647470
7.226916	437.887000	4396.677592
7.226576	437.890000	4396.707714
7.226236	437.893000	4396.737836
7.225896	437.896000	4396.767958
7.225555	437.899000	4396.798080
7.225215	437.902000	4396.828202
7.224875	437.905000	4396.858324
7.224535	437.908000	4396.888446
7.224195	437.911000	4396.918568
7.223855	437.914000	4396.948690
7.223515	437.917000	4396.978812
7.223175	437.920000	4397.008934
7.222834	437.923000	4397.039056
7.222494	437.926000	4397.069178
7.222154	437.929000	4397.099300
7.221814	437.932000	4397.129422
7.221474	437.935000	4397.159544
7.221133	437.938000	4397.189666
7.220793	437.941000	4397.219788
7.220453	437.944000	4397.249910
7.220113	437.947000	4397.280032
7.219772	437.950000	4397.310154
7.219432	437.953000	4397.340276
7.219092	437.956000	4397.370398
7.218751	437.959000	4397.400520
7.218411	437.962000	4397.430642
7.218071	437.965000	4397.460764
7.217730	437.968000	4397.490886
7.217390	437.971000	4397.521008
7.217050	437.974000	4397.551130
7.216709	437.977000	4397.581252
7.216369	437.980000	4397.611374
7.216028	437.983000	4397.641496
7.215688	437.986000	4397.671618
7.215348	437.989000	4397.701740
7.215007	437.992000	4397.731862
7.214667	437.995000	4397.761984
7.214326	437.998000	4397.792106
7.213986	438.001000	4397.822228
7.213645	438.004000	4397.852350
7.213305	438.007000	4397.882472
7.212964	438.010000	4397.912594
7.212623	438.013000	4397.942716
7.212283	438.016000	4397.972838
7.211942	438.019000	4398.002960
7.211602	438.022000	4398.033082
7.211261	438.025000	4398.063204
7.210920	438.028000	4398.093326
7.210580	438.031000	4398.123448
7.210239	438.034000	4398.153570
7.209899	438.037000	4398.183692
7.209558	438.040000	4398.213814
7.209217	438.043000	4398.243936
7.208877	438.046000	4398.274058
7.208536	438.049000	4398.304180
7.208195	438.052000	4398.334302
7.207854	438.055000	4398.364424
7.207514	438.058000	4398.394546
7.207173	438.061000	4398.424668
7.206832	438.064000	4398.454790
7.206491	438.067000	4398.484912
7.206151	438.070000	4398.515034
7.205810	438.073000	4398.545156
7.205469	438.076000	4398.575278
7.205128	438.079000	4398.605400
7.204787	438.082000	4398.635522
7.204446	438.085000	4398.665644
7.204105	438.088000	4398.695766
7.203765	438.091000	4398.725888
7.203424	438.094000	4398.756010
7.203083	438.097000	4398.786132
7.202742	438.100000	4398.816254
7.202401	438.103000	4398.846376
7.202060	438.106000	4398.876498
7.201719	438.109000	4398.906620
7.201378	438.112000	4398.936742
7.201037	438.115000	4398.966864
7.200696	438.118000	4398.996986
7.200355	438.121000	4399.027108
7.200014	438.124000	4399.057230
7.199673	438.127000	4399.087352
7.199332	438.130000	4399.117474
7.198991	438.133000	4399.147596
7.198650	438.136000	4399.177718
7.198309	438.139000	4399.207840
7.197968	438.142000	4399.237962
7.197626	438.145000	4399.268084
7.197285	438.148000	4399.298206
7.196944	438.151000	4399.328328
7.196603	438.154000	4399.358450
7.196262	438.157000	4399.388572
7.195921	438.160000	4399.418694
7.195579	438.163000	4399.448816
7.195238	438.166000	4399.478938
7.194897	438.169000	4399.509060
7.194556	438.172000	4399.539182
7.194215	438.175000	4399.569304
7.193873	438.178000	4399.599426
7.193532	438.181000	4399.629548
7.193191	438.184000	4399.659670
7.192849	438.187000	4399.689792
7.192508	438.190000	4399.719914
7.192167	438.193000	4399.750036
7.191826	438.196000	4399.780158
7.191484	438.199000	4399.810280
7.191143	438.202000	4399.840402
7.190801	438.205000	4399.870524
7.190460	438.208000	4399.900646
7.190119	438.211000	4399.930768
7.189777	438.214000	4399.960890
7.189436	438.217000	4399.991012
7.189094	438.220000	4400.021134
7.188753	438.223000	4400.051256
7.188411	438.226000	4400.081378
7.188070	438.229000	4400.111500
7.187728	438.232000	4400.141622
7.187387	438.235000	4400.171744
7.187045	438.238000	4400.201866
7.186704	438.241000	4400.231988
7.186362	438.244000	4400.262110
7.186021	438.247000	4400.292232
7.185679	438.250000	4400.322354
7.185338	438.253000	4400.352476
7.184996	438.256000	4400.382598
7.184654	438.259000	4400.412720
7.184313	438.262000	4400.442842
7.183971	438.265000	4400.472964
7.183630	438.268000	4400.503086
7.183288	438.271000	4400.533208
7.182946	438.274000	4400.563330
7.182605	438.277000	4400.593452
7.182263	438.280000	4400.623574
7.181921	438.283000	4400.653696
7.181579	438.286000	4400.683818
7.181238	438.289000	4400.713940
7.180896	438.292000	4400.744062
7.180554	438.295000	4400.774184
7.180212	438.298000	4400.804306
7.179871	438.301000	4400.834428
7.179529	438.304000	4400.864550
7.179187	438.307000	4400.894672
7.178845	438.310000	4400.924794
7.178503	438.313000	4400.954916
7.178161	438.316000	4400.985038
7.177820	438.319000	4401.015160
7.177478	438.322000	4401.045282
7.177136	438.325000	4401.075404
7.176794	438.328000	4401.105526
7.176452	438.331000	4401.135648
7.176110	438.334000	4401.165770
7.175768	438.337000	4401.195892
7.175426	438.340000	4401.226014
7.175084	438.343000	4401.256136
7.174742	438.346000	4401.286258
7.174400	438.349000	4401.316380
7.174058	438.352000	4401.346502
7.173716	438.355000	4401.376624
7.173374	438.358000	4401.406746
7.173032	438.361000	4401.436868
7.172690	438.364000	4401.466990
7.172348	438.367000	4401.497112
7.172006	438.370000	4401.527234
7.171664	438.373000	4401.557356
7.171322	438.376000	4401.587478
7.170980	438.379000	4401.617600
7.170637	438.382000	4401.647722
7.170295	438.385000	4401.677844
7.169953	438.388000	4401.707966
7.169611	438.391000	4401.738088
7.169269	438.394000	4401.768210
7.168927	438.397000	4401.798332
7.168584	438.400000	4401.828454
7.168242	438.403000	4401.858576
7.167900	438.406000	4401.888698
7.167558	438.409000	4401.918820
7.167215	438.412000	4401.948942
7.166873	438.415000	4401.979064
7.166531	438.418000	4402.009186
7.166188	438.421000	4402.039308
7.165846	438.424000	4402.069430
7.165504	438.427000	4402.099552
7.165161	438.430000	4402.129674
7.164819	438.433000	4402.159796
7.164477	438.436000	4402.189918
7.164134	438.439000	4402.220040
7.163792	438.442000	4402.250162
7.163450	438.445000	4402.280284
7.163107	438.448000	4402.310406
7.162765	438.451000	4402.340528
7.162422	438.454000	4402.370650
7.162080	438.457000	4402.400772
7.161737	438.460000	4402.430894
7.161395	438.463000	4402.461016
7.161052	438.466000	4402.491138
7.160710	438.469000	4402.521260
7.160367	438.472000	4402.551382
7.160025	438.475000	4402.581504
7.159682	438.478000	4402.611626
7.159340	438.481000	4402.641748
7.158997	438.484000	4402.671870
7.158654	438.487000	4402.701992
7.158312	438.490000	4402.732114
7.157969	438.493000	4402.762236
7.157627	438.496000	4402.792358
7.157284	438.499000	4402.822480
7.156941	438.502000	4402.852602
7.156599	438.505000	4402.882724
7.156256	438.508000	4402.912846
7.155913	438.511000	4402.942968
7.155570	438.514000	4402.973090
7.155228	438.517000	4403.003212
7.154885	438.520000	4403.033334
7.154542	438.523000	4403.063456
7.154199	438.526000	4403.093578
7.153857	438.529000	4403.123700
7.153514	438.532000	4403.153822
7.153171	438.535000	4403.183944
7.152828	438.538000	4403.214066
7.152485	438.541000	4403.244188
7.152143	438.544000	4403.274310
7.151800	438.547000	4403.304432
7.151457	438.550000	4403.334554
7.151114	438.553000	4403.364676
7.150771	438.556000	4403.394798
7.150428	438.559000	4403.424920
7.150085	438.562000	4403.455042
7.149742	438.565000	4403.485164
7.149399	438.568000	4403.515286
7.149056	438.571000	4403.545408
7.148713	438.574000	4403.575530
7.148371	438.577000	4403.605652
7.148028	438.580000	4403.635774
7.147684	438.583000	4403.665896
7.147341	438.586000	4403.696018
7.146998	438.589000	4403.726140
7.146655	438.592000	4403.756262
7.146312	438.595000	4403.786384
7.145969	438.598000	4403.816506
7.145626	438.601000	4403.846628
7.145283	438.604000	4403.876750
7.144940	438.607000	4403.906872
7.144597	438.610000	4403.936994
7.144254	438.613000	4403.967116
7.143910	438.616000	4403.997238
7.143567	438.619000	4404.027360
7.143224	438.622000	4404.057482
7.142881	438.625000	4404.087604
7.142538	438.628000	4404.117726
7.142195	438.631000	4404.147848
7.141851	438.634000	4404.177970
7.141508	438.637000	4404.208092
7.141165	438.640000	4404.238214
7.140821	438.643000	4404.268336
7.140478	438.646000	4404.298458
7.140135	438.649000	4404.328580
7.139792	438.652000	4404.358702
7.139448	438.655000	4404.388824
7.139105	438.658000	4404.418946
7.138762	438.661000	4404.449068
7.138418	438.664000	4404.479190
7.138075	438.667000	4404.509312
7.137731	438.670000	4404.539434
7.137388	438.673000	4404.569556
7.137045	438.676000	4404.599678
7.136701	438.679000	4404.629800
7.136358	438.682000	4404.659922
7.136014	438.685000	4404.690044
7.135671	438.688000	4404.720166
7.135327	438.691000	4404.750288
7.134984	438.694000	4404.780410
7.134640	438.697000	4404.810532
7.134297	438.700000	4404.840654
7.133953	438.703000	4404.870776
7.133610	438.706000	4404.900898
7.133266	438.709000	4404.931020
7.132923	438.712000	4404.961142
7.132579	438.715000	4404.991264
7.132235	438.718000	4405.021386
7.131892	438.721000	4405.051508
7.131548	438.724000	4405.081630
7.131204	438.727000	4405.111752
7.130861	438.730000	4405.141874
7.130517	438.733000	4405.171996
7.130173	438.736000	4405.202118
7.129830	438.739000	4405.232240
7.129486	438.742000	4405.262362
7.129142	438.745000	4405.292484
7.128799	438.748000	4405.322606
7.128455	438.751000	4405.352728
7.128111	438.754000	4405.382850
7.127767	438.757000	4405.412972
7.127424	438.760000	4405.443094
7.127080	438.763000	4405.473216
7.126736	438.766000	4405.503338
7.126392	438.769000	4405.533460
7.126048	438.772000	4405.563582
7.125704	438.775000	4405.593704
7.125361	438.778000	4405.623826
7.125017	438.781000	4405.653948
7.124673	438.784000	4405.684070
7.124329	438.787000	4405.714192
7.123985	438.790000	4405.744314
7.123641	438.793000	4405.774436
7.123297	438.796000	4405.804558
7.122953	438.799000	4405.834680
7.122609	438.802000	4405.864802
7.122265	438.805000	4405.894924
7.121921	438.808000	4405.925046
7.121577	438.811000	4405.955168
7.121233	438.814000	4405.985290
7.120889	438.817000	4406.015412
7.120545	438.820000	4406.045534
7.120201	438.823000	4406.075656
7.119857	438.826000	4406.105778
7.119513	438.829000	4406.135900
7.119169	438.832000	4406.166022
7.118825	438.835000	4406.196144
7.118480	438.838000	4406.226266
7.118136	438.841000	4406.256388
7.117792	438.844000	4406.286510
7.117448	438.847000	4406.316632
7.117104	438.850000	4406.346754
7.116760	438.853000	4406.376876
7.116415	438.856000	4406.406998
7.116071	438.859000	4406.437120
7.115727	438.862000	4406.467242
7.115383	438.865000	4406.497364
7.115038	438.868000	4406.527486
7.114694	438.871000	4406.557608
7.114350	438.874000	4406.587730
7.114006	438.877000	4406.617852
7.113661	438.880000	4406.647974
7.113317	438.883000	4406.678096
7.112973	438.886000	4406.708218
7.112628	438.889000	4406.738340
7.112284	438.892000	4406.768462
7.111939	438.895000	4406.798584
7.111595	438.898000	4406.828706
7.111251	438.901000	4406.858828
7.110906	438.904000	4406.888950
7.110562	438.907000	4406.919072
7.110217	438.910000	4406.949194
7.109873	438.913000	4406.979316
7.109528	438.916000	4407.009438
7.109184	438.919000	4407.039560
7.108839	438.922000	4407.069682
7.108495	438.925000	4407.099804
7.108150	438.928000	4407.129926
7.107806	438.931000	4407.160048
7.107461	438.934000	4407.190170
7.107117	438.937000	4407.220292
7.106772	438.940000	4407.250414
7.106427	438.943000	4407.280536
7.106083	438.946000	4407.310658
7.105738	438.949000	4407.340780
7.105394	438.952000	4407.370902
7.105049	438.955000	4407.401024
7.104704	438.958000	4407.431146
7.104360	438.961000	4407.461268
7.104015	438.964000	4407.491390
7.103670	438.967000	4407.521512
7.103326	438.970000	4407.551634
7.102981	438.973000	4407.581756
7.102636	438.976000	4407.611878
7.102291	438.979000	4407.642000
7.101947	438.982000	4407.672122
7.101602	438.985000	4407.702244
7.101257	438.988000	4407.732366
7.100912	438.991000	4407.762488
7.100567	438.994000	4407.792610
7.100223	438.997000	4407.822732
7.099878	439.000000	4407.852854
7.099533	439.003000	4407.882976
7.099188	439.006000	4407.913098
7.098843	439.009000	4407.943220
7.098498	439.012000	4407.973342
7.098153	439.015000	4408.003464
7.097808	439.018000	4408.033586
7.097463	439.021000	4408.063708
7.097118	439.024000	4408.093830
7.096773	439.027000	4408.123952
7.096428	439.030000	4408.154074
7.096083	439.033000	4408.184196
7.095738	439.036000	4408.214318
7.095393	439.039000	4408.244440
7.095048	439.042000	4408.274562
7.094703	439.045000	4408.304684
7.094358	439.048000	4408.334806
7.094013	439.051000	4408.364928
7.093668	439.054000	4408.395050
7.093323	439.057000	4408.425172
7.092978	439.060000	4408.455294
7.092633	439.063000	4408.485416
7.092288	439.066000	4408.515538
7.091942	439.069000	4408.545660
7.091597	439.072000	4408.575782
7.091252	439.075000	4408.605904
7.090907	439.078000	4408.636026
7.090562	439.081000	4408.666148
7.090217	439.084000	4408.696270
7.089871	439.087000	4408.726392
7.089526	439.090000	4408.756514
7.089181	439.093000	4408.786636
7.088835	439.096000	4408.816758
7.088490	439.099000	4408.846880
7.088145	439.102000	4408.877002
7.087800	439.105000	4408.907124
7.087454	439.108000	4408.937246
7.087109	439.111000	4408.967368
7.086764	439.114000	4408.997490
7.086418	439.117000	4409.027612
7.086073	439.120000	4409.057734
7.085727	439.123000	4409.087856
7.085382	439.126000	4409.117978
7.085037	439.129000	4409.148100
7.084691	439.132000	4409.178222
7.084346	439.135000	4409.208344
7.084000	439.138000	4409.238466
7.083655	439.141000	4409.268588
7.083309	439.144000	4409.298710
7.082964	439.147000	4409.328832
7.082618	439.150000	4409.358954
7.082273	439.153000	4409.389076
7.081927	439.156000	4409.419198
7.081582	439.159000	4409.449320
7.081236	439.162000	4409.479442
7.080890	439.165000	4409.509564
7.080545	439.168000	4409.539686
7.080199	439.171000	4409.569808
7.079854	439.174000	4409.599930
7.079508	439.177000	4409.630052
7.079162	439.180000	4409.660174
7.078817	439.183000	4409.690296
7.078471	439.186000	4409.720418
7.078125	439.189000	4409.750540
7.077780	439.192000	4409.780662
7.077434	439.195000	4409.810784
7.077088	439.198000	4409.840906
7.076742	439.201000	4409.871028
7.076397	439.204000	4409.901150
7.076051	439.207000	4409.931272
7.075705	439.210000	4409.961394
7.075359	439.213000	4409.991516
7.075014	439.216000	4410.021638
7.074668	439.219000	4410.051760
7.074322	439.222000	4410.081882
7.073976	439.225000	4410.112004
7.073630	439.228000	4410.142126
7.073284	439.231000	4410.172248
7.072938	439.234000	4410.202370
7.072592	439.237000	4410.232492
7.072247	439.240000	4410.262614
7.071901	439.243000	4410.292736
7.071555	439.246000	4410.322858
7.071209	439.249000	4410.352980
7.070863	439.252000	4410.383102
7.070517	439.255000	4410.413224
7.070171	439.258000	4410.443346
7.069825	439.261000	4410.473468
7.069479	439.264000	4410.503590
7.069133	439.267000	4410.533712
7.068787	439.270000	4410.563834
7.068441	439.273000	4410.593956
7.068094	439.276000	4410.624078
7.067748	439.279000	4410.654200
7.067402	439.282000	4410.684322
7.067056	439.285000	4410.714444
7.066710	439.288000	4410.744567
7.066364	439.291000	4410.774689
7.066018	439.294000	4410.804811
7.065672	439.297000	4410.834933
7.065325	439.300000	4410.865055
7.064979	439.303000	4410.895177
7.064633	439.306000	4410.925299
7.064287	439.309000	4410.955421
7.063940	439.312000	4410.985543
7.063594	439.315000	4411.015665
7.063248	439.318000	4411.045787
7.062902	439.321000	4411.075909
7.062555	439.324000	4411.106031
7.062209	439.327000	4411.136153
7.061863	439.330000	4411.166275
7.061516	439.333000	4411.196397
7.061170	439.336000	4411.226519
7.060824	439.339000	4411.256641
7.060477	439.342000	4411.286763
7.060131	439.345000	4411.316885
7.059785	439.348000	4411.347007
7.059438	439.351000	4411.377129
7.059092	439.354000	4411.407251
7.058745	439.357000	4411.437373
7.058399	439.360000	4411.467495
7.058052	439.363000	4411.497617
7.057706	439.366000	4411.527739
7.057359	439.369000	4411.557861
7.057013	439.372000	4411.587983
7.056666	439.375000	4411.618105
7.056320	439.378000	4411.648227
7.055973	439.381000	4411.678349
7.055627	439.384000	4411.708471
7.055280	439.387000	4411.738593
7.054933	439.390000	4411.768715
7.054587	439.393000	4411.798837
7.054240	439.396000	4411.828959
7.053894	439.399000	4411.859081
7.053547	439.402000	4411.889203
7.053200	439.405000	4411.919325
7.052854	439.408000	4411.949447
7.052507	439.411000	4411.979569
7.052160	439.414000	4412.009691
7.051813	439.417000	4412.039813
7.051467	439.420000	4412.069935
7.051120	439.423000	4412.100057
7.050773	439.426000	4412.130179
7.050427	439.429000	4412.160301
7.050080	439.432000	4412.190423
7.049733	439.435000	4412.220545
7.049386	439.438000	4412.250667
7.049039	439.441000	4412.280789
7.048692	439.444000	4412.310911
7.048346	439.447000	4412.341033
7.047999	439.450000	4412.371155
7.047652	439.453000	4412.401277
7.047305	439.456000	4412.431399
7.046958	439.459000	4412.461521
7.046611	439.462000	4412.491643
7.046264	439.465000	4412.521765
7.045917	439.468000	4412.551887
7.045570	439.471000	4412.582009
7.045223	439.474000	4412.612131
7.044876	439.477000	4412.642253
7.044529	439.480000	4412.672375
7.044182	439.483000	4412.702497
7.043835	439.486000	4412.732619
7.043488	439.489000	4412.762741
7.043141	439.492000	4412.792863
7.042794	439.495000	4412.822985
7.042447	439.498000	4412.853107
7.042100	439.501000	4412.883229
7.041753	439.504000	4412.913351
7.041406	439.507000	4412.943473
7.041059	439.510000	4412.973595
7.040711	439.513000	4413.003717
7.040364	439.516000	4413.033839
7.040017	439.519000	4413.063961
7.039670	439.522000	4413.094083
7.039323	439.525000	4413.124205
7.038976	439.528000	4413.154327
7.038628	439.531000	4413.184449
7.038281	439.534000	4413.214571
7.037934	439.537000	4413.244693
7.037587	439.540000	4413.274815
7.037239	439.543000	4413.304937
7.036892	439.546000	4413.335059
7.036545	439.549000	4413.365181
7.036197	439.552000	4413.395303
7.035850	439.555000	4413.425425
7.035503	439.558000	4413.455547
7.035155	439.561000	4413.485669
7.034808	439.564000	4413.515791
7.034460	439.567000	4413.545913
7.034113	439.570000	4413.576035
7.033766	439.573000	4413.606157
7.033418	439.576000	4413.636279
7.033071	439.579000	4413.666401
7.032723	439.582000	4413.696523
7.032376	439.585000	4413.726645
7.032028	439.588000	4413.756767
7.031681	439.591000	4413.786889
7.031333	439.594000	4413.817011
7.030986	439.597000	4413.847133
7.030638	439.600000	4413.877255
7.030291	439.603000	4413.907377
7.029943	439.606000	4413.937499
7.029596	439.609000	4413.967621
7.029248	439.612000	4413.997743
7.028900	439.615000	4414.027865
7.028553	439.618000	4414.057987
7.028205	439.621000	4414.088109
7.027857	439.624000	4414.118231
7.027510	439.627000	4414.148353
7.027162	439.630000	4414.178475
7.026814	439.633000	4414.208597
7.026467	439.636000	4414.238719
7.026119	439.639000	4414.268841
7.025771	439.642000	4414.298963
7.025423	439.645000	4414.329085
7.025076	439.648000	4414.359207
7.024728	439.651000	4414.389329
7.024380	439.654000	4414.419451
7.024032	439.657000	4414.449573
7.023684	439.660000	4414.479695
7.023337	439.663000	4414.509817
7.022989	439.666000	4414.539939
7.022641	439.669000	4414.570061
7.022293	439.672000	4414.600183
7.021945	439.675000	4414.630305
7.021597	439.678000	4414.660427
7.021249	439.681000	4414.690549
7.020901	439.684000	4414.720671
7.020554	439.687000	4414.750793
7.020206	439.690000	4414.780915
7.019858	439.693000	4414.811037
7.019510	439.696000	4414.841159
7.019162	439.699000	4414.871281
7.018814	439.702000	4414.901403
7.018466	439.705000	4414.931525
7.018118	439.708000	4414.961647
7.017769	439.711000	4414.991769
7.017421	439.714000	4415.021891
7.017073	439.717000	4415.052013
7.016725	439.720000	4415.082135
7.016377	439.723000	4415.112257
7.016029	439.726000	4415.142379
7.015681	439.729000	4415.172501
7.015333	439.732000	4415.202623
7.014985	439.735000	4415.232745
7.014636	439.738000	4415.262867
7.014288	439.741000	4415.292989
7.013940	439.744000	4415.323111
7.013592	439.747000	4415.353233
7.013244	439.750000	4415.383355
7.012895	439.753000	4415.413477
7.012547	439.756000	4415.443599
7.012199	439.759000	4415.473721
7.011851	439.762000	4415.503843
7.011502	439.765000	4415.533965
7.011154	439.768000	4415.564087
7.010806	439.771000	4415.594209
7.010457	439.774000	4415.624331
7.010109	439.777000	4415.654453
7.009761	439.780000	4415.684575
7.009412	439.783000	4415.714697
7.009064	439.786000	4415.744819
7.008715	439.789000	4415.774941
7.008367	439.792000	4415.805063
7.008019	439.795000	4415.835185
7.007670	439.798000	4415.865307
7.007322	439.801000	4415.895429
7.006973	439.804000	4415.925551
7.006625	439.807000	4415.955673
7.006276	439.810000	4415.985795
7.005928	439.813000	4416.015917
7.005579	439.816000	4416.046039
7.005231	439.819000	4416.076161
7.004882	439.822000	4416.106283
7.004533	439.825000	4416.136405
7.004185	439.828000	4416.166527
7.003836	439.831000	4416.196649
7.003488	439.834000	4416.226771
7.003139	439.837000	4416.256893
7.002790	439.840000	4416.287015
7.002442	439.843000	4416.317137
7.002093	439.846000	4416.347259
7.001744	439.849000	4416.377381
7.001396	439.852000	4416.407503
7.001047	439.855000	4416.437625
7.000698	439.858000	4416.467747
7.000349	439.861000	4416.497869
7.000001	439.864000	4416.527991
6.999652	439.867000	4416.558113
6.999303	439.870000	4416.588235
6.998954	439.873000	4416.618357
6.998606	439.876000	4416.648479
6.998257	439.879000	4416.678601
6.997908	439.882000	4416.708723
6.997559	439.885000	4416.738845
6.997210	439.888000	4416.768967
6.996861	439.891000	4416.799089
6.996512	439.894000	4416.829211
6.996164	439.897000	4416.859333
6.995815	439.900000	4416.889455
6.995466	439.903000	4416.919577
6.995117	439.906000	4416.949699
6.994768	439.909000	4416.979821
6.994419	439.912000	4417.009943
6.994070	439.915000	4417.040065
6.993721	439.918000	4417.070187
6.993372	439.921000	4417.100309
6.993023	439.924000	4417.130431
6.992674	439.927000	4417.160553
6.992325	439.930000	4417.190675
6.991976	439.933000	4417.220797
6.991627	439.936000	4417.250919
6.991277	439.939000	4417.281041
6.990928	439.942000	4417.311163
6.990579	439.945000	4417.341285
6.990230	439.948000	4417.371407
6.989881	439.951000	4417.401529
6.989532	439.954000	4417.431651
6.989183	439.957000	4417.461773
6.988833	439.960000	4417.491895
6.988484	439.963000	4417.522017
6.988135	439.966000	4417.552139
6.987786	439.969000	4417.582261
6.987436	439.972000	4417.612383
6.987087	439.975000	4417.642505
6.986738	439.978000	4417.672627
6.986389	439.981000	4417.702749
6.986039	439.984000	4417.732871
6.985690	439.987000	4417.762993
6.985341	439.990000	4417.793115
6.984991	439.993000	4417.823237
6.984642	439.996000	4417.853359
6.984293	439.999000	4417.883481
6.983943	440.002000	4417.913603
6.983594	440.005000	4417.943725
6.983244	440.008000	4417.973847
6.982895	440.011000	4418.003969
6.982546	440.014000	4418.034091
6.982196	440.017000	4418.064213
6.981847	440.020000	4418.094335
6.981497	440.023000	4418.124457
6.981148	440.026000	4418.154579
6.980798	440.029000	4418.184701
6.980449	440.032000	4418.214823
6.980099	440.035000	4418.244945
6.979749	440.038000	4418.275067
6.979400	440.041000	4418.305189
6.979050	440.044000	4418.335311
6.978701	440.047000	4418.365433
6.978351	440.050000	4418.395555
6.978001	440.053000	4418.425677
6.977652	440.056000	4418.455799
6.977302	440.059000	4418.485921
6.976953	440.062000	4418.516043
6.976603	440.065000	4418.546165
6.976253	440.068000	4418.576287
6.975903	440.071000	4418.606409
6.975554	440.074000	4418.636531
6.975204	440.077000	4418.666653
6.974854	440.080000	4418.696775
6.974504	440.083000	4418.726897
6.974155	440.086000	4418.757019
6.973805	440.089000	4418.787141
6.973455	440.092000	4418.817263
6.973105	440.095000	4418.847385
6.972755	440.098000	4418.877507
6.972406	440.101000	4418.907629
6.972056	440.104000	4418.937751
6.971706	440.107000	4418.967873
6.971356	440.110000	4418.997995
6.971006	440.113000	4419.028117
6.970656	440.116000	4419.058239
6.970306	440.119000	4419.088361
6.969956	440.122000	4419.118483
6.969606	440.125000	4419.148605
6.969256	440.128000	4419.178727
6.968906	440.131000	4419.208849
6.968556	440.134000	4419.238971
6.968206	440.137000	4419.269093
6.967856	440.140000	4419.299215
6.967506	440.143000	4419.329337
6.967156	440.146000	4419.359459
6.966806	440.149000	4419.389581
6.966456	440.152000	4419.419703
6.966106	440.155000	4419.449825
6.965756	440.158000	4419.479947
6.965406	440.161000	4419.510069
6.965056	440.164000	4419.540191
6.964705	440.167000	4419.570313
6.964355	440.170000	4419.600435
6.964005	440.173000	4419.630557
6.963655	440.176000	4419.660679
6.963305	440.179000	4419.690801
6.962954	440.182000	4419.720923
6.962604	440.185000	4419.751045
6.962254	440.188000	4419.781167
6.961904	440.191000	4419.811289
6.961553	440.194000	4419.841411
6.961203	440.197000	4419.871533
6.960853	440.200000	4419.901655
6.960503	440.203000	4419.931777
6.960152	440.206000	4419.961899
6.959802	440.209000	4419.992021
6.959451	440.212000	4420.022143
6.959101	440.215000	4420.052265
6.958751	440.218000	4420.082387
6.958400	440.221000	4420.112509
6.958050	440.224000	4420.142631
6.957699	440.227000	4420.172753
6.957349	440.230000	4420.202875
6.956999	440.233000	4420.232997
6.956648	440.236000	4420.263119
6.956298	440.239000	4420.293241
6.955947	440.242000	4420.323363
6.955597	440.245000	4420.353485
6.955246	440.248000	4420.383607
6.954895	440.251000	4420.413729
6.954545	440.254000	4420.443851
6.954194	440.257000	4420.473973
6.953844	440.260000	4420.504095
6.953493	440.263000	4420.534217
6.953143	440.266000	4420.564339
6.952792	440.269000	4420.594461
6.952441	440.272000	4420.624583
6.952091	440.275000	4420.654705
6.951740	440.278000	4420.684827
6.951389	440.281000	4420.714949
6.951039	440.284000	4420.745071
6.950688	440.287000	4420.775193
6.950337	440.290000	4420.805315
6.949986	440.293000	4420.835437
6.949636	440.296000	4420.865559
6.949285	440.299000	4420.895681
6.948934	440.302000	4420.925803
6.948583	440.305000	4420.955925
6.948232	440.308000	4420.986047
6.947882	440.311000	4421.016169
6.947531	440.314000	4421.046291
6.947180	440.317000	4421.076413
6.946829	440.320000	4421.106535
6.946478	440.323000	4421.136657
6.946127	440.326000	4421.166779
6.945776	440.329000	4421.196901
6.945425	440.332000	4421.227023
6.945075	440.335000	4421.257145
6.944724	440.338000	4421.287267
6.944373	440.341000	4421.317389
6.944022	440.344000	4421.347511
6.943671	440.347000	4421.377633
6.943320	440.350000	4421.407755
6.942969	440.353000	4421.437877
6.942618	440.356000	4421.467999
6.942267	440.359000	4421.498121
6.941915	440.362000	4421.528243
6.941564	440.365000	4421.558365
6.941213	440.368000	4421.588487
6.940862	440.371000	4421.618609
6.940511	440.374000	4421.648731
6.940160	440.377000	4421.678853
6.939809	440.380000	4421.708975
6.939458	440.383000	4421.739097
6.939106	440.386000	4421.769219
6.938755	440.389000	4421.799341
6.938404	440.392000	4421.829463
6.938053	440.395000	4421.859585
6.937702	440.398000	4421.889707
6.937350	440.401000	4421.919829
6.936999	440.404000	4421.949951
6.936648	440.407000	4421.980073
6.936296	440.410000	4422.010195
6.935945	440.413000	4422.040317
6.935594	440.416000	4422.070439
6.935243	440.419000	4422.100561
6.934891	440.422000	4422.130683
6.934540	440.425000	4422.160805
6.934188	440.428000	4422.190927
6.933837	440.431000	4422.221049
6.933486	440.434000	4422.251171
6.933134	440.437000	4422.281293
6.932783	440.440000	4422.311415
6.932431	440.443000	4422.341537
6.932080	440.446000	4422.371659
6.931728	440.449000	4422.401781
6.931377	440.452000	4422.431903
6.931025	440.455000	4422.462025
6.930674	440.458000	4422.492147
6.930322	440.461000	4422.522269
6.929971	440.464000	4422.552391
6.929619	440.467000	4422.582513
6.929268	440.470000	4422.612635
6.928916	440.473000	4422.642757
6.928564	440.476000	4422.672879
6.928213	440.479000	4422.703001
6.927861	440.482000	4422.733123
6.927510	440.485000	4422.763245
6.927158	440.488000	4422.793367
6.926806	440.491000	4422.823489
6.926455	440.494000	4422.853611
6.926103	440.497000	4422.883733
6.925751	440.500000	4422.913855
6.925399	440.503000	4422.943977
6.925048	440.506000	4422.974099
6.924696	440.509000	4423.004221
6.924344	440.512000	4423.034343
6.923992	440.515000	4423.064465
6.923641	440.518000	4423.094587
6.923289	440.521000	4423.124709
6.922937	440.524000	4423.154831
6.922585	440.527000	4423.184953
6.922233	440.530000	4423.215075
6.921881	440.533000	4423.245197
6.921529	440.536000	4423.275319
6.921178	440.539000	4423.305441
6.920826	440.542000	4423.335563
6.920474	440.545000	4423.365685
6.920122	440.548000	4423.395807
6.919770	440.551000	4423.425929
6.919418	440.554000	4423.456051
6.919066	440.557000	4423.486173
6.918714	440.560000	4423.516295
6.918362	440.563000	4423.546417
6.918010	440.566000	4423.576539
6.917658	440.569000	4423.606661
6.917306	440.572000	4423.636783
6.916954	440.575000	4423.666905
6.916602	440.578000	4423.697027
6.916249	440.581000	4423.727149
6.915897	440.584000	4423.757271
6.915545	440.587000	4423.787393
6.915193	440.590000	4423.817515
6.914841	440.593000	4423.847637
6.914489	440.596000	4423.877759
6.914137	440.599000	4423.907881
6.913784	440.602000	4423.938003
6.913432	440.605000	4423.968125
6.913080	440.608000	4423.998247
6.912728	440.611000	4424.028369
6.912375	440.614000	4424.058491
6.912023	440.617000	4424.088613
6.911671	440.620000	4424.118735
6.911319	440.623000	4424.148857
6.910966	440.626000	4424.178979
6.910614	440.629000	4424.209101
6.910262	440.632000	4424.239223
6.909909	440.635000	4424.269345
6.909557	440.638000	4424.299467
6.909205	440.641000	4424.329589
6.908852	440.644000	4424.359711
6.908500	440.647000	4424.389833
6.908147	440.650000	4424.419955
6.907795	440.653000	4424.450077
6.907442	440.656000	4424.480199
6.907090	440.659000	4424.510321
6.906737	440.662000	4424.540443
6.906385	440.665000	4424.570565
6.906032	440.668000	4424.600687
6.905680	440.671000	4424.630809
6.905327	440.674000	4424.660931
6.904975	440.677000	4424.691053
6.904622	440.680000	4424.721175
6.904270	440.683000	4424.751297
6.903917	440.686000	4424.781419
6.903564	440.689000	4424.811541
6.903212	440.692000	4424.841663
6.902859	440.695000	4424.871785
6.902507	440.698000	4424.901907
6.902154	440.701000	4424.932029
6.901801	440.704000	4424.962151
6.901449	440.707000	4424.992273
6.901096	440.710000	4425.022395
6.900743	440.713000	4425.052517
6.900390	440.716000	4425.082639
6.900038	440.719000	4425.112761
6.899685	440.722000	4425.142883
6.899332	440.725000	4425.173005
6.898979	440.728000	4425.203127
6.898626	440.731000	4425.233249
6.898274	440.734000	4425.263371
6.897921	440.737000	4425.293493
6.897568	440.740000	4425.323615
6.897215	440.743000	4425.353737
6.896862	440.746000	4425.383859
6.896509	440.749000	4425.413981
6.896156	440.752000	4425.444103
6.895803	440.755000	4425.474225
6.895450	440.758000	4425.504347
6.895098	440.761000	4425.534469
6.894745	440.764000	4425.564591
6.894392	440.767000	4425.594713
6.894039	440.770000	4425.624835
6.893686	440.773000	4425.654957
6.893333	440.776000	4425.685079
6.892979	440.779000	4425.715201
6.892626	440.782000	4425.745323
6.892273	440.785000	4425.775445
6.891920	440.788000	4425.805567
6.891567	440.791000	4425.835689
6.891214	440.794000	4425.865811
6.890861	440.797000	4425.895933
6.890508	440.800000	4425.926055
6.890155	440.803000	4425.956177
6.889801	440.806000	4425.986299
6.889448	440.809000	4426.016421
6.889095	440.812000	4426.046543
6.888742	440.815000	4426.076665
6.888389	440.818000	4426.106787
6.888035	440.821000	4426.136909
6.887682	440.824000	4426.167031
6.887329	440.827000	4426.197153
6.886976	440.830000	4426.227275
6.886622	440.833000	4426.257397
6.886269	440.836000	4426.287519
6.885916	440.839000	4426.317641
6.885562	440.842000	4426.347763
6.885209	440.845000	4426.377885
6.884856	440.848000	4426.408007
6.884502	440.851000	4426.438129
6.884149	440.854000	4426.468251
6.883795	440.857000	4426.498373
6.883442	440.860000	4426.528495
6.883089	440.863000	4426.558617
6.882735	440.866000	4426.588739
6.882382	440.869000	4426.618861
6.882028	440.872000	4426.648983
6.881675	440.875000	4426.679105
6.881321	440.878000	4426.709227
6.880968	440.881000	4426.739349
6.880614	440.884000	4426.769471
6.880260	440.887000	4426.799593
6.879907	440.890000	4426.829715
6.879553	440.893000	4426.859837
6.879200	440.896000	4426.889959
6.878846	440.899000	4426.920081
6.878492	440.902000	4426.950203
6.878139	440.905000	4426.980325
6.877785	440.908000	4427.010447
6.877431	440.911000	4427.040569
6.877078	440.914000	4427.070691
6.876724	440.917000	4427.100813
6.876370	440.920000	4427.130935
6.876017	440.923000	4427.161057
6.875663	440.926000	4427.191179
6.875309	440.929000	4427.221301
6.874955	440.932000	4427.251423
6.874602	440.935000	4427.281545
6.874248	440.938000	4427.311667
6.873894	440.941000	4427.341789
6.873540	440.944000	4427.371911
6.873186	440.947000	4427.402033
6.872832	440.950000	4427.432155
6.872479	440.953000	4427.462277
6.872125	440.956000	4427.492399
6.871771	440.959000	4427.522521
6.871417	440.962000	4427.552643
6.871063	440.965000	4427.582765
6.870709	440.968000	4427.612887
6.870355	440.971000	4427.643009
6.870001	440.974000	4427.673131
6.869647	440.977000	4427.703253
6.869293	440.980000	4427.733375
6.868939	440.983000	4427.763497
6.868585	440.986000	4427.793619
6.868231	440.989000	4427.823741
6.867877	440.992000	4427.853863
6.867523	440.995000	4427.883985
6.867169	440.998000	4427.914107
6.866815	441.001000	4427.944229
6.866460	441.004000	4427.974351
6.866106	441.007000	4428.004473
6.865752	441.010000	4428.034595
6.865398	441.013000	4428.064717
6.865044	441.016000	4428.094839
6.864690	441.019000	4428.124961
6.864335	441.022000	4428.155083
6.863981	441.025000	4428.185205
6.863627	441.028000	4428.215327
6.863273	441.031000	4428.245449
6.862918	441.034000	4428.275571
6.862564	441.037000	4428.305693
6.862210	441.040000	4428.335815
6.861856	441.043000	4428.365937
6.861501	441.046000	4428.396059
6.861147	441.049000	4428.426181
6.860793	441.052000	4428.456303
6.860438	441.055000	4428.486425
6.860084	441.058000	4428.516547
6.859729	441.061000	4428.546669
6.859375	441.064000	4428.576791
6.859021	441.067000	4428.606913
6.858666	441.070000	4428.637035
6.858312	441.073000	4428.667157
6.857957	441.076000	4428.697279
6.857603	441.079000	4428.727401
6.857248	441.082000	4428.757523
6.856894	441.085000	4428.787645
6.856539	441.088000	4428.817767
6.856185	441.091000	4428.847889
6.855830	441.094000	4428.878011
6.855476	441.097000	4428.908133
6.855121	441.100000	4428.938255
6.854766	441.103000	4428.968377
6.854412	441.106000	4428.998499
6.854057	441.109000	4429.028621
6.853702	441.112000	4429.058743
6.853348	441.115000	4429.088865
6.852993	441.118000	4429.118987
6.852638	441.121000	4429.149109
6.852284	441.124000	4429.179231
6.851929	441.127000	4429.209353
6.851574	441.130000	4429.239475
6.851220	441.133000	4429.269597
6.850865	441.136000	4429.299719
6.850510	441.139000	4429.329841
6.850155	441.142000	4429.359963
6.849800	441.145000	4429.390085
6.849446	441.148000	4429.420207
6.849091	441.151000	4429.450329
6.848736	441.154000	4429.480451
6.848381	441.157000	4429.510573
6.848026	441.160000	4429.540695
6.847671	441.163000	4429.570817
6.847316	441.166000	4429.600939
6.846961	441.169000	4429.631061
6.846607	441.172000	4429.661183
6.846252	441.175000	4429.691305
6.845897	441.178000	4429.721427
6.845542	441.181000	4429.751549
6.845187	441.184000	4429.781671
6.844832	441.187000	4429.811793
6.844477	441.190000	4429.841915
6.844122	441.193000	4429.872037
6.843767	441.196000	4429.902159
6.843411	441.199000	4429.932281
6.843056	441.202000	4429.962403
6.842701	441.205000	4429.992525
6.842346	441.208000	4430.022647
6.841991	441.211000	4430.052769
6.841636	441.214000	4430.082891
6.841281	441.217000	4430.113013
6.840926	441.220000	4430.143135
6.840570	441.223000	4430.173257
6.840215	441.226000	4430.203379
6.839860	441.229000	4430.233501
6.839505	441.232000	4430.263623
6.839150	441.235000	4430.293745
6.838794	441.238000	4430.323867
6.838439	441.241000	4430.353989
6.838084	441.244000	4430.384111
6.837728	441.247000	4430.414233
6.837373	441.250000	4430.444355
6.837018	441.253000	4430.474477
6.836662	441.256000	4430.504599
6.836307	441.259000	4430.534721
6.835952	441.262000	4430.564843
6.835596	441.265000	4430.594965
6.835241	441.268000	4430.625087
6.834886	441.271000	4430.655209
6.834530	441.274000	4430.685331
6.834175	441.277000	4430.715453
6.833819	441.280000	4430.745575
6.833464	441.283000	4430.775697
6.833108	441.286000	4430.805819
6.832753	441.289000	4430.835941
6.832397	441.292000	4430.866063
6.832042	441.295000	4430.896185
6.831686	441.298000	4430.926307
6.831331	441.301000	4430.956429
6.830975	441.304000	4430.986551
6.830619	441.307000	4431.016673
6.830264	441.310000	4431.046795
6.829908	441.313000	4431.076917
6.829553	441.316000	4431.107039
6.829197	441.319000	4431.137161
6.828841	441.322000	4431.167283
6.828486	441.325000	4431.197405
6.828130	441.328000	4431.227527
6.827774	441.331000	4431.257649
6.827418	441.334000	4431.287771
6.827063	441.337000	4431.317893
6.826707	441.340000	4431.348015
6.826351	441.343000	4431.378137
6.825995	441.346000	4431.408259
6.825640	441.349000	4431.438381
6.825284	441.352000	4431.468503
6.824928	441.355000	4431.498625
6.824572	441.358000	4431.528747
6.824216	441.361000	4431.558869
6.823860	441.364000	4431.588991
6.823504	441.367000	4431.619113
6.823149	441.370000	4431.649235
6.822793	441.373000	4431.679357
6.822437	441.376000	4431.709479
6.822081	441.379000	4431.739601
6.821725	441.382000	4431.769723
6.821369	441.385000	4431.799845
6.821013	441.388000	4431.829967
6.820657	441.391000	4431.860089
6.820301	441.394000	4431.890211
6.819945	441.397000	4431.920333
6.819589	441.400000	4431.950455
6.819233	441.403000	4431.980577
6.818877	441.406000	4432.010699
6.818520	441.409000	4432.040821
6.818164	441.412000	4432.070943
6.817808	441.415000	4432.101065
6.817452	441.418000	4432.131187
6.817096	441.421000	4432.161309
6.816740	441.424000	4432.191431
6.816384	441.427000	4432.221553
6.816027	441.430000	4432.251675
6.815671	441.433000	4432.281797
6.815315	441.436000	4432.311919
6.814959	441.439000	4432.342041
6.814603	441.442000	4432.372163
6.814246	441.445000	4432.402285
6.813890	441.448000	4432.432407
6.813534	441.451000	4432.462529
6.813177	441.454000	4432.492651
6.812821	441.457000	4432.522773
6.812465	441.460000	4432.552895
6.812108	441.463000	4432.583017
6.811752	441.466000	4432.613139
6.811396	441.469000	4432.643261
6.811039	441.472000	4432.673383
6.810683	441.475000	4432.703505
6.810326	441.478000	4432.733627
6.809970	441.481000	4432.763749
6.809613	441.484000	4432.793871
6.809257	441.487000	4432.823993
6.808900	441.490000	4432.854115
6.808544	441.493000	4432.884237
6.808187	441.496000	4432.914359
6.807831	441.499000	4432.944481
6.807474	441.502000	4432.974603
6.807118	441.505000	4433.004725
6.806761	441.508000	4433.034847
6.806405	441.511000	4433.064969
6.806048	441.514000	4433.095091
6.805691	441.517000	4433.125213
6.805335	441.520000	4433.155335
6.804978	441.523000	4433.185457
6.804621	441.526000	4433.215579
6.804265	441.529000	4433.245701
6.803908	441.532000	4433.275823
6.803551	441.535000	4433.305945
6.803195	441.538000	4433.336067
6.802838	441.541000	4433.366189
6.802481	441.544000	4433.396311
6.802124	441.547000	4433.426433
6.801768	441.550000	4433.456555
6.801411	441.553000	4433.486677
6.801054	441.556000	4433.516799
6.800697	441.559000	4433.546921
6.800340	441.562000	4433.577043
6.799983	441.565000	4433.607165
6.799627	441.568000	4433.637287
6.799270	441.571000	4433.667409
6.798913	441.574000	4433.697531
6.798556	441.577000	4433.727653
6.798199	441.580000	4433.757775
6.797842	441.583000	4433.787897
6.797485	441.586000	4433.818019
6.797128	441.589000	4433.848141
6.796771	441.592000	4433.878263
6.796414	441.595000	4433.908385
6.796057	441.598000	4433.938507
6.795700	441.601000	4433.968629
6.795343	441.604000	4433.998751
6.794986	441.607000	4434.028873
6.794629	441.610000	4434.058995
6.794272	441.613000	4434.089117
6.793914	441.616000	4434.119239
6.793557	441.619000	4434.149361
6.793200	441.622000	4434.179483
6.792843	441.625000	4434.209605
6.792486	441.628000	4434.239728
6.792129	441.631000	4434.269850
6.791771	441.634000	4434.299972
6.791414	441.637000	4434.330094
6.791057	441.640000	4434.360216
6.790700	441.643000	4434.390338
6.790343	441.646000	4434.420460
6.789985	441.649000	4434.450582
6.789628	441.652000	4434.480704
6.789271	441.655000	4434.510826
6.788913	441.658000	4434.540948
6.788556	441.661000	4434.571070
6.788199	441.664000	4434.601192
6.787841	441.667000	4434.631314
6.787484	441.670000	4434.661436
6.787127	441.673000	4434.691558
6.786769	441.676000	4434.721680
6.786412	441.679000	4434.751802
6.786054	441.682000	4434.781924
6.785697	441.685000	4434.812046
6.785339	441.688000	4434.842168
6.784982	441.691000	4434.872290
6.784624	441.694000	4434.902412
6.784267	441.697000	4434.932534
6.783909	441.700000	4434.962656
6.783552	441.703000	4434.992778
6.783194	441.706000	4435.022900
6.782837	441.709000	4435.053022
6.782479	441.712000	4435.083144
6.782121	441.715000	4435.113266
6.781764	441.718000	4435.143388
6.781406	441.721000	4435.173510
6.781049	441.724000	4435.203632
6.780691	441.727000	4435.233754
6.780333	441.730000	4435.263876
6.779975	441.733000	4435.293998
6.779618	441.736000	4435.324120
6.779260	441.739000	4435.354242
6.778902	441.742000	4435.384364
6.778545	441.745000	4435.414486
6.778187	441.748000	4435.444608
6.777829	441.751000	4435.474730
6.777471	441.754000	4435.504852
6.777113	441.757000	4435.534974
6.776756	441.760000	4435.565096
6.776398	441.763000	4435.595218
6.776040	441.766000	4435.625340
6.775682	441.769000	4435.655462
6.775324	441.772000	4435.685584
6.774966	441.775000	4435.715706
6.774608	441.778000	4435.745828
6.774250	441.781000	4435.775950
6.773892	441.784000	4435.806072
6.773534	441.787000	4435.836194
6.773176	441.790000	4435.866316
6.772818	441.793000	4435.896438
6.772460	441.796000	4435.926560
6.772102	441.799000	4435.956682
6.771744	441.802000	4435.986804
6.771386	441.805000	4436.016926
6.771028	441.808000	4436.047048
6.770670	441.811000	4436.077170
6.770312	441.814000	4436.107292
6.769954	441.817000	4436.137414
6.769596	441.820000	4436.167536
6.769238	441.823000	4436.197658
6.768880	441.826000	4436.227780
6.768521	441.829000	4436.257902
6.768163	441.832000	4436.288024
6.767805	441.835000	4436.318146
6.767447	441.838000	4436.348268
6.767089	441.841000	4436.378390
6.766730	441.844000	4436.408512
6.766372	441.847000	4436.438634
6.766014	441.850000	4436.468756
6.765655	441.853000	4436.498878
6.765297	441.856000	4436.529000
6.764939	441.859000	4436.559122
6.764580	441.862000	4436.589244
6.764222	441.865000	4436.619366
6.763864	441.868000	4436.649488
6.763505	441.871000	4436.679610
6.763147	441.874000	4436.709732
6.762789	441.877000	4436.739854
6.762430	441.880000	4436.769976
6.762072	441.883000	4436.800098
6.761713	441.886000	4436.830220
6.761355	441.889000	4436.860342
6.760996	441.892000	4436.890464
6.760638	441.895000	4436.920586
6.760279	441.898000	4436.950708
6.759921	441.901000	4436.980830
6.759562	441.904000	4437.010952
6.759204	441.907000	4437.041074
6.758845	441.910000	4437.071196
6.758486	441.913000	4437.101318
6.758128	441.916000	4437.131440
6.757769	441.919000	4437.161562
6.757411	441.922000	4437.191684
6.757052	441.925000	4437.221806
6.756693	441.928000	4437.251928
6.756335	441.931000	4437.282050
6.755976	441.934000	4437.312172
6.755617	441.937000	4437.342294
6.755258	441.940000	4437.372416
6.754900	441.943000	4437.402538
6.754541	441.946000	4437.432660
6.754182	441.949000	4437.462782
6.753823	441.952000	4437.492904
6.753465	441.955000	4437.523026
6.753106	441.958000	4437.553148
6.752747	441.961000	4437.583270
6.752388	441.964000	4437.613392
6.752029	441.967000	4437.643514
6.751670	441.970000	4437.673636
6.751311	441.973000	4437.703758
6.750952	441.976000	4437.733880
6.750594	441.979000	4437.764002
6.750235	441.982000	4437.794124
6.749876	441.985000	4437.824246
6.749517	441.988000	4437.854368
6.749158	441.991000	4437.884490
6.748799	441.994000	4437.914612
6.748440	441.997000	4437.944734
6.748081	442.000000	4437.974856
6.747722	442.003000	4438.004978
6.747363	442.006000	4438.035100
6.747003	442.009000	4438.065222
6.746644	442.012000	4438.095344
6.746285	442.015000	4438.125466
6.745926	442.018000	4438.155588
6.745567	442.021000	4438.185710
6.745208	442.024000	4438.215832
6.744849	442.027000	4438.245954
6.744490	442.030000	4438.276076
6.744130	442.033000	4438.306198
6.743771	442.036000	4438.336320
6.743412	442.039000	4438.366442
6.743053	442.042000	4438.396564
6.742693	442.045000	4438.426686
6.742334	442.048000	4438.456808
6.741975	442.051000	4438.486930
6.741616	442.054000	4438.517052
6.741256	442.057000	4438.547174
6.740897	442.060000	4438.577296
6.740538	442.063000	4438.607418
6.740178	442.066000	4438.637540
6.739819	442.069000	4438.667662
6.739459	442.072000	4438.697784
6.739100	442.075000	4438.727906
6.738741	442.078000	4438.758028
6.738381	442.081000	4438.788150
6.738022	442.084000	4438.818272
6.737662	442.087000	4438.848394
6.737303	442.090000	4438.878516
6.736943	442.093000	4438.908638
6.736584	442.096000	4438.938760
6.736224	442.099000	4438.968882
6.735865	442.102000	4438.999004
6.735505	442.105000	4439.029126
6.735145	442.108000	4439.059248
6.734786	442.111000	4439.089370
6.734426	442.114000	4439.119492
6.734067	442.117000	4439.149614
6.733707	442.120000	4439.179736
6.733347	442.123000	4439.209858
6.732988	442.126000	4439.239980
6.732628	442.129000	4439.270102
6.732268	442.132000	4439.300224
6.731909	442.135000	4439.330346
6.731549	442.138000	4439.360468
6.731189	442.141000	4439.390590
6.730829	442.144000	4439.420712
6.730470	442.147000	4439.450834
6.730110	442.150000	4439.480956
6.729750	442.153000	4439.511078
6.729390	442.156000	4439.541200
6.729030	442.159000	4439.571322
6.728670	442.162000	4439.601444
6.728311	442.165000	4439.631566
6.727951	442.168000	4439.661688
6.727591	442.171000	4439.691810
6.727231	442.174000	4439.721932
6.726871	442.177000	4439.752054
6.726511	442.180000	4439.782176
6.726151	442.183000	4439.812298
6.725791	442.186000	4439.842420
6.725431	442.189000	4439.872542
6.725071	442.192000	4439.902664
6.724711	442.195000	4439.932786
6.724351	442.198000	4439.962908
6.723991	442.201000	4439.993030
6.723631	442.204000	4440.023152
6.723271	442.207000	4440.053274
6.722911	442.210000	4440.083396
6.722551	442.213000	4440.113518
6.722191	442.216000	4440.143640
6.721830	442.219000	4440.173762
6.721470	442.222000	4440.203884
6.721110	442.225000	4440.234006
6.720750	442.228000	4440.264128
6.720390	442.231000	4440.294250
6.720030	442.234000	4440.324372
6.719669	442.237000	4440.354494
6.719309	442.240000	4440.384616
6.718949	442.243000	4440.414738
6.718589	442.246000	4440.444860
6.718228	442.249000	4440.474982
6.717868	442.252000	4440.505104
6.717508	442.255000	4440.535226
6.717147	442.258000	4440.565348
6.716787	442.261000	4440.595470
6.716427	442.264000	4440.625592
6.716066	442.267000	4440.655714
6.715706	442.270000	4440.685836
6.715345	442.273000	4440.715958
6.714985	442.276000	4440.746080
6.714624	442.279000	4440.776202
6.714264	442.282000	4440.806324
6.713904	442.285000	4440.836446
6.713543	442.288000	4440.866568
6.713183	442.291000	4440.896690
6.712822	442.294000	4440.926812
6.712461	442.297000	4440.956934
6.712101	442.300000	4440.987056
6.711740	442.303000	4441.017178
6.711380	442.306000	4441.047300
6.711019	442.309000	4441.077422
6.710659	442.312000	4441.107544
6.710298	442.315000	4441.137666
6.709937	442.318000	4441.167788
6.709577	442.321000	4441.197910
6.709216	442.324000	4441.228032
6.708855	442.327000	4441.258154
6.708495	442.330000	4441.288276
6.708134	442.333000	4441.318398
6.707773	442.336000	4441.348520
6.707412	442.339000	4441.378642
6.707052	442.342000	4441.408764
6.706691	442.345000	4441.438886
6.706330	442.348000	4441.469008
6.705969	442.351000	4441.499130
6.705608	442.354000	4441.529252
6.705247	442.357000	4441.559374
6.704887	442.360000	4441.589496
6.704526	442.363000	4441.619618
6.704165	442.366000	4441.649740
6.703804	442.369000	4441.679862
6.703443	442.372000	4441.709984
6.703082	442.375000	4441.740106
6.702721	442.378000	4441.770228
6.702360	442.381000	4441.800350
6.701999	442.384000	4441.830472
6.701638	442.387000	4441.860594
6.701277	442.390000	4441.890716
6.700916	442.393000	4441.920838
6.700555	442.396000	4441.950960
6.700194	442.399000	4441.981082
6.699833	442.402000	4442.011204
6.699472	442.405000	4442.041326
6.699111	442.408000	4442.071448
6.698750	442.411000	4442.101570
6.698389	442.414000	4442.131692
6.698027	442.417000	4442.161814
6.697666	442.420000	4442.191936
6.697305	442.423000	4442.222058
6.696944	442.426000	4442.252180
6.696583	442.429000	4442.282302
6.696221	442.432000	4442.312424
6.695860	442.435000	4442.342546
6.695499	442.438000	4442.372668
6.695138	442.441000	4442.402790
6.694776	442.444000	4442.432912
6.694415	442.447000	4442.463034
6.694054	442.450000	4442.493156
6.693692	442.453000	4442.523278
6.693331	442.456000	4442.553400
6.692970	442.459000	4442.583522
6.692608	442.462000	4442.613644
6.692247	442.465000	4442.643766
6.691885	442.468000	4442.673888
6.691524	442.471000	4442.704010
6.691163	442.474000	4442.734132
6.690801	442.477000	4442.764254
6.690440	442.480000	4442.794376
6.690078	442.483000	4442.824498
6.689717	442.486000	4442.854620
6.689355	442.489000	4442.884742
6.688994	442.492000	4442.914864
6.688632	442.495000	4442.944986
6.688270	442.498000	4442.975108
6.687909	442.501000	4443.005230
6.687547	442.504000	4443.035352
6.687186	442.507000	4443.065474
6.686824	442.510000	4443.095596
6.686462	442.513000	4443.125718
6.686101	442.516000	4443.155840
6.685739	442.519000	4443.185962
6.685377	442.522000	4443.216084
6.685016	442.525000	4443.246206
6.684654	442.528000	4443.276328
6.684292	442.531000	4443.306450
6.683930	442.534000	4443.336572
6.683569	442.537000	4443.366694
6.683207	442.540000	4443.396816
6.682845	442.543000	4443.426938
6.682483	442.546000	4443.457060
6.682121	442.549000	4443.487182
6.681760	442.552000	4443.517304
6.681398	442.555000	4443.547426
6.681036	442.558000	4443.577548
6.680674	442.561000	4443.607670
6.680312	442.564000	4443.637792
6.679950	442.567000	4443.667914
6.679588	442.570000	4443.698036
6.679226	442.573000	4443.728158
6.678864	442.576000	4443.758280
6.678502	442.579000	4443.788402
6.678140	442.582000	4443.818524
6.677778	442.585000	4443.848646
6.677416	442.588000	4443.878768
6.677054	442.591000	4443.908890
6.676692	442.594000	4443.939012
6.676330	442.597000	4443.969134
6.675968	442.600000	4443.999256
6.675606	442.603000	4444.029378
6.675244	442.606000	4444.059500
6.674882	442.609000	4444.089622
6.674519	442.612000	4444.119744
6.674157	442.615000	4444.149866
6.673795	442.618000	4444.179988
6.673433	442.621000	4444.210110
6.673071	442.624000	4444.240232
6.672708	442.627000	4444.270354
6.672346	442.630000	4444.300476
6.671984	442.633000	4444.330598
6.671622	442.636000	4444.360720
6.671259	442.639000	4444.390842
6.670897	442.642000	4444.420964
6.670535	442.645000	4444.451086
6.670172	442.648000	4444.481208
6.669810	442.651000	4444.511330
6.669448	442.654000	4444.541452
6.669085	442.657000	4444.571574
6.668723	442.660000	4444.601696
6.668360	442.663000	4444.631818
6.667998	442.666000	4444.661940
6.667636	442.669000	4444.692062
6.667273	442.672000	4444.722184
6.666911	442.675000	4444.752306
6.666548	442.678000	4444.782428
6.666186	442.681000	4444.812550
6.665823	442.684000	4444.842672
6.665460	442.687000	4444.872794
6.665098	442.690000	4444.902916
6.664735	442.693000	4444.933038
6.664373	442.696000	4444.963160
6.664010	442.699000	4444.993282
6.663648	442.702000	4445.023404
6.663285	442.705000	4445.053526
6.662922	442.708000	4445.083648
6.662560	442.711000	4445.113770
6.662197	442.714000	4445.143892
6.661834	442.717000	4445.174014
6.661471	442.720000	4445.204136
6.661109	442.723000	4445.234258
6.660746	442.726000	4445.264380
6.660383	442.729000	4445.294502
6.660020	442.732000	4445.324624
6.659658	442.735000	4445.354746
6.659295	442.738000	4445.384868
6.658932	442.741000	4445.414990
6.658569	442.744000	4445.445112
6.658206	442.747000	4445.475234
6.657843	442.750000	4445.505356
6.657481	442.753000	4445.535478
6.657118	442.756000	4445.565600
6.656755	442.759000	4445.595722
6.656392	442.762000	4445.625844
6.656029	442.765000	4445.655966
6.655666	442.768000	4445.686088
6.655303	442.771000	4445.716210
6.654940	442.774000	4445.746332
6.654577	442.777000	4445.776454
6.654214	442.780000	4445.806576
6.653851	442.783000	4445.836698
6.653488	442.786000	4445.866820
6.653125	442.789000	4445.896942
6.652762	442.792000	4445.927064
6.652398	442.795000	4445.957186
6.652035	442.798000	4445.987308
6.651672	442.801000	4446.017430
6.651309	442.804000	4446.047552
6.650946	442.807000	4446.077674
6.650583	442.810000	4446.107796
6.650219	442.813000	4446.137918
6.649856	442.816000	4446.168040
6.649493	442.819000	4446.198162
6.649130	442.822000	4446.228284
6.648767	442.825000	4446.258406
6.648403	442.828000	4446.288528
6.648040	442.831000	4446.318650
6.647677	442.834000	4446.348772
6.647313	442.837000	4446.378894
6.646950	442.840000	4446.409016
6.646587	442.843000	4446.439138
6.646223	442.846000	4446.469260
6.645860	442.849000	4446.499382
6.645496	442.852000	4446.529504
6.645133	442.855000	4446.559626
6.644770	442.858000	4446.589748
6.644406	442.861000	4446.619870
6.644043	442.864000	4446.649992
6.643679	442.867000	4446.680114
6.643316	442.870000	4446.710236
6.642952	442.873000	4446.740358
6.642589	442.876000	4446.770480
6.642225	442.879000	4446.800602
6.641862	442.882000	4446.830724
6.641498	442.885000	4446.860846
6.641134	442.888000	4446.890968
6.640771	442.891000	4446.921090
6.640407	442.894000	4446.951212
6.640043	442.897000	4446.981334
6.639680	442.900000	4447.011456
6.639316	442.903000	4447.041578
6.638952	442.906000	4447.071700
6.638589	442.909000	4447.101822
6.638225	442.912000	4447.131944
6.637861	442.915000	4447.162066
6.637498	442.918000	4447.192188
6.637134	442.921000	4447.222310
6.636770	442.924000	4447.252432
6.636406	442.927000	4447.282554
6.636042	442.930000	4447.312676
6.635679	442.933000	4447.342798
6.635315	442.936000	4447.372920
6.634951	442.939000	4447.403042
6.634587	442.942000	4447.433164
6.634223	442.945000	4447.463286
6.633859	442.948000	4447.493408
6.633495	442.951000	4447.523530
6.633131	442.954000	4447.553652
6.632767	442.957000	4447.583774
6.632403	442.960000	4447.613896
6.632039	442.963000	4447.644018
6.631675	442.966000	4447.674140
6.631311	442.969000	4447.704262
6.630947	442.972000	4447.734384
6.630583	442.975000	4447.764506
6.630219	442.978000	4447.794628
6.629855	442.981000	4447.824750
6.629491	442.984000	4447.854872
6.629127	442.987000	4447.884994
6.628763	442.990000	4447.915116
6.628399	442.993000	4447.945238
6.628034	442.996000	4447.975360
6.627670	442.999000	4448.005482
6.627306	443.002000	4448.035604
6.626942	443.005000	4448.065726
6.626578	443.008000	4448.095848
6.626213	443.011000	4448.125970
6.625849	443.014000	4448.156092
6.625485	443.017000	4448.186214
6.625121	443.020000	4448.216336
6.624756	443.023000	4448.246458
6.624392	443.026000	4448.276580
6.624028	443.029000	4448.306702
6.623663	443.032000	4448.336824
6.623299	443.035000	4448.366946
6.622935	443.038000	4448.397068
6.622570	443.041000	4448.427190
6.622206	443.044000	4448.457312
6.621841	443.047000	4448.487434
6.621477	443.050000	4448.517556
6.621112	443.053000	4448.547678
6.620748	443.056000	4448.577800
6.620383	443.059000	4448.607922
6.620019	443.062000	4448.638044
6.619654	443.065000	4448.668166
6.619290	443.068000	4448.698288
6.618925	443.071000	4448.728410
6.618561	443.074000	4448.758532
6.618196	443.077000	4448.788654
6.617832	443.080000	4448.818776
6.617467	443.083000	4448.848898
6.617102	443.086000	4448.879020
6.616738	443.089000	4448.909142
6.616373	443.092000	4448.939264
6.616008	443.095000	4448.969386
6.615644	443.098000	4448.999508
6.615279	443.101000	4449.029630
6.614914	443.104000	4449.059752
6.614549	443.107000	4449.089874
6.614185	443.110000	4449.119996
6.613820	443.113000	4449.150118
6.613455	443.116000	4449.180240
6.613090	443.119000	4449.210362
6.612725	443.122000	4449.240484
6.612361	443.125000	4449.270606
6.611996	443.128000	4449.300728
6.611631	443.131000	4449.330850
6.611266	443.134000	4449.360972
6.610901	443.137000	4449.391094
6.610536	443.140000	4449.421216
6.610171	443.143000	4449.451338
6.609806	443.146000	4449.481460
6.609441	443.149000	4449.511582
6.609076	443.152000	4449.541704
6.608711	443.155000	4449.571826
6.608346	443.158000	4449.601948
6.607981	443.161000	4449.632070
6.607616	443.164000	4449.662192
6.607251	443.167000	4449.692314
6.606886	443.170000	4449.722436
6.606521	443.173000	4449.752558
6.606156	443.176000	4449.782680
6.605791	443.179000	4449.812802
6.605425	443.182000	4449.842924
6.605060	443.185000	4449.873046
6.604695	443.188000	4449.903168
6.604330	443.191000	4449.933290
6.603965	443.194000	4449.963412
6.603600	443.197000	4449.993534
6.603234	443.200000	4450.023656
6.602869	443.203000	4450.053778
6.602504	443.206000	4450.083900
6.602138	443.209000	4450.114022
6.601773	443.212000	4450.144144
6.601408	443.215000	4450.174266
6.601042	443.218000	4450.204388
6.600677	443.221000	4450.234510
6.600312	443.224000	4450.264632
6.599946	443.227000	4450.294754
6.599581	443.230000	4450.324876
6.599216	443.233000	4450.354998
6.598850	443.236000	4450.385120
6.598485	443.239000	4450.415242
6.598119	443.242000	4450.445364
6.597754	443.245000	4450.475486
6.597388	443.248000	4450.505608
6.597023	443.251000	4450.535730
6.596657	443.254000	4450.565852
6.596292	443.257000	4450.595974
6.595926	443.260000	4450.626096
6.595561	443.263000	4450.656218
6.595195	443.266000	4450.686340
6.594829	443.269000	4450.716462
6.594464	443.272000	4450.746584
6.594098	443.275000	4450.776706
6.593732	443.278000	4450.806828
6.593367	443.281000	4450.836950
6.593001	443.284000	4450.867072
6.592635	443.287000	4450.897194
6.592270	443.290000	4450.927316
6.591904	443.293000	4450.957438
6.591538	443.296000	4450.987560
6.591172	443.299000	4451.017682
6.590807	443.302000	4451.047804
6.590441	443.305000	4451.077926
6.590075	443.308000	4451.108048
6.589709	443.311000	4451.138170
6.589343	443.314000	4451.168292
6.588977	443.317000	4451.198414
6.588612	443.320000	4451.228536
6.588246	443.323000	4451.258658
6.587880	443.326000	4451.288780
6.587514	443.329000	4451.318902
6.587148	443.332000	4451.349024
6.586782	443.335000	4451.379146
6.586416	443.338000	4451.409268
6.586050	443.341000	4451.439390
6.585684	443.344000	4451.469512
6.585318	443.347000	4451.499634
6.584952	443.350000	4451.529756
6.584586	443.353000	4451.559878
6.584220	443.356000	4451.590000
6.583854	443.359000	4451.620122
6.583488	443.362000	4451.650244
6.583121	443.365000	4451.680366
6.582755	443.368000	4451.710488
6.582389	443.371000	4451.740610
6.582023	443.374000	4451.770732
6.581657	443.377000	4451.800854
6.581291	443.380000	4451.830976
6.580924	443.383000	4451.861098
6.580558	443.386000	4451.891220
6.580192	443.389000	4451.921342
6.579826	443.392000	4451.951464
6.579459	443.395000	4451.981586
6.579093	443.398000	4452.011708
6.578727	443.401000	4452.041830
6.578360	443.404000	4452.071952
6.577994	443.407000	4452.102074
6.577628	443.410000	4452.132196
6.577261	443.413000	4452.162318
6.576895	443.416000	4452.192440
6.576528	443.419000	4452.222562
6.576162	443.422000	4452.252684
6.575796	443.425000	4452.282806
6.575429	443.428000	4452.312928
6.575063	443.431000	4452.343050
6.574696	443.434000	4452.373172
6.574330	443.437000	4452.403294
6.573963	443.440000	4452.433416
6.573597	443.443000	4452.463538
6.573230	443.446000	4452.493660
6.572863	443.449000	4452.523782
6.572497	443.452000	4452.553904
6.572130	443.455000	4452.584026
6.571764	443.458000	4452.614148
6.571397	443.461000	4452.644270
6.571030	443.464000	4452.674392
6.570664	443.467000	4452.704514
6.570297	443.470000	4452.734636
6.569930	443.473000	4452.764758
6.569564	443.476000	4452.794880
6.569197	443.479000	4452.825002
6.568830	443.482000	4452.855124
6.568463	443.485000	4452.885246
6.568097	443.488000	4452.915368
6.567730	443.491000	4452.945490
6.567363	443.494000	4452.975612
6.566996	443.497000	4453.005734
6.566629	443.500000	4453.035856
6.566262	443.503000	4453.065978
6.565895	443.506000	4453.096100
6.565529	443.509000	4453.126222
6.565162	443.512000	4453.156344
6.564795	443.515000	4453.186466
6.564428	443.518000	4453.216588
6.564061	443.521000	4453.246710
6.563694	443.524000	4453.276832
6.563327	443.527000	4453.306954
6.562960	443.530000	4453.337076
6.562593	443.533000	4453.367198
6.562226	443.536000	4453.397320
6.561859	443.539000	4453.427442
6.561492	443.542000	4453.457564
6.561125	443.545000	4453.487686
6.560757	443.548000	4453.517808
6.560390	443.551000	4453.547930
6.560023	443.554000	4453.578052
6.559656	443.557000	4453.608174
6.559289	443.560000	4453.638296
6.558922	443.563000	4453.668418
6.558555	443.566000	4453.698540
6.558187	443.569000	4453.728662
6.557820	443.572000	4453.758784
6.557453	443.575000	4453.788906
6.557086	443.578000	4453.819028
6.556718	443.581000	4453.849150
6.556351	443.584000	4453.879272
6.555984	443.587000	4453.909394
6.555616	443.590000	4453.939516
6.555249	443.593000	4453.969638
6.554882	443.596000	4453.999760
6.554514	443.599000	4454.029882
6.554147	443.602000	4454.060004
6.553779	443.605000	4454.090126
6.553412	443.608000	4454.120248
6.553045	443.611000	4454.150370
6.552677	443.614000	4454.180492
6.552310	443.617000	4454.210614
6.551942	443.620000	4454.240736
6.551575	443.623000	4454.270858
6.551207	443.626000	4454.300980
6.550839	443.629000	4454.331102
6.550472	443.632000	4454.361224
6.550104	443.635000	4454.391346
6.549737	443.638000	4454.421468
6.549369	443.641000	4454.451590
6.549002	443.644000	4454.481712
6.548634	443.647000	4454.511834
6.548266	443.650000	4454.541956
6.547899	443.653000	4454.572078
6.547531	443.656000	4454.602200
6.547163	443.659000	4454.632322
6.546795	443.662000	4454.662444
6.546428	443.665000	4454.692566
6.546060	443.668000	4454.722688
6.545692	443.671000	4454.752810
6.545324	443.674000	4454.782932
6.544957	443.677000	4454.813054
6.544589	443.680000	4454.843176
6.544221	443.683000	4454.873298
6.543853	443.686000	4454.903420
6.543485	443.689000	4454.933542
6.543117	443.692000	4454.963664
6.542749	443.695000	4454.993786
6.542381	443.698000	4455.023908
6.542014	443.701000	4455.054030
6.541646	443.704000	4455.084152
6.541278	443.707000	4455.114274
6.540910	443.710000	4455.144396
6.540542	443.713000	4455.174518
6.540174	443.716000	4455.204640
6.539806	443.719000	4455.234762
6.539438	443.722000	4455.264884
6.539069	443.725000	4455.295006
6.538701	443.728000	4455.325128
6.538333	443.731000	4455.355250
6.537965	443.734000	4455.385372
6.537597	443.737000	4455.415494
6.537229	443.740000	4455.445616
6.536861	443.743000	4455.475738
6.536493	443.746000	4455.505860
6.536124	443.749000	4455.535982
6.535756	443.752000	4455.566104
6.535388	443.755000	4455.596226
6.535020	443.758000	4455.626348
6.534651	443.761000	4455.656470
6.534283	443.764000	4455.686592
6.533915	443.767000	4455.716714
6.533546	443.770000	4455.746836
6.533178	443.773000	4455.776958
6.532810	443.776000	4455.807080
6.532441	443.779000	4455.837202
6.532073	443.782000	4455.867324
6.531705	443.785000	4455.897446
6.531336	443.788000	4455.927568
6.530968	443.791000	4455.957690
6.530599	443.794000	4455.987812
6.530231	443.797000	4456.017934
6.529862	443.800000	4456.048056
6.529494	443.803000	4456.078178
6.529125	443.806000	4456.108300
6.528757	443.809000	4456.138422
6.528388	443.812000	4456.168544
6.528020	443.815000	4456.198666
6.527651	443.818000	4456.228788
6.527283	443.821000	4456.258910
6.526914	443.824000	4456.289032
6.526545	443.827000	4456.319154
6.526177	443.830000	4456.349276
6.525808	443.833000	4456.379398
6.525439	443.836000	4456.409520
6.525071	443.839000	4456.439642
6.524702	443.842000	4456.469764
6.524333	443.845000	4456.499886
6.523965	443.848000	4456.530008
6.523596	443.851000	4456.560130
6.523227	443.854000	4456.590252
6.522858	443.857000	4456.620374
6.522490	443.860000	4456.650496
6.522121	443.863000	4456.680618
6.521752	443.866000	4456.710740
6.521383	443.869000	4456.740862
6.521014	443.872000	4456.770984
6.520645	443.875000	4456.801106
6.520276	443.878000	4456.831228
6.519907	443.881000	4456.861350
6.519538	443.884000	4456.891472
6.519170	443.887000	4456.921594
6.518801	443.890000	4456.951716
6.518432	443.893000	4456.981838
6.518063	443.896000	4457.011960
6.517694	443.899000	4457.042082
6.517325	443.902000	4457.072204
6.516955	443.905000	4457.102326
6.516586	443.908000	4457.132448
6.516217	443.911000	4457.162570
6.515848	443.914000	4457.192692
6.515479	443.917000	4457.222814
6.515110	443.920000	4457.252936
6.514741	443.923000	4457.283058
6.514372	443.926000	4457.313180
6.514002	443.929000	4457.343302
6.513633	443.932000	4457.373424
6.513264	443.935000	4457.403546
6.512895	443.938000	4457.433668
6.512526	443.941000	4457.463790
6.512156	443.944000	4457.493912
6.511787	443.947000	4457.524034
6.511418	443.950000	4457.554156
6.511048	443.953000	4457.584278
6.510679	443.956000	4457.614400
6.510310	443.959000	4457.644522
6.509940	443.962000	4457.674644
6.509571	443.965000	4457.704766
6.509202	443.968000	4457.734889
6.508832	443.971000	4457.765011
6.508463	443.974000	4457.795133
6.508093	443.977000	4457.825255
6.507724	443.980000	4457.855377
6.507354	443.983000	4457.885499
6.506985	443.986000	4457.915621
6.506615	443.989000	4457.945743
6.506246	443.992000	4457.975865
6.505876	443.995000	4458.005987
6.505507	443.998000	4458.036109
6.505137	444.001000	4458.066231
6.504768	444.004000	4458.096353
6.504398	444.007000	4458.126475
6.504028	444.010000	4458.156597
6.503659	444.013000	4458.186719
6.503289	444.016000	4458.216841
6.502919	444.019000	4458.246963
6.502550	444.022000	4458.277085
6.502180	444.025000	4458.307207
6.501810	444.028000	4458.337329
6.501440	444.031000	4458.367451
6.501071	444.034000	4458.397573
6.500701	444.037000	4458.427695
6.500331	444.040000	4458.457817
6.499961	444.043000	4458.487939
6.499591	444.046000	4458.518061
6.499222	444.049000	4458.548183
6.498852	444.052000	4458.578305
6.498482	444.055000	4458.608427
6.498112	444.058000	4458.638549
6.497742	444.061000	4458.668671
6.497372	444.064000	4458.698793
6.497002	444.067000	4458.728915
6.496632	444.070000	4458.759037
6.496262	444.073000	4458.789159
6.495892	444.076000	4458.819281
6.495522	444.079000	4458.849403
6.495152	444.082000	4458.879525
6.494782	444.085000	4458.909647
6.494412	444.088000	4458.939769
6.494042	444.091000	4458.969891
6.493672	444.094000	4459.000013
6.493302	444.097000	4459.030135
6.492932	444.100000	4459.060257
6.492562	444.103000	4459.090379
6.492191	444.106000	4459.120501
6.491821	444.109000	4459.150623
6.491451	444.112000	4459.180745
6.491081	444.115000	4459.210867
6.490711	444.118000	4459.240989
6.490340	444.121000	4459.271111
6.489970	444.124000	4459.301233
6.489600	444.127000	4459.331355
6.489230	444.130000	4459.361477
6.488859	444.133000	4459.391599
6.488489	444.136000	4459.421721
6.488119	444.139000	4459.451843
6.487748	444.142000	4459.481965
6.487378	444.145000	4459.512087
6.487007	444.148000	4459.542209
6.486637	444.151000	4459.572331
6.486267	444.154000	4459.602453
6.485896	444.157000	4459.632575
6.485526	444.160000	4459.662697
6.485155	444.163000	4459.692819
6.484785	444.166000	4459.722941
6.484414	444.169000	4459.753063
6.484044	444.172000	4459.783185
6.483673	444.175000	4459.813307
6.483303	444.178000	4459.843429
6.482932	444.181000	4459.873551
6.482561	444.184000	4459.903673
6.482191	444.187000	4459.933795
6.481820	444.190000	4459.963917
6.481450	444.193000	4459.994039
6.481079	444.196000	4460.024161
6.480708	444.199000	4460.054283
6.480337	444.202000	4460.084405
6.479967	444.205000	4460.114527
6.479596	444.208000	4460.144649
6.479225	444.211000	4460.174771
6.478855	444.214000	4460.204893
6.478484	444.217000	4460.235015
6.478113	444.220000	4460.265137
6.477742	444.223000	4460.295259
6.477371	444.226000	4460.325381
6.477000	444.229000	4460.355503
6.476630	444.232000	4460.385625
6.476259	444.235000	4460.415747
6.475888	444.238000	4460.445869
6.475517	444.241000	4460.475991
6.475146	444.244000	4460.506113
6.474775	444.247000	4460.536235
6.474404	444.250000	4460.566357
6.474033	444.253000	4460.596479
6.473662	444.256000	4460.626601
6.473291	444.259000	4460.656723
6.472920	444.262000	4460.686845
6.472549	444.265000	4460.716967
6.472178	444.268000	4460.747089
6.471807	444.271000	4460.777211
6.471436	444.274000	4460.807333
6.471065	444.277000	4460.837455
6.470694	444.280000	4460.867577
6.470322	444.283000	4460.897699
6.469951	444.286000	4460.927821
6.469580	444.289000	4460.957943
6.469209	444.292000	4460.988065
6.468838	444.295000	4461.018187
6.468466	444.298000	4461.048309
6.468095	444.301000	4461.078431
6.467724	444.304000	4461.108553
6.467353	444.307000	4461.138675
6.466981	444.310000	4461.168797
6.466610	444.313000	4461.198919
6.466239	444.316000	4461.229041
6.465867	444.319000	4461.259163
6.465496	444.322000	4461.289285
6.465125	444.325000	4461.319407
6.464753	444.328000	4461.349529
6.464382	444.331000	4461.379651
6.464010	444.334000	4461.409773
6.463639	444.337000	4461.439895
6.463267	444.340000	4461.470017
6.462896	444.343000	4461.500139
6.462524	444.346000	4461.530261
6.462153	444.349000	4461.560383
6.461781	444.352000	4461.590505
6.461410	444.355000	4461.620627
6.461038	444.358000	4461.650749
6.460667	444.361000	4461.680871
6.460295	444.364000	4461.710993
6.459924	444.367000	4461.741115
6.459552	444.370000	4461.771237
6.459180	444.373000	4461.801359
6.458809	444.376000	4461.831481
6.458437	444.379000	4461.861603
6.458065	444.382000	4461.891725
6.457693	444.385000	4461.921847
6.457322	444.388000	4461.951969
6.456950	444.391000	4461.982091
6.456578	444.394000	4462.012213
6.456206	444.397000	4462.042335
6.455835	444.400000	4462.072457
6.455463	444.403000	4462.102579
6.455091	444.406000	4462.132701
6.454719	444.409000	4462.162823
6.454347	444.412000	4462.192945
6.453975	444.415000	4462.223067
6.453603	444.418000	4462.253189
6.453232	444.421000	4462.283311
6.452860	444.424000	4462.313433
6.452488	444.427000	4462.343555
6.452116	444.430000	4462.373677
6.451744	444.433000	4462.403799
6.451372	444.436000	4462.433921
6.451000	444.439000	4462.464043
6.450628	444.442000	4462.494165
6.450256	444.445000	4462.524287
6.449884	444.448000	4462.554409
6.449511	444.451000	4462.584531
6.449139	444.454000	4462.614653
6.448767	444.457000	4462.644775
6.448395	444.460000	4462.674897
6.448023	444.463000	4462.705019
6.447651	444.466000	4462.735141
6.447279	444.469000	4462.765263
6.446906	444.472000	4462.795385
6.446534	444.475000	4462.825507
6.446162	444.478000	4462.855629
6.445790	444.481000	4462.885751
6.445417	444.484000	4462.915873
6.445045	444.487000	4462.945995
6.444673	444.490000	4462.976117
6.444300	444.493000	4463.006239
6.443928	444.496000	4463.036361
6.443556	444.499000	4463.066483
6.443183	444.502000	4463.096605
6.442811	444.505000	4463.126727
6.442439	444.508000	4463.156849
6.442066	444.511000	4463.186971
6.441694	444.514000	4463.217093
6.441321	444.517000	4463.247215
6.440949	444.520000	4463.277337
6.440576	444.523000	4463.307459
6.440204	444.526000	4463.337581
6.439831	444.529000	4463.367703
6.439459	444.532000	4463.397825
6.439086	444.535000	4463.427947
6.438713	444.538000	4463.458069
6.438341	444.541000	4463.488191
6.437968	444.544000	4463.518313
6.437596	444.547000	4463.548435
6.437223	444.550000	4463.578557
6.436850	444.553000	4463.608679
6.436478	444.556000	4463.638801
6.436105	444.559000	4463.668923
6.435732	444.562000	4463.699045
6.435359	444.565000	4463.729167
6.434987	444.568000	4463.759289
6.434614	444.571000	4463.789411
6.434241	444.574000	4463.819533
6.433868	444.577000	4463.849655
6.433496	444.580000	4463.879777
6.433123	444.583000	4463.909899
6.432750	444.586000	4463.940021
6.432377	444.589000	4463.970143
6.432004	444.592000	4464.000265
6.431631	444.595000	4464.030387
6.431258	444.598000	4464.060509
6.430885	444.601000	4464.090631
6.430512	444.604000	4464.120753
6.430139	444.607000	4464.150875
6.429766	444.610000	4464.180997
6.429393	444.613000	4464.211119
6.429020	444.616000	4464.241241
6.428647	444.619000	4464.271363
6.428274	444.622000	4464.301485
6.427901	444.625000	4464.331607
6.427528	444.628000	4464.361729
6.427155	444.631000	4464.391851
6.426782	444.634000	4464.421973
6.426409	444.637000	4464.452095
6.426036	444.640000	4464.482217
6.425662	444.643000	4464.512339
6.425289	444.646000	4464.542461
6.424916	444.649000	4464.572583
6.424543	444.652000	4464.602705
6.424170	444.655000	4464.632827
6.423796	444.658000	4464.662949
6.423423	444.661000	4464.693071
6.423050	444.664000	4464.723193
6.422676	444.667000	4464.753315
6.422303	444.670000	4464.783437
6.421930	444.673000	4464.813559
6.421556	444.676000	4464.843681
6.421183	444.679000	4464.873803
6.420810	444.682000	4464.903925
6.420436	444.685000	4464.934047
6.420063	444.688000	4464.964169
6.419689	444.691000	4464.994291
6.419316	444.694000	4465.024413
6.418942	444.697000	4465.054535
6.418569	444.700000	4465.084657
6.418195	444.703000	4465.114779
6.417822	444.706000	4465.144901
6.417448	444.709000	4465.175023
6.417075	444.712000	4465.205145
6.416701	444.715000	4465.235267
6.416327	444.718000	4465.265389
6.415954	444.721000	4465.295511
6.415580	444.724000	4465.325633
6.415207	444.727000	4465.355755
6.414833	444.730000	4465.385877
6.414459	444.733000	4465.415999
6.414086	444.736000	4465.446121
6.413712	444.739000	4465.476243
6.413338	444.742000	4465.506365
6.412964	444.745000	4465.536487
6.412591	444.748000	4465.566609
6.412217	444.751000	4465.596731
6.411843	444.754000	4465.626853
6.411469	444.757000	4465.656975
6.411095	444.760000	4465.687097
6.410721	444.763000	4465.717219
6.410347	444.766000	4465.747341
6.409974	444.769000	4465.777463
6.409600	444.772000	4465.807585
6.409226	444.775000	4465.837707
6.408852	444.778000	4465.867829
6.408478	444.781000	4465.897951
6.408104	444.784000	4465.928073
6.407730	444.787000	4465.958195
6.407356	444.790000	4465.988317
6.406982	444.793000	4466.018439
6.406608	444.796000	4466.048561
6.406234	444.799000	4466.078683
6.405860	444.802000	4466.108805
6.405486	444.805000	4466.138927
6.405111	444.808000	4466.169049
6.404737	444.811000	4466.199171
6.404363	444.814000	4466.229293
6.403989	444.817000	4466.259415
6.403615	444.820000	4466.289537
6.403241	444.823000	4466.319659
6.402866	444.826000	4466.349781
6.402492	444.829000	4466.379903
6.402118	444.832000	4466.410025
6.401744	444.835000	4466.440147
6.401369	444.838000	4466.470269
6.400995	444.841000	4466.500391
6.400621	444.844000	4466.530513
6.400246	444.847000	4466.560635
6.399872	444.850000	4466.590757
6.399498	444.853000	4466.620879
6.399123	444.856000	4466.651001
6.398749	444.859000	4466.681123
6.398374	444.862000	4466.711245
6.398000	444.865000	4466.741367
6.397625	444.868000	4466.771489
6.397251	444.871000	4466.801611
6.396876	444.874000	4466.831733
6.396502	444.877000	4466.861855
6.396127	444.880000	4466.891977
6.395753	444.883000	4466.922099
6.395378	444.886000	4466.952221
6.395004	444.889000	4466.982343
6.394629	444.892000	4467.012465
6.394254	444.895000	4467.042587
6.393880	444.898000	4467.072709
6.393505	444.901000	4467.102831
6.393131	444.904000	4467.132953
6.392756	444.907000	4467.163075
6.392381	444.910000	4467.193197
6.392006	444.913000	4467.223319
6.391632	444.916000	4467.253441
6.391257	444.919000	4467.283563
6.390882	444.922000	4467.313685
6.390507	444.925000	4467.343807
6.390133	444.928000	4467.373929
6.389758	444.931000	4467.404051
6.389383	444.934000	4467.434173
6.389008	444.937000	4467.464295
6.388633	444.940000	4467.494417
6.388258	444.943000	4467.524539
6.387883	444.946000	4467.554661
6.387508	444.949000	4467.584783
6.387133	444.952000	4467.614905
6.386758	444.955000	4467.645027
6.386383	444.958000	4467.675149
6.386008	444.961000	4467.705271
6.385633	444.964000	4467.735393
6.385258	444.967000	4467.765515
6.384883	444.970000	4467.795637
6.384508	444.973000	4467.825759
6.384133	444.976000	4467.855881
6.383758	444.979000	4467.886003
6.383383	444.982000	4467.916125
6.383008	444.985000	4467.946247
6.382633	444.988000	4467.976369
6.382258	444.991000	4468.006491
6.381882	444.994000	4468.036613
6.381507	444.997000	4468.066735
6.381132	445.000000	4468.096857
6.380757	445.003000	4468.126979
6.380381	445.006000	4468.157101
6.380006	445.009000	4468.187223
6.379631	445.012000	4468.217345
6.379256	445.015000	4468.247467
6.378880	445.018000	4468.277589
6.378505	445.021000	4468.307711
6.378130	445.024000	4468.337833
6.377754	445.027000	4468.367955
6.377379	445.030000	4468.398077
6.377003	445.033000	4468.428199
6.376628	445.036000	4468.458321
6.376252	445.039000	4468.488443
6.375877	445.042000	4468.518565
6.375501	445.045000	4468.548687
6.375126	445.048000	4468.578809
6.374750	445.051000	4468.608931
6.374375	445.054000	4468.639053
6.373999	445.057000	4468.669175
6.373624	445.060000	4468.699297
6.373248	445.063000	4468.729419
6.372873	445.066000	4468.759541
6.372497	445.069000	4468.789663
6.372121	445.072000	4468.819785
6.371746	445.075000	4468.849907
6.371370	445.078000	4468.880029
6.370994	445.081000	4468.910151
6.370619	445.084000	4468.940273
6.370243	445.087000	4468.970395
6.369867	445.090000	4469.000517
6.369491	445.093000	4469.030639
6.369116	445.096000	4469.060761
6.368740	445.099000	4469.090883
6.368364	445.102000	4469.121005
6.367988	445.105000	4469.151127
6.367612	445.108000	4469.181249
6.367236	445.111000	4469.211371
6.366861	445.114000	4469.241493
6.366485	445.117000	4469.271615
6.366109	445.120000	4469.301737
6.365733	445.123000	4469.331859
6.365357	445.126000	4469.361981
6.364981	445.129000	4469.392103
6.364605	445.132000	4469.422225
6.364229	445.135000	4469.452347
6.363853	445.138000	4469.482469
6.363477	445.141000	4469.512591
6.363101	445.144000	4469.542713
6.362725	445.147000	4469.572835
6.362349	445.150000	4469.602957
6.361972	445.153000	4469.633079
6.361596	445.156000	4469.663201
6.361220	445.159000	4469.693323
6.360844	445.162000	4469.723445
6.360468	445.165000	4469.753567
6.360092	445.168000	4469.783689
6.359715	445.171000	4469.813811
6.359339	445.174000	4469.843933
6.358963	445.177000	4469.874055
6.358587	445.180000	4469.904177
6.358210	445.183000	4469.934299
6.357834	445.186000	4469.964421
6.357458	445.189000	4469.994543
6.357081	445.192000	4470.024665
6.356705	445.195000	4470.054787
6.356329	445.198000	4470.084909
6.355952	445.201000	4470.115031
6.355576	445.204000	4470.145153
6.355199	445.207000	4470.175275
6.354823	445.210000	4470.205397
6.354446	445.213000	4470.235519
6.354070	445.216000	4470.265641
6.353693	445.219000	4470.295763
6.353317	445.222000	4470.325885
6.352940	445.225000	4470.356007
6.352564	445.228000	4470.386129
6.352187	445.231000	4470.416251
6.351811	445.234000	4470.446373
6.351434	445.237000	4470.476495
6.351058	445.240000	4470.506617
6.350681	445.243000	4470.536739
6.350304	445.246000	4470.566861
6.349928	445.249000	4470.596983
6.349551	445.252000	4470.627105
6.349174	445.255000	4470.657227
6.348797	445.258000	4470.687349
6.348421	445.261000	4470.717471
6.348044	445.264000	4470.747593
6.347667	445.267000	4470.777715
6.347290	445.270000	4470.807837
6.346914	445.273000	4470.837959
6.346537	445.276000	4470.868081
6.346160	445.279000	4470.898203
6.345783	445.282000	4470.928325
6.345406	445.285000	4470.958447
6.345029	445.288000	4470.988569
6.344652	445.291000	4471.018691
6.344275	445.294000	4471.048813
6.343898	445.297000	4471.078935
6.343521	445.300000	4471.109057
6.343144	445.303000	4471.139179
6.342767	445.306000	4471.169301
6.342390	445.309000	4471.199423
6.342013	445.312000	4471.229545
6.341636	445.315000	4471.259667
6.341259	445.318000	4471.289789
6.340882	445.321000	4471.319911
6.340505	445.324000	4471.350033
6.340128	445.327000	4471.380155
6.339751	445.330000	4471.410277
6.339374	445.333000	4471.440399
6.338996	445.336000	4471.470521
6.338619	445.339000	4471.500643
6.338242	445.342000	4471.530765
6.337865	445.345000	4471.560887
6.337487	445.348000	4471.591009
6.337110	445.351000	4471.621131
6.336733	445.354000	4471.651253
6.336356	445.357000	4471.681375
6.335978	445.360000	4471.711497
6.335601	445.363000	4471.741619
6.335224	445.366000	4471.771741
6.334846	445.369000	4471.801863
6.334469	445.372000	4471.831985
6.334091	445.375000	4471.862107
6.333714	445.378000	4471.892229
6.333336	445.381000	4471.922351
6.332959	445.384000	4471.952473
6.332581	445.387000	4471.982595
6.332204	445.390000	4472.012717
6.331826	445.393000	4472.042839
6.331449	445.396000	4472.072961
6.331071	445.399000	4472.103083
6.330694	445.402000	4472.133205
6.330316	445.405000	4472.163327
6.329939	445.408000	4472.193449
6.329561	445.411000	4472.223571
6.329183	445.414000	4472.253693
6.328806	445.417000	4472.283815
6.328428	445.420000	4472.313937
6.328050	445.423000	4472.344059
6.327673	445.426000	4472.374181
6.327295	445.429000	4472.404303
6.326917	445.432000	4472.434425
6.326539	445.435000	4472.464547
6.326162	445.438000	4472.494669
6.325784	445.441000	4472.524791
6.325406	445.444000	4472.554913
6.325028	445.447000	4472.585035
6.324650	445.450000	4472.615157
6.324272	445.453000	4472.645279
6.323894	445.456000	4472.675401
6.323517	445.459000	4472.705523
6.323139	445.462000	4472.735645
6.322761	445.465000	4472.765767
6.322383	445.468000	4472.795889
6.322005	445.471000	4472.826011
6.321627	445.474000	4472.856133
6.321249	445.477000	4472.886255
6.320871	445.480000	4472.916377
6.320493	445.483000	4472.946499
6.320115	445.486000	4472.976621
6.319736	445.489000	4473.006743
6.319358	445.492000	4473.036865
6.318980	445.495000	4473.066987
6.318602	445.498000	4473.097109
6.318224	445.501000	4473.127231
6.317846	445.504000	4473.157353
6.317468	445.507000	4473.187475
6.317089	445.510000	4473.217597
6.316711	445.513000	4473.247719
6.316333	445.516000	4473.277841
6.315955	445.519000	4473.307963
6.315576	445.522000	4473.338085
6.315198	445.525000	4473.368207
6.314820	445.528000	4473.398329
6.314441	445.531000	4473.428451
6.314063	445.534000	4473.458573
6.313685	445.537000	4473.488695
6.313306	445.540000	4473.518817
6.312928	445.543000	4473.548939
6.312549	445.546000	4473.579061
6.312171	445.549000	4473.609183
6.311792	445.552000	4473.639305
6.311414	445.555000	4473.669427
6.311036	445.558000	4473.699549
6.310657	445.561000	4473.729671
6.310278	445.564000	4473.759793
6.309900	445.567000	4473.789915
6.309521	445.570000	4473.820037
6.309143	445.573000	4473.850159
6.308764	445.576000	4473.880281
6.308386	445.579000	4473.910403
6.308007	445.582000	4473.940525
6.307628	445.585000	4473.970647
6.307250	445.588000	4474.000769
6.306871	445.591000	4474.030891
6.306492	445.594000	4474.061013
6.306113	445.597000	4474.091135
6.305735	445.600000	4474.121257
6.305356	445.603000	4474.151379
6.304977	445.606000	4474.181501
6.304598	445.609000	4474.211623
6.304219	445.612000	4474.241745
6.303841	445.615000	4474.271867
6.303462	445.618000	4474.301989
6.303083	445.621000	4474.332111
6.302704	445.624000	4474.362233
6.302325	445.627000	4474.392355
6.301946	445.630000	4474.422477
6.301567	445.633000	4474.452599
6.301188	445.636000	4474.482721
6.300809	445.639000	4474.512843
6.300430	445.642000	4474.542965
6.300051	445.645000	4474.573087
6.299672	445.648000	4474.603209
6.299293	445.651000	4474.633331
6.298914	445.654000	4474.663453
6.298535	445.657000	4474.693575
6.298156	445.660000	4474.723697
6.297777	445.663000	4474.753819
6.297398	445.666000	4474.783941
6.297019	445.669000	4474.814063
6.296639	445.672000	4474.844185
6.296260	445.675000	4474.874307
6.295881	445.678000	4474.904429
6.295502	445.681000	4474.934551
6.295122	445.684000	4474.964673
6.294743	445.687000	4474.994795
6.294364	445.690000	4475.024917
6.293985	445.693000	4475.055039
6.293605	445.696000	4475.085161
6.293226	445.699000	4475.115283
6.292847	445.702000	4475.145405
6.292467	445.705000	4475.175527
6.292088	445.708000	4475.205649
6.291708	445.711000	4475.235771
6.291329	445.714000	4475.265893
6.290950	445.717000	4475.296015
6.290570	445.720000	4475.326137
6.290191	445.723000	4475.356259
6.289811	445.726000	4475.386381
6.289432	445.729000	4475.416503
6.289052	445.732000	4475.446625
6.288672	445.735000	4475.476747
6.288293	445.738000	4475.506869
6.287913	445.741000	4475.536991
6.287534	445.744000	4475.567113
6.287154	445.747000	4475.597235
6.286774	445.750000	4475.627357
6.286395	445.753000	4475.657479
6.286015	445.756000	4475.687601
6.285635	445.759000	4475.717723
6.285256	445.762000	4475.747845
6.284876	445.765000	4475.777967
6.284496	445.768000	4475.808089
6.284116	445.771000	4475.838211
6.283737	445.774000	4475.868333
6.283357	445.777000	4475.898455
6.282977	445.780000	4475.928577
6.282597	445.783000	4475.958699
6.282217	445.786000	4475.988821
6.281837	445.789000	4476.018943
6.281457	445.792000	4476.049065
6.281078	445.795000	4476.079187
6.280698	445.798000	4476.109309
6.280318	445.801000	4476.139431
6.279938	445.804000	4476.169553
6.279558	445.807000	4476.199675
6.279178	445.810000	4476.229797
6.278798	445.813000	4476.259919
6.278418	445.816000	4476.290041
6.278038	445.819000	4476.320163
6.277658	445.822000	4476.350285
6.277277	445.825000	4476.380407
6.276897	445.828000	4476.410529
6.276517	445.831000	4476.440651
6.276137	445.834000	4476.470773
6.275757	445.837000	4476.500895
6.275377	445.840000	4476.531017
6.274996	445.843000	4476.561139
6.274616	445.846000	4476.591261
6.274236	445.849000	4476.621383
6.273856	445.852000	4476.651505
6.273475	445.855000	4476.681627
6.273095	445.858000	4476.711749
6.272715	445.861000	4476.741871
6.272335	445.864000	4476.771993
6.271954	445.867000	4476.802115
6.271574	445.870000	4476.832237
6.271193	445.873000	4476.862359
6.270813	445.876000	4476.892481
6.270433	445.879000	4476.922603
6.270052	445.882000	4476.952725
6.269672	445.885000	4476.982847
6.269291	445.888000	4477.012969
6.268911	445.891000	4477.043091
6.268530	445.894000	4477.073213
6.268150	445.897000	4477.103335
6.267769	445.900000	4477.133457
6.267389	445.903000	4477.163579
6.267008	445.906000	4477.193701
6.266627	445.909000	4477.223823
6.266247	445.912000	4477.253945
6.265866	445.915000	4477.284067
6.265485	445.918000	4477.314189
6.265105	445.921000	4477.344311
6.264724	445.924000	4477.374433
6.264343	445.927000	4477.404555
6.263963	445.930000	4477.434677
6.263582	445.933000	4477.464799
6.263201	445.936000	4477.494921
6.262820	445.939000	4477.525043
6.262440	445.942000	4477.555165
6.262059	445.945000	4477.585287
6.261678	445.948000	4477.615409
6.261297	445.951000	4477.645531
6.260916	445.954000	4477.675653
6.260535	445.957000	4477.705775
6.260154	445.960000	4477.735897
6.259773	445.963000	4477.766019
6.259392	445.966000	4477.796141
6.259011	445.969000	4477.826263
6.258630	445.972000	4477.856385
6.258249	445.975000	4477.886507
6.257868	445.978000	4477.916629
6.257487	445.981000	4477.946751
6.257106	445.984000	4477.976873
6.256725	445.987000	4478.006995
6.256344	445.990000	4478.037117
6.255963	445.993000	4478.067239
6.255582	445.996000	4478.097361
6.255201	445.999000	4478.127483
6.254820	446.002000	4478.157605
6.254438	446.005000	4478.187727
6.254057	446.008000	4478.217849
6.253676	446.011000	4478.247971
6.253295	446.014000	4478.278093
6.252914	446.017000	4478.308215
6.252532	446.020000	4478.338337
6.252151	446.023000	4478.368459
6.251770	446.026000	4478.398581
6.251388	446.029000	4478.428703
6.251007	446.032000	4478.458825
6.250626	446.035000	4478.488947
6.250244	446.038000	4478.519069
6.249863	446.041000	4478.549191
6.249481	446.044000	4478.579313
6.249100	446.047000	4478.609435
6.248718	446.050000	4478.639557
6.248337	446.053000	4478.669679
6.247955	446.056000	4478.699801
6.247574	446.059000	4478.729923
6.247192	446.062000	4478.760045
6.246811	446.065000	4478.790167
6.246429	446.068000	4478.820289
6.246048	446.071000	4478.850411
6.245666	446.074000	4478.880533
6.245284	446.077000	4478.910655
6.244903	446.080000	4478.940777
6.244521	446.083000	4478.970899
6.244140	446.086000	4479.001021
6.243758	446.089000	4479.031143
6.243376	446.092000	4479.061265
6.242994	446.095000	4479.091387
6.242613	446.098000	4479.121509
6.242231	446.101000	4479.151631
6.241849	446.104000	4479.181753
6.241467	446.107000	4479.211875
6.241085	446.110000	4479.241997
6.240704	446.113000	4479.272119
6.240322	446.116000	4479.302241
6.239940	446.119000	4479.332363
6.239558	446.122000	4479.362485
6.239176	446.125000	4479.392607
6.238794	446.128000	4479.422729
6.238412	446.131000	4479.452851
6.238030	446.134000	4479.482973
6.237648	446.137000	4479.513095
6.237266	446.140000	4479.543217
6.236884	446.143000	4479.573339
6.236502	446.146000	4479.603461
6.236120	446.149000	4479.633583
6.235738	446.152000	4479.663705
6.235356	446.155000	4479.693827
6.234974	446.158000	4479.723949
6.234592	446.161000	4479.754071
6.234209	446.164000	4479.784193
6.233827	446.167000	4479.814315
6.233445	446.170000	4479.844437
6.233063	446.173000	4479.874559
6.232681	446.176000	4479.904681
6.232298	446.179000	4479.934803
6.231916	446.182000	4479.964925
6.231534	446.185000	4479.995047
6.231151	446.188000	4480.025169
6.230769	446.191000	4480.055291
6.230387	446.194000	4480.085413
6.230004	446.197000	4480.115535
6.229622	446.200000	4480.145657
6.229240	446.203000	4480.175779
6.228857	446.206000	4480.205901
6.228475	446.209000	4480.236023
6.228092	446.212000	4480.266145
6.227710	446.215000	4480.296267
6.227327	446.218000	4480.326389
6.226945	446.221000	4480.356511
6.226562	446.224000	4480.386633
6.226180	446.227000	4480.416755
6.225797	446.230000	4480.446877
6.225415	446.233000	4480.476999
6.225032	446.236000	4480.507121
6.224649	446.239000	4480.537243
6.224267	446.242000	4480.567365
6.223884	446.245000	4480.597487
6.223502	446.248000	4480.627609
6.223119	446.251000	4480.657731
6.222736	446.254000	4480.687853
6.222353	446.257000	4480.717975
6.221971	446.260000	4480.748097
6.221588	446.263000	4480.778219
6.221205	446.266000	4480.808341
6.220822	446.269000	4480.838463
6.220439	446.272000	4480.868585
6.220057	446.275000	4480.898707
6.219674	446.278000	4480.928829
6.219291	446.281000	4480.958951
6.218908	446.284000	4480.989073
6.218525	446.287000	4481.019195
6.218142	446.290000	4481.049317
6.217759	446.293000	4481.079439
6.217376	446.296000	4481.109561
6.216993	446.299000	4481.139683
6.216610	446.302000	4481.169805
6.216227	446.305000	4481.199927
6.215844	446.308000	4481.230050
6.215461	446.311000	4481.260172
6.215078	446.314000	4481.290294
6.214695	446.317000	4481.320416
6.214312	446.320000	4481.350538
6.213929	446.323000	4481.380660
6.213546	446.326000	4481.410782
6.213162	446.329000	4481.440904
6.212779	446.332000	4481.471026
6.212396	446.335000	4481.501148
6.212013	446.338000	4481.531270
6.211629	446.341000	4481.561392
6.211246	446.344000	4481.591514
6.210863	446.347000	4481.621636
6.210480	446.350000	4481.651758
6.210096	446.353000	4481.681880
6.209713	446.356000	4481.712002
6.209330	446.359000	4481.742124
6.208946	446.362000	4481.772246
6.208563	446.365000	4481.802368
6.208179	446.368000	4481.832490
6.207796	446.371000	4481.862612
6.207413	446.374000	4481.892734
6.207029	446.377000	4481.922856
6.206646	446.380000	4481.952978
6.206262	446.383000	4481.983100
6.205879	446.386000	4482.013222
6.205495	446.389000	4482.043344
6.205111	446.392000	4482.073466
6.204728	446.395000	4482.103588
6.204344	446.398000	4482.133710
6.203961	446.401000	4482.163832
6.203577	446.404000	4482.193954
6.203193	446.407000	4482.224076
6.202810	446.410000	4482.254198
6.202426	446.413000	4482.284320
6.202042	446.416000	4482.314442
6.201659	446.419000	4482.344564
6.201275	446.422000	4482.374686
6.200891	446.425000	4482.404808
6.200507	446.428000	4482.434930
6.200123	446.431000	4482.465052
6.199740	446.434000	4482.495174
6.199356	446.437000	4482.525296
6.198972	446.440000	4482.555418
6.198588	446.443000	4482.585540
6.198204	446.446000	4482.615662
6.197820	446.449000	4482.645784
6.197436	446.452000	4482.675906
6.197052	446.455000	4482.706028
6.196668	446.458000	4482.736150
6.196284	446.461000	4482.766272
6.195900	446.464000	4482.796394
6.195516	446.467000	4482.826516
6.195132	446.470000	4482.856638
6.194748	446.473000	4482.886760
6.194364	446.476000	4482.916882
6.193980	446.479000	4482.947004
6.193596	446.482000	4482.977126
6.193212	446.485000	4483.007248
6.192828	446.488000	4483.037370
6.192443	446.491000	4483.067492
6.192059	446.494000	4483.097614
6.191675	446.497000	4483.127736
6.191291	446.500000	4483.157858
6.190907	446.503000	4483.187980
6.190522	446.506000	4483.218102
6.190138	446.509000	4483.248224
6.189754	446.512000	4483.278346
6.189369	446.515000	4483.308468
6.188985	446.518000	4483.338590
6.188601	446.521000	4483.368712
6.188216	446.524000	4483.398834
6.187832	446.527000	4483.428956
6.187447	446.530000	4483.459078
6.187063	446.533000	4483.489200
6.186679	446.536000	4483.519322
6.186294	446.539000	4483.549444
6.185910	446.542000	4483.579566
6.185525	446.545000	4483.609688
6.185140	446.548000	4483.639810
6.184756	446.551000	4483.669932
6.184371	446.554000	4483.700054
6.183987	446.557000	4483.730176
6.183602	446.560000	4483.760298
6.183218	446.563000	4483.790420
6.182833	446.566000	4483.820542
6.182448	446.569000	4483.850664
6.182064	446.572000	4483.880786
6.181679	446.575000	4483.910908
6.181294	446.578000	4483.941030
6.180909	446.581000	4483.971152
6.180525	446.584000	4484.001274
6.180140	446.587000	4484.031396
6.179755	446.590000	4484.061518
6.179370	446.593000	4484.091640
6.178985	446.596000	4484.121762
6.178601	446.599000	4484.151884
6.178216	446.602000	4484.182006
6.177831	446.605000	4484.212128
6.177446	446.608000	4484.242250
6.177061	446.611000	4484.272372
6.176676	446.614000	4484.302494
6.176291	446.617000	4484.332616
6.175906	446.620000	4484.362738
6.175521	446.623000	4484.392860
6.175136	446.626000	4484.422982
6.174751	446.629000	4484.453104
6.174366	446.632000	4484.483226
6.173981	446.635000	4484.513348
6.173596	446.638000	4484.543470
6.173211	446.641000	4484.573592
6.172825	446.644000	4484.603714
6.172440	446.647000	4484.633836
6.172055	446.650000	4484.663958
6.171670	446.653000	4484.694080
6.171285	446.656000	4484.724202
6.170900	446.659000	4484.754324
6.170514	446.662000	4484.784446
6.170129	446.665000	4484.814568
6.169744	446.668000	4484.844690
6.169358	446.671000	4484.874812
6.168973	446.674000	4484.904934
6.168588	446.677000	4484.935056
6.168202	446.680000	4484.965178
6.167817	446.683000	4484.995300
6.167432	446.686000	4485.025422
6.167046	446.689000	4485.055544
6.166661	446.692000	4485.085666
6.166275	446.695000	4485.115788
6.165890	446.698000	4485.145910
6.165504	446.701000	4485.176032
6.165119	446.704000	4485.206154
6.164733	446.707000	4485.236276
6.164348	446.710000	4485.266398
6.163962	446.713000	4485.296520
6.163577	446.716000	4485.326642
6.163191	446.719000	4485.356764
6.162805	446.722000	4485.386886
6.162420	446.725000	4485.417008
6.162034	446.728000	4485.447130
6.161648	446.731000	4485.477252
6.161263	446.734000	4485.507374
6.160877	446.737000	4485.537496
6.160491	446.740000	4485.567618
6.160105	446.743000	4485.597740
6.159720	446.746000	4485.627862
6.159334	446.749000	4485.657984
6.158948	446.752000	4485.688106
6.158562	446.755000	4485.718228
6.158176	446.758000	4485.748350
6.157790	446.761000	4485.778472
6.157405	446.764000	4485.808594
6.157019	446.767000	4485.838716
6.156633	446.770000	4485.868838
6.156247	446.773000	4485.898960
6.155861	446.776000	4485.929082
6.155475	446.779000	4485.959204
6.155089	446.782000	4485.989326
6.154703	446.785000	4486.019448
6.154317	446.788000	4486.049570
6.153931	446.791000	4486.079692
6.153545	446.794000	4486.109814
6.153159	446.797000	4486.139936
6.152772	446.800000	4486.170058
6.152386	446.803000	4486.200180
6.152000	446.806000	4486.230302
6.151614	446.809000	4486.260424
6.151228	446.812000	4486.290546
6.150842	446.815000	4486.320668
6.150455	446.818000	4486.350790
6.150069	446.821000	4486.380912
6.149683	446.824000	4486.411034
6.149296	446.827000	4486.441156
6.148910	446.830000	4486.471278
6.148524	446.833000	4486.501400
6.148137	446.836000	4486.531522
6.147751	446.839000	4486.561644
6.147365	446.842000	4486.591766
6.146978	446.845000	4486.621888
6.146592	446.848000	4486.652010
6.146205	446.851000	4486.682132
6.145819	446.854000	4486.712254
6.145433	446.857000	4486.742376
6.145046	446.860000	4486.772498
6.144659	446.863000	4486.802620
6.144273	446.866000	4486.832742
6.143886	446.869000	4486.862864
6.143500	446.872000	4486.892986
6.143113	446.875000	4486.923108
6.142727	446.878000	4486.953230
6.142340	446.881000	4486.983352
6.141953	446.884000	4487.013474
6.141567	446.887000	4487.043596
6.141180	446.890000	4487.073718
6.140793	446.893000	4487.103840
6.140407	446.896000	4487.133962
6.140020	446.899000	4487.164084
6.139633	446.902000	4487.194206
6.139246	446.905000	4487.224328
6.138859	446.908000	4487.254450
6.138473	446.911000	4487.284572
6.138086	446.914000	4487.314694
6.137699	446.917000	4487.344816
6.137312	446.920000	4487.374938
6.136925	446.923000	4487.405060
6.136538	446.926000	4487.435182
6.136151	446.929000	4487.465304
6.135764	446.932000	4487.495426
6.135377	446.935000	4487.525548
6.134990	446.938000	4487.555670
6.134603	446.941000	4487.585792
6.134216	446.944000	4487.615914
6.133829	446.947000	4487.646036
6.133442	446.950000	4487.676158
6.133055	446.953000	4487.706280
6.132668	446.956000	4487.736402
6.132281	446.959000	4487.766524
6.131894	446.962000	4487.796646
6.131506	446.965000	4487.826768
6.131119	446.968000	4487.856890
6.130732	446.971000	4487.887012
6.130345	446.974000	4487.917134
6.129958	446.977000	4487.947256
6.129570	446.980000	4487.977378
6.129183	446.983000	4488.007500
6.128796	446.986000	4488.037622
6.128408	446.989000	4488.067744
6.128021	446.992000	4488.097866
6.127634	446.995000	4488.127988
6.127246	446.998000	4488.158110
6.126859	447.001000	4488.188232
6.126472	447.004000	4488.218354
6.126084	447.007000	4488.248476
6.125697	447.010000	4488.278598
6.125309	447.013000	4488.308720
6.124922	447.016000	4488.338842
6.124534	447.019000	4488.368964
6.124147	447.022000	4488.399086
6.123759	447.025000	4488.429208
6.123371	447.028000	4488.459330
6.122984	447.031000	4488.489452
6.122596	447.034000	4488.519574
6.122209	447.037000	4488.549696
6.121821	447.040000	4488.579818
6.121433	447.043000	4488.609940
6.121046	447.046000	4488.640062
6.120658	447.049000	4488.670184
6.120270	447.052000	4488.700306
6.119882	447.055000	4488.730428
6.119495	447.058000	4488.760550
6.119107	447.061000	4488.790672
6.118719	447.064000	4488.820794
6.118331	447.067000	4488.850916
6.117943	447.070000	4488.881038
6.117556	447.073000	4488.911160
6.117168	447.076000	4488.941282
6.116780	447.079000	4488.971404
6.116392	447.082000	4489.001526
6.116004	447.085000	4489.031648
6.115616	447.088000	4489.061770
6.115228	447.091000	4489.091892
6.114840	447.094000	4489.122014
6.114452	447.097000	4489.152136
6.114064	447.100000	4489.182258
6.113676	447.103000	4489.212380
6.113288	447.106000	4489.242502
6.112900	447.109000	4489.272624
6.112512	447.112000	4489.302746
6.112124	447.115000	4489.332868
6.111735	447.118000	4489.362990
6.111347	447.121000	4489.393112
6.110959	447.124000	4489.423234
6.110571	447.127000	4489.453356
6.110183	447.130000	4489.483478
6.109794	447.133000	4489.513600
6.109406	447.136000	4489.543722
6.109018	447.139000	4489.573844
6.108629	447.142000	4489.603966
6.108241	447.145000	4489.634088
6.107853	447.148000	4489.664210
6.107464	447.151000	4489.694332
6.107076	447.154000	4489.724454
6.106688	447.157000	4489.754576
6.106299	447.160000	4489.784698
6.105911	447.163000	4489.814820
6.105522	447.166000	4489.844942
6.105134	447.169000	4489.875064
6.104745	447.172000	4489.905186
6.104357	447.175000	4489.935308
6.103968	447.178000	4489.965430
6.103580	447.181000	4489.995552
6.103191	447.184000	4490.025674
6.102803	447.187000	4490.055796
6.102414	447.190000	4490.085918
6.102025	447.193000	4490.116040
6.101637	447.196000	4490.146162
6.101248	447.199000	4490.176284
6.100859	447.202000	4490.206406
6.100471	447.205000	4490.236528
6.100082	447.208000	4490.266650
6.099693	447.211000	4490.296772
6.099304	447.214000	4490.326894
6.098916	447.217000	4490.357016
6.098527	447.220000	4490.387138
6.098138	447.223000	4490.417260
6.097749	447.226000	4490.447382
6.097360	447.229000	4490.477504
6.096971	447.232000	4490.507626
6.096582	447.235000	4490.537748
6.096194	447.238000	4490.567870
6.095805	447.241000	4490.597992
6.095416	447.244000	4490.628114
6.095027	447.247000	4490.658236
6.094638	447.250000	4490.688358
6.094249	447.253000	4490.718480
6.093860	447.256000	4490.748602
6.093471	447.259000	4490.778724
6.093081	447.262000	4490.808846
6.092692	447.265000	4490.838968
6.092303	447.268000	4490.869090
6.091914	447.271000	4490.899212
6.091525	447.274000	4490.929334
6.091136	447.277000	4490.959456
6.090747	447.280000	4490.989578
6.090357	447.283000	4491.019700
6.089968	447.286000	4491.049822
6.089579	447.289000	4491.079944
6.089190	447.292000	4491.110066
6.088800	447.295000	4491.140188
6.088411	447.298000	4491.170310
6.088022	447.301000	4491.200432
6.087632	447.304000	4491.230554
6.087243	447.307000	4491.260676
6.086853	447.310000	4491.290798
6.086464	447.313000	4491.320920
6.086075	447.316000	4491.351042
6.085685	447.319000	4491.381164
6.085296	447.322000	4491.411286
6.084906	447.325000	4491.441408
6.084517	447.328000	4491.471530
6.084127	447.331000	4491.501652
6.083738	447.334000	4491.531774
6.083348	447.337000	4491.561896
6.082958	447.340000	4491.592018
6.082569	447.343000	4491.622140
6.082179	447.346000	4491.652262
6.081790	447.349000	4491.682384
6.081400	447.352000	4491.712506
6.081010	447.355000	4491.742628
6.080621	447.358000	4491.772750
6.080231	447.361000	4491.802872
6.079841	447.364000	4491.832994
6.079451	447.367000	4491.863116
6.079062	447.370000	4491.893238
6.078672	447.373000	4491.923360
6.078282	447.376000	4491.953482
6.077892	447.379000	4491.983604
6.077502	447.382000	4492.013726
6.077112	447.385000	4492.043848
6.076722	447.388000	4492.073970
6.076333	447.391000	4492.104092
6.075943	447.394000	4492.134214
6.075553	447.397000	4492.164336
6.075163	447.400000	4492.194458
6.074773	447.403000	4492.224580
6.074383	447.406000	4492.254702
6.073993	447.409000	4492.284824
6.073603	447.412000	4492.314946
6.073212	447.415000	4492.345068
6.072822	447.418000	4492.375190
6.072432	447.421000	4492.405312
6.072042	447.424000	4492.435434
6.071652	447.427000	4492.465556
6.071262	447.430000	4492.495678
6.070872	447.433000	4492.525800
6.070481	447.436000	4492.555922
6.070091	447.439000	4492.586044
6.069701	447.442000	4492.616166
6.069311	447.445000	4492.646288
6.068920	447.448000	4492.676410
6.068530	447.451000	4492.706532
6.068140	447.454000	4492.736654
6.067749	447.457000	4492.766776
6.067359	447.460000	4492.796898
6.066969	447.463000	4492.827020
6.066578	447.466000	4492.857142
6.066188	447.469000	4492.887264
6.065797	447.472000	4492.917386
6.065407	447.475000	4492.947508
6.065016	447.478000	4492.977630
6.064626	447.481000	4493.007752
6.064235	447.484000	4493.037874
6.063845	447.487000	4493.067996
6.063454	447.490000	4493.098118
6.063064	447.493000	4493.128240
6.062673	447.496000	4493.158362
6.062282	447.499000	4493.188484
6.061892	447.502000	4493.218606
6.061501	447.505000	4493.248728
6.061110	447.508000	4493.278850
6.060720	447.511000	4493.308972
6.060329	447.514000	4493.339094
6.059938	447.517000	4493.369216
6.059547	447.520000	4493.399338
6.059157	447.523000	4493.429460
6.058766	447.526000	4493.459582
6.058375	447.529000	4493.489704
6.057984	447.532000	4493.519826
6.057593	447.535000	4493.549948
6.057202	447.538000	4493.580070
6.056811	447.541000	4493.610192
6.056421	447.544000	4493.640314
6.056030	447.547000	4493.670436
6.055639	447.550000	4493.700558
6.055248	447.553000	4493.730680
6.054857	447.556000	4493.760802
6.054466	447.559000	4493.790924
6.054075	447.562000	4493.821046
6.053684	447.565000	4493.851168
6.053292	447.568000	4493.881290
6.052901	447.571000	4493.911412
6.052510	447.574000	4493.941534
6.052119	447.577000	4493.971656
6.051728	447.580000	4494.001778
6.051337	447.583000	4494.031900
6.050946	447.586000	4494.062022
6.050554	447.589000	4494.092144
6.050163	447.592000	4494.122266
6.049772	447.595000	4494.152388
6.049381	447.598000	4494.182510
6.048989	447.601000	4494.212632
6.048598	447.604000	4494.242754
6.048207	447.607000	4494.272876
6.047815	447.610000	4494.302998
6.047424	447.613000	4494.333120
6.047032	447.616000	4494.363242
6.046641	447.619000	4494.393364
6.046250	447.622000	4494.423486
6.045858	447.625000	4494.453608
6.045467	447.628000	4494.483730
6.045075	447.631000	4494.513852
6.044684	447.634000	4494.543974
6.044292	447.637000	4494.574096
6.043901	447.640000	4494.604218
6.043509	447.643000	4494.634340
6.043117	447.646000	4494.664462
6.042726	447.649000	4494.694584
6.042334	447.652000	4494.724706
6.041942	447.655000	4494.754828
6.041551	447.658000	4494.784950
6.041159	447.661000	4494.815072
6.040767	447.664000	4494.845194
6.040376	447.667000	4494.875316
6.039984	447.670000	4494.905438
6.039592	447.673000	4494.935560
6.039200	447.676000	4494.965682
6.038809	447.679000	4494.995804
6.038417	447.682000	4495.025926
6.038025	447.685000	4495.056048
6.037633	447.688000	4495.086170
6.037241	447.691000	4495.116292
6.036849	447.694000	4495.146414
6.036457	447.697000	4495.176536
6.036065	447.700000	4495.206658
6.035673	447.703000	4495.236780
6.035281	447.706000	4495.266902
6.034889	447.709000	4495.297024
6.034497	447.712000	4495.327146
6.034105	447.715000	4495.357268
6.033713	447.718000	4495.387390
6.033321	447.721000	4495.417512
6.032929	447.724000	4495.447634
6.032537	447.727000	4495.477756
6.032145	447.730000	4495.507878
6.031752	447.733000	4495.538000
6.031360	447.736000	4495.568122
6.030968	447.739000	4495.598244
6.030576	447.742000	4495.628366
6.030184	447.745000	4495.658488
6.029791	447.748000	4495.688610
6.029399	447.751000	4495.718732
6.029007	447.754000	4495.748854
6.028614	447.757000	4495.778976
6.028222	447.760000	4495.809098
6.027830	447.763000	4495.839220
6.027437	447.766000	4495.869342
6.027045	447.769000	4495.899464
6.026652	447.772000	4495.929586
6.026260	447.775000	4495.959708
6.025867	447.778000	4495.989830
6.025475	447.781000	4496.019952
6.025082	447.784000	4496.050074
6.024690	447.787000	4496.080196
6.024297	447.790000	4496.110318
6.023905	447.793000	4496.140440
6.023512	447.796000	4496.170562
6.023120	447.799000	4496.200684
6.022727	447.802000	4496.230806
6.022334	447.805000	4496.260928
6.021942	447.808000	4496.291050
6.021549	447.811000	4496.321172
6.021156	447.814000	4496.351294
6.020763	447.817000	4496.381416
6.020371	447.820000	4496.411538
6.019978	447.823000	4496.441660
6.019585	447.826000	4496.471782
6.019192	447.829000	4496.501904
6.018799	447.832000	4496.532026
6.018407	447.835000	4496.562148
6.018014	447.838000	4496.592270
6.017621	447.841000	4496.622392
6.017228	447.844000	4496.652514
6.016835	447.847000	4496.682636
6.016442	447.850000	4496.712758
6.016049	447.853000	4496.742880
6.015656	447.856000	4496.773002
6.015263	447.859000	4496.803124
6.014870	447.862000	4496.833246
6.014477	447.865000	4496.863368
6.014084	447.868000	4496.893490
6.013691	447.871000	4496.923612
6.013298	447.874000	4496.953734
6.012905	447.877000	4496.983856
6.012511	447.880000	4497.013978
6.012118	447.883000	4497.044100
6.011725	447.886000	4497.074222
6.011332	447.889000	4497.104344
6.010939	447.892000	4497.134466
6.010545	447.895000	4497.164588
6.010152	447.898000	4497.194710
6.009759	447.901000	4497.224832
6.009365	447.904000	4497.254954
6.008972	447.907000	4497.285076
6.008579	447.910000	4497.315198
6.008185	447.913000	4497.345320
6.007792	447.916000	4497.375442
6.007399	447.919000	4497.405564
6.007005	447.922000	4497.435686
6.006612	447.925000	4497.465808
6.006218	447.928000	4497.495930
6.005825	447.931000	4497.526052
6.005431	447.934000	4497.556174
6.005038	447.937000	4497.586296
6.004644	447.940000	4497.616418
6.004250	447.943000	4497.646540
6.003857	447.946000	4497.676662
6.003463	447.949000	4497.706784
6.003070	447.952000	4497.736906
6.002676	447.955000	4497.767028
6.002282	447.958000	4497.797150
6.001889	447.961000	4497.827272
6.001495	447.964000	4497.857394
6.001101	447.967000	4497.887516
6.000707	447.970000	4497.917638
6.000314	447.973000	4497.947760
5.999920	447.976000	4497.977882
5.999526	447.979000	4498.008004
5.999132	447.982000	4498.038126
5.998738	447.985000	4498.068248
5.998344	447.988000	4498.098370
5.997950	447.991000	4498.128492
5.997557	447.994000	4498.158614
5.997163	447.997000	4498.188736
5.996769	448.000000	4498.218858
5.996375	448.003000	4498.248980
5.995981	448.006000	4498.279102
5.995587	448.009000	4498.309224
5.995193	448.012000	4498.339346
5.994799	448.015000	4498.369468
5.994404	448.018000	4498.399590
5.994010	448.021000	4498.429712
5.993616	448.024000	4498.459834
5.993222	448.027000	4498.489956
5.992828	448.030000	4498.520078
5.992434	448.033000	4498.550200
5.992040	448.036000	4498.580322
5.991645	448.039000	4498.610444
5.991251	448.042000	4498.640566
5.990857	448.045000	4498.670688
5.990463	448.048000	4498.700810
5.990068	448.051000	4498.730932
5.989674	448.054000	4498.761054
5.989280	448.057000	4498.791176
5.988885	448.060000	4498.821298
5.988491	448.063000	4498.851420
5.988096	448.066000	4498.881542
5.987702	448.069000	4498.911664
5.987307	448.072000	4498.941786
5.986913	448.075000	4498.971908
5.986519	448.078000	4499.002030
5.986124	448.081000	4499.032152
5.985729	448.084000	4499.062274
5.985335	448.087000	4499.092396
5.984940	448.090000	4499.122518
5.984546	448.093000	4499.152640
5.984151	448.096000	4499.182762
5.983757	448.099000	4499.212884
5.983362	448.102000	4499.243006
5.982967	448.105000	4499.273128
5.982573	448.108000	4499.303250
5.982178	448.111000	4499.333372
5.981783	448.114000	4499.363494
5.981388	448.117000	4499.393616
5.980994	448.120000	4499.423738
5.980599	448.123000	4499.453860
5.980204	448.126000	4499.483982
5.979809	448.129000	4499.514104
5.979414	448.132000	4499.544226
5.979019	448.135000	4499.574348
5.978624	448.138000	4499.604470
5.978230	448.141000	4499.634592
5.977835	448.144000	4499.664714
5.977440	448.147000	4499.694836
5.977045	448.150000	4499.724958
5.976650	448.153000	4499.755080
5.976255	448.156000	4499.785202
5.975860	448.159000	4499.815324
5.975465	448.162000	4499.845446
5.975069	448.165000	4499.875568
5.974674	448.168000	4499.905690
5.974279	448.171000	4499.935812
5.973884	448.174000	4499.965934
5.973489	448.177000	4499.996056
5.973094	448.180000	4500.026178
5.972699	448.183000	4500.056300
5.972303	448.186000	4500.086422
5.971908	448.189000	4500.116544
5.971513	448.192000	4500.146666
5.971118	448.195000	4500.176788
5.970722	448.198000	4500.206910
5.970327	448.201000	4500.237032
5.969932	448.204000	4500.267154
5.969536	448.207000	4500.297276
5.969141	448.210000	4500.327398
5.968745	448.213000	4500.357520
5.968350	448.216000	4500.387642
5.967955	448.219000	4500.417764
5.967559	448.222000	4500.447886
5.967164	448.225000	4500.478008
5.966768	448.228000	4500.508130
5.966373	448.231000	4500.538252
5.965977	448.234000	4500.568374
5.965581	448.237000	4500.598496
5.965186	448.240000	4500.628618
5.964790	448.243000	4500.658740
5.964395	448.246000	4500.688862
5.963999	448.249000	4500.718984
5.963603	448.252000	4500.749106
5.963208	448.255000	4500.779228
5.962812	448.258000	4500.809350
5.962416	448.261000	4500.839472
5.962020	448.264000	4500.869594
5.961625	448.267000	4500.899716
5.961229	448.270000	4500.929838
5.960833	448.273000	4500.959960
5.960437	448.276000	4500.990082
5.960041	448.279000	4501.020204
5.959645	448.282000	4501.050326
5.959249	448.285000	4501.080448
5.958854	448.288000	4501.110570
5.958458	448.291000	4501.140692
5.958062	448.294000	4501.170814
5.957666	448.297000	4501.200936
5.957270	448.300000	4501.231058
5.956874	448.303000	4501.261180
5.956478	448.306000	4501.291302
5.956082	448.309000	4501.321424
5.955685	448.312000	4501.351546
5.955289	448.315000	4501.381668
5.954893	448.318000	4501.411790
5.954497	448.321000	4501.441912
5.954101	448.324000	4501.472034
5.953705	448.327000	4501.502156
5.953309	448.330000	4501.532278
5.952912	448.333000	4501.562400
5.952516	448.336000	4501.592522
5.952120	448.339000	4501.622644
5.951723	448.342000	4501.652766
5.951327	448.345000	4501.682888
5.950931	448.348000	4501.713010
5.950534	448.351000	4501.743132
5.950138	448.354000	4501.773254
5.949742	448.357000	4501.803376
5.949345	448.360000	4501.833498
5.948949	448.363000	4501.863620
5.948552	448.366000	4501.893742
5.948156	448.369000	4501.923864
5.947759	448.372000	4501.953986
5.947363	448.375000	4501.984108
5.946966	448.378000	4502.014230
5.946570	448.381000	4502.044352
5.946173	448.384000	4502.074474
5.945777	448.387000	4502.104596
5.945380	448.390000	4502.134718
5.944983	448.393000	4502.164840
5.944587	448.396000	4502.194962
5.944190	448.399000	4502.225084
5.943793	448.402000	4502.255206
5.943397	448.405000	4502.285328
5.943000	448.408000	4502.315450
5.942603	448.411000	4502.345572
5.942206	448.414000	4502.375694
5.941809	448.417000	4502.405816
5.941413	448.420000	4502.435938
5.941016	448.423000	4502.466060
5.940619	448.426000	4502.496182
5.940222	448.429000	4502.526304
5.939825	448.432000	4502.556426
5.939428	448.435000	4502.586548
5.939031	448.438000	4502.616670
5.938634	448.441000	4502.646792
5.938237	448.444000	4502.676914
5.937840	448.447000	4502.707036
5.937443	448.450000	4502.737158
5.937046	448.453000	4502.767280
5.936649	448.456000	4502.797402
5.936252	448.459000	4502.827524
5.935855	448.462000	4502.857646
5.935458	448.465000	4502.887768
5.935061	448.468000	4502.917890
5.934663	448.471000	4502.948012
5.934266	448.474000	4502.978134
5.933869	448.477000	4503.008256
5.933472	448.480000	4503.038378
5.933074	448.483000	4503.068500
5.932677	448.486000	4503.098622
5.932280	448.489000	4503.128744
5.931883	448.492000	4503.158866
5.931485	448.495000	4503.188988
5.931088	448.498000	4503.219110
5.930690	448.501000	4503.249232
5.930293	448.504000	4503.279354
5.929896	448.507000	4503.309476
5.929498	448.510000	4503.339598
5.929101	448.513000	4503.369720
5.928703	448.516000	4503.399842
5.928306	448.519000	4503.429964
5.927908	448.522000	4503.460086
5.927511	448.525000	4503.490208
5.927113	448.528000	4503.520330
5.926715	448.531000	4503.550452
5.926318	448.534000	4503.580574
5.925920	448.537000	4503.610696
5.925523	448.540000	4503.640818
5.925125	448.543000	4503.670940
5.924727	448.546000	4503.701062
5.924329	448.549000	4503.731184
5.923932	448.552000	4503.761306
5.923534	448.555000	4503.791428
5.923136	448.558000	4503.821550
5.922738	448.561000	4503.851672
5.922341	448.564000	4503.881794
5.921943	448.567000	4503.911916
5.921545	448.570000	4503.942038
5.921147	448.573000	4503.972160
5.920749	448.576000	4504.002282
5.920351	448.579000	4504.032404
5.919953	448.582000	4504.062526
5.919555	448.585000	4504.092648
5.919157	448.588000	4504.122770
5.918759	448.591000	4504.152892
5.918361	448.594000	4504.183014
5.917963	448.597000	4504.213136
5.917565	448.600000	4504.243258
5.917167	448.603000	4504.273380
5.916769	448.606000	4504.303502
5.916371	448.609000	4504.333624
5.915972	448.612000	4504.363746
5.915574	448.615000	4504.393868
5.915176	448.618000	4504.423990
5.914778	448.621000	4504.454112
5.914380	448.624000	4504.484234
5.913981	448.627000	4504.514356
5.913583	448.630000	4504.544478
5.913185	448.633000	4504.574600
5.912786	448.636000	4504.604722
5.912388	448.639000	4504.634844
5.911990	448.642000	4504.664966
5.911591	448.645000	4504.695088
5.911193	448.648000	4504.725211
5.910794	448.651000	4504.755333
5.910396	448.654000	4504.785455
5.909998	448.657000	4504.815577
5.909599	448.660000	4504.845699
5.909201	448.663000	4504.875821
5.908802	448.666000	4504.905943
5.908403	448.669000	4504.936065
5.908005	448.672000	4504.966187
5.907606	448.675000	4504.996309
5.907208	448.678000	4505.026431
5.906809	448.681000	4505.056553
5.906410	448.684000	4505.086675
5.906012	448.687000	4505.116797
5.905613	448.690000	4505.146919
5.905214	448.693000	4505.177041
5.904815	448.696000	4505.207163
5.904417	448.699000	4505.237285
5.904018	448.702000	4505.267407
5.903619	448.705000	4505.297529
5.903220	448.708000	4505.327651
5.902821	448.711000	4505.357773
5.902423	448.714000	4505.387895
5.902024	448.717000	4505.418017
5.901625	448.720000	4505.448139
5.901226	448.723000	4505.478261
5.900827	448.726000	4505.508383
5.900428	448.729000	4505.538505
5.900029	448.732000	4505.568627
5.899630	448.735000	4505.598749
5.899231	448.738000	4505.628871
5.898832	448.741000	4505.658993
5.898433	448.744000	4505.689115
5.898034	448.747000	4505.719237
5.897634	448.750000	4505.749359
5.897235	448.753000	4505.779481
5.896836	448.756000	4505.809603
5.896437	448.759000	4505.839725
5.896038	448.762000	4505.869847
5.895638	448.765000	4505.899969
5.895239	448.768000	4505.930091
5.894840	448.771000	4505.960213
5.894441	448.774000	4505.990335
5.894041	448.777000	4506.020457
5.893642	448.780000	4506.050579
5.893243	448.783000	4506.080701
5.892843	448.786000	4506.110823
5.892444	448.789000	4506.140945
5.892044	448.792000	4506.171067
5.891645	448.795000	4506.201189
5.891245	448.798000	4506.231311
5.890846	448.801000	4506.261433
5.890446	448.804000	4506.291555
5.890047	448.807000	4506.321677
5.889647	448.810000	4506.351799
5.889248	448.813000	4506.381921
5.888848	448.816000	4506.412043
5.888449	448.819000	4506.442165
5.888049	448.822000	4506.472287
5.887649	448.825000	4506.502409
5.887250	448.828000	4506.532531
5.886850	448.831000	4506.562653
5.886450	448.834000	4506.592775
5.886051	448.837000	4506.622897
5.885651	448.840000	4506.653019
5.885251	448.843000	4506.683141
5.884851	448.846000	4506.713263
5.884451	448.849000	4506.743385
5.884052	448.852000	4506.773507
5.883652	448.855000	4506.803629
5.883252	448.858000	4506.833751
5.882852	448.861000	4506.863873
5.882452	448.864000	4506.893995
5.882052	448.867000	4506.924117
5.881652	448.870000	4506.954239
5.881252	448.873000	4506.984361
5.880852	448.876000	4507.014483
5.880452	448.879000	4507.044605
5.880052	448.882000	4507.074727
5.879652	448.885000	4507.104849
5.879252	448.888000	4507.134971
5.878852	448.891000	4507.165093
5.878451	448.894000	4507.195215
5.878051	448.897000	4507.225337
5.877651	448.900000	4507.255459
5.877251	448.903000	4507.285581
5.876851	448.906000	4507.315703
5.876450	448.909000	4507.345825
5.876050	448.912000	4507.375947
5.875650	448.915000	4507.406069
5.875250	448.918000	4507.436191
5.874849	448.921000	4507.466313
5.874449	448.924000	4507.496435
5.874048	448.927000	4507.526557
5.873648	448.930000	4507.556679
5.873248	448.933000	4507.586801
5.872847	448.936000	4507.616923
5.872447	448.939000	4507.647045
5.872046	448.942000	4507.677167
5.871646	448.945000	4507.707289
5.871245	448.948000	4507.737411
5.870845	448.951000	4507.767533
5.870444	448.954000	4507.797655
5.870044	448.957000	4507.827777
5.869643	448.960000	4507.857899
5.869242	448.963000	4507.888021
5.868842	448.966000	4507.918143
5.868441	448.969000	4507.948265
5.868040	448.972000	4507.978387
5.867640	448.975000	4508.008509
5.867239	448.978000	4508.038631
5.866838	448.981000	4508.068753
5.866437	448.984000	4508.098875
5.866036	448.987000	4508.128997
5.865636	448.990000	4508.159119
5.865235	448.993000	4508.189241
5.864834	448.996000	4508.219363
5.864433	448.999000	4508.249485
5.864032	449.002000	4508.279607
5.863631	449.005000	4508.309729
5.863230	449.008000	4508.339851
5.862829	449.011000	4508.369973
5.862428	449.014000	4508.400095
5.862027	449.017000	4508.430217
5.861626	449.020000	4508.460339
5.861225	449.023000	4508.490461
5.860824	449.026000	4508.520583
5.860423	449.029000	4508.550705
5.860022	449.032000	4508.580827
5.859621	449.035000	4508.610949
5.859220	449.038000	4508.641071
5.858818	449.041000	4508.671193
5.858417	449.044000	4508.701315
5.858016	449.047000	4508.731437
5.857615	449.050000	4508.761559
5.857213	449.053000	4508.791681
5.856812	449.056000	4508.821803
5.856411	449.059000	4508.851925
5.856009	449.062000	4508.882047
5.855608	449.065000	4508.912169
5.855207	449.068000	4508.942291
5.854805	449.071000	4508.972413
5.854404	449.074000	4509.002535
5.854002	449.077000	4509.032657
5.853601	449.080000	4509.062779
5.853199	449.083000	4509.092901
5.852798	449.086000	4509.123023
5.852396	449.089000	4509.153145
5.851995	449.092000	4509.183267
5.851593	449.095000	4509.213389
5.851192	449.098000	4509.243511
5.850790	449.101000	4509.273633
5.850388	449.104000	4509.303755
5.849987	449.107000	4509.333877
5.849585	449.110000	4509.363999
5.849183	449.113000	4509.394121
5.848782	449.116000	4509.424243
5.848380	449.119000	4509.454365
5.847978	449.122000	4509.484487
5.847576	449.125000	4509.514609
5.847175	449.128000	4509.544731
5.846773	449.131000	4509.574853
5.846371	449.134000	4509.604975
5.845969	449.137000	4509.635097
5.845567	449.140000	4509.665219
5.845165	449.143000	4509.695341
5.844763	449.146000	4509.725463
5.844361	449.149000	4509.755585
5.843959	449.152000	4509.785707
5.843557	449.155000	4509.815829
5.843155	449.158000	4509.845951
5.842753	449.161000	4509.876073
5.842351	449.164000	4509.906195
5.841949	449.167000	4509.936317
5.841547	449.170000	4509.966439
5.841145	449.173000	4509.996561
5.840743	449.176000	4510.026683
5.840340	449.179000	4510.056805
5.839938	449.182000	4510.086927
5.839536	449.185000	4510.117049
5.839134	449.188000	4510.147171
5.838731	449.191000	4510.177293
5.838329	449.194000	4510.207415
5.837927	449.197000	4510.237537
5.837525	449.200000	4510.267659
5.837122	449.203000	4510.297781
5.836720	449.206000	4510.327903
5.836317	449.209000	4510.358025
5.835915	449.212000	4510.388147
5.835513	449.215000	4510.418269
5.835110	449.218000	4510.448391
5.834708	449.221000	4510.478513
5.834305	449.224000	4510.508635
5.833903	449.227000	4510.538757
5.833500	449.230000	4510.568879
5.833097	449.233000	4510.599001
5.832695	449.236000	4510.629123
5.832292	449.239000	4510.659245
5.831890	449.242000	4510.689367
5.831487	449.245000	4510.719489
5.831084	449.248000	4510.749611
5.830682	449.251000	4510.779733
5.830279	449.254000	4510.809855
5.829876	449.257000	4510.839977
5.829473	449.260000	4510.870099
5.829071	449.263000	4510.900221
5.828668	449.266000	4510.930343
5.828265	449.269000	4510.960465
5.827862	449.272000	4510.990587
5.827459	449.275000	4511.020709
5.827056	449.278000	4511.050831
5.826653	449.281000	4511.080953
5.826251	449.284000	4511.111075
5.825848	449.287000	4511.141197
5.825445	449.290000	4511.171319
5.825042	449.293000	4511.201441
5.824639	449.296000	4511.231563
5.824236	449.299000	4511.261685
5.823832	449.302000	4511.291807
5.823429	449.305000	4511.321929
5.823026	449.308000	4511.352051
5.822623	449.311000	4511.382173
5.822220	449.314000	4511.412295
5.821817	449.317000	4511.442417
5.821414	449.320000	4511.472539
5.821010	449.323000	4511.502661
5.820607	449.326000	4511.532783
5.820204	449.329000	4511.562905
5.819801	449.332000	4511.593027
5.819397	449.335000	4511.623149
5.818994	449.338000	4511.653271
5.818591	449.341000	4511.683393
5.818187	449.344000	4511.713515
5.817784	449.347000	4511.743637
5.817380	449.350000	4511.773759
5.816977	449.353000	4511.803881
5.816574	449.356000	4511.834003
5.816170	449.359000	4511.864125
5.815767	449.362000	4511.894247
5.815363	449.365000	4511.924369
5.814959	449.368000	4511.954491
5.814556	449.371000	4511.984613
5.814152	449.374000	4512.014735
5.813749	449.377000	4512.044857
5.813345	449.380000	4512.074979
5.812941	449.383000	4512.105101
5.812538	449.386000	4512.135223
5.812134	449.389000	4512.165345
5.811730	449.392000	4512.195467
5.811327	449.395000	4512.225589
5.810923	449.398000	4512.255711
5.810519	449.401000	4512.285833
5.810115	449.404000	4512.315955
5.809711	449.407000	4512.346077
5.809308	449.410000	4512.376199
5.808904	449.413000	4512.406321
5.808500	449.416000	4512.436443
5.808096	449.419000	4512.466565
5.807692	449.422000	4512.496687
5.807288	449.425000	4512.526809
5.806884	449.428000	4512.556931
5.806480	449.431000	4512.587053
5.806076	449.434000	4512.617175
5.805672	449.437000	4512.647297
5.805268	449.440000	4512.677419
5.804864	449.443000	4512.707541
5.804460	449.446000	4512.737663
5.804055	449.449000	4512.767785
5.803651	449.452000	4512.797907
5.803247	449.455000	4512.828029
5.802843	449.458000	4512.858151
5.802439	449.461000	4512.888273
5.802034	449.464000	4512.918395
5.801630	449.467000	4512.948517
5.801226	449.470000	4512.978639
5.800822	449.473000	4513.008761
5.800417	449.476000	4513.038883
5.800013	449.479000	4513.069005
5.799608	449.482000	4513.099127
5.799204	449.485000	4513.129249
5.798800	449.488000	4513.159371
5.798395	449.491000	4513.189493
5.797991	449.494000	4513.219615
5.797586	449.497000	4513.249737
5.797182	449.500000	4513.279859
5.796777	449.503000	4513.309981
5.796373	449.506000	4513.340103
5.795968	449.509000	4513.370225
5.795563	449.512000	4513.400347
5.795159	449.515000	4513.430469
5.794754	449.518000	4513.460591
5.794350	449.521000	4513.490713
5.793945	449.524000	4513.520835
5.793540	449.527000	4513.550957
5.793135	449.530000	4513.581079
5.792731	449.533000	4513.611201
5.792326	449.536000	4513.641323
5.791921	449.539000	4513.671445
5.791516	449.542000	4513.701567
5.791111	449.545000	4513.731689
5.790707	449.548000	4513.761811
5.790302	449.551000	4513.791933
5.789897	449.554000	4513.822055
5.789492	449.557000	4513.852177
5.789087	449.560000	4513.882299
5.788682	449.563000	4513.912421
5.788277	449.566000	4513.942543
5.787872	449.569000	4513.972665
5.787467	449.572000	4514.002787
5.787062	449.575000	4514.032909
5.786657	449.578000	4514.063031
5.786252	449.581000	4514.093153
5.785847	449.584000	4514.123275
5.785441	449.587000	4514.153397
5.785036	449.590000	4514.183519
5.784631	449.593000	4514.213641
5.784226	449.596000	4514.243763
5.783821	449.599000	4514.273885
5.783415	449.602000	4514.304007
5.783010	449.605000	4514.334129
5.782605	449.608000	4514.364251
5.782199	449.611000	4514.394373
5.781794	449.614000	4514.424495
5.781389	449.617000	4514.454617
5.780983	449.620000	4514.484739
5.780578	449.623000	4514.514861
5.780172	449.626000	4514.544983
5.779767	449.629000	4514.575105
5.779361	449.632000	4514.605227
5.778956	449.635000	4514.635349
5.778550	449.638000	4514.665471
5.778145	449.641000	4514.695593
5.777739	449.644000	4514.725715
5.777334	449.647000	4514.755837
5.776928	449.650000	4514.785959
5.776522	449.653000	4514.816081
5.776117	449.656000	4514.846203
5.775711	449.659000	4514.876325
5.775305	449.662000	4514.906447
5.774900	449.665000	4514.936569
5.774494	449.668000	4514.966691
5.774088	449.671000	4514.996813
5.773682	449.674000	4515.026935
5.773277	449.677000	4515.057057
5.772871	449.680000	4515.087179
5.772465	449.683000	4515.117301
5.772059	449.686000	4515.147423
5.771653	449.689000	4515.177545
5.771247	449.692000	4515.207667
5.770841	449.695000	4515.237789
5.770435	449.698000	4515.267911
5.770029	449.701000	4515.298033
5.769623	449.704000	4515.328155
5.769217	449.707000	4515.358277
5.768811	449.710000	4515.388399
5.768405	449.713000	4515.418521
5.767999	449.716000	4515.448643
5.767593	449.719000	4515.478765
5.767187	449.722000	4515.508887
5.766780	449.725000	4515.539009
5.766374	449.728000	4515.569131
5.765968	449.731000	4515.599253
5.765562	449.734000	4515.629375
5.765156	449.737000	4515.659497
5.764749	449.740000	4515.689619
5.764343	449.743000	4515.719741
5.763937	449.746000	4515.749863
5.763530	449.749000	4515.779985
5.763124	449.752000	4515.810107
5.762718	449.755000	4515.840229
5.762311	449.758000	4515.870351
5.761905	449.761000	4515.900473
5.761498	449.764000	4515.930595
5.761092	449.767000	4515.960717
5.760685	449.770000	4515.990839
5.760279	449.773000	4516.020961
5.759872	449.776000	4516.051083
5.759466	449.779000	4516.081205
5.759059	449.782000	4516.111327
5.758652	449.785000	4516.141449
5.758246	449.788000	4516.171571
5.757839	449.791000	4516.201693
5.757432	449.794000	4516.231815
5.757026	449.797000	4516.261937
5.756619	449.800000	4516.292059
5.756212	449.803000	4516.322181
5.755805	449.806000	4516.352303
5.755399	449.809000	4516.382425
5.754992	449.812000	4516.412547
5.754585	449.815000	4516.442669
5.754178	449.818000	4516.472791
5.753771	449.821000	4516.502913
5.753364	449.824000	4516.533035
5.752957	449.827000	4516.563157
5.752550	449.830000	4516.593279
5.752143	449.833000	4516.623401
5.751736	449.836000	4516.653523
5.751329	449.839000	4516.683645
5.750922	449.842000	4516.713767
5.750515	449.845000	4516.743889
5.750108	449.848000	4516.774011
5.749701	449.851000	4516.804133
5.749294	449.854000	4516.834255
5.748887	449.857000	4516.864377
5.748480	449.860000	4516.894499
5.748072	449.863000	4516.924621
5.747665	449.866000	4516.954743
5.747258	449.869000	4516.984865
5.746851	449.872000	4517.014987
5.746443	449.875000	4517.045109
5.746036	449.878000	4517.075231
5.745629	449.881000	4517.105353
5.745221	449.884000	4517.135475
5.744814	449.887000	4517.165597
5.744407	449.890000	4517.195719
5.743999	449.893000	4517.225841
5.743592	449.896000	4517.255963
5.743184	449.899000	4517.286085
5.742777	449.902000	4517.316207
5.742369	449.905000	4517.346329
5.741962	449.908000	4517.376451
5.741554	449.911000	4517.406573
5.741147	449.914000	4517.436695
5.740739	449.917000	4517.466817
5.740331	449.920000	4517.496939
5.739924	449.923000	4517.527061
5.739516	449.926000	4517.557183
5.739108	449.929000	4517.587305
5.738701	449.932000	4517.617427
5.738293	449.935000	4517.647549
5.737885	449.938000	4517.677671
5.737477	449.941000	4517.707793
5.737070	449.944000	4517.737915
5.736662	449.947000	4517.768037
5.736254	449.950000	4517.798159
5.735846	449.953000	4517.828281
5.735438	449.956000	4517.858403
5.735030	449.959000	4517.888525
5.734622	449.962000	4517.918647
5.734214	449.965000	4517.948769
5.733806	449.968000	4517.978891
5.733398	449.971000	4518.009013
5.732990	449.974000	4518.039135
5.732582	449.977000	4518.069257
5.732174	449.980000	4518.099379
5.731766	449.983000	4518.129501
5.731358	449.986000	4518.159623
5.730950	449.989000	4518.189745
5.730542	449.992000	4518.219867
5.730133	449.995000	4518.249989
5.729725	449.998000	4518.280111
5.729317	450.001000	4518.310233
5.728909	450.004000	4518.340355
5.728500	450.007000	4518.370477
5.728092	450.010000	4518.400599
5.727684	450.013000	4518.430721
5.727275	450.016000	4518.460843
5.726867	450.019000	4518.490965
5.726459	450.022000	4518.521087
5.726050	450.025000	4518.551209
5.725642	450.028000	4518.581331
5.725233	450.031000	4518.611453
5.724825	450.034000	4518.641575
5.724416	450.037000	4518.671697
5.724008	450.040000	4518.701819
5.723599	450.043000	4518.731941
5.723191	450.046000	4518.762063
5.722782	450.049000	4518.792185
5.722373	450.052000	4518.822307
5.721965	450.055000	4518.852429
5.721556	450.058000	4518.882551
5.721147	450.061000	4518.912673
5.720739	450.064000	4518.942795
5.720330	450.067000	4518.972917
5.719921	450.070000	4519.003039
5.719512	450.073000	4519.033161
5.719104	450.076000	4519.063283
5.718695	450.079000	4519.093405
5.718286	450.082000	4519.123527
5.717877	450.085000	4519.153649
5.717468	450.088000	4519.183771
5.717059	450.091000	4519.213893
5.716650	450.094000	4519.244015
5.716241	450.097000	4519.274137
5.715832	450.100000	4519.304259
5.715423	450.103000	4519.334381
5.715014	450.106000	4519.364503
5.714605	450.109000	4519.394625
5.714196	450.112000	4519.424747
5.713787	450.115000	4519.454869
5.713378	450.118000	4519.484991
5.712969	450.121000	4519.515113
5.712560	450.124000	4519.545235
5.712150	450.127000	4519.575357
5.711741	450.130000	4519.605479
5.711332	450.133000	4519.635601
5.710923	450.136000	4519.665723
5.710513	450.139000	4519.695845
5.710104	450.142000	4519.725967
5.709695	450.145000	4519.756089
5.709285	450.148000	4519.786211
5.708876	450.151000	4519.816333
5.708467	450.154000	4519.846455
5.708057	450.157000	4519.876577
5.707648	450.160000	4519.906699
5.707238	450.163000	4519.936821
5.706829	450.166000	4519.966943
5.706419	450.169000	4519.997065
5.706010	450.172000	4520.027187
5.705600	450.175000	4520.057309
5.705191	450.178000	4520.087431
5.704781	450.181000	4520.117553
5.704371	450.184000	4520.147675
5.703962	450.187000	4520.177797
5.703552	450.190000	4520.207919
5.703142	450.193000	4520.238041
5.702733	450.196000	4520.268163
5.702323	450.199000	4520.298285
5.701913	450.202000	4520.328407
5.701503	450.205000	4520.358529
5.701094	450.208000	4520.388651
5.700684	450.211000	4520.418773
5.700274	450.214000	4520.448895
5.699864	450.217000	4520.479017
5.699454	450.220000	4520.509139
5.699044	450.223000	4520.539261
5.698634	450.226000	4520.569383
5.698224	450.229000	4520.599505
5.697814	450.232000	4520.629627
5.697404	450.235000	4520.659749
5.696994	450.238000	4520.689871
5.696584	450.241000	4520.719993
5.696174	450.244000	4520.750115
5.695764	450.247000	4520.780237
5.695354	450.250000	4520.810359
5.694944	450.253000	4520.840481
5.694534	450.256000	4520.870603
5.694123	450.259000	4520.900725
5.693713	450.262000	4520.930847
5.693303	450.265000	4520.960969
5.692893	450.268000	4520.991091
5.692482	450.271000	4521.021213
5.692072	450.274000	4521.051335
5.691662	450.277000	4521.081457
5.691251	450.280000	4521.111579
5.690841	450.283000	4521.141701
5.690431	450.286000	4521.171823
5.690020	450.289000	4521.201945
5.689610	450.292000	4521.232067
5.689199	450.295000	4521.262189
5.688789	450.298000	4521.292311
5.688378	450.301000	4521.322433
5.687968	450.304000	4521.352555
5.687557	450.307000	4521.382677
5.687146	450.310000	4521.412799
5.686736	450.313000	4521.442921
5.686325	450.316000	4521.473043
5.685915	450.319000	4521.503165
5.685504	450.322000	4521.533287
5.685093	450.325000	4521.563409
5.684682	450.328000	4521.593531
5.684272	450.331000	4521.623653
5.683861	450.334000	4521.653775
5.683450	450.337000	4521.683897
5.683039	450.340000	4521.714019
5.682628	450.343000	4521.744141
5.682218	450.346000	4521.774263
5.681807	450.349000	4521.804385
5.681396	450.352000	4521.834507
5.680985	450.355000	4521.864629
5.680574	450.358000	4521.894751
5.680163	450.361000	4521.924873
5.679752	450.364000	4521.954995
5.679341	450.367000	4521.985117
5.678930	450.370000	4522.015239
5.678519	450.373000	4522.045361
5.678108	450.376000	4522.075483
5.677696	450.379000	4522.105605
5.677285	450.382000	4522.135727
5.676874	450.385000	4522.165849
5.676463	450.388000	4522.195971
5.676052	450.391000	4522.226093
5.675641	450.394000	4522.256215
5.675229	450.397000	4522.286337
5.674818	450.400000	4522.316459
5.674407	450.403000	4522.346581
5.673995	450.406000	4522.376703
5.673584	450.409000	4522.406825
5.673173	450.412000	4522.436947
5.672761	450.415000	4522.467069
5.672350	450.418000	4522.497191
5.671938	450.421000	4522.527313
5.671527	450.424000	4522.557435
5.671115	450.427000	4522.587557
5.670704	450.430000	4522.617679
5.670292	450.433000	4522.647801
5.669881	450.436000	4522.677923
5.669469	450.439000	4522.708045
5.669058	450.442000	4522.738167
5.668646	450.445000	4522.768289
5.668234	450.448000	4522.798411
5.667823	450.451000	4522.828533
5.667411	450.454000	4522.858655
5.666999	450.457000	4522.888777
5.666587	450.460000	4522.918899
5.666176	450.463000	4522.949021
5.665764	450.466000	4522.979143
5.665352	450.469000	4523.009265
5.664940	450.472000	4523.039387
5.664528	450.475000	4523.069509
5.664116	450.478000	4523.099631
5.663705	450.481000	4523.129753
5.663293	450.484000	4523.159875
5.662881	450.487000	4523.189997
5.662469	450.490000	4523.220119
5.662057	450.493000	4523.250241
5.661645	450.496000	4523.280363
5.661233	450.499000	4523.310485
5.660820	450.502000	4523.340607
5.660408	450.505000	4523.370729
5.659996	450.508000	4523.400851
5.659584	450.511000	4523.430973
5.659172	450.514000	4523.461095
5.658760	450.517000	4523.491217
5.658348	450.520000	4523.521339
5.657935	450.523000	4523.551461
5.657523	450.526000	4523.581583
5.657111	450.529000	4523.611705
5.656698	450.532000	4523.641827
5.656286	450.535000	4523.671949
5.655874	450.538000	4523.702071
5.655461	450.541000	4523.732193
5.655049	450.544000	4523.762315
5.654637	450.547000	4523.792437
5.654224	450.550000	4523.822559
5.653812	450.553000	4523.852681
5.653399	450.556000	4523.882803
5.652987	450.559000	4523.912925
5.652574	450.562000	4523.943047
5.652162	450.565000	4523.973169
5.651749	450.568000	4524.003291
5.651336	450.571000	4524.033413
5.650924	450.574000	4524.063535
5.650511	450.577000	4524.093657
5.650098	450.580000	4524.123779
5.649686	450.583000	4524.153901
5.649273	450.586000	4524.184023
5.648860	450.589000	4524.214145
5.648447	450.592000	4524.244267
5.648035	450.595000	4524.274389
5.647622	450.598000	4524.304511
5.647209	450.601000	4524.334633
5.646796	450.604000	4524.364755
5.646383	450.607000	4524.394877
5.645970	450.610000	4524.424999
5.645557	450.613000	4524.455121
5.645144	450.616000	4524.485243
5.644731	450.619000	4524.515365
5.644318	450.622000	4524.545487
5.643905	450.625000	4524.575609
5.643492	450.628000	4524.605731
5.643079	450.631000	4524.635853
5.642666	450.634000	4524.665975
5.642253	450.637000	4524.696097
5.641840	450.640000	4524.726219
5.641427	450.643000	4524.756341
5.641013	450.646000	4524.786463
5.640600	450.649000	4524.816585
5.640187	450.652000	4524.846707
5.639774	450.655000	4524.876829
5.639360	450.658000	4524.906951
5.638947	450.661000	4524.937073
5.638534	450.664000	4524.967195
5.638120	450.667000	4524.997317
5.637707	450.670000	4525.027439
5.637294	450.673000	4525.057561
5.636880	450.676000	4525.087683
5.636467	450.679000	4525.117805
5.636053	450.682000	4525.147927
5.635640	450.685000	4525.178049
5.635226	450.688000	4525.208171
5.634813	450.691000	4525.238293
5.634399	450.694000	4525.268415
5.633985	450.697000	4525.298537
5.633572	450.700000	4525.328659
5.633158	450.703000	4525.358781
5.632744	450.706000	4525.388903
5.632331	450.709000	4525.419025
5.631917	450.712000	4525.449147
5.631503	450.715000	4525.479269
5.631090	450.718000	4525.509391
5.630676	450.721000	4525.539513
5.630262	450.724000	4525.569635
5.629848	450.727000	4525.599757
5.629434	450.730000	4525.629879
5.629020	450.733000	4525.660001
5.628606	450.736000	4525.690123
5.628193	450.739000	4525.720245
5.627779	450.742000	4525.750367
5.627365	450.745000	4525.780489
5.626951	450.748000	4525.810611
5.626537	450.751000	4525.840733
5.626123	450.754000	4525.870855
5.625708	450.757000	4525.900977
5.625294	450.760000	4525.931099
5.624880	450.763000	4525.961221
5.624466	450.766000	4525.991343
5.624052	450.769000	4526.021465
5.623638	450.772000	4526.051587
5.623224	450.775000	4526.081709
5.622809	450.778000	4526.111831
5.622395	450.781000	4526.141953
5.621981	450.784000	4526.172075
5.621566	450.787000	4526.202197
5.621152	450.790000	4526.232319
5.620738	450.793000	4526.262441
5.620323	450.796000	4526.292563
5.619909	450.799000	4526.322685
5.619495	450.802000	4526.352807
5.619080	450.805000	4526.382929
5.618666	450.808000	4526.413051
5.618251	450.811000	4526.443173
5.617837	450.814000	4526.473295
5.617422	450.817000	4526.503417
5.617007	450.820000	4526.533539
5.616593	450.823000	4526.563661
5.616178	450.826000	4526.593783
5.615764	450.829000	4526.623905
5.615349	450.832000	4526.654027
5.614934	450.835000	4526.684149
5.614520	450.838000	4526.714271
5.614105	450.841000	4526.744393
5.613690	450.844000	4526.774515
5.613275	450.847000	4526.804637
5.612860	450.850000	4526.834759
5.612446	450.853000	4526.864881
5.612031	450.856000	4526.895003
5.611616	450.859000	4526.925125
5.611201	450.862000	4526.955247
5.610786	450.865000	4526.985369
5.610371	450.868000	4527.015491
5.609956	450.871000	4527.045613
5.609541	450.874000	4527.075735
5.609126	450.877000	4527.105857
5.608711	450.880000	4527.135979
5.608296	450.883000	4527.166101
5.607881	450.886000	4527.196223
5.607466	450.889000	4527.226345
5.607051	450.892000	4527.256467
5.606635	450.895000	4527.286589
5.606220	450.898000	4527.316711
5.605805	450.901000	4527.346833
5.605390	450.904000	4527.376955
5.604975	450.907000	4527.407077
5.604559	450.910000	4527.437199
5.604144	450.913000	4527.467321
5.603729	450.916000	4527.497443
5.603313	450.919000	4527.527565
5.602898	450.922000	4527.557687
5.602482	450.925000	4527.587809
5.602067	450.928000	4527.617931
5.601652	450.931000	4527.648053
5.601236	450.934000	4527.678175
5.600821	450.937000	4527.708297
5.600405	450.940000	4527.738419
5.599990	450.943000	4527.768541
5.599574	450.946000	4527.798663
5.599158	450.949000	4527.828785
5.598743	450.952000	4527.858907
5.598327	450.955000	4527.889029
5.597911	450.958000	4527.919151
5.597496	450.961000	4527.949273
5.597080	450.964000	4527.979395
5.596664	450.967000	4528.009517
5.596249	450.970000	4528.039639
5.595833	450.973000	4528.069761
5.595417	450.976000	4528.099883
5.595001	450.979000	4528.130005
5.594585	450.982000	4528.160127
5.594169	450.985000	4528.190249
5.593753	450.988000	4528.220372
5.593338	450.991000	4528.250494
5.592922	450.994000	4528.280616
5.592506	450.997000	4528.310738
5.592090	451.000000	4528.340860
5.591674	451.003000	4528.370982
5.591258	451.006000	4528.401104
5.590841	451.009000	4528.431226
5.590425	451.012000	4528.461348
5.590009	451.015000	4528.491470
5.589593	451.018000	4528.521592
5.589177	451.021000	4528.551714
5.588761	451.024000	4528.581836
5.588344	451.027000	4528.611958
5.587928	451.030000	4528.642080
5.587512	451.033000	4528.672202
5.587096	451.036000	4528.702324
5.586679	451.039000	4528.732446
5.586263	451.042000	4528.762568
5.585847	451.045000	4528.792690
5.585430	451.048000	4528.822812
5.585014	451.051000	4528.852934
5.584597	451.054000	4528.883056
5.584181	451.057000	4528.913178
5.583764	451.060000	4528.943300
5.583348	451.063000	4528.973422
5.582931	451.066000	4529.003544
5.582515	451.069000	4529.033666
5.582098	451.072000	4529.063788
5.581682	451.075000	4529.093910
5.581265	451.078000	4529.124032
5.580848	451.081000	4529.154154
5.580432	451.084000	4529.184276
5.580015	451.087000	4529.214398
5.579598	451.090000	4529.244520
5.579182	451.093000	4529.274642
5.578765	451.096000	4529.304764
5.578348	451.099000	4529.334886
5.577931	451.102000	4529.365008
5.577514	451.105000	4529.395130
5.577097	451.108000	4529.425252
5.576680	451.111000	4529.455374
5.576264	451.114000	4529.485496
5.575847	451.117000	4529.515618
5.575430	451.120000	4529.545740
5.575013	451.123000	4529.575862
5.574596	451.126000	4529.605984
5.574179	451.129000	4529.636106
5.573762	451.132000	4529.666228
5.573344	451.135000	4529.696350
5.572927	451.138000	4529.726472
5.572510	451.141000	4529.756594
5.572093	451.144000	4529.786716
5.571676	451.147000	4529.816838
5.571259	451.150000	4529.846960
5.570841	451.153000	4529.877082
5.570424	451.156000	4529.907204
5.570007	451.159000	4529.937326
5.569590	451.162000	4529.967448
5.569172	451.165000	4529.997570
5.568755	451.168000	4530.027692
5.568337	451.171000	4530.057814
5.567920	451.174000	4530.087936
5.567503	451.177000	4530.118058
5.567085	451.180000	4530.148180
5.566668	451.183000	4530.178302
5.566250	451.186000	4530.208424
5.565833	451.189000	4530.238546
5.565415	451.192000	4530.268668
5.564998	451.195000	4530.298790
5.564580	451.198000	4530.328912
5.564162	451.201000	4530.359034
5.563745	451.204000	4530.389156
5.563327	451.207000	4530.419278
5.562909	451.210000	4530.449400
5.562492	451.213000	4530.479522
5.562074	451.216000	4530.509644
5.561656	451.219000	4530.539766
5.561238	451.222000	4530.569888
5.560820	451.225000	4530.600010
5.560403	451.228000	4530.630132
5.559985	451.231000	4530.660254
5.559567	451.234000	4530.690376
5.559149	451.237000	4530.720498
5.558731	451.240000	4530.750620
5.558313	451.243000	4530.780742
5.557895	451.246000	4530.810864
5.557477	451.249000	4530.840986
5.557059	451.252000	4530.871108
5.556641	451.255000	4530.901230
5.556223	451.258000	4530.931352
5.555805	451.261000	4530.961474
5.555387	451.264000	4530.991596
5.554968	451.267000	4531.021718
5.554550	451.270000	4531.051840
5.554132	451.273000	4531.081962
5.553714	451.276000	4531.112084
5.553296	451.279000	4531.142206
5.552877	451.282000	4531.172328
5.552459	451.285000	4531.202450
5.552041	451.288000	4531.232572
5.551622	451.291000	4531.262694
5.551204	451.294000	4531.292816
5.550786	451.297000	4531.322938
5.550367	451.300000	4531.353060
5.549949	451.303000	4531.383182
5.549530	451.306000	4531.413304
5.549112	451.309000	4531.443426
5.548693	451.312000	4531.473548
5.548275	451.315000	4531.503670
5.547856	451.318000	4531.533792
5.547437	451.321000	4531.563914
5.547019	451.324000	4531.594036
5.546600	451.327000	4531.624158
5.546181	451.330000	4531.654280
5.545763	451.333000	4531.684402
5.545344	451.336000	4531.714524
5.544925	451.339000	4531.744646
5.544506	451.342000	4531.774768
5.544088	451.345000	4531.804890
5.543669	451.348000	4531.835012
5.543250	451.351000	4531.865134
5.542831	451.354000	4531.895256
5.542412	451.357000	4531.925378
5.541993	451.360000	4531.955500
5.541574	451.363000	4531.985622
5.541155	451.366000	4532.015744
5.540736	451.369000	4532.045866
5.540317	451.372000	4532.075988
5.539898	451.375000	4532.106110
5.539479	451.378000	4532.136232
5.539060	451.381000	4532.166354
5.538641	451.384000	4532.196476
5.538222	451.387000	4532.226598
5.537803	451.390000	4532.256720
5.537384	451.393000	4532.286842
5.536964	451.396000	4532.316964
5.536545	451.399000	4532.347086
5.536126	451.402000	4532.377208
5.535707	451.405000	4532.407330
5.535287	451.408000	4532.437452
5.534868	451.411000	4532.467574
5.534449	451.414000	4532.497696
5.534029	451.417000	4532.527818
5.533610	451.420000	4532.557940
5.533190	451.423000	4532.588062
5.532771	451.426000	4532.618184
5.532351	451.429000	4532.648306
5.531932	451.432000	4532.678428
5.531512	451.435000	4532.708550
5.531093	451.438000	4532.738672
5.530673	451.441000	4532.768794
5.530254	451.444000	4532.798916
5.529834	451.447000	4532.829038
5.529414	451.450000	4532.859160
5.528995	451.453000	4532.889282
5.528575	451.456000	4532.919404
5.528155	451.459000	4532.949526
5.527735	451.462000	4532.979648
5.527316	451.465000	4533.009770
5.526896	451.468000	4533.039892
5.526476	451.471000	4533.070014
5.526056	451.474000	4533.100136
5.525636	451.477000	4533.130258
5.525216	451.480000	4533.160380
5.524796	451.483000	4533.190502
5.524376	451.486000	4533.220624
5.523957	451.489000	4533.250746
5.523536	451.492000	4533.280868
5.523116	451.495000	4533.310990
5.522696	451.498000	4533.341112
5.522276	451.501000	4533.371234
5.521856	451.504000	4533.401356
5.521436	451.507000	4533.431478
5.521016	451.510000	4533.461600
5.520596	451.513000	4533.491722
5.520176	451.516000	4533.521844
5.519755	451.519000	4533.551966
5.519335	451.522000	4533.582088
5.518915	451.525000	4533.612210
5.518495	451.528000	4533.642332
5.518074	451.531000	4533.672454
5.517654	451.534000	4533.702576
5.517233	451.537000	4533.732698
5.516813	451.540000	4533.762820
5.516393	451.543000	4533.792942
5.515972	451.546000	4533.823064
5.515552	451.549000	4533.853186
5.515131	451.552000	4533.883308
5.514711	451.555000	4533.913430
5.514290	451.558000	4533.943552
5.513870	451.561000	4533.973674
5.513449	451.564000	4534.003796
5.513028	451.567000	4534.033918
5.512608	451.570000	4534.064040
5.512187	451.573000	4534.094162
5.511766	451.576000	4534.124284
5.511346	451.579000	4534.154406
5.510925	451.582000	4534.184528
5.510504	451.585000	4534.214650
5.510083	451.588000	4534.244772
5.509662	451.591000	4534.274894
5.509242	451.594000	4534.305016
5.508821	451.597000	4534.335138
5.508400	451.600000	4534.365260
5.507979	451.603000	4534.395382
5.507558	451.606000	4534.425504
5.507137	451.609000	4534.455626
5.506716	451.612000	4534.485748
5.506295	451.615000	4534.515870
5.505874	451.618000	4534.545992
5.505453	451.621000	4534.576114
5.505032	451.624000	4534.606236
5.504611	451.627000	4534.636358
5.504189	451.630000	4534.666480
5.503768	451.633000	4534.696602
5.503347	451.636000	4534.726724
5.502926	451.639000	4534.756846
5.502505	451.642000	4534.786968
5.502083	451.645000	4534.817090
5.501662	451.648000	4534.847212
5.501241	451.651000	4534.877334
5.500819	451.654000	4534.907456
5.500398	451.657000	4534.937578
5.499977	451.660000	4534.967700
5.499555	451.663000	4534.997822
5.499134	451.666000	4535.027944
5.498712	451.669000	4535.058066
5.498291	451.672000	4535.088188
5.497869	451.675000	4535.118310
5.497448	451.678000	4535.148432
5.497026	451.681000	4535.178554
5.496604	451.684000	4535.208676
5.496183	451.687000	4535.238798
5.495761	451.690000	4535.268920
5.495340	451.693000	4535.299042
5.494918	451.696000	4535.329164
5.494496	451.699000	4535.359286
5.494074	451.702000	4535.389408
5.493653	451.705000	4535.419530
5.493231	451.708000	4535.449652
5.492809	451.711000	4535.479774
5.492387	451.714000	4535.509896
5.491965	451.717000	4535.540018
5.491543	451.720000	4535.570140
5.491121	451.723000	4535.600262
5.490699	451.726000	4535.630384
5.490277	451.729000	4535.660506
5.489855	451.732000	4535.690628
5.489433	451.735000	4535.720750
5.489011	451.738000	4535.750872
5.488589	451.741000	4535.780994
5.488167	451.744000	4535.811116
5.487745	451.747000	4535.841238
5.487323	451.750000	4535.871360
5.486901	451.753000	4535.901482
5.486479	451.756000	4535.931604
5.486056	451.759000	4535.961726
5.485634	451.762000	4535.991848
5.485212	451.765000	4536.021970
5.484789	451.768000	4536.052092
5.484367	451.771000	4536.082214
5.483945	451.774000	4536.112336
5.483522	451.777000	4536.142458
5.483100	451.780000	4536.172580
5.482678	451.783000	4536.202702
5.482255	451.786000	4536.232824
5.481833	451.789000	4536.262946
5.481410	451.792000	4536.293068
5.480988	451.795000	4536.323190
5.480565	451.798000	4536.353312
5.480143	451.801000	4536.383434
5.479720	451.804000	4536.413556
5.479297	451.807000	4536.443678
5.478875	451.810000	4536.473800
5.478452	451.813000	4536.503922
5.478029	451.816000	4536.534044
5.477606	451.819000	4536.564166
5.477184	451.822000	4536.594288
5.476761	451.825000	4536.624410
5.476338	451.828000	4536.654532
5.475915	451.831000	4536.684654
5.475492	451.834000	4536.714776
5.475070	451.837000	4536.744898
5.474647	451.840000	4536.775020
5.474224	451.843000	4536.805142
5.473801	451.846000	4536.835264
5.473378	451.849000	4536.865386
5.472955	451.852000	4536.895508
5.472532	451.855000	4536.925630
5.472109	451.858000	4536.955752
5.471686	451.861000	4536.985874
5.471262	451.864000	4537.015996
5.470839	451.867000	4537.046118
5.470416	451.870000	4537.076240
5.469993	451.873000	4537.106362
5.469570	451.876000	4537.136484
5.469147	451.879000	4537.166606
5.468723	451.882000	4537.196728
5.468300	451.885000	4537.226850
5.467877	451.888000	4537.256972
5.467453	451.891000	4537.287094
5.467030	451.894000	4537.317216
5.466607	451.897000	4537.347338
5.466183	451.900000	4537.377460
5.465760	451.903000	4537.407582
5.465336	451.906000	4537.437704
5.464913	451.909000	4537.467826
5.464489	451.912000	4537.497948
5.464066	451.915000	4537.528070
5.463642	451.918000	4537.558192
5.463219	451.921000	4537.588314
5.462795	451.924000	4537.618436
5.462371	451.927000	4537.648558
5.461948	451.930000	4537.678680
5.461524	451.933000	4537.708802
5.461100	451.936000	4537.738924
5.460676	451.939000	4537.769046
5.460253	451.942000	4537.799168
5.459829	451.945000	4537.829290
5.459405	451.948000	4537.859412
5.458981	451.951000	4537.889534
5.458557	451.954000	4537.919656
5.458133	451.957000	4537.949778
5.457709	451.960000	4537.979900
5.457286	451.963000	4538.010022
5.456862	451.966000	4538.040144
5.456438	451.969000	4538.070266
5.456014	451.972000	4538.100388
5.455589	451.975000	4538.130510
5.455165	451.978000	4538.160632
5.454741	451.981000	4538.190754
5.454317	451.984000	4538.220876
5.453893	451.987000	4538.250998
5.453469	451.990000	4538.281120
5.453045	451.993000	4538.311242
5.452620	451.996000	4538.341364
5.452196	451.999000	4538.371486
5.451772	452.002000	4538.401608
5.451348	452.005000	4538.431730
5.450923	452.008000	4538.461852
5.450499	452.011000	4538.491974
5.450074	452.014000	4538.522096
5.449650	452.017000	4538.552218
5.449226	452.020000	4538.582340
5.448801	452.023000	4538.612462
5.448377	452.026000	4538.642584
5.447952	452.029000	4538.672706
5.447528	452.032000	4538.702828
5.447103	452.035000	4538.732950
5.446678	452.038000	4538.763072
5.446254	452.041000	4538.793194
5.445829	452.044000	4538.823316
5.445405	452.047000	4538.853438
5.444980	452.050000	4538.883560
5.444555	452.053000	4538.913682
5.444130	452.056000	4538.943804
5.443706	452.059000	4538.973926
5.443281	452.062000	4539.004048
5.442856	452.065000	4539.034170
5.442431	452.068000	4539.064292
5.442006	452.071000	4539.094414
5.441581	452.074000	4539.124536
5.441156	452.077000	4539.154658
5.440732	452.080000	4539.184780
5.440307	452.083000	4539.214902
5.439882	452.086000	4539.245024
5.439457	452.089000	4539.275146
5.439031	452.092000	4539.305268
5.438606	452.095000	4539.335390
5.438181	452.098000	4539.365512
5.437756	452.101000	4539.395634
5.437331	452.104000	4539.425756
5.436906	452.107000	4539.455878
5.436481	452.110000	4539.486000
5.436055	452.113000	4539.516122
5.435630	452.116000	4539.546244
5.435205	452.119000	4539.576366
5.434780	452.122000	4539.606488
5.434354	452.125000	4539.636610
5.433929	452.128000	4539.666732
5.433503	452.131000	4539.696854
5.433078	452.134000	4539.726976
5.432653	452.137000	4539.757098
5.432227	452.140000	4539.787220
5.431802	452.143000	4539.817342
5.431376	452.146000	4539.847464
5.430951	452.149000	4539.877586
5.430525	452.152000	4539.907708
5.430099	452.155000	4539.937830
5.429674	452.158000	4539.967952
5.429248	452.161000	4539.998074
5.428822	452.164000	4540.028196
5.428397	452.167000	4540.058318
5.427971	452.170000	4540.088440
5.427545	452.173000	4540.118562
5.427120	452.176000	4540.148684
5.426694	452.179000	4540.178806
5.426268	452.182000	4540.208928
5.425842	452.185000	4540.239050
5.425416	452.188000	4540.269172
5.424990	452.191000	4540.299294
5.424564	452.194000	4540.329416
5.424138	452.197000	4540.359538
5.423712	452.200000	4540.389660
5.423286	452.203000	4540.419782
5.422860	452.206000	4540.449904
5.422434	452.209000	4540.480026
5.422008	452.212000	4540.510148
5.421582	452.215000	4540.540270
5.421156	452.218000	4540.570392
5.420730	452.221000	4540.600514
5.420304	452.224000	4540.630636
5.419877	452.227000	4540.660758
5.419451	452.230000	4540.690880
5.419025	452.233000	4540.721002
5.418599	452.236000	4540.751124
5.418172	452.239000	4540.781246
5.417746	452.242000	4540.811368
5.417320	452.245000	4540.841490
5.416893	452.248000	4540.871612
5.416467	452.251000	4540.901734
5.416040	452.254000	4540.931856
5.415614	452.257000	4540.961978
5.415187	452.260000	4540.992100
5.414761	452.263000	4541.022222
5.414334	452.266000	4541.052344
5.413908	452.269000	4541.082466
5.413481	452.272000	4541.112588
5.413054	452.275000	4541.142710
5.412628	452.278000	4541.172832
5.412201	452.281000	4541.202954
5.411774	452.284000	4541.233076
5.411348	452.287000	4541.263198
5.410921	452.290000	4541.293320
5.410494	452.293000	4541.323442
5.410067	452.296000	4541.353564
5.409640	452.299000	4541.383686
5.409214	452.302000	4541.413808
5.408787	452.305000	4541.443930
5.408360	452.308000	4541.474052
5.407933	452.311000	4541.504174
5.407506	452.314000	4541.534296
5.407079	452.317000	4541.564418
5.406652	452.320000	4541.594540
5.406225	452.323000	4541.624662
5.405798	452.326000	4541.654784
5.405371	452.329000	4541.684906
5.404944	452.332000	4541.715028
5.404516	452.335000	4541.745150
5.404089	452.338000	4541.775272
5.403662	452.341000	4541.805394
5.403235	452.344000	4541.835516
5.402808	452.347000	4541.865638
5.402380	452.350000	4541.895760
5.401953	452.353000	4541.925882
5.401526	452.356000	4541.956004
5.401098	452.359000	4541.986126
5.400671	452.362000	4542.016248
5.400243	452.365000	4542.046370
5.399816	452.368000	4542.076492
5.399389	452.371000	4542.106614
5.398961	452.374000	4542.136736
5.398534	452.377000	4542.166858
5.398106	452.380000	4542.196980
5.397678	452.383000	4542.227102
5.397251	452.386000	4542.257224
5.396823	452.389000	4542.287346
5.396396	452.392000	4542.317468
5.395968	452.395000	4542.347590
5.395540	452.398000	4542.377712
5.395112	452.401000	4542.407834
5.394685	452.404000	4542.437956
5.394257	452.407000	4542.468078
5.393829	452.410000	4542.498200
5.393401	452.413000	4542.528322
5.392973	452.416000	4542.558444
5.392546	452.419000	4542.588566
5.392118	452.422000	4542.618688
5.391690	452.425000	4542.648810
5.391262	452.428000	4542.678932
5.390834	452.431000	4542.709054
5.390406	452.434000	4542.739176
5.389978	452.437000	4542.769298
5.389550	452.440000	4542.799420
5.389122	452.443000	4542.829542
5.388693	452.446000	4542.859664
5.388265	452.449000	4542.889786
5.387837	452.452000	4542.919908
5.387409	452.455000	4542.950030
5.386981	452.458000	4542.980152
5.386552	452.461000	4543.010274
5.386124	452.464000	4543.040396
5.385696	452.467000	4543.070518
5.385267	452.470000	4543.100640
5.384839	452.473000	4543.130762
5.384411	452.476000	4543.160884
5.383982	452.479000	4543.191006
5.383554	452.482000	4543.221128
5.383125	452.485000	4543.251250
5.382697	452.488000	4543.281372
5.382268	452.491000	4543.311494
5.381840	452.494000	4543.341616
5.381411	452.497000	4543.371738
5.380983	452.500000	4543.401860
5.380554	452.503000	4543.431982
5.380125	452.506000	4543.462104
5.379697	452.509000	4543.492226
5.379268	452.512000	4543.522348
5.378839	452.515000	4543.552470
5.378411	452.518000	4543.582592
5.377982	452.521000	4543.612714
5.377553	452.524000	4543.642836
5.377124	452.527000	4543.672958
5.376695	452.530000	4543.703080
5.376266	452.533000	4543.733202
5.375837	452.536000	4543.763324
5.375409	452.539000	4543.793446
5.374980	452.542000	4543.823568
5.374551	452.545000	4543.853690
5.374122	452.548000	4543.883812
5.373693	452.551000	4543.913934
5.373263	452.554000	4543.944056
5.372834	452.557000	4543.974178
5.372405	452.560000	4544.004300
5.371976	452.563000	4544.034422
5.371547	452.566000	4544.064544
5.371118	452.569000	4544.094666
5.370688	452.572000	4544.124788
5.370259	452.575000	4544.154910
5.369830	452.578000	4544.185032
5.369401	452.581000	4544.215154
5.368971	452.584000	4544.245276
5.368542	452.587000	4544.275398
5.368113	452.590000	4544.305520
5.367683	452.593000	4544.335642
5.367254	452.596000	4544.365764
5.366824	452.599000	4544.395886
5.366395	452.602000	4544.426008
5.365965	452.605000	4544.456130
5.365536	452.608000	4544.486252
5.365106	452.611000	4544.516374
5.364676	452.614000	4544.546496
5.364247	452.617000	4544.576618
5.363817	452.620000	4544.606740
5.363387	452.623000	4544.636862
5.362958	452.626000	4544.666984
5.362528	452.629000	4544.697106
5.362098	452.632000	4544.727228
5.361668	452.635000	4544.757350
5.361239	452.638000	4544.787472
5.360809	452.641000	4544.817594
5.360379	452.644000	4544.847716
5.359949	452.647000	4544.877838
5.359519	452.650000	4544.907960
5.359089	452.653000	4544.938082
5.358659	452.656000	4544.968204
5.358229	452.659000	4544.998326
5.357799	452.662000	4545.028448
5.357369	452.665000	4545.058570
5.356939	452.668000	4545.088692
5.356509	452.671000	4545.118814
5.356079	452.674000	4545.148936
5.355649	452.677000	4545.179058
5.355218	452.680000	4545.209180
5.354788	452.683000	4545.239302
5.354358	452.686000	4545.269424
5.353928	452.689000	4545.299546
5.353497	452.692000	4545.329668
5.353067	452.695000	4545.359790
5.352637	452.698000	4545.389912
5.352206	452.701000	4545.420034
5.351776	452.704000	4545.450156
5.351346	452.707000	4545.480278
5.350915	452.710000	4545.510400
5.350485	452.713000	4545.540522
5.350054	452.716000	4545.570644
5.349624	452.719000	4545.600766
5.349193	452.722000	4545.630888
5.348762	452.725000	4545.661010
5.348332	452.728000	4545.691132
5.347901	452.731000	4545.721254
5.347470	452.734000	4545.751376
5.347040	452.737000	4545.781498
5.346609	452.740000	4545.811620
5.346178	452.743000	4545.841742
5.345748	452.746000	4545.871864
5.345317	452.749000	4545.901986
5.344886	452.752000	4545.932108
5.344455	452.755000	4545.962230
5.344024	452.758000	4545.992352
5.343593	452.761000	4546.022474
5.343162	452.764000	4546.052596
5.342731	452.767000	4546.082718
5.342300	452.770000	4546.112840
5.341869	452.773000	4546.142962
5.341438	452.776000	4546.173084
5.341007	452.779000	4546.203206
5.340576	452.782000	4546.233328
5.340145	452.785000	4546.263450
5.339714	452.788000	4546.293572
5.339283	452.791000	4546.323694
5.338851	452.794000	4546.353816
5.338420	452.797000	4546.383938
5.337989	452.800000	4546.414060
5.337558	452.803000	4546.444182
5.337126	452.806000	4546.474304
5.336695	452.809000	4546.504426
5.336264	452.812000	4546.534548
5.335832	452.815000	4546.564670
5.335401	452.818000	4546.594792
5.334969	452.821000	4546.624914
5.334538	452.824000	4546.655036
5.334106	452.827000	4546.685158
5.333675	452.830000	4546.715280
5.333243	452.833000	4546.745402
5.332812	452.836000	4546.775524
5.332380	452.839000	4546.805646
5.331948	452.842000	4546.835768
5.331517	452.845000	4546.865890
5.331085	452.848000	4546.896012
5.330653	452.851000	4546.926134
5.330222	452.854000	4546.956256
5.329790	452.857000	4546.986378
5.329358	452.860000	4547.016500
5.328926	452.863000	4547.046622
5.328494	452.866000	4547.076744
5.328062	452.869000	4547.106866
5.327631	452.872000	4547.136988
5.327199	452.875000	4547.167110
5.326767	452.878000	4547.197232
5.326335	452.881000	4547.227354
5.325903	452.884000	4547.257476
5.325471	452.887000	4547.287598
5.325039	452.890000	4547.317720
5.324606	452.893000	4547.347842
5.324174	452.896000	4547.377964
5.323742	452.899000	4547.408086
5.323310	452.902000	4547.438208
5.322878	452.905000	4547.468330
5.322446	452.908000	4547.498452
5.322013	452.911000	4547.528574
5.321581	452.914000	4547.558696
5.321149	452.917000	4547.588818
5.320716	452.920000	4547.618940
5.320284	452.923000	4547.649062
5.319852	452.926000	4547.679184
5.319419	452.929000	4547.709306
5.318987	452.932000	4547.739428
5.318554	452.935000	4547.769550
5.318122	452.938000	4547.799672
5.317689	452.941000	4547.829794
5.317257	452.944000	4547.859916
5.316824	452.947000	4547.890038
5.316391	452.950000	4547.920160
5.315959	452.953000	4547.950282
5.315526	452.956000	4547.980404
5.315093	452.959000	4548.010526
5.314661	452.962000	4548.040648
5.314228	452.965000	4548.070770
5.313795	452.968000	4548.100892
5.313362	452.971000	4548.131014
5.312929	452.974000	4548.161136
5.312497	452.977000	4548.191258
5.312064	452.980000	4548.221380
5.311631	452.983000	4548.251502
5.311198	452.986000	4548.281624
5.310765	452.989000	4548.311746
5.310332	452.992000	4548.341868
5.309899	452.995000	4548.371990
5.309466	452.998000	4548.402112
5.309033	453.001000	4548.432234
5.308600	453.004000	4548.462356
5.308167	453.007000	4548.492478
5.307733	453.010000	4548.522600
5.307300	453.013000	4548.552722
5.306867	453.016000	4548.582844
5.306434	453.019000	4548.612966
5.306000	453.022000	4548.643088
5.305567	453.025000	4548.673210
5.305134	453.028000	4548.703332
5.304701	453.031000	4548.733454
5.304267	453.034000	4548.763576
5.303834	453.037000	4548.793698
5.303400	453.040000	4548.823820
5.302967	453.043000	4548.853942
5.302533	453.046000	4548.884064
5.302100	453.049000	4548.914186
5.301666	453.052000	4548.944308
5.301233	453.055000	4548.974430
5.300799	453.058000	4549.004552
5.300365	453.061000	4549.034674
5.299932	453.064000	4549.064796
5.299498	453.067000	4549.094918
5.299064	453.070000	4549.125040
5.298631	453.073000	4549.155162
5.298197	453.076000	4549.185284
5.297763	453.079000	4549.215406
5.297329	453.082000	4549.245528
5.296896	453.085000	4549.275650
5.296462	453.088000	4549.305772
5.296028	453.091000	4549.335894
5.295594	453.094000	4549.366016
5.295160	453.097000	4549.396138
5.294726	453.100000	4549.426260
5.294292	453.103000	4549.456382
5.293858	453.106000	4549.486504
5.293424	453.109000	4549.516626
5.292990	453.112000	4549.546748
5.292556	453.115000	4549.576870
5.292121	453.118000	4549.606992
5.291687	453.121000	4549.637114
5.291253	453.124000	4549.667236
5.290819	453.127000	4549.697358
5.290385	453.130000	4549.727480
5.289950	453.133000	4549.757602
5.289516	453.136000	4549.787724
5.289082	453.139000	4549.817846
5.288647	453.142000	4549.847968
5.288213	453.145000	4549.878090
5.287778	453.148000	4549.908212
5.287344	453.151000	4549.938334
5.286910	453.154000	4549.968456
5.286475	453.157000	4549.998578
5.286040	453.160000	4550.028700
5.285606	453.163000	4550.058822
5.285171	453.166000	4550.088944
5.284737	453.169000	4550.119066
5.284302	453.172000	4550.149188
5.283867	453.175000	4550.179310
5.283433	453.178000	4550.209432
5.282998	453.181000	4550.239554
5.282563	453.184000	4550.269676
5.282128	453.187000	4550.299798
5.281694	453.190000	4550.329920
5.281259	453.193000	4550.360042
5.280824	453.196000	4550.390164
5.280389	453.199000	4550.420286
5.279954	453.202000	4550.450408
5.279519	453.205000	4550.480530
5.279084	453.208000	4550.510652
5.278649	453.211000	4550.540774
5.278214	453.214000	4550.570896
5.277779	453.217000	4550.601018
5.277344	453.220000	4550.631140
5.276909	453.223000	4550.661262
5.276474	453.226000	4550.691384
5.276039	453.229000	4550.721506
5.275603	453.232000	4550.751628
5.275168	453.235000	4550.781750
5.274733	453.238000	4550.811872
5.274298	453.241000	4550.841994
5.273862	453.244000	4550.872116
5.273427	453.247000	4550.902238
5.272992	453.250000	4550.932360
5.272556	453.253000	4550.962482
5.272121	453.256000	4550.992604
5.271685	453.259000	4551.022726
5.271250	453.262000	4551.052848
5.270814	453.265000	4551.082970
5.270379	453.268000	4551.113092
5.269943	453.271000	4551.143214
5.269508	453.274000	4551.173336
5.269072	453.277000	4551.203458
5.268637	453.280000	4551.233580
5.268201	453.283000	4551.263702
5.267765	453.286000	4551.293824
5.267329	453.289000	4551.323946
5.266894	453.292000	4551.354068
5.266458	453.295000	4551.384190
5.266022	453.298000	4551.414312
5.265586	453.301000	4551.444434
5.265150	453.304000	4551.474556
5.264715	453.307000	4551.504678
5.264279	453.310000	4551.534800
5.263843	453.313000	4551.564922
5.263407	453.316000	4551.595044
5.262971	453.319000	4551.625166
5.262535	453.322000	4551.655288
5.262099	453.325000	4551.685411
5.261663	453.328000	4551.715533
5.261226	453.331000	4551.745655
5.260790	453.334000	4551.775777
5.260354	453.337000	4551.805899
5.259918	453.340000	4551.836021
5.259482	453.343000	4551.866143
5.259045	453.346000	4551.896265
5.258609	453.349000	4551.926387
5.258173	453.352000	4551.956509
5.257737	453.355000	4551.986631
5.257300	453.358000	4552.016753
5.256864	453.361000	4552.046875
5.256427	453.364000	4552.076997
5.255991	453.367000	4552.107119
5.255554	453.370000	4552.137241
5.255118	453.373000	4552.167363
5.254681	453.376000	4552.197485
5.254245	453.379000	4552.227607
5.253808	453.382000	4552.257729
5.253372	453.385000	4552.287851
5.252935	453.388000	4552.317973
5.252498	453.391000	4552.348095
5.252062	453.394000	4552.378217
5.251625	453.397000	4552.408339
5.251188	453.400000	4552.438461
5.250751	453.403000	4552.468583
5.250315	453.406000	4552.498705
5.249878	453.409000	4552.528827
5.249441	453.412000	4552.558949
5.249004	453.415000	4552.589071
5.248567	453.418000	4552.619193
5.248130	453.421000	4552.649315
5.247693	453.424000	4552.679437
5.247256	453.427000	4552.709559
5.246819	453.430000	4552.739681
5.246382	453.433000	4552.769803
5.245945	453.436000	4552.799925
5.245508	453.439000	4552.830047
5.245071	453.442000	4552.860169
5.244633	453.445000	4552.890291
5.244196	453.448000	4552.920413
5.243759	453.451000	4552.950535
5.243322	453.454000	4552.980657
5.242884	453.457000	4553.010779
5.242447	453.460000	4553.040901
5.242010	453.463000	4553.071023
5.241572	453.466000	4553.101145
5.241135	453.469000	4553.131267
5.240698	453.472000	4553.161389
5.240260	453.475000	4553.191511
5.239823	453.478000	4553.221633
5.239385	453.481000	4553.251755
5.238948	453.484000	4553.281877
5.238510	453.487000	4553.311999
5.238072	453.490000	4553.342121
5.237635	453.493000	4553.372243
5.237197	453.496000	4553.402365
5.236759	453.499000	4553.432487
5.236322	453.502000	4553.462609
5.235884	453.505000	4553.492731
5.235446	453.508000	4553.522853
5.235008	453.511000	4553.552975
5.234571	453.514000	4553.583097
5.234133	453.517000	4553.613219
5.233695	453.520000	4553.643341
5.233257	453.523000	4553.673463
5.232819	453.526000	4553.703585
5.232381	453.529000	4553.733707
5.231943	453.532000	4553.763829
5.231505	453.535000	4553.793951
5.231067	453.538000	4553.824073
5.230629	453.541000	4553.854195
5.230191	453.544000	4553.884317
5.229753	453.547000	4553.914439
5.229315	453.550000	4553.944561
5.228876	453.553000	4553.974683
5.228438	453.556000	4554.004805
5.228000	453.559000	4554.034927
5.227562	453.562000	4554.065049
5.227123	453.565000	4554.095171
5.226685	453.568000	4554.125293
5.226247	453.571000	4554.155415
5.225808	453.574000	4554.185537
5.225370	453.577000	4554.215659
5.224931	453.580000	4554.245781
5.224493	453.583000	4554.275903
5.224054	453.586000	4554.306025
5.223616	453.589000	4554.336147
5.223177	453.592000	4554.366269
5.222739	453.595000	4554.396391
5.222300	453.598000	4554.426513
5.221861	453.601000	4554.456635
5.221423	453.604000	4554.486757
5.220984	453.607000	4554.516879
5.220545	453.610000	4554.547001
5.220107	453.613000	4554.577123
5.219668	453.616000	4554.607245
5.219229	453.619000	4554.637367
5.218790	453.622000	4554.667489
5.218351	453.625000	4554.697611
5.217912	453.628000	4554.727733
5.217473	453.631000	4554.757855
5.217034	453.634000	4554.787977
5.216595	453.637000	4554.818099
5.216156	453.640000	4554.848221
5.215717	453.643000	4554.878343
5.215278	453.646000	4554.908465
5.214839	453.649000	4554.938587
5.214400	453.652000	4554.968709
5.213961	453.655000	4554.998831
5.213522	453.658000	4555.028953
5.213083	453.661000	4555.059075
5.212643	453.664000	4555.089197
5.212204	453.667000	4555.119319
5.211765	453.670000	4555.149441
5.211325	453.673000	4555.179563
5.210886	453.676000	4555.209685
5.210447	453.679000	4555.239807
5.210007	453.682000	4555.269929
5.209568	453.685000	4555.300051
5.209128	453.688000	4555.330173
5.208689	453.691000	4555.360295
5.208249	453.694000	4555.390417
5.207810	453.697000	4555.420539
5.207370	453.700000	4555.450661
5.206931	453.703000	4555.480783
5.206491	453.706000	4555.510905
5.206051	453.709000	4555.541027
5.205612	453.712000	4555.571149
5.205172	453.715000	4555.601271
5.204732	453.718000	4555.631393
5.204292	453.721000	4555.661515
5.203852	453.724000	4555.691637
5.203413	453.727000	4555.721759
5.202973	453.730000	4555.751881
5.202533	453.733000	4555.782003
5.202093	453.736000	4555.812125
5.201653	453.739000	4555.842247
5.201213	453.742000	4555.872369
5.200773	453.745000	4555.902491
5.200333	453.748000	4555.932613
5.199893	453.751000	4555.962735
5.199453	453.754000	4555.992857
5.199013	453.757000	4556.022979
5.198572	453.760000	4556.053101
5.198132	453.763000	4556.083223
5.197692	453.766000	4556.113345
5.197252	453.769000	4556.143467
5.196812	453.772000	4556.173589
5.196371	453.775000	4556.203711
5.195931	453.778000	4556.233833
5.195491	453.781000	4556.263955
5.195050	453.784000	4556.294077
5.194610	453.787000	4556.324199
5.194169	453.790000	4556.354321
5.193729	453.793000	4556.384443
5.193288	453.796000	4556.414565
5.192848	453.799000	4556.444687
5.192407	453.802000	4556.474809
5.191967	453.805000	4556.504931
5.191526	453.808000	4556.535053
5.191085	453.811000	4556.565175
5.190645	453.814000	4556.595297
5.190204	453.817000	4556.625419
5.189763	453.820000	4556.655541
5.189322	453.823000	4556.685663
5.188882	453.826000	4556.715785
5.188441	453.829000	4556.745907
5.188000	453.832000	4556.776029
5.187559	453.835000	4556.806151
5.187118	453.838000	4556.836273
5.186677	453.841000	4556.866395
5.186236	453.844000	4556.896517
5.185795	453.847000	4556.926639
5.185354	453.850000	4556.956761
5.184913	453.853000	4556.986883
5.184472	453.856000	4557.017005
5.184031	453.859000	4557.047127
5.183590	453.862000	4557.077249
5.183149	453.865000	4557.107371
5.182708	453.868000	4557.137493
5.182266	453.871000	4557.167615
5.181825	453.874000	4557.197737
5.181384	453.877000	4557.227859
5.180942	453.880000	4557.257981
5.180501	453.883000	4557.288103
5.180060	453.886000	4557.318225
5.179618	453.889000	4557.348347
5.179177	453.892000	4557.378469
5.178735	453.895000	4557.408591
5.178294	453.898000	4557.438713
5.177852	453.901000	4557.468835
5.177411	453.904000	4557.498957
5.176969	453.907000	4557.529079
5.176528	453.910000	4557.559201
5.176086	453.913000	4557.589323
5.175644	453.916000	4557.619445
5.175203	453.919000	4557.649567
5.174761	453.922000	4557.679689
5.174319	453.925000	4557.709811
5.173878	453.928000	4557.739933
5.173436	453.931000	4557.770055
5.172994	453.934000	4557.800177
5.172552	453.937000	4557.830299
5.172110	453.940000	4557.860421
5.171668	453.943000	4557.890543
5.171226	453.946000	4557.920665
5.170784	453.949000	4557.950787
5.170342	453.952000	4557.980909
5.169900	453.955000	4558.011031
5.169458	453.958000	4558.041153
5.169016	453.961000	4558.071275
5.168574	453.964000	4558.101397
5.168132	453.967000	4558.131519
5.167690	453.970000	4558.161641
5.167247	453.973000	4558.191763
5.166805	453.976000	4558.221885
5.166363	453.979000	4558.252007
5.165921	453.982000	4558.282129
5.165478	453.985000	4558.312251
5.165036	453.988000	4558.342373
5.164593	453.991000	4558.372495
5.164151	453.994000	4558.402617
5.163709	453.997000	4558.432739
5.163266	454.000000	4558.462861
5.162824	454.003000	4558.492983
5.162381	454.006000	4558.523105
5.161939	454.009000	4558.553227
5.161496	454.012000	4558.583349
5.161053	454.015000	4558.613471
5.160611	454.018000	4558.643593
5.160168	454.021000	4558.673715
5.159725	454.024000	4558.703837
5.159283	454.027000	4558.733959
5.158840	454.030000	4558.764081
5.158397	454.033000	4558.794203
5.157954	454.036000	4558.824325
5.157511	454.039000	4558.854447
5.157068	454.042000	4558.884569
5.156625	454.045000	4558.914691
5.156183	454.048000	4558.944813
5.155740	454.051000	4558.974935
5.155297	454.054000	4559.005057
5.154854	454.057000	4559.035179
5.154410	454.060000	4559.065301
5.153967	454.063000	4559.095423
5.153524	454.066000	4559.125545
5.153081	454.069000	4559.155667
5.152638	454.072000	4559.185789
5.152195	454.075000	4559.215911
5.151751	454.078000	4559.246033
5.151308	454.081000	4559.276155
5.150865	454.084000	4559.306277
5.150422	454.087000	4559.336399
5.149978	454.090000	4559.366521
5.149535	454.093000	4559.396643
5.149091	454.096000	4559.426765
5.148648	454.099000	4559.456887
5.148205	454.102000	4559.487009
5.147761	454.105000	4559.517131
5.147318	454.108000	4559.547253
5.146874	454.111000	4559.577375
5.146430	454.114000	4559.607497
5.145987	454.117000	4559.637619
5.145543	454.120000	4559.667741
5.145099	454.123000	4559.697863
5.144656	454.126000	4559.727985
5.144212	454.129000	4559.758107
5.143768	454.132000	4559.788229
5.143324	454.135000	4559.818351
5.142881	454.138000	4559.848473
5.142437	454.141000	4559.878595
5.141993	454.144000	4559.908717
5.141549	454.147000	4559.938839
5.141105	454.150000	4559.968961
5.140661	454.153000	4559.999083
5.140217	454.156000	4560.029205
5.139773	454.159000	4560.059327
5.139329	454.162000	4560.089449
5.138885	454.165000	4560.119571
5.138441	454.168000	4560.149693
5.137997	454.171000	4560.179815
5.137552	454.174000	4560.209937
5.137108	454.177000	4560.240059
5.136664	454.180000	4560.270181
5.136220	454.183000	4560.300303
5.135775	454.186000	4560.330425
5.135331	454.189000	4560.360547
5.134887	454.192000	4560.390669
5.134442	454.195000	4560.420791
5.133998	454.198000	4560.450913
5.133553	454.201000	4560.481035
5.133109	454.204000	4560.511157
5.132664	454.207000	4560.541279
5.132220	454.210000	4560.571401
5.131775	454.213000	4560.601523
5.131331	454.216000	4560.631645
5.130886	454.219000	4560.661767
5.130441	454.222000	4560.691889
5.129997	454.225000	4560.722011
5.129552	454.228000	4560.752133
5.129107	454.231000	4560.782255
5.128663	454.234000	4560.812377
5.128218	454.237000	4560.842499
5.127773	454.240000	4560.872621
5.127328	454.243000	4560.902743
5.126883	454.246000	4560.932865
5.126438	454.249000	4560.962987
5.125993	454.252000	4560.993109
5.125548	454.255000	4561.023231
5.125103	454.258000	4561.053353
5.124658	454.261000	4561.083475
5.124213	454.264000	4561.113597
5.123768	454.267000	4561.143719
5.123323	454.270000	4561.173841
5.122878	454.273000	4561.203963
5.122433	454.276000	4561.234085
5.121987	454.279000	4561.264207
5.121542	454.282000	4561.294329
5.121097	454.285000	4561.324451
5.120652	454.288000	4561.354573
5.120206	454.291000	4561.384695
5.119761	454.294000	4561.414817
5.119315	454.297000	4561.444939
5.118870	454.300000	4561.475061
5.118425	454.303000	4561.505183
5.117979	454.306000	4561.535305
5.117534	454.309000	4561.565427
5.117088	454.312000	4561.595549
5.116642	454.315000	4561.625671
5.116197	454.318000	4561.655793
5.115751	454.321000	4561.685915
5.115306	454.324000	4561.716037
5.114860	454.327000	4561.746159
5.114414	454.330000	4561.776281
5.113968	454.333000	4561.806403
5.113523	454.336000	4561.836525
5.113077	454.339000	4561.866647
5.112631	454.342000	4561.896769
5.112185	454.345000	4561.926891
5.111739	454.348000	4561.957013
5.111293	454.351000	4561.987135
5.110847	454.354000	4562.017257
5.110401	454.357000	4562.047379
5.109955	454.360000	4562.077501
5.109509	454.363000	4562.107623
5.109063	454.366000	4562.137745
5.108617	454.369000	4562.167867
5.108171	454.372000	4562.197989
5.107725	454.375000	4562.228111
5.107278	454.378000	4562.258233
5.106832	454.381000	4562.288355
5.106386	454.384000	4562.318477
5.105940	454.387000	4562.348599
5.105493	454.390000	4562.378721
5.105047	454.393000	4562.408843
5.104601	454.396000	4562.438965
5.104154	454.399000	4562.469087
5.103708	454.402000	4562.499209
5.103261	454.405000	4562.529331
5.102815	454.408000	4562.559453
5.102368	454.411000	4562.589575
5.101922	454.414000	4562.619697
5.101475	454.417000	4562.649819
5.101028	454.420000	4562.679941
5.100582	454.423000	4562.710063
5.100135	454.426000	4562.740185
5.099688	454.429000	4562.770307
5.099242	454.432000	4562.800429
5.098795	454.435000	4562.830551
5.098348	454.438000	4562.860673
5.097901	454.441000	4562.890795
5.097454	454.444000	4562.920917
5.097007	454.447000	4562.951039
5.096561	454.450000	4562.981161
5.096114	454.453000	4563.011283
5.095667	454.456000	4563.041405
5.095220	454.459000	4563.071527
5.094773	454.462000	4563.101649
5.094325	454.465000	4563.131771
5.093878	454.468000	4563.161893
5.093431	454.471000	4563.192015
5.092984	454.474000	4563.222137
5.092537	454.477000	4563.252259
5.092090	454.480000	4563.282381
5.091642	454.483000	4563.312503
5.091195	454.486000	4563.342625
5.090748	454.489000	4563.372747
5.090300	454.492000	4563.402869
5.089853	454.495000	4563.432991
5.089406	454.498000	4563.463113
5.088958	454.501000	4563.493235
5.088511	454.504000	4563.523357
5.088063	454.507000	4563.553479
5.087616	454.510000	4563.583601
5.087168	454.513000	4563.613723
5.086721	454.516000	4563.643845
5.086273	454.519000	4563.673967
5.085825	454.522000	4563.704089
5.085378	454.525000	4563.734211
5.084930	454.528000	4563.764333
5.084482	454.531000	4563.794455
5.084034	454.534000	4563.824577
5.083587	454.537000	4563.854699
5.083139	454.540000	4563.884821
5.082691	454.543000	4563.914943
5.082243	454.546000	4563.945065
5.081795	454.549000	4563.975187
5.081347	454.552000	4564.005309
5.080899	454.555000	4564.035431
5.080451	454.558000	4564.065553
5.080003	454.561000	4564.095675
5.079555	454.564000	4564.125797
5.079107	454.567000	4564.155919
5.078659	454.570000	4564.186041
5.078211	454.573000	4564.216163
5.077762	454.576000	4564.246285
5.077314	454.579000	4564.276407
5.076866	454.582000	4564.306529
5.076418	454.585000	4564.336651
5.075969	454.588000	4564.366773
5.075521	454.591000	4564.396895
5.075073	454.594000	4564.427017
5.074624	454.597000	4564.457139
5.074176	454.600000	4564.487261
5.073727	454.603000	4564.517383
5.073279	454.606000	4564.547505
5.072830	454.609000	4564.577627
5.072382	454.612000	4564.607749
5.071933	454.615000	4564.637871
5.071484	454.618000	4564.667993
5.071036	454.621000	4564.698115
5.070587	454.624000	4564.728237
5.070138	454.627000	4564.758359
5.069690	454.630000	4564.788481
5.069241	454.633000	4564.818603
5.068792	454.636000	4564.848725
5.068343	454.639000	4564.878847
5.067894	454.642000	4564.908969
5.067445	454.645000	4564.939091
5.066997	454.648000	4564.969213
5.066548	454.651000	4564.999335
5.066099	454.654000	4565.029457
5.065650	454.657000	4565.059579
5.065201	454.660000	4565.089701
5.064751	454.663000	4565.119823
5.064302	454.666000	4565.149945
5.063853	454.669000	4565.180067
5.063404	454.672000	4565.210189
5.062955	454.675000	4565.240311
5.062506	454.678000	4565.270433
5.062056	454.681000	4565.300555
5.061607	454.684000	4565.330677
5.061158	454.687000	4565.360799
5.060708	454.690000	4565.390921
5.060259	454.693000	4565.421043
5.059810	454.696000	4565.451165
5.059360	454.699000	4565.481287
5.058911	454.702000	4565.511409
5.058461	454.705000	4565.541531
5.058012	454.708000	4565.571653
5.057562	454.711000	4565.601775
5.057112	454.714000	4565.631897
5.056663	454.717000	4565.662019
5.056213	454.720000	4565.692141
5.055763	454.723000	4565.722263
5.055314	454.726000	4565.752385
5.054864	454.729000	4565.782507
5.054414	454.732000	4565.812629
5.053964	454.735000	4565.842751
5.053514	454.738000	4565.872873
5.053065	454.741000	4565.902995
5.052615	454.744000	4565.933117
5.052165	454.747000	4565.963239
5.051715	454.750000	4565.993361
5.051265	454.753000	4566.023483
5.050815	454.756000	4566.053605
5.050365	454.759000	4566.083727
5.049915	454.762000	4566.113849
5.049464	454.765000	4566.143971
5.049014	454.768000	4566.174093
5.048564	454.771000	4566.204215
5.048114	454.774000	4566.234337
5.047664	454.777000	4566.264459
5.047213	454.780000	4566.294581
5.046763	454.783000	4566.324703
5.046313	454.786000	4566.354825
5.045862	454.789000	4566.384947
5.045412	454.792000	4566.415069
5.044961	454.795000	4566.445191
5.044511	454.798000	4566.475313
5.044060	454.801000	4566.505435
5.043610	454.804000	4566.535557
5.043159	454.807000	4566.565679
5.042709	454.810000	4566.595801
5.042258	454.813000	4566.625923
5.041808	454.816000	4566.656045
5.041357	454.819000	4566.686167
5.040906	454.822000	4566.716289
5.040455	454.825000	4566.746411
5.040005	454.828000	4566.776533
5.039554	454.831000	4566.806655
5.039103	454.834000	4566.836777
5.038652	454.837000	4566.866899
5.038201	454.840000	4566.897021
5.037750	454.843000	4566.927143
5.037299	454.846000	4566.957265
5.036848	454.849000	4566.987387
5.036397	454.852000	4567.017509
5.035946	454.855000	4567.047631
5.035495	454.858000	4567.077753
5.035044	454.861000	4567.107875
5.034593	454.864000	4567.137997
5.034142	454.867000	4567.168119
5.033691	454.870000	4567.198241
5.033239	454.873000	4567.228363
5.032788	454.876000	4567.258485
5.032337	454.879000	4567.288607
5.031885	454.882000	4567.318729
5.031434	454.885000	4567.348851
5.030983	454.888000	4567.378973
5.030531	454.891000	4567.409095
5.030080	454.894000	4567.439217
5.029628	454.897000	4567.469339
5.029177	454.900000	4567.499461
5.028725	454.903000	4567.529583
5.028274	454.906000	4567.559705
5.027822	454.909000	4567.589827
5.027370	454.912000	4567.619949
5.026919	454.915000	4567.650071
5.026467	454.918000	4567.680193
5.026015	454.921000	4567.710315
5.025563	454.924000	4567.740437
5.025112	454.927000	4567.770559
5.024660	454.930000	4567.800681
5.024208	454.933000	4567.830803
5.023756	454.936000	4567.860925
5.023304	454.939000	4567.891047
5.022852	454.942000	4567.921169
5.022400	454.945000	4567.951291
5.021948	454.948000	4567.981413
5.021496	454.951000	4568.011535
5.021044	454.954000	4568.041657
5.020592	454.957000	4568.071779
5.020140	454.960000	4568.101901
5.019688	454.963000	4568.132023
5.019235	454.966000	4568.162145
5.018783	454.969000	4568.192267
5.018331	454.972000	4568.222389
5.017879	454.975000	4568.252511
5.017426	454.978000	4568.282633
5.016974	454.981000	4568.312755
5.016521	454.984000	4568.342877
5.016069	454.987000	4568.372999
5.015617	454.990000	4568.403121
5.015164	454.993000	4568.433243
5.014712	454.996000	4568.463365
5.014259	454.999000	4568.493487
5.013806	455.002000	4568.523609
5.013354	455.005000	4568.553731
5.012901	455.008000	4568.583853
5.012449	455.011000	4568.613975
5.011996	455.014000	4568.644097
5.011543	455.017000	4568.674219
5.011090	455.020000	4568.704341
5.010638	455.023000	4568.734463
5.010185	455.026000	4568.764585
5.009732	455.029000	4568.794707
5.009279	455.032000	4568.824829
5.008826	455.035000	4568.854951
5.008373	455.038000	4568.885073
5.007920	455.041000	4568.915195
5.007467	455.044000	4568.945317
5.007014	455.047000	4568.975439
5.006561	455.050000	4569.005561
5.006108	455.053000	4569.035683
5.005655	455.056000	4569.065805
5.005201	455.059000	4569.095927
5.004748	455.062000	4569.126049
5.004295	455.065000	4569.156171
5.003842	455.068000	4569.186293
5.003388	455.071000	4569.216415
5.002935	455.074000	4569.246537
5.002482	455.077000	4569.276659
5.002028	455.080000	4569.306781
5.001575	455.083000	4569.336903
5.001121	455.086000	4569.367025
5.000668	455.089000	4569.397147
5.000214	455.092000	4569.427269
4.999761	455.095000	4569.457391
4.999307	455.098000	4569.487513
4.998854	455.101000	4569.517635
4.998400	455.104000	4569.547757
4.997946	455.107000	4569.577879
4.997493	455.110000	4569.608001
4.997039	455.113000	4569.638123
4.996585	455.116000	4569.668245
4.996131	455.119000	4569.698367
4.995677	455.122000	4569.728489
4.995223	455.125000	4569.758611
4.994770	455.128000	4569.788733
4.994316	455.131000	4569.818855
4.993862	455.134000	4569.848977
4.993408	455.137000	4569.879099
4.992954	455.140000	4569.909221
4.992500	455.143000	4569.939343
4.992045	455.146000	4569.969465
4.991591	455.149000	4569.999587
4.991137	455.152000	4570.029709
4.990683	455.155000	4570.059831
4.990229	455.158000	4570.089953
4.989775	455.161000	4570.120075
4.989320	455.164000	4570.150197
4.988866	455.167000	4570.180319
4.988412	455.170000	4570.210441
4.987957	455.173000	4570.240563
4.987503	455.176000	4570.270685
4.987048	455.179000	4570.300807
4.986594	455.182000	4570.330929
4.986139	455.185000	4570.361051
4.985685	455.188000	4570.391173
4.985230	455.191000	4570.421295
4.984776	455.194000	4570.451417
4.984321	455.197000	4570.481539
4.983866	455.200000	4570.511661
4.983412	455.203000	4570.541783
4.982957	455.206000	4570.571905
4.982502	455.209000	4570.602027
4.982047	455.212000	4570.632149
4.981593	455.215000	4570.662271
4.981138	455.218000	4570.692393
4.980683	455.221000	4570.722515
4.980228	455.224000	4570.752637
4.979773	455.227000	4570.782759
4.979318	455.230000	4570.812881
4.978863	455.233000	4570.843003
4.978408	455.236000	4570.873125
4.977953	455.239000	4570.903247
4.977498	455.242000	4570.933369
4.977043	455.245000	4570.963491
4.976587	455.248000	4570.993613
4.976132	455.251000	4571.023735
4.975677	455.254000	4571.053857
4.975222	455.257000	4571.083979
4.974766	455.260000	4571.114101
4.974311	455.263000	4571.144223
4.973856	455.266000	4571.174345
4.973400	455.269000	4571.204467
4.972945	455.272000	4571.234589
4.972489	455.275000	4571.264711
4.972034	455.278000	4571.294833
4.971578	455.281000	4571.324955
4.971123	455.284000	4571.355077
4.970667	455.287000	4571.385199
4.970211	455.290000	4571.415321
4.969756	455.293000	4571.445443
4.969300	455.296000	4571.475565
4.968844	455.299000	4571.505687
4.968389	455.302000	4571.535809
4.967933	455.305000	4571.565931
4.967477	455.308000	4571.596053
4.967021	455.311000	4571.626175
4.966565	455.314000	4571.656297
4.966109	455.317000	4571.686419
4.965653	455.320000	4571.716541
4.965197	455.323000	4571.746663
4.964741	455.326000	4571.776785
4.964285	455.329000	4571.806907
4.963829	455.332000	4571.837029
4.963373	455.335000	4571.867151
4.962917	455.338000	4571.897273
4.962461	455.341000	4571.927395
4.962005	455.344000	4571.957517
4.961549	455.347000	4571.987639
4.961092	455.350000	4572.017761
4.960636	455.353000	4572.047883
4.960180	455.356000	4572.078005
4.959723	455.359000	4572.108127
4.959267	455.362000	4572.138249
4.958810	455.365000	4572.168371
4.958354	455.368000	4572.198493
4.957897	455.371000	4572.228615
4.957441	455.374000	4572.258737
4.956984	455.377000	4572.288859
4.956528	455.380000	4572.318981
4.956071	455.383000	4572.349103
4.955615	455.386000	4572.379225
4.955158	455.389000	4572.409347
4.954701	455.392000	4572.439469
4.954244	455.395000	4572.469591
4.953788	455.398000	4572.499713
4.953331	455.401000	4572.529835
4.952874	455.404000	4572.559957
4.952417	455.407000	4572.590079
4.951960	455.410000	4572.620201
4.951503	455.413000	4572.650323
4.951046	455.416000	4572.680445
4.950589	455.419000	4572.710567
4.950132	455.422000	4572.740689
4.949675	455.425000	4572.770811
4.949218	455.428000	4572.800933
4.948761	455.431000	4572.831055
4.948304	455.434000	4572.861177
4.947846	455.437000	4572.891299
4.947389	455.440000	4572.921421
4.946932	455.443000	4572.951543
4.946475	455.446000	4572.981665
4.946017	455.449000	4573.011787
4.945560	455.452000	4573.041909
4.945103	455.455000	4573.072031
4.944645	455.458000	4573.102153
4.944188	455.461000	4573.132275
4.943730	455.464000	4573.162397
4.943273	455.467000	4573.192519
4.942815	455.470000	4573.222641
4.942357	455.473000	4573.252763
4.941900	455.476000	4573.282885
4.941442	455.479000	4573.313007
4.940985	455.482000	4573.343129
4.940527	455.485000	4573.373251
4.940069	455.488000	4573.403373
4.939611	455.491000	4573.433495
4.939153	455.494000	4573.463617
4.938696	455.497000	4573.493739
4.938238	455.500000	4573.523861
4.937780	455.503000	4573.553983
4.937322	455.506000	4573.584105
4.936864	455.509000	4573.614227
4.936406	455.512000	4573.644349
4.935948	455.515000	4573.674471
4.935490	455.518000	4573.704593
4.935032	455.521000	4573.734715
4.934573	455.524000	4573.764837
4.934115	455.527000	4573.794959
4.933657	455.530000	4573.825081
4.933199	455.533000	4573.855203
4.932741	455.536000	4573.885325
4.932282	455.539000	4573.915447
4.931824	455.542000	4573.945569
4.931365	455.545000	4573.975691
4.930907	455.548000	4574.005813
4.930449	455.551000	4574.035935
4.929990	455.554000	4574.066057
4.929532	455.557000	4574.096179
4.929073	455.560000	4574.126301
4.928615	455.563000	4574.156423
4.928156	455.566000	4574.186545
4.927697	455.569000	4574.216667
4.927239	455.572000	4574.246789
4.926780	455.575000	4574.276911
4.926321	455.578000	4574.307033
4.925862	455.581000	4574.337155
4.925404	455.584000	4574.367277
4.924945	455.587000	4574.397399
4.924486	455.590000	4574.427521
4.924027	455.593000	4574.457643
4.923568	455.596000	4574.487765
4.923109	455.599000	4574.517887
4.922650	455.602000	4574.548009
4.922191	455.605000	4574.578131
4.921732	455.608000	4574.608253
4.921273	455.611000	4574.638375
4.920814	455.614000	4574.668497
4.920355	455.617000	4574.698619
4.919895	455.620000	4574.728741
4.919436	455.623000	4574.758863
4.918977	455.626000	4574.788985
4.918518	455.629000	4574.819107
4.918058	455.632000	4574.849229
4.917599	455.635000	4574.879351
4.917140	455.638000	4574.909473
4.916680	455.641000	4574.939595
4.916221	455.644000	4574.969717
4.915761	455.647000	4574.999839
4.915302	455.650000	4575.029961
4.914842	455.653000	4575.060083
4.914383	455.656000	4575.090205
4.913923	455.659000	4575.120327
4.913463	455.662000	4575.150449
4.913004	455.665000	4575.180572
4.912544	455.668000	4575.210694
4.912084	455.671000	4575.240816
4.911624	455.674000	4575.270938
4.911165	455.677000	4575.301060
4.910705	455.680000	4575.331182
4.910245	455.683000	4575.361304
4.909785	455.686000	4575.391426
4.909325	455.689000	4575.421548
4.908865	455.692000	4575.451670
4.908405	455.695000	4575.481792
4.907945	455.698000	4575.511914
4.907485	455.701000	4575.542036
4.907025	455.704000	4575.572158
4.906565	455.707000	4575.602280
4.906104	455.710000	4575.632402
4.905644	455.713000	4575.662524
4.905184	455.716000	4575.692646
4.904724	455.719000	4575.722768
4.904263	455.722000	4575.752890
4.903803	455.725000	4575.783012
4.903343	455.728000	4575.813134
4.902882	455.731000	4575.843256
4.902422	455.734000	4575.873378
4.901961	455.737000	4575.903500
4.901501	455.740000	4575.933622
4.901040	455.743000	4575.963744
4.900580	455.746000	4575.993866
4.900119	455.749000	4576.023988
4.899658	455.752000	4576.054110
4.899198	455.755000	4576.084232
4.898737	455.758000	4576.114354
4.898276	455.761000	4576.144476
4.897815	455.764000	4576.174598
4.897355	455.767000	4576.204720
4.896894	455.770000	4576.234842
4.896433	455.773000	4576.264964
4.895972	455.776000	4576.295086
4.895511	455.779000	4576.325208
4.895050	455.782000	4576.355330
4.894589	455.785000	4576.385452
4.894128	455.788000	4576.415574
4.893667	455.791000	4576.445696
4.893206	455.794000	4576.475818
4.892745	455.797000	4576.505940
4.892284	455.800000	4576.536062
4.891822	455.803000	4576.566184
4.891361	455.806000	4576.596306
4.890900	455.809000	4576.626428
4.890439	455.812000	4576.656550
4.889977	455.815000	4576.686672
4.889516	455.818000	4576.716794
4.889054	455.821000	4576.746916
4.888593	455.824000	4576.777038
4.888131	455.827000	4576.807160
4.887670	455.830000	4576.837282
4.887208	455.833000	4576.867404
4.886747	455.836000	4576.897526
4.886285	455.839000	4576.927648
4.885824	455.842000	4576.957770
4.885362	455.845000	4576.987892
4.884900	455.848000	4577.018014
4.884438	455.851000	4577.048136
4.883977	455.854000	4577.078258
4.883515	455.857000	4577.108380
4.883053	455.860000	4577.138502
4.882591	455.863000	4577.168624
4.882129	455.866000	4577.198746
4.881667	455.869000	4577.228868
4.881205	455.872000	4577.258990
4.880743	455.875000	4577.289112
4.880281	455.878000	4577.319234
4.879819	455.881000	4577.349356
4.879357	455.884000	4577.379478
4.878895	455.887000	4577.409600
4.878433	455.890000	4577.439722
4.877971	455.893000	4577.469844
4.877508	455.896000	4577.499966
4.877046	455.899000	4577.530088
4.876584	455.902000	4577.560210
4.876121	455.905000	4577.590332
4.875659	455.908000	4577.620454
4.875197	455.911000	4577.650576
4.874734	455.914000	4577.680698
4.874272	455.917000	4577.710820
4.873809	455.920000	4577.740942
4.873347	455.923000	4577.771064
4.872884	455.926000	4577.801186
4.872421	455.929000	4577.831308
4.871959	455.932000	4577.861430
4.871496	455.935000	4577.891552
4.871033	455.938000	4577.921674
4.870571	455.941000	4577.951796
4.870108	455.944000	4577.981918
4.869645	455.947000	4578.012040
4.869182	455.950000	4578.042162
4.868719	455.953000	4578.072284
4.868256	455.956000	4578.102406
4.867793	455.959000	4578.132528
4.867330	455.962000	4578.162650
4.866867	455.965000	4578.192772
4.866404	455.968000	4578.222894
4.865941	455.971000	4578.253016
4.865478	455.974000	4578.283138
4.865015	455.977000	4578.313260
4.864552	455.980000	4578.343382
4.864089	455.983000	4578.373504
4.863625	455.986000	4578.403626
4.863162	455.989000	4578.433748
4.862699	455.992000	4578.463870
4.862235	455.995000	4578.493992
4.861772	455.998000	4578.524114
4.861308	456.001000	4578.554236
4.860845	456.004000	4578.584358
4.860382	456.007000	4578.614480
4.859918	456.010000	4578.644602
4.859454	456.013000	4578.674724
4.858991	456.016000	4578.704846
4.858527	456.019000	4578.734968
4.858064	456.022000	4578.765090
4.857600	456.025000	4578.795212
4.857136	456.028000	4578.825334
4.856672	456.031000	4578.855456
4.856209	456.034000	4578.885578
4.855745	456.037000	4578.915700
4.855281	456.040000	4578.945822
4.854817	456.043000	4578.975944
4.854353	456.046000	4579.006066
4.853889	456.049000	4579.036188
4.853425	456.052000	4579.066310
4.852961	456.055000	4579.096432
4.852497	456.058000	4579.126554
4.852033	456.061000	4579.156676
4.851569	456.064000	4579.186798
4.851105	456.067000	4579.216920
4.850640	456.070000	4579.247042
4.850176	456.073000	4579.277164
4.849712	456.076000	4579.307286
4.849248	456.079000	4579.337408
4.848783	456.082000	4579.367530
4.848319	456.085000	4579.397652
4.847854	456.088000	4579.427774
4.847390	456.091000	4579.457896
4.846926	456.094000	4579.488018
4.846461	456.097000	4579.518140
4.845996	456.100000	4579.548262
4.845532	456.103000	4579.578384
4.845067	456.106000	4579.608506
4.844603	456.109000	4579.638628
4.844138	456.112000	4579.668750
4.843673	456.115000	4579.698872
4.843208	456.118000	4579.728994
4.842744	456.121000	4579.759116
4.842279	456.124000	4579.789238
4.841814	456.127000	4579.819360
4.841349	456.130000	4579.849482
4.840884	456.133000	4579.879604
4.840419	456.136000	4579.909726
4.839954	456.139000	4579.939848
4.839489	456.142000	4579.969970
4.839024	456.145000	4580.000092
4.838559	456.148000	4580.030214
4.838094	456.151000	4580.060336
4.837629	456.154000	4580.090458
4.837164	456.157000	4580.120580
4.836698	456.160000	4580.150702
4.836233	456.163000	4580.180824
4.835768	456.166000	4580.210946
4.835303	456.169000	4580.241068
4.834837	456.172000	4580.271190
4.834372	456.175000	4580.301312
4.833906	456.178000	4580.331434
4.833441	456.181000	4580.361556
4.832975	456.184000	4580.391678
4.832510	456.187000	4580.421800
4.832044	456.190000	4580.451922
4.831579	456.193000	4580.482044
4.831113	456.196000	4580.512166
4.830647	456.199000	4580.542288
4.830182	456.202000	4580.572410
4.829716	456.205000	4580.602532
4.829250	456.208000	4580.632654
4.828784	456.211000	4580.662776
4.828318	456.214000	4580.692898
4.827853	456.217000	4580.723020
4.827387	456.220000	4580.753142
4.826921	456.223000	4580.783264
4.826455	456.226000	4580.813386
4.825989	456.229000	4580.843508
4.825523	456.232000	4580.873630
4.825057	456.235000	4580.903752
4.824590	456.238000	4580.933874
4.824124	456.241000	4580.963996
4.823658	456.244000	4580.994118
4.823192	456.247000	4581.024240
4.822726	456.250000	4581.054362
4.822259	456.253000	4581.084484
4.821793	456.256000	4581.114606
4.821327	456.259000	4581.144728
4.820860	456.262000	4581.174850
4.820394	456.265000	4581.204972
4.819927	456.268000	4581.235094
4.819461	456.271000	4581.265216
4.818994	456.274000	4581.295338
4.818528	456.277000	4581.325460
4.818061	456.280000	4581.355582
4.817595	456.283000	4581.385704
4.817128	456.286000	4581.415826
4.816661	456.289000	4581.445948
4.816194	456.292000	4581.476070
4.815728	456.295000	4581.506192
4.815261	456.298000	4581.536314
4.814794	456.301000	4581.566436
4.814327	456.304000	4581.596558
4.813860	456.307000	4581.626680
4.813393	456.310000	4581.656802
4.812926	456.313000	4581.686924
4.812459	456.316000	4581.717046
4.811992	456.319000	4581.747168
4.811525	456.322000	4581.777290
4.811058	456.325000	4581.807412
4.810591	456.328000	4581.837534
4.810124	456.331000	4581.867656
4.809656	456.334000	4581.897778
4.809189	456.337000	4581.927900
4.808722	456.340000	4581.958022
4.808255	456.343000	4581.988144
4.807787	456.346000	4582.018266
4.807320	456.349000	4582.048388
4.806852	456.352000	4582.078510
4.806385	456.355000	4582.108632
4.805917	456.358000	4582.138754
4.805450	456.361000	4582.168876
4.804982	456.364000	4582.198998
4.804515	456.367000	4582.229120
4.804047	456.370000	4582.259242
4.803579	456.373000	4582.289364
4.803112	456.376000	4582.319486
4.802644	456.379000	4582.349608
4.802176	456.382000	4582.379730
4.801708	456.385000	4582.409852
4.801240	456.388000	4582.439974
4.800773	456.391000	4582.470096
4.800305	456.394000	4582.500218
4.799837	456.397000	4582.530340
4.799369	456.400000	4582.560462
4.798901	456.403000	4582.590584
4.798433	456.406000	4582.620706
4.797964	456.409000	4582.650828
4.797496	456.412000	4582.680950
4.797028	456.415000	4582.711072
4.796560	456.418000	4582.741194
4.796092	456.421000	4582.771316
4.795623	456.424000	4582.801438
4.795155	456.427000	4582.831560
4.794687	456.430000	4582.861682
4.794218	456.433000	4582.891804
4.793750	456.436000	4582.921926
4.793282	456.439000	4582.952048
4.792813	456.442000	4582.982170
4.792345	456.445000	4583.012292
4.791876	456.448000	4583.042414
4.791407	456.451000	4583.072536
4.790939	456.454000	4583.102658
4.790470	456.457000	4583.132780
4.790002	456.460000	4583.162902
4.789533	456.463000	4583.193024
4.789064	456.466000	4583.223146
4.788595	456.469000	4583.253268
4.788126	456.472000	4583.283390
4.787658	456.475000	4583.313512
4.787189	456.478000	4583.343634
4.786720	456.481000	4583.373756
4.786251	456.484000	4583.403878
4.785782	456.487000	4583.434000
4.785313	456.490000	4583.464122
4.784844	456.493000	4583.494244
4.784374	456.496000	4583.524366
4.783905	456.499000	4583.554488
4.783436	456.502000	4583.584610
4.782967	456.505000	4583.614732
4.782498	456.508000	4583.644854
4.782028	456.511000	4583.674976
4.781559	456.514000	4583.705098
4.781090	456.517000	4583.735220
4.780620	456.520000	4583.765342
4.780151	456.523000	4583.795464
4.779681	456.526000	4583.825586
4.779212	456.529000	4583.855708
4.778742	456.532000	4583.885830
4.778273	456.535000	4583.915952
4.777803	456.538000	4583.946074
4.777334	456.541000	4583.976196
4.776864	456.544000	4584.006318
4.776394	456.547000	4584.036440
4.775924	456.550000	4584.066562
4.775455	456.553000	4584.096684
4.774985	456.556000	4584.126806
4.774515	456.559000	4584.156928
4.774045	456.562000	4584.187050
4.773575	456.565000	4584.217172
4.773105	456.568000	4584.247294
4.772635	456.571000	4584.277416
4.772165	456.574000	4584.307538
4.771695	456.577000	4584.337660
4.771225	456.580000	4584.367782
4.770755	456.583000	4584.397904
4.770285	456.586000	4584.428026
4.769815	456.589000	4584.458148
4.769344	456.592000	4584.488270
4.768874	456.595000	4584.518392
4.768404	456.598000	4584.548514
4.767933	456.601000	4584.578636
4.767463	456.604000	4584.608758
4.766993	456.607000	4584.638880
4.766522	456.610000	4584.669002
4.766052	456.613000	4584.699124
4.765581	456.616000	4584.729246
4.765111	456.619000	4584.759368
4.764640	456.622000	4584.789490
4.764169	456.625000	4584.819612
4.763699	456.628000	4584.849734
4.763228	456.631000	4584.879856
4.762757	456.634000	4584.909978
4.762286	456.637000	4584.940100
4.761816	456.640000	4584.970222
4.761345	456.643000	4585.000344
4.760874	456.646000	4585.030466
4.760403	456.649000	4585.060588
4.759932	456.652000	4585.090710
4.759461	456.655000	4585.120832
4.758990	456.658000	4585.150954
4.758519	456.661000	4585.181076
4.758048	456.664000	4585.211198
4.757577	456.667000	4585.241320
4.757106	456.670000	4585.271442
4.756634	456.673000	4585.301564
4.756163	456.676000	4585.331686
4.755692	456.679000	4585.361808
4.755221	456.682000	4585.391930
4.754749	456.685000	4585.422052
4.754278	456.688000	4585.452174
4.753807	456.691000	4585.482296
4.753335	456.694000	4585.512418
4.752864	456.697000	4585.542540
4.752392	456.700000	4585.572662
4.751920	456.703000	4585.602784
4.751449	456.706000	4585.632906
4.750977	456.709000	4585.663028
4.750506	456.712000	4585.693150
4.750034	456.715000	4585.723272
4.749562	456.718000	4585.753394
4.749090	456.721000	4585.783516
4.748619	456.724000	4585.813638
4.748147	456.727000	4585.843760
4.747675	456.730000	4585.873882
4.747203	456.733000	4585.904004
4.746731	456.736000	4585.934126
4.746259	456.739000	4585.964248
4.745787	456.742000	4585.994370
4.745315	456.745000	4586.024492
4.744843	456.748000	4586.054614
4.744371	456.751000	4586.084736
4.743899	456.754000	4586.114858
4.743426	456.757000	4586.144980
4.742954	456.760000	4586.175102
4.742482	456.763000	4586.205224
4.742010	456.766000	4586.235346
4.741537	456.769000	4586.265468
4.741065	456.772000	4586.295590
4.740592	456.775000	4586.325712
4.740120	456.778000	4586.355834
4.739647	456.781000	4586.385956
4.739175	456.784000	4586.416078
4.738702	456.787000	4586.446200
4.738230	456.790000	4586.476322
4.737757	456.793000	4586.506444
4.737285	456.796000	4586.536566
4.736812	456.799000	4586.566688
4.736339	456.802000	4586.596810
4.735866	456.805000	4586.626932
4.735393	456.808000	4586.657054
4.734921	456.811000	4586.687176
4.734448	456.814000	4586.717298
4.733975	456.817000	4586.747420
4.733502	456.820000	4586.777542
4.733029	456.823000	4586.807664
4.732556	456.826000	4586.837786
4.732083	456.829000	4586.867908
4.731610	456.832000	4586.898030
4.731137	456.835000	4586.928152
4.730663	456.838000	4586.958274
4.730190	456.841000	4586.988396
4.729717	456.844000	4587.018518
4.729244	456.847000	4587.048640
4.728770	456.850000	4587.078762
4.728297	456.853000	4587.108884
4.727824	456.856000	4587.139006
4.727350	456.859000	4587.169128
4.726877	456.862000	4587.199250
4.726403	456.865000	4587.229372
4.725930	456.868000	4587.259494
4.725456	456.871000	4587.289616
4.724982	456.874000	4587.319738
4.724509	456.877000	4587.349860
4.724035	456.880000	4587.379982
4.723561	456.883000	4587.410104
4.723088	456.886000	4587.440226
4.722614	456.889000	4587.470348
4.722140	456.892000	4587.500470
4.721666	456.895000	4587.530592
4.721192	456.898000	4587.560714
4.720718	456.901000	4587.590836
4.720244	456.904000	4587.620958
4.719770	456.907000	4587.651080
4.719296	456.910000	4587.681202
4.718822	456.913000	4587.711324
4.718348	456.916000	4587.741446
4.717874	456.919000	4587.771568
4.717400	456.922000	4587.801690
4.716926	456.925000	4587.831812
4.716451	456.928000	4587.861934
4.715977	456.931000	4587.892056
4.715503	456.934000	4587.922178
4.715028	456.937000	4587.952300
4.714554	456.940000	4587.982422
4.714080	456.943000	4588.012544
4.713605	456.946000	4588.042666
4.713131	456.949000	4588.072788
4.712656	456.952000	4588.102910
4.712181	456.955000	4588.133032
4.711707	456.958000	4588.163154
4.711232	456.961000	4588.193276
4.710757	456.964000	4588.223398
4.710283	456.967000	4588.253520
4.709808	456.970000	4588.283642
4.709333	456.973000	4588.313764
4.708858	456.976000	4588.343886
4.708383	456.979000	4588.374008
4.707908	456.982000	4588.404130
4.707434	456.985000	4588.434252
4.706959	456.988000	4588.464374
4.706484	456.991000	4588.494496
4.706008	456.994000	4588.524618
4.705533	456.997000	4588.554740
4.705058	457.000000	4588.584862
4.704583	457.003000	4588.614984
4.704108	457.006000	4588.645106
4.703633	457.009000	4588.675228
4.703157	457.012000	4588.705350
4.702682	457.015000	4588.735472
4.702207	457.018000	4588.765594
4.701731	457.021000	4588.795716
4.701256	457.024000	4588.825838
4.700780	457.027000	4588.855960
4.700305	457.030000	4588.886082
4.699829	457.033000	4588.916204
4.699354	457.036000	4588.946326
4.698878	457.039000	4588.976448
4.698402	457.042000	4589.006570
4.697927	457.045000	4589.036692
4.697451	457.048000	4589.066814
4.696975	457.051000	4589.096936
4.696500	457.054000	4589.127058
4.696024	457.057000	4589.157180
4.695548	457.060000	4589.187302
4.695072	457.063000	4589.217424
4.694596	457.066000	4589.247546
4.694120	457.069000	4589.277668
4.693644	457.072000	4589.307790
4.693168	457.075000	4589.337912
4.692692	457.078000	4589.368034
4.692216	457.081000	4589.398156
4.691740	457.084000	4589.428278
4.691263	457.087000	4589.458400
4.690787	457.090000	4589.488522
4.690311	457.093000	4589.518644
4.689835	457.096000	4589.548766
4.689358	457.099000	4589.578888
4.688882	457.102000	4589.609010
4.688405	457.105000	4589.639132
4.687929	457.108000	4589.669254
4.687452	457.111000	4589.699376
4.686976	457.114000	4589.729498
4.686499	457.117000	4589.759620
4.686023	457.120000	4589.789742
4.685546	457.123000	4589.819864
4.685069	457.126000	4589.849986
4.684593	457.129000	4589.880108
4.684116	457.132000	4589.910230
4.683639	457.135000	4589.940352
4.683162	457.138000	4589.970474
4.682685	457.141000	4590.000596
4.682209	457.144000	4590.030718
4.681732	457.147000	4590.060840
4.681255	457.150000	4590.090962
4.680778	457.153000	4590.121084
4.680301	457.156000	4590.151206
4.679823	457.159000	4590.181328
4.679346	457.162000	4590.211450
4.678869	457.165000	4590.241572
4.678392	457.168000	4590.271694
4.677915	457.171000	4590.301816
4.677438	457.174000	4590.331938
4.676960	457.177000	4590.362060
4.676483	457.180000	4590.392182
4.676005	457.183000	4590.422304
4.675528	457.186000	4590.452426
4.675051	457.189000	4590.482548
4.674573	457.192000	4590.512670
4.674096	457.195000	4590.542792
4.673618	457.198000	4590.572914
4.673140	457.201000	4590.603036
4.672663	457.204000	4590.633158
4.672185	457.207000	4590.663280
4.671707	457.210000	4590.693402
4.671230	457.213000	4590.723524
4.670752	457.216000	4590.753646
4.670274	457.219000	4590.783768
4.669796	457.222000	4590.813890
4.669318	457.225000	4590.844012
4.668840	457.228000	4590.874134
4.668362	457.231000	4590.904256
4.667884	457.234000	4590.934378
4.667406	457.237000	4590.964500
4.666928	457.240000	4590.994622
4.666450	457.243000	4591.024744
4.665972	457.246000	4591.054866
4.665494	457.249000	4591.084988
4.665015	457.252000	4591.115110
4.664537	457.255000	4591.145232
4.664059	457.258000	4591.175354
4.663580	457.261000	4591.205476
4.663102	457.264000	4591.235598
4.662624	457.267000	4591.265720
4.662145	457.270000	4591.295842
4.661667	457.273000	4591.325964
4.661188	457.276000	4591.356086
4.660710	457.279000	4591.386208
4.660231	457.282000	4591.416330
4.659752	457.285000	4591.446452
4.659274	457.288000	4591.476574
4.658795	457.291000	4591.506696
4.658316	457.294000	4591.536818
4.657837	457.297000	4591.566940
4.657358	457.300000	4591.597062
4.656880	457.303000	4591.627184
4.656401	457.306000	4591.657306
4.655922	457.309000	4591.687428
4.655443	457.312000	4591.717550
4.654964	457.315000	4591.747672
4.654485	457.318000	4591.777794
4.654006	457.321000	4591.807916
4.653526	457.324000	4591.838038
4.653047	457.327000	4591.868160
4.652568	457.330000	4591.898282
4.652089	457.333000	4591.928404
4.651609	457.336000	4591.958526
4.651130	457.339000	4591.988648
4.650651	457.342000	4592.018770
4.650171	457.345000	4592.048892
4.649692	457.348000	4592.079014
4.649212	457.351000	4592.109136
4.648733	457.354000	4592.139258
4.648253	457.357000	4592.169380
4.647774	457.360000	4592.199502
4.647294	457.363000	4592.229624
4.646814	457.366000	4592.259746
4.646335	457.369000	4592.289868
4.645855	457.372000	4592.319990
4.645375	457.375000	4592.350112
4.644895	457.378000	4592.380234
4.644416	457.381000	4592.410356
4.643936	457.384000	4592.440478
4.643456	457.387000	4592.470600
4.642976	457.390000	4592.500722
4.642496	457.393000	4592.530844
4.642016	457.396000	4592.560966
4.641536	457.399000	4592.591088
4.641056	457.402000	4592.621210
4.640575	457.405000	4592.651332
4.640095	457.408000	4592.681454
4.639615	457.411000	4592.711576
4.639135	457.414000	4592.741698
4.638654	457.417000	4592.771820
4.638174	457.420000	4592.801942
4.637694	457.423000	4592.832064
4.637213	457.426000	4592.862186
4.636733	457.429000	4592.892308
4.636252	457.432000	4592.922430
4.635772	457.435000	4592.952552
4.635291	457.438000	4592.982674
4.634811	457.441000	4593.012796
4.634330	457.444000	4593.042918
4.633849	457.447000	4593.073040
4.633368	457.450000	4593.103162
4.632888	457.453000	4593.133284
4.632407	457.456000	4593.163406
4.631926	457.459000	4593.193528
4.631445	457.462000	4593.223650
4.630964	457.465000	4593.253772
4.630483	457.468000	4593.283894
4.630002	457.471000	4593.314016
4.629521	457.474000	4593.344138
4.629040	457.477000	4593.374260
4.628559	457.480000	4593.404382
4.628078	457.483000	4593.434504
4.627597	457.486000	4593.464626
4.627116	457.489000	4593.494748
4.626634	457.492000	4593.524870
4.626153	457.495000	4593.554992
4.625672	457.498000	4593.585114
4.625190	457.501000	4593.615236
4.624709	457.504000	4593.645358
4.624227	457.507000	4593.675480
4.623746	457.510000	4593.705602
4.623264	457.513000	4593.735724
4.622783	457.516000	4593.765846
4.622301	457.519000	4593.795968
4.621820	457.522000	4593.826090
4.621338	457.525000	4593.856212
4.620856	457.528000	4593.886334
4.620374	457.531000	4593.916456
4.619893	457.534000	4593.946578
4.619411	457.537000	4593.976700
4.618929	457.540000	4594.006822
4.618447	457.543000	4594.036944
4.617965	457.546000	4594.067066
4.617483	457.549000	4594.097188
4.617001	457.552000	4594.127310
4.616519	457.555000	4594.157432
4.616037	457.558000	4594.187554
4.615555	457.561000	4594.217676
4.615073	457.564000	4594.247798
4.614590	457.567000	4594.277920
4.614108	457.570000	4594.308042
4.613626	457.573000	4594.338164
4.613144	457.576000	4594.368286
4.612661	457.579000	4594.398408
4.612179	457.582000	4594.428530
4.611696	457.585000	4594.458652
4.611214	457.588000	4594.488774
4.610731	457.591000	4594.518896
4.610249	457.594000	4594.549018
4.609766	457.597000	4594.579140
4.609284	457.600000	4594.609262
4.608801	457.603000	4594.639384
4.608318	457.606000	4594.669506
4.607835	457.609000	4594.699628
4.607353	457.612000	4594.729750
4.606870	457.615000	4594.759872
4.606387	457.618000	4594.789994
4.605904	457.621000	4594.820116
4.605421	457.624000	4594.850238
4.604938	457.627000	4594.880360
4.604455	457.630000	4594.910482
4.603972	457.633000	4594.940604
4.603489	457.636000	4594.970726
4.603006	457.639000	4595.000848
4.602523	457.642000	4595.030970
4.602039	457.645000	4595.061092
4.601556	457.648000	4595.091214
4.601073	457.651000	4595.121336
4.600589	457.654000	4595.151458
4.600106	457.657000	4595.181580
4.599623	457.660000	4595.211702
4.599139	457.663000	4595.241824
4.598656	457.666000	4595.271946
4.598172	457.669000	4595.302068
4.597689	457.672000	4595.332190
4.597205	457.675000	4595.362312
4.596721	457.678000	4595.392434
4.596238	457.681000	4595.422556
4.595754	457.684000	4595.452678
4.595270	457.687000	4595.482800
4.594786	457.690000	4595.512922
4.594303	457.693000	4595.543044
4.593819	457.696000	4595.573166
4.593335	457.699000	4595.603288
4.592851	457.702000	4595.633410
4.592367	457.705000	4595.663532
4.591883	457.708000	4595.693654
4.591399	457.711000	4595.723776
4.590915	457.714000	4595.753898
4.590431	457.717000	4595.784020
4.589946	457.720000	4595.814142
4.589462	457.723000	4595.844264
4.588978	457.726000	4595.874386
4.588494	457.729000	4595.904508
4.588009	457.732000	4595.934630
4.587525	457.735000	4595.964752
4.587040	457.738000	4595.994874
4.586556	457.741000	4596.024996
4.586072	457.744000	4596.055118
4.585587	457.747000	4596.085240
4.585102	457.750000	4596.115362
4.584618	457.753000	4596.145484
4.584133	457.756000	4596.175606
4.583648	457.759000	4596.205728
4.583164	457.762000	4596.235850
4.582679	457.765000	4596.265972
4.582194	457.768000	4596.296094
4.581709	457.771000	4596.326216
4.581224	457.774000	4596.356338
4.580740	457.777000	4596.386460
4.580255	457.780000	4596.416582
4.579770	457.783000	4596.446704
4.579285	457.786000	4596.476826
4.578799	457.789000	4596.506948
4.578314	457.792000	4596.537070
4.577829	457.795000	4596.567192
4.577344	457.798000	4596.597314
4.576859	457.801000	4596.627436
4.576373	457.804000	4596.657558
4.575888	457.807000	4596.687680
4.575403	457.810000	4596.717802
4.574917	457.813000	4596.747924
4.574432	457.816000	4596.778046
4.573946	457.819000	4596.808168
4.573461	457.822000	4596.838290
4.572975	457.825000	4596.868412
4.572490	457.828000	4596.898534
4.572004	457.831000	4596.928656
4.571519	457.834000	4596.958778
4.571033	457.837000	4596.988900
4.570547	457.840000	4597.019022
4.570061	457.843000	4597.049144
4.569575	457.846000	4597.079266
4.569090	457.849000	4597.109388
4.568604	457.852000	4597.139510
4.568118	457.855000	4597.169632
4.567632	457.858000	4597.199754
4.567146	457.861000	4597.229876
4.566660	457.864000	4597.259998
4.566174	457.867000	4597.290120
4.565687	457.870000	4597.320242
4.565201	457.873000	4597.350364
4.564715	457.876000	4597.380486
4.564229	457.879000	4597.410608
4.563743	457.882000	4597.440730
4.563256	457.885000	4597.470852
4.562770	457.888000	4597.500974
4.562283	457.891000	4597.531096
4.561797	457.894000	4597.561218
4.561310	457.897000	4597.591340
4.560824	457.900000	4597.621462
4.560337	457.903000	4597.651584
4.559851	457.906000	4597.681706
4.559364	457.909000	4597.711828
4.558877	457.912000	4597.741950
4.558391	457.915000	4597.772072
4.557904	457.918000	4597.802194
4.557417	457.921000	4597.832316
4.556930	457.924000	4597.862438
4.556443	457.927000	4597.892560
4.555956	457.930000	4597.922682
4.555469	457.933000	4597.952804
4.554982	457.936000	4597.982926
4.554495	457.939000	4598.013048
4.554008	457.942000	4598.043170
4.553521	457.945000	4598.073292
4.553034	457.948000	4598.103414
4.552547	457.951000	4598.133536
4.552060	457.954000	4598.163658
4.551572	457.957000	4598.193780
4.551085	457.960000	4598.223902
4.550598	457.963000	4598.254024
4.550110	457.966000	4598.284146
4.549623	457.969000	4598.314268
4.549135	457.972000	4598.344390
4.548648	457.975000	4598.374512
4.548160	457.978000	4598.404634
4.547673	457.981000	4598.434756
4.547185	457.984000	4598.464878
4.546697	457.987000	4598.495000
4.546210	457.990000	4598.525122
4.545722	457.993000	4598.555244
4.545234	457.996000	4598.585366
4.544746	457.999000	4598.615488
4.544258	458.002000	4598.645610
4.543770	458.005000	4598.675733
4.543282	458.008000	4598.705855
4.542794	458.011000	4598.735977
4.542306	458.014000	4598.766099
4.541818	458.017000	4598.796221
4.541330	458.020000	4598.826343
4.540842	458.023000	4598.856465
4.540354	458.026000	4598.886587
4.539866	458.029000	4598.916709
4.539377	458.032000	4598.946831
4.538889	458.035000	4598.976953
4.538401	458.038000	4599.007075
4.537912	458.041000	4599.037197
4.537424	458.044000	4599.067319
4.536935	458.047000	4599.097441
4.536447	458.050000	4599.127563
4.535958	458.053000	4599.157685
4.535470	458.056000	4599.187807
4.534981	458.059000	4599.217929
4.534492	458.062000	4599.248051
4.534004	458.065000	4599.278173
4.533515	458.068000	4599.308295
4.533026	458.071000	4599.338417
4.532537	458.074000	4599.368539
4.532048	458.077000	4599.398661
4.531559	458.080000	4599.428783
4.531070	458.083000	4599.458905
4.530581	458.086000	4599.489027
4.530092	458.089000	4599.519149
4.529603	458.092000	4599.549271
4.529114	458.095000	4599.579393
4.528625	458.098000	4599.609515
4.528136	458.101000	4599.639637
4.527647	458.104000	4599.669759
4.527157	458.107000	4599.699881
4.526668	458.110000	4599.730003
4.526179	458.113000	4599.760125
4.525689	458.116000	4599.790247
4.525200	458.119000	4599.820369
4.524710	458.122000	4599.850491
4.524221	458.125000	4599.880613
4.523731	458.128000	4599.910735
4.523242	458.131000	4599.940857
4.522752	458.134000	4599.970979
4.522262	458.137000	4600.001101
4.521773	458.140000	4600.031223
4.521283	458.143000	4600.061345
4.520793	458.146000	4600.091467
4.520303	458.149000	4600.121589
4.519813	458.152000	4600.151711
4.519323	458.155000	4600.181833
4.518833	458.158000	4600.211955
4.518343	458.161000	4600.242077
4.517853	458.164000	4600.272199
4.517363	458.167000	4600.302321
4.516873	458.170000	4600.332443
4.516383	458.173000	4600.362565
4.515893	458.176000	4600.392687
4.515403	458.179000	4600.422809
4.514912	458.182000	4600.452931
4.514422	458.185000	4600.483053
4.513932	458.188000	4600.513175
4.513441	458.191000	4600.543297
4.512951	458.194000	4600.573419
4.512460	458.197000	4600.603541
4.511970	458.200000	4600.633663
4.511479	458.203000	4600.663785
4.510989	458.206000	4600.693907
4.510498	458.209000	4600.724029
4.510007	458.212000	4600.754151
4.509517	458.215000	4600.784273
4.509026	458.218000	4600.814395
4.508535	458.221000	4600.844517
4.508044	458.224000	4600.874639
4.507553	458.227000	4600.904761
4.507062	458.230000	4600.934883
4.506571	458.233000	4600.965005
4.506080	458.236000	4600.995127
4.505589	458.239000	4601.025249
4.505098	458.242000	4601.055371
4.504607	458.245000	4601.085493
4.504116	458.248000	4601.115615
4.503625	458.251000	4601.145737
4.503133	458.254000	4601.175859
4.502642	458.257000	4601.205981
4.502151	458.260000	4601.236103
4.501659	458.263000	4601.266225
4.501168	458.266000	4601.296347
4.500676	458.269000	4601.326469
4.500185	458.272000	4601.356591
4.499693	458.275000	4601.386713
4.499202	458.278000	4601.416835
4.498710	458.281000	4601.446957
4.498218	458.284000	4601.477079
4.497727	458.287000	4601.507201
4.497235	458.290000	4601.537323
4.496743	458.293000	4601.567445
4.496251	458.296000	4601.597567
4.495760	458.299000	4601.627689
4.495268	458.302000	4601.657811
4.494776	458.305000	4601.687933
4.494284	458.308000	4601.718055
4.493792	458.311000	4601.748177
4.493300	458.314000	4601.778299
4.492807	458.317000	4601.808421
4.492315	458.320000	4601.838543
4.491823	458.323000	4601.868665
4.491331	458.326000	4601.898787
4.490839	458.329000	4601.928909
4.490346	458.332000	4601.959031
4.489854	458.335000	4601.989153
4.489362	458.338000	4602.019275
4.488869	458.341000	4602.049397
4.488377	458.344000	4602.079519
4.487884	458.347000	4602.109641
4.487391	458.350000	4602.139763
4.486899	458.353000	4602.169885
4.486406	458.356000	4602.200007
4.485914	458.359000	4602.230129
4.485421	458.362000	4602.260251
4.484928	458.365000	4602.290373
4.484435	458.368000	4602.320495
4.483942	458.371000	4602.350617
4.483449	458.374000	4602.380739
4.482957	458.377000	4602.410861
4.482464	458.380000	4602.440983
4.481971	458.383000	4602.471105
4.481477	458.386000	4602.501227
4.480984	458.389000	4602.531349
4.480491	458.392000	4602.561471
4.479998	458.395000	4602.591593
4.479505	458.398000	4602.621715
4.479012	458.401000	4602.651837
4.478518	458.404000	4602.681959
4.478025	458.407000	4602.712081
4.477532	458.410000	4602.742203
4.477038	458.413000	4602.772325
4.476545	458.416000	4602.802447
4.476051	458.419000	4602.832569
4.475558	458.422000	4602.862691
4.475064	458.425000	4602.892813
4.474570	458.428000	4602.922935
4.474077	458.431000	4602.953057
4.473583	458.434000	4602.983179
4.473089	458.437000	4603.013301
4.472595	458.440000	4603.043423
4.472102	458.443000	4603.073545
4.471608	458.446000	4603.103667
4.471114	458.449000	4603.133789
4.470620	458.452000	4603.163911
4.470126	458.455000	4603.194033
4.469632	458.458000	4603.224155
4.469138	458.461000	4603.254277
4.468643	458.464000	4603.284399
4.468149	458.467000	4603.314521
4.467655	458.470000	4603.344643
4.467161	458.473000	4603.374765
4.466666	458.476000	4603.404887
4.466172	458.479000	4603.435009
4.465678	458.482000	4603.465131
4.465183	458.485000	4603.495253
4.464689	458.488000	4603.525375
4.464194	458.491000	4603.555497
4.463700	458.494000	4603.585619
4.463205	458.497000	4603.615741
4.462711	458.500000	4603.645863
4.462216	458.503000	4603.675985
4.461721	458.506000	4603.706107
4.461226	458.509000	4603.736229
4.460732	458.512000	4603.766351
4.460237	458.515000	4603.796473
4.459742	458.518000	4603.826595
4.459247	458.521000	4603.856717
4.458752	458.524000	4603.886839
4.458257	458.527000	4603.916961
4.457762	458.530000	4603.947083
4.457267	458.533000	4603.977205
4.456772	458.536000	4604.007327
4.456277	458.539000	4604.037449
4.455781	458.542000	4604.067571
4.455286	458.545000	4604.097693
4.454791	458.548000	4604.127815
4.454295	458.551000	4604.157937
4.453800	458.554000	4604.188059
4.453305	458.557000	4604.218181
4.452809	458.560000	4604.248303
4.452314	458.563000	4604.278425
4.451818	458.566000	4604.308547
4.451323	458.569000	4604.338669
4.450827	458.572000	4604.368791
4.450331	458.575000	4604.398913
4.449836	458.578000	4604.429035
4.449340	458.581000	4604.459157
4.448844	458.584000	4604.489279
4.448348	458.587000	4604.519401
4.447852	458.590000	4604.549523
4.447356	458.593000	4604.579645
4.446860	458.596000	4604.609767
4.446364	458.599000	4604.639889
4.445868	458.602000	4604.670011
4.445372	458.605000	4604.700133
4.444876	458.608000	4604.730255
4.444380	458.611000	4604.760377
4.443884	458.614000	4604.790499
4.443387	458.617000	4604.820621
4.442891	458.620000	4604.850743
4.442395	458.623000	4604.880865
4.441898	458.626000	4604.910987
4.441402	458.629000	4604.941109
4.440905	458.632000	4604.971231
4.440409	458.635000	4605.001353
4.439912	458.638000	4605.031475
4.439416	458.641000	4605.061597
4.438919	458.644000	4605.091719
4.438422	458.647000	4605.121841
4.437926	458.650000	4605.151963
4.437429	458.653000	4605.182085
4.436932	458.656000	4605.212207
4.436435	458.659000	4605.242329
4.435938	458.662000	4605.272451
4.435442	458.665000	4605.302573
4.434945	458.668000	4605.332695
4.434448	458.671000	4605.362817
4.433950	458.674000	4605.392939
4.433453	458.677000	4605.423061
4.432956	458.680000	4605.453183
4.432459	458.683000	4605.483305
4.431962	458.686000	4605.513427
4.431465	458.689000	4605.543549
4.430967	458.692000	4605.573671
4.430470	458.695000	4605.603793
4.429972	458.698000	4605.633915
4.429475	458.701000	4605.664037
4.428978	458.704000	4605.694159
4.428480	458.707000	4605.724281
4.427982	458.710000	4605.754403
4.427485	458.713000	4605.784525
4.426987	458.716000	4605.814647
4.426489	458.719000	4605.844769
4.425992	458.722000	4605.874891
4.425494	458.725000	4605.905013
4.424996	458.728000	4605.935135
4.424498	458.731000	4605.965257
4.424000	458.734000	4605.995379
4.423502	458.737000	4606.025501
4.423004	458.740000	4606.055623
4.422506	458.743000	4606.085745
4.422008	458.746000	4606.115867
4.421510	458.749000	4606.145989
4.421012	458.752000	4606.176111
4.420514	458.755000	4606.206233
4.420016	458.758000	4606.236355
4.419517	458.761000	4606.266477
4.419019	458.764000	4606.296599
4.418521	458.767000	4606.326721
4.418022	458.770000	4606.356843
4.417524	458.773000	4606.386965
4.417025	458.776000	4606.417087
4.416527	458.779000	4606.447209
4.416028	458.782000	4606.477331
4.415529	458.785000	4606.507453
4.415031	458.788000	4606.537575
4.414532	458.791000	4606.567697
4.414033	458.794000	4606.597819
4.413534	458.797000	4606.627941
4.413036	458.800000	4606.658063
4.412537	458.803000	4606.688185
4.412038	458.806000	4606.718307
4.411539	458.809000	4606.748429
4.411040	458.812000	4606.778551
4.410541	458.815000	4606.808673
4.410042	458.818000	4606.838795
4.409542	458.821000	4606.868917
4.409043	458.824000	4606.899039
4.408544	458.827000	4606.929161
4.408045	458.830000	4606.959283
4.407545	458.833000	4606.989405
4.407046	458.836000	4607.019527
4.406547	458.839000	4607.049649
4.406047	458.842000	4607.079771
4.405548	458.845000	4607.109893
4.405048	458.848000	4607.140015
4.404549	458.851000	4607.170137
4.404049	458.854000	4607.200259
4.403549	458.857000	4607.230381
4.403050	458.860000	4607.260503
4.402550	458.863000	4607.290625
4.402050	458.866000	4607.320747
4.401550	458.869000	4607.350869
4.401050	458.872000	4607.380991
4.400551	458.875000	4607.411113
4.400051	458.878000	4607.441235
4.399551	458.881000	4607.471357
4.399050	458.884000	4607.501479
4.398550	458.887000	4607.531601
4.398050	458.890000	4607.561723
4.397550	458.893000	4607.591845
4.397050	458.896000	4607.621967
4.396550	458.899000	4607.652089
4.396049	458.902000	4607.682211
4.395549	458.905000	4607.712333
4.395049	458.908000	4607.742455
4.394548	458.911000	4607.772577
4.394048	458.914000	4607.802699
4.393547	458.917000	4607.832821
4.393047	458.920000	4607.862943
4.392546	458.923000	4607.893065
4.392045	458.926000	4607.923187
4.391545	458.929000	4607.953309
4.391044	458.932000	4607.983431
4.390543	458.935000	4608.013553
4.390042	458.938000	4608.043675
4.389541	458.941000	4608.073797
4.389041	458.944000	4608.103919
4.388540	458.947000	4608.134041
4.388039	458.950000	4608.164163
4.387538	458.953000	4608.194285
4.387036	458.956000	4608.224407
4.386535	458.959000	4608.254529
4.386034	458.962000	4608.284651
4.385533	458.965000	4608.314773
4.385032	458.968000	4608.344895
4.384530	458.971000	4608.375017
4.384029	458.974000	4608.405139
4.383528	458.977000	4608.435261
4.383026	458.980000	4608.465383
4.382525	458.983000	4608.495505
4.382023	458.986000	4608.525627
4.381522	458.989000	4608.555749
4.381020	458.992000	4608.585871
4.380518	458.995000	4608.615993
4.380017	458.998000	4608.646115
4.379515	459.001000	4608.676237
4.379013	459.004000	4608.706359
4.378511	459.007000	4608.736481
4.378010	459.010000	4608.766603
4.377508	459.013000	4608.796725
4.377006	459.016000	4608.826847
4.376504	459.019000	4608.856969
4.376002	459.022000	4608.887091
4.375500	459.025000	4608.917213
4.374997	459.028000	4608.947335
4.374495	459.031000	4608.977457
4.373993	459.034000	4609.007579
4.373491	459.037000	4609.037701
4.372988	459.040000	4609.067823
4.372486	459.043000	4609.097945
4.371984	459.046000	4609.128067
4.371481	459.049000	4609.158189
4.370979	459.052000	4609.188311
4.370476	459.055000	4609.218433
4.369974	459.058000	4609.248555
4.369471	459.061000	4609.278677
4.368968	459.064000	4609.308799
4.368466	459.067000	4609.338921
4.367963	459.070000	4609.369043
4.367460	459.073000	4609.399165
4.366957	459.076000	4609.429287
4.366455	459.079000	4609.459409
4.365952	459.082000	4609.489531
4.365449	459.085000	4609.519653
4.364946	459.088000	4609.549775
4.364443	459.091000	4609.579897
4.363940	459.094000	4609.610019
4.363436	459.097000	4609.640141
4.362933	459.100000	4609.670263
4.362430	459.103000	4609.700385
4.361927	459.106000	4609.730507
4.361423	459.109000	4609.760629
4.360920	459.112000	4609.790751
4.360417	459.115000	4609.820873
4.359913	459.118000	4609.850995
4.359410	459.121000	4609.881117
4.358906	459.124000	4609.911239
4.358403	459.127000	4609.941361
4.357899	459.130000	4609.971483
4.357395	459.133000	4610.001605
4.356892	459.136000	4610.031727
4.356388	459.139000	4610.061849
4.355884	459.142000	4610.091971
4.355380	459.145000	4610.122093
4.354876	459.148000	4610.152215
4.354373	459.151000	4610.182337
4.353869	459.154000	4610.212459
4.353365	459.157000	4610.242581
4.352861	459.160000	4610.272703
4.352356	459.163000	4610.302825
4.351852	459.166000	4610.332947
4.351348	459.169000	4610.363069
4.350844	459.172000	4610.393191
4.350340	459.175000	4610.423313
4.349835	459.178000	4610.453435
4.349331	459.181000	4610.483557
4.348826	459.184000	4610.513679
4.348322	459.187000	4610.543801
4.347818	459.190000	4610.573923
4.347313	459.193000	4610.604045
4.346808	459.196000	4610.634167
4.346304	459.199000	4610.664289
4.345799	459.202000	4610.694411
4.345294	459.205000	4610.724533
4.344790	459.208000	4610.754655
4.344285	459.211000	4610.784777
4.343780	459.214000	4610.814899
4.343275	459.217000	4610.845021
4.342770	459.220000	4610.875143
4.342265	459.223000	4610.905265
4.341760	459.226000	4610.935387
4.341255	459.229000	4610.965509
4.340750	459.232000	4610.995631
4.340245	459.235000	4611.025753
4.339739	459.238000	4611.055875
4.339234	459.241000	4611.085997
4.338729	459.244000	4611.116119
4.338224	459.247000	4611.146241
4.337718	459.250000	4611.176363
4.337213	459.253000	4611.206485
4.336707	459.256000	4611.236607
4.336202	459.259000	4611.266729
4.335696	459.262000	4611.296851
4.335191	459.265000	4611.326973
4.334685	459.268000	4611.357095
4.334179	459.271000	4611.387217
4.333674	459.274000	4611.417339
4.333168	459.277000	4611.447461
4.332662	459.280000	4611.477583
4.332156	459.283000	4611.507705
4.331650	459.286000	4611.537827
4.331144	459.289000	4611.567949
4.330638	459.292000	4611.598071
4.330132	459.295000	4611.628193
4.329626	459.298000	4611.658315
4.329120	459.301000	4611.688437
4.328614	459.304000	4611.718559
4.328107	459.307000	4611.748681
4.327601	459.310000	4611.778803
4.327095	459.313000	4611.808925
4.326588	459.316000	4611.839047
4.326082	459.319000	4611.869169
4.325576	459.322000	4611.899291
4.325069	459.325000	4611.929413
4.324562	459.328000	4611.959535
4.324056	459.331000	4611.989657
4.323549	459.334000	4612.019779
4.323043	459.337000	4612.049901
4.322536	459.340000	4612.080023
4.322029	459.343000	4612.110145
4.321522	459.346000	4612.140267
4.321015	459.349000	4612.170389
4.320508	459.352000	4612.200511
4.320002	459.355000	4612.230633
4.319495	459.358000	4612.260755
4.318987	459.361000	4612.290877
4.318480	459.364000	4612.320999
4.317973	459.367000	4612.351121
4.317466	459.370000	4612.381243
4.316959	459.373000	4612.411365
4.316452	459.376000	4612.441487
4.315944	459.379000	4612.471609
4.315437	459.382000	4612.501731
4.314930	459.385000	4612.531853
4.314422	459.388000	4612.561975
4.313915	459.391000	4612.592097
4.313407	459.394000	4612.622219
4.312899	459.397000	4612.652341
4.312392	459.400000	4612.682463
4.311884	459.403000	4612.712585
4.311376	459.406000	4612.742707
4.310869	459.409000	4612.772829
4.310361	459.412000	4612.802951
4.309853	459.415000	4612.833073
4.309345	459.418000	4612.863195
4.308837	459.421000	4612.893317
4.308329	459.424000	4612.923439
4.307821	459.427000	4612.953561
4.307313	459.430000	4612.983683
4.306805	459.433000	4613.013805
4.306297	459.436000	4613.043927
4.305789	459.439000	4613.074049
4.305280	459.442000	4613.104171
4.304772	459.445000	4613.134293
4.304264	459.448000	4613.164415
4.303755	459.451000	4613.194537
4.303247	459.454000	4613.224659
4.302738	459.457000	4613.254781
4.302230	459.460000	4613.284903
4.301721	459.463000	4613.315025
4.301213	459.466000	4613.345147
4.300704	459.469000	4613.375269
4.300195	459.472000	4613.405391
4.299686	459.475000	4613.435513
4.299178	459.478000	4613.465635
4.298669	459.481000	4613.495757
4.298160	459.484000	4613.525879
4.297651	459.487000	4613.556001
4.297142	459.490000	4613.586123
4.296633	459.493000	4613.616245
4.296124	459.496000	4613.646367
4.295615	459.499000	4613.676489
4.295105	459.502000	4613.706611
4.294596	459.505000	4613.736733
4.294087	459.508000	4613.766855
4.293578	459.511000	4613.796977
4.293068	459.514000	4613.827099
4.292559	459.517000	4613.857221
4.292049	459.520000	4613.887343
4.291540	459.523000	4613.917465
4.291030	459.526000	4613.947587
4.290521	459.529000	4613.977709
4.290011	459.532000	4614.007831
4.289502	459.535000	4614.037953
4.288992	459.538000	4614.068075
4.288482	459.541000	4614.098197
4.287972	459.544000	4614.128319
4.287462	459.547000	4614.158441
4.286952	459.550000	4614.188563
4.286443	459.553000	4614.218685
4.285933	459.556000	4614.248807
4.285423	459.559000	4614.278929
4.284912	459.562000	4614.309051
4.284402	459.565000	4614.339173
4.283892	459.568000	4614.369295
4.283382	459.571000	4614.399417
4.282872	459.574000	4614.429539
4.282361	459.577000	4614.459661
4.281851	459.580000	4614.489783
4.281341	459.583000	4614.519905
4.280830	459.586000	4614.550027
4.280320	459.589000	4614.580149
4.279809	459.592000	4614.610271
4.279298	459.595000	4614.640393
4.278788	459.598000	4614.670515
4.278277	459.601000	4614.700637
4.277766	459.604000	4614.730759
4.277256	459.607000	4614.760881
4.276745	459.610000	4614.791003
4.276234	459.613000	4614.821125
4.275723	459.616000	4614.851247
4.275212	459.619000	4614.881369
4.274701	459.622000	4614.911491
4.274190	459.625000	4614.941613
4.273679	459.628000	4614.971735
4.273168	459.631000	4615.001857
4.272657	459.634000	4615.031979
4.272145	459.637000	4615.062101
4.271634	459.640000	4615.092223
4.271123	459.643000	4615.122345
4.270611	459.646000	4615.152467
4.270100	459.649000	4615.182589
4.269588	459.652000	4615.212711
4.269077	459.655000	4615.242833
4.268565	459.658000	4615.272955
4.268054	459.661000	4615.303077
4.267542	459.664000	4615.333199
4.267030	459.667000	4615.363321
4.266519	459.670000	4615.393443
4.266007	459.673000	4615.423565
4.265495	459.676000	4615.453687
4.264983	459.679000	4615.483809
4.264471	459.682000	4615.513931
4.263959	459.685000	4615.544053
4.263447	459.688000	4615.574175
4.262935	459.691000	4615.604297
4.262423	459.694000	4615.634419
4.261911	459.697000	4615.664541
4.261399	459.700000	4615.694663
4.260886	459.703000	4615.724785
4.260374	459.706000	4615.754907
4.259862	459.709000	4615.785029
4.259349	459.712000	4615.815151
4.258837	459.715000	4615.845273
4.258324	459.718000	4615.875395
4.257812	459.721000	4615.905517
4.257299	459.724000	4615.935639
4.256787	459.727000	4615.965761
4.256274	459.730000	4615.995883
4.255761	459.733000	4616.026005
4.255249	459.736000	4616.056127
4.254736	459.739000	4616.086249
4.254223	459.742000	4616.116371
4.253710	459.745000	4616.146493
4.253197	459.748000	4616.176615
4.252684	459.751000	4616.206737
4.252171	459.754000	4616.236859
4.251658	459.757000	4616.266981
4.251145	459.760000	4616.297103
4.250632	459.763000	4616.327225
4.250118	459.766000	4616.357347
4.249605	459.769000	4616.387469
4.249092	459.772000	4616.417591
4.248578	459.775000	4616.447713
4.248065	459.778000	4616.477835
4.247551	459.781000	4616.507957
4.247038	459.784000	4616.538079
4.246524	459.787000	4616.568201
4.246011	459.790000	4616.598323
4.245497	459.793000	4616.628445
4.244983	459.796000	4616.658567
4.244470	459.799000	4616.688689
4.243956	459.802000	4616.718811
4.243442	459.805000	4616.748933
4.242928	459.808000	4616.779055
4.242414	459.811000	4616.809177
4.241900	459.814000	4616.839299
4.241386	459.817000	4616.869421
4.240872	459.820000	4616.899543
4.240358	459.823000	4616.929665
4.239844	459.826000	4616.959787
4.239329	459.829000	4616.989909
4.238815	459.832000	4617.020031
4.238301	459.835000	4617.050153
4.237787	459.838000	4617.080275
4.237272	459.841000	4617.110397
4.236758	459.844000	4617.140519
4.236243	459.847000	4617.170641
4.235729	459.850000	4617.200763
4.235214	459.853000	4617.230885
4.234699	459.856000	4617.261007
4.234185	459.859000	4617.291129
4.233670	459.862000	4617.321251
4.233155	459.865000	4617.351373
4.232640	459.868000	4617.381495
4.232125	459.871000	4617.411617
4.231611	459.874000	4617.441739
4.231096	459.877000	4617.471861
4.230581	459.880000	4617.501983
4.230065	459.883000	4617.532105
4.229550	459.886000	4617.562227
4.229035	459.889000	4617.592349
4.228520	459.892000	4617.622471
4.228005	459.895000	4617.652593
4.227489	459.898000	4617.682715
4.226974	459.901000	4617.712837
4.226459	459.904000	4617.742959
4.225943	459.907000	4617.773081
4.225428	459.910000	4617.803203
4.224912	459.913000	4617.833325
4.224397	459.916000	4617.863447
4.223881	459.919000	4617.893569
4.223365	459.922000	4617.923691
4.222850	459.925000	4617.953813
4.222334	459.928000	4617.983935
4.221818	459.931000	4618.014057
4.221302	459.934000	4618.044179
4.220786	459.937000	4618.074301
4.220270	459.940000	4618.104423
4.219754	459.943000	4618.134545
4.219238	459.946000	4618.164667
4.218722	459.949000	4618.194789
4.218206	459.952000	4618.224911
4.217690	459.955000	4618.255033
4.217173	459.958000	4618.285155
4.216657	459.961000	4618.315277
4.216141	459.964000	4618.345399
4.215624	459.967000	4618.375521
4.215108	459.970000	4618.405643
4.214591	459.973000	4618.435765
4.214075	459.976000	4618.465887
4.213558	459.979000	4618.496009
4.213042	459.982000	4618.526131
4.212525	459.985000	4618.556253
4.212008	459.988000	4618.586375
4.211491	459.991000	4618.616497
4.210975	459.994000	4618.646619
4.210458	459.997000	4618.676741
4.209941	460.000000	4618.706863
4.209424	460.003000	4618.736985
4.208907	460.006000	4618.767107
4.208390	460.009000	4618.797229
4.207873	460.012000	4618.827351
4.207355	460.015000	4618.857473
4.206838	460.018000	4618.887595
4.206321	460.021000	4618.917717
4.205804	460.024000	4618.947839
4.205286	460.027000	4618.977961
4.204769	460.030000	4619.008083
4.204251	460.033000	4619.038205
4.203734	460.036000	4619.068327
4.203216	460.039000	4619.098449
4.202699	460.042000	4619.128571
4.202181	460.045000	4619.158693
4.201663	460.048000	4619.188815
4.201146	460.051000	4619.218937
4.200628	460.054000	4619.249059
4.200110	460.057000	4619.279181
4.199592	460.060000	4619.309303
4.199074	460.063000	4619.339425
4.198556	460.066000	4619.369547
4.198038	460.069000	4619.399669
4.197520	460.072000	4619.429791
4.197002	460.075000	4619.459913
4.196484	460.078000	4619.490035
4.195966	460.081000	4619.520157
4.195447	460.084000	4619.550279
4.194929	460.087000	4619.580401
4.194411	460.090000	4619.610523
4.193892	460.093000	4619.640645
4.193374	460.096000	4619.670767
4.192855	460.099000	4619.700889
4.192337	460.102000	4619.731011
4.191818	460.105000	4619.761133
4.191299	460.108000	4619.791255
4.190781	460.111000	4619.821377
4.190262	460.114000	4619.851499
4.189743	460.117000	4619.881621
4.189224	460.120000	4619.911743
4.188705	460.123000	4619.941865
4.188186	460.126000	4619.971987
4.187668	460.129000	4620.002109
4.187148	460.132000	4620.032231
4.186629	460.135000	4620.062353
4.186110	460.138000	4620.092475
4.185591	460.141000	4620.122597
4.185072	460.144000	4620.152719
4.184553	460.147000	4620.182841
4.184033	460.150000	4620.212963
4.183514	460.153000	4620.243085
4.182994	460.156000	4620.273207
4.182475	460.159000	4620.303329
4.181955	460.162000	4620.333451
4.181436	460.165000	4620.363573
4.180916	460.168000	4620.393695
4.180396	460.171000	4620.423817
4.179877	460.174000	4620.453939
4.179357	460.177000	4620.484061
4.178837	460.180000	4620.514183
4.178317	460.183000	4620.544305
4.177797	460.186000	4620.574427
4.177277	460.189000	4620.604549
4.176757	460.192000	4620.634671
4.176237	460.195000	4620.664793
4.175717	460.198000	4620.694915
4.175197	460.201000	4620.725037
4.174677	460.204000	4620.755159
4.174157	460.207000	4620.785281
4.173636	460.210000	4620.815403
4.173116	460.213000	4620.845525
4.172596	460.216000	4620.875647
4.172075	460.219000	4620.905769
4.171555	460.222000	4620.935891
4.171034	460.225000	4620.966013
4.170513	460.228000	4620.996135
4.169993	460.231000	4621.026257
4.169472	460.234000	4621.056379
4.168951	460.237000	4621.086501
4.168430	460.240000	4621.116623
4.167910	460.243000	4621.146745
4.167389	460.246000	4621.176867
4.166868	460.249000	4621.206989
4.166347	460.252000	4621.237111
4.165826	460.255000	4621.267233
4.165305	460.258000	4621.297355
4.164784	460.261000	4621.327477
4.164262	460.264000	4621.357599
4.163741	460.267000	4621.387721
4.163220	460.270000	4621.417843
4.162698	460.273000	4621.447965
4.162177	460.276000	4621.478087
4.161656	460.279000	4621.508209
4.161134	460.282000	4621.538331
4.160613	460.285000	4621.568453
4.160091	460.288000	4621.598575
4.159569	460.291000	4621.628697
4.159048	460.294000	4621.658819
4.158526	460.297000	4621.688941
4.158004	460.300000	4621.719063
4.157482	460.303000	4621.749185
4.156961	460.306000	4621.779307
4.156439	460.309000	4621.809429
4.155917	460.312000	4621.839551
4.155395	460.315000	4621.869673
4.154872	460.318000	4621.899795
4.154350	460.321000	4621.929917
4.153828	460.324000	4621.960039
4.153306	460.327000	4621.990161
4.152784	460.330000	4622.020283
4.152261	460.333000	4622.050405
4.151739	460.336000	4622.080527
4.151217	460.339000	4622.110649
4.150694	460.342000	4622.140771
4.150172	460.345000	4622.170894
4.149649	460.348000	4622.201016
4.149126	460.351000	4622.231138
4.148604	460.354000	4622.261260
4.148081	460.357000	4622.291382
4.147558	460.360000	4622.321504
4.147035	460.363000	4622.351626
4.146513	460.366000	4622.381748
4.145990	460.369000	4622.411870
4.145467	460.372000	4622.441992
4.144944	460.375000	4622.472114
4.144421	460.378000	4622.502236
4.143897	460.381000	4622.532358
4.143374	460.384000	4622.562480
4.142851	460.387000	4622.592602
4.142328	460.390000	4622.622724
4.141804	460.393000	4622.652846
4.141281	460.396000	4622.682968
4.140758	460.399000	4622.713090
4.140234	460.402000	4622.743212
4.139711	460.405000	4622.773334
4.139187	460.408000	4622.803456
4.138664	460.411000	4622.833578
4.138140	460.414000	4622.863700
4.137616	460.417000	4622.893822
4.137092	460.420000	4622.923944
4.136569	460.423000	4622.954066
4.136045	460.426000	4622.984188
4.135521	460.429000	4623.014310
4.134997	460.432000	4623.044432
4.134473	460.435000	4623.074554
4.133949	460.438000	4623.104676
4.133425	460.441000	4623.134798
4.132900	460.444000	4623.164920
4.132376	460.447000	4623.195042
4.131852	460.450000	4623.225164
4.131328	460.453000	4623.255286
4.130803	460.456000	4623.285408
4.130279	460.459000	4623.315530
4.129754	460.462000	4623.345652
4.129230	460.465000	4623.375774
4.128705	460.468000	4623.405896
4.128181	460.471000	4623.436018
4.127656	460.474000	4623.466140
4.127131	460.477000	4623.496262
4.126607	460.480000	4623.526384
4.126082	460.483000	4623.556506
4.125557	460.486000	4623.586628
4.125032	460.489000	4623.616750
4.124507	460.492000	4623.646872
4.123982	460.495000	4623.676994
4.123457	460.498000	4623.707116
4.122932	460.501000	4623.737238
4.122407	460.504000	4623.767360
4.121881	460.507000	4623.797482
4.121356	460.510000	4623.827604
4.120831	460.513000	4623.857726
4.120305	460.516000	4623.887848
4.119780	460.519000	4623.917970
4.119255	460.522000	4623.948092
4.118729	460.525000	4623.978214
4.118204	460.528000	4624.008336
4.117678	460.531000	4624.038458
4.117152	460.534000	4624.068580
4.116626	460.537000	4624.098702
4.116101	460.540000	4624.128824
4.115575	460.543000	4624.158946
4.115049	460.546000	4624.189068
4.114523	460.549000	4624.219190
4.113997	460.552000	4624.249312
4.113471	460.555000	4624.279434
4.112945	460.558000	4624.309556
4.112419	460.561000	4624.339678
4.111893	460.564000	4624.369800
4.111366	460.567000	4624.399922
4.110840	460.570000	4624.430044
4.110314	460.573000	4624.460166
4.109787	460.576000	4624.490288
4.109261	460.579000	4624.520410
4.108735	460.582000	4624.550532
4.108208	460.585000	4624.580654
4.107681	460.588000	4624.610776
4.107155	460.591000	4624.640898
4.106628	460.594000	4624.671020
4.106101	460.597000	4624.701142
4.105575	460.600000	4624.731264
4.105048	460.603000	4624.761386
4.104521	460.606000	4624.791508
4.103994	460.609000	4624.821630
4.103467	460.612000	4624.851752
4.102940	460.615000	4624.881874
4.102413	460.618000	4624.911996
4.101886	460.621000	4624.942118
4.101359	460.624000	4624.972240
4.100831	460.627000	4625.002362
4.100304	460.630000	4625.032484
4.099777	460.633000	4625.062606
4.099249	460.636000	4625.092728
4.098722	460.639000	4625.122850
4.098194	460.642000	4625.152972
4.097667	460.645000	4625.183094
4.097139	460.648000	4625.213216
4.096611	460.651000	4625.243338
4.096084	460.654000	4625.273460
4.095556	460.657000	4625.303582
4.095028	460.660000	4625.333704
4.094500	460.663000	4625.363826
4.093972	460.666000	4625.393948
4.093444	460.669000	4625.424070
4.092916	460.672000	4625.454192
4.092388	460.675000	4625.484314
4.091860	460.678000	4625.514436
4.091332	460.681000	4625.544558
4.090804	460.684000	4625.574680
4.090276	460.687000	4625.604802
4.089747	460.690000	4625.634924
4.089219	460.693000	4625.665046
4.088691	460.696000	4625.695168
4.088162	460.699000	4625.725290
4.087634	460.702000	4625.755412
4.087105	460.705000	4625.785534
4.086576	460.708000	4625.815656
4.086048	460.711000	4625.845778
4.085519	460.714000	4625.875900
4.084990	460.717000	4625.906022
4.084461	460.720000	4625.936144
4.083932	460.723000	4625.966266
4.083404	460.726000	4625.996388
4.082875	460.729000	4626.026510
4.082346	460.732000	4626.056632
4.081816	460.735000	4626.086754
4.081287	460.738000	4626.116876
4.080758	460.741000	4626.146998
4.080229	460.744000	4626.177120
4.079700	460.747000	4626.207242
4.079170	460.750000	4626.237364
4.078641	460.753000	4626.267486
4.078111	460.756000	4626.297608
4.077582	460.759000	4626.327730
4.077052	460.762000	4626.357852
4.076523	460.765000	4626.387974
4.075993	460.768000	4626.418096
4.075463	460.771000	4626.448218
4.074934	460.774000	4626.478340
4.074404	460.777000	4626.508462
4.073874	460.780000	4626.538584
4.073344	460.783000	4626.568706
4.072814	460.786000	4626.598828
4.072284	460.789000	4626.628950
4.071754	460.792000	4626.659072
4.071224	460.795000	4626.689194
4.070694	460.798000	4626.719316
4.070163	460.801000	4626.749438
4.069633	460.804000	4626.779560
4.069103	460.807000	4626.809682
4.068572	460.810000	4626.839804
4.068042	460.813000	4626.869926
4.067511	460.816000	4626.900048
4.066981	460.819000	4626.930170
4.066450	460.822000	4626.960292
4.065920	460.825000	4626.990414
4.065389	460.828000	4627.020536
4.064858	460.831000	4627.050658
4.064327	460.834000	4627.080780
4.063797	460.837000	4627.110902
4.063266	460.840000	4627.141024
4.062735	460.843000	4627.171146
4.062204	460.846000	4627.201268
4.061673	460.849000	4627.231390
4.061142	460.852000	4627.261512
4.060610	460.855000	4627.291634
4.060079	460.858000	4627.321756
4.059548	460.861000	4627.351878
4.059017	460.864000	4627.382000
4.058485	460.867000	4627.412122
4.057954	460.870000	4627.442244
4.057422	460.873000	4627.472366
4.056891	460.876000	4627.502488
4.056359	460.879000	4627.532610
4.055828	460.882000	4627.562732
4.055296	460.885000	4627.592854
4.054764	460.888000	4627.622976
4.054232	460.891000	4627.653098
4.053701	460.894000	4627.683220
4.053169	460.897000	4627.713342
4.052637	460.900000	4627.743464
4.052105	460.903000	4627.773586
4.051573	460.906000	4627.803708
4.051041	460.909000	4627.833830
4.050508	460.912000	4627.863952
4.049976	460.915000	4627.894074
4.049444	460.918000	4627.924196
4.048912	460.921000	4627.954318
4.048379	460.924000	4627.984440
4.047847	460.927000	4628.014562
4.047314	460.930000	4628.044684
4.046782	460.933000	4628.074806
4.046249	460.936000	4628.104928
4.045717	460.939000	4628.135050
4.045184	460.942000	4628.165172
4.044651	460.945000	4628.195294
4.044118	460.948000	4628.225416
4.043586	460.951000	4628.255538
4.043053	460.954000	4628.285660
4.042520	460.957000	4628.315782
4.041987	460.960000	4628.345904
4.041454	460.963000	4628.376026
4.040921	460.966000	4628.406148
4.040387	460.969000	4628.436270
4.039854	460.972000	4628.466392
4.039321	460.975000	4628.496514
4.038788	460.978000	4628.526636
4.038254	460.981000	4628.556758
4.037721	460.984000	4628.586880
4.037187	460.987000	4628.617002
4.036654	460.990000	4628.647124
4.036120	460.993000	4628.677246
4.035587	460.996000	4628.707368
4.035053	460.999000	4628.737490
4.034519	461.002000	4628.767612
4.033985	461.005000	4628.797734
4.033452	461.008000	4628.827856
4.032918	461.011000	4628.857978
4.032384	461.014000	4628.888100
4.031850	461.017000	4628.918222
4.031316	461.020000	4628.948344
4.030782	461.023000	4628.978466
4.030247	461.026000	4629.008588
4.029713	461.029000	4629.038710
4.029179	461.032000	4629.068832
4.028645	461.035000	4629.098954
4.028110	461.038000	4629.129076
4.027576	461.041000	4629.159198
4.027041	461.044000	4629.189320
4.026507	461.047000	4629.219442
4.025972	461.050000	4629.249564
4.025438	461.053000	4629.279686
4.024903	461.056000	4629.309808
4.024368	461.059000	4629.339930
4.023833	461.062000	4629.370052
4.023298	461.065000	4629.400174
4.022763	461.068000	4629.430296
4.022229	461.071000	4629.460418
4.021694	461.074000	4629.490540
4.021158	461.077000	4629.520662
4.020623	461.080000	4629.550784
4.020088	461.083000	4629.580906
4.019553	461.086000	4629.611028
4.019018	461.089000	4629.641150
4.018482	461.092000	4629.671272
4.017947	461.095000	4629.701394
4.017411	461.098000	4629.731516
4.016876	461.101000	4629.761638
4.016340	461.104000	4629.791760
4.015805	461.107000	4629.821882
4.015269	461.110000	4629.852004
4.014733	461.113000	4629.882126
4.014198	461.116000	4629.912248
4.013662	461.119000	4629.942370
4.013126	461.122000	4629.972492
4.012590	461.125000	4630.002614
4.012054	461.128000	4630.032736
4.011518	461.131000	4630.062858
4.010982	461.134000	4630.092980
4.010446	461.137000	4630.123102
4.009910	461.140000	4630.153224
4.009373	461.143000	4630.183346
4.008837	461.146000	4630.213468
4.008301	461.149000	4630.243590
4.007764	461.152000	4630.273712
4.007228	461.155000	4630.303834
4.006691	461.158000	4630.333956
4.006155	461.161000	4630.364078
4.005618	461.164000	4630.394200
4.005081	461.167000	4630.424322
4.004545	461.170000	4630.454444
4.004008	461.173000	4630.484566
4.003471	461.176000	4630.514688
4.002934	461.179000	4630.544810
4.002397	461.182000	4630.574932
4.001860	461.185000	4630.605054
4.001323	461.188000	4630.635176
4.000786	461.191000	4630.665298
4.000249	461.194000	4630.695420
3.999712	461.197000	4630.725542
3.999174	461.200000	4630.755664
3.998637	461.203000	4630.785786
3.998100	461.206000	4630.815908
3.997562	461.209000	4630.846030
3.997025	461.212000	4630.876152
3.996487	461.215000	4630.906274
3.995950	461.218000	4630.936396
3.995412	461.221000	4630.966518
3.994874	461.224000	4630.996640
3.994336	461.227000	4631.026762
3.993799	461.230000	4631.056884
3.993261	461.233000	4631.087006
3.992723	461.236000	4631.117128
3.992185	461.239000	4631.147250
3.991647	461.242000	4631.177372
3.991109	461.245000	4631.207494
3.990571	461.248000	4631.237616
3.990032	461.251000	4631.267738
3.989494	461.254000	4631.297860
3.988956	461.257000	4631.327982
3.988418	461.260000	4631.358104
3.987879	461.263000	4631.388226
3.987341	461.266000	4631.418348
3.986802	461.269000	4631.448470
3.986264	461.272000	4631.478592
3.985725	461.275000	4631.508714
3.985186	461.278000	4631.538836
3.984647	461.281000	4631.568958
3.984109	461.284000	4631.599080
3.983570	461.287000	4631.629202
3.983031	461.290000	4631.659324
3.982492	461.293000	4631.689446
3.981953	461.296000	4631.719568
3.981414	461.299000	4631.749690
3.980875	461.302000	4631.779812
3.980336	461.305000	4631.809934
3.979796	461.308000	4631.840056
3.979257	461.311000	4631.870178
3.978718	461.314000	4631.900300
3.978178	461.317000	4631.930422
3.977639	461.320000	4631.960544
3.977099	461.323000	4631.990666
3.976560	461.326000	4632.020788
3.976020	461.329000	4632.050910
3.975481	461.332000	4632.081032
3.974941	461.335000	4632.111154
3.974401	461.338000	4632.141276
3.973861	461.341000	4632.171398
3.973321	461.344000	4632.201520
3.972781	461.347000	4632.231642
3.972241	461.350000	4632.261764
3.971701	461.353000	4632.291886
3.971161	461.356000	4632.322008
3.970621	461.359000	4632.352130
3.970081	461.362000	4632.382252
3.969540	461.365000	4632.412374
3.969000	461.368000	4632.442496
3.968460	461.371000	4632.472618
3.967919	461.374000	4632.502740
3.967379	461.377000	4632.532862
3.966838	461.380000	4632.562984
3.966298	461.383000	4632.593106
3.965757	461.386000	4632.623228
3.965216	461.389000	4632.653350
3.964676	461.392000	4632.683472
3.964135	461.395000	4632.713594
3.963594	461.398000	4632.743716
3.963053	461.401000	4632.773838
3.962512	461.404000	4632.803960
3.961971	461.407000	4632.834082
3.961430	461.410000	4632.864204
3.960889	461.413000	4632.894326
3.960347	461.416000	4632.924448
3.959806	461.419000	4632.954570
3.959265	461.422000	4632.984692
3.958723	461.425000	4633.014814
3.958182	461.428000	4633.044936
3.957640	461.431000	4633.075058
3.957099	461.434000	4633.105180
3.956557	461.437000	4633.135302
3.956016	461.440000	4633.165424
3.955474	461.443000	4633.195546
3.954932	461.446000	4633.225668
3.954390	461.449000	4633.255790
3.953848	461.452000	4633.285912
3.953306	461.455000	4633.316034
3.952764	461.458000	4633.346156
3.952222	461.461000	4633.376278
3.951680	461.464000	4633.406400
3.951138	461.467000	4633.436522
3.950596	461.470000	4633.466644
3.950054	461.473000	4633.496766
3.949511	461.476000	4633.526888
3.948969	461.479000	4633.557010
3.948427	461.482000	4633.587132
3.947884	461.485000	4633.617254
3.947341	461.488000	4633.647376
3.946799	461.491000	4633.677498
3.946256	461.494000	4633.707620
3.945713	461.497000	4633.737742
3.945171	461.500000	4633.767864
3.944628	461.503000	4633.797986
3.944085	461.506000	4633.828108
3.943542	461.509000	4633.858230
3.942999	461.512000	4633.888352
3.942456	461.515000	4633.918474
3.941913	461.518000	4633.948596
3.941370	461.521000	4633.978718
3.940826	461.524000	4634.008840
3.940283	461.527000	4634.038962
3.939740	461.530000	4634.069084
3.939196	461.533000	4634.099206
3.938653	461.536000	4634.129328
3.938110	461.539000	4634.159450
3.937566	461.542000	4634.189572
3.937022	461.545000	4634.219694
3.936479	461.548000	4634.249816
3.935935	461.551000	4634.279938
3.935391	461.554000	4634.310060
3.934847	461.557000	4634.340182
3.934303	461.560000	4634.370304
3.933759	461.563000	4634.400426
3.933215	461.566000	4634.430548
3.932671	461.569000	4634.460670
3.932127	461.572000	4634.490792
3.931583	461.575000	4634.520914
3.931039	461.578000	4634.551036
3.930495	461.581000	4634.581158
3.929950	461.584000	4634.611280
3.929406	461.587000	4634.641402
3.928861	461.590000	4634.671524
3.928317	461.593000	4634.701646
3.927772	461.596000	4634.731768
3.927228	461.599000	4634.761890
3.926683	461.602000	4634.792012
3.926138	461.605000	4634.822134
3.925593	461.608000	4634.852256
3.925049	461.611000	4634.882378
3.924504	461.614000	4634.912500
3.923959	461.617000	4634.942622
3.923414	461.620000	4634.972744
3.922869	461.623000	4635.002866
3.922323	461.626000	4635.032988
3.921778	461.629000	4635.063110
3.921233	461.632000	4635.093232
3.920688	461.635000	4635.123354
3.920142	461.638000	4635.153476
3.919597	461.641000	4635.183598
3.919051	461.644000	4635.213720
3.918506	461.647000	4635.243842
3.917960	461.650000	4635.273964
3.917415	461.653000	4635.304086
3.916869	461.656000	4635.334208
3.916323	461.659000	4635.364330
3.915777	461.662000	4635.394452
3.915231	461.665000	4635.424574
3.914685	461.668000	4635.454696
3.914140	461.671000	4635.484818
3.913593	461.674000	4635.514940
3.913047	461.677000	4635.545062
3.912501	461.680000	4635.575184
3.911955	461.683000	4635.605306
3.911409	461.686000	4635.635428
3.910862	461.689000	4635.665550
3.910316	461.692000	4635.695672
3.909770	461.695000	4635.725794
3.909223	461.698000	4635.755916
3.908676	461.701000	4635.786038
3.908130	461.704000	4635.816160
3.907583	461.707000	4635.846282
3.907036	461.710000	4635.876404
3.906490	461.713000	4635.906526
3.905943	461.716000	4635.936648
3.905396	461.719000	4635.966770
3.904849	461.722000	4635.996892
3.904302	461.725000	4636.027014
3.903755	461.728000	4636.057136
3.903208	461.731000	4636.087258
3.902660	461.734000	4636.117380
3.902113	461.737000	4636.147502
3.901566	461.740000	4636.177624
3.901019	461.743000	4636.207746
3.900471	461.746000	4636.237868
3.899924	461.749000	4636.267990
3.899376	461.752000	4636.298112
3.898829	461.755000	4636.328234
3.898281	461.758000	4636.358356
3.897733	461.761000	4636.388478
3.897185	461.764000	4636.418600
3.896638	461.767000	4636.448722
3.896090	461.770000	4636.478844
3.895542	461.773000	4636.508966
3.894994	461.776000	4636.539088
3.894446	461.779000	4636.569210
3.893898	461.782000	4636.599332
3.893349	461.785000	4636.629454
3.892801	461.788000	4636.659576
3.892253	461.791000	4636.689698
3.891705	461.794000	4636.719820
3.891156	461.797000	4636.749942
3.890608	461.800000	4636.780064
3.890059	461.803000	4636.810186
3.889511	461.806000	4636.840308
3.888962	461.809000	4636.870430
3.888413	461.812000	4636.900552
3.887865	461.815000	4636.930674
3.887316	461.818000	4636.960796
3.886767	461.821000	4636.990918
3.886218	461.824000	4637.021040
3.885669	461.827000	4637.051162
3.885120	461.830000	4637.081284
3.884571	461.833000	4637.111406
3.884022	461.836000	4637.141528
3.883472	461.839000	4637.171650
3.882923	461.842000	4637.201772
3.882374	461.845000	4637.231894
3.881824	461.848000	4637.262016
3.881275	461.851000	4637.292138
3.880725	461.854000	4637.322260
3.880176	461.857000	4637.352382
3.879626	461.860000	4637.382504
3.879077	461.863000	4637.412626
3.878527	461.866000	4637.442748
3.877977	461.869000	4637.472870
3.877427	461.872000	4637.502992
3.876877	461.875000	4637.533114
3.876327	461.878000	4637.563236
3.875777	461.881000	4637.593358
3.875227	461.884000	4637.623480
3.874677	461.887000	4637.653602
3.874127	461.890000	4637.683724
3.873577	461.893000	4637.713846
3.873026	461.896000	4637.743968
3.872476	461.899000	4637.774090
3.871925	461.902000	4637.804212
3.871375	461.905000	4637.834334
3.870824	461.908000	4637.864456
3.870274	461.911000	4637.894578
3.869723	461.914000	4637.924700
3.869172	461.917000	4637.954822
3.868622	461.920000	4637.984944
3.868071	461.923000	4638.015066
3.867520	461.926000	4638.045188
3.866969	461.929000	4638.075310
3.866418	461.932000	4638.105432
3.865867	461.935000	4638.135554
3.865316	461.938000	4638.165676
3.864764	461.941000	4638.195798
3.864213	461.944000	4638.225920
3.863662	461.947000	4638.256042
3.863111	461.950000	4638.286164
3.862559	461.953000	4638.316286
3.862008	461.956000	4638.346408
3.861456	461.959000	4638.376530
3.860904	461.962000	4638.406652
3.860353	461.965000	4638.436774
3.859801	461.968000	4638.466896
3.859249	461.971000	4638.497018
3.858697	461.974000	4638.527140
3.858145	461.977000	4638.557262
3.857594	461.980000	4638.587384
3.857042	461.983000	4638.617506
3.856489	461.986000	4638.647628
3.855937	461.989000	4638.677750
3.855385	461.992000	4638.707872
3.854833	461.995000	4638.737994
3.854281	461.998000	4638.768116
3.853728	462.001000	4638.798238
3.853176	462.004000	4638.828360
3.852623	462.007000	4638.858482
3.852071	462.010000	4638.888604
3.851518	462.013000	4638.918726
3.850965	462.016000	4638.948848
3.850413	462.019000	4638.978970
3.849860	462.022000	4639.009092
3.849307	462.025000	4639.039214
3.848754	462.028000	4639.069336
3.848201	462.031000	4639.099458
3.847648	462.034000	4639.129580
3.847095	462.037000	4639.159702
3.846542	462.040000	4639.189824
3.845989	462.043000	4639.219946
3.845435	462.046000	4639.250068
3.844882	462.049000	4639.280190
3.844329	462.052000	4639.310312
3.843775	462.055000	4639.340434
3.843222	462.058000	4639.370556
3.842668	462.061000	4639.400678
3.842114	462.064000	4639.430800
3.841561	462.067000	4639.460922
3.841007	462.070000	4639.491044
3.840453	462.073000	4639.521166
3.839899	462.076000	4639.551288
3.839345	462.079000	4639.581410
3.838792	462.082000	4639.611532
3.838237	462.085000	4639.641654
3.837683	462.088000	4639.671776
3.837129	462.091000	4639.701898
3.836575	462.094000	4639.732020
3.836021	462.097000	4639.762142
3.835466	462.100000	4639.792264
3.834912	462.103000	4639.822386
3.834357	462.106000	4639.852508
3.833803	462.109000	4639.882630
3.833248	462.112000	4639.912752
3.832694	462.115000	4639.942874
3.832139	462.118000	4639.972996
3.831584	462.121000	4640.003118
3.831029	462.124000	4640.033240
3.830475	462.127000	4640.063362
3.829920	462.130000	4640.093484
3.829365	462.133000	4640.123606
3.828810	462.136000	4640.153728
3.828254	462.139000	4640.183850
3.827699	462.142000	4640.213972
3.827144	462.145000	4640.244094
3.826589	462.148000	4640.274216
3.826033	462.151000	4640.304338
3.825478	462.154000	4640.334460
3.824922	462.157000	4640.364582
3.824367	462.160000	4640.394704
3.823811	462.163000	4640.424826
3.823256	462.166000	4640.454948
3.822700	462.169000	4640.485070
3.822144	462.172000	4640.515192
3.821588	462.175000	4640.545314
3.821032	462.178000	4640.575436
3.820476	462.181000	4640.605558
3.819920	462.184000	4640.635680
3.819364	462.187000	4640.665802
3.818808	462.190000	4640.695924
3.818252	462.193000	4640.726046
3.817696	462.196000	4640.756168
3.817139	462.199000	4640.786290
3.816583	462.202000	4640.816412
3.816027	462.205000	4640.846534
3.815470	462.208000	4640.876656
3.814914	462.211000	4640.906778
3.814357	462.214000	4640.936900
3.813800	462.217000	4640.967022
3.813243	462.220000	4640.997144
3.812687	462.223000	4641.027266
3.812130	462.226000	4641.057388
3.811573	462.229000	4641.087510
3.811016	462.232000	4641.117632
3.810459	462.235000	4641.147754
3.809902	462.238000	4641.177876
3.809344	462.241000	4641.207998
3.808787	462.244000	4641.238120
3.808230	462.247000	4641.268242
3.807673	462.250000	4641.298364
3.807115	462.253000	4641.328486
3.806558	462.256000	4641.358608
3.806000	462.259000	4641.388730
3.805443	462.262000	4641.418852
3.804885	462.265000	4641.448974
3.804327	462.268000	4641.479096
3.803769	462.271000	4641.509218
3.803212	462.274000	4641.539340
3.802654	462.277000	4641.569462
3.802096	462.280000	4641.599584
3.801538	462.283000	4641.629706
3.800980	462.286000	4641.659828
3.800421	462.289000	4641.689950
3.799863	462.292000	4641.720072
3.799305	462.295000	4641.750194
3.798747	462.298000	4641.780316
3.798188	462.301000	4641.810438
3.797630	462.304000	4641.840560
3.797071	462.307000	4641.870682
3.796513	462.310000	4641.900804
3.795954	462.313000	4641.930926
3.795395	462.316000	4641.961048
3.794837	462.319000	4641.991170
3.794278	462.322000	4642.021292
3.793719	462.325000	4642.051414
3.793160	462.328000	4642.081536
3.792601	462.331000	4642.111658
3.792042	462.334000	4642.141780
3.791483	462.337000	4642.171902
3.790923	462.340000	4642.202024
3.790364	462.343000	4642.232146
3.789805	462.346000	4642.262268
3.789246	462.349000	4642.292390
3.788686	462.352000	4642.322512
3.788127	462.355000	4642.352634
3.787567	462.358000	4642.382756
3.787007	462.361000	4642.412878
3.786448	462.364000	4642.443000
3.785888	462.367000	4642.473122
3.785328	462.370000	4642.503244
3.784768	462.373000	4642.533366
3.784208	462.376000	4642.563488
3.783648	462.379000	4642.593610
3.783088	462.382000	4642.623732
3.782528	462.385000	4642.653854
3.781968	462.388000	4642.683976
3.781408	462.391000	4642.714098
3.780847	462.394000	4642.744220
3.780287	462.397000	4642.774342
3.779727	462.400000	4642.804464
3.779166	462.403000	4642.834586
3.778606	462.406000	4642.864708
3.778045	462.409000	4642.894830
3.777484	462.412000	4642.924952
3.776924	462.415000	4642.955074
3.776363	462.418000	4642.985196
3.775802	462.421000	4643.015318
3.775241	462.424000	4643.045440
3.774680	462.427000	4643.075562
3.774119	462.430000	4643.105684
3.773558	462.433000	4643.135806
3.772997	462.436000	4643.165928
3.772435	462.439000	4643.196050
3.771874	462.442000	4643.226172
3.771313	462.445000	4643.256294
3.770751	462.448000	4643.286416
3.770190	462.451000	4643.316538
3.769628	462.454000	4643.346660
3.769067	462.457000	4643.376782
3.768505	462.460000	4643.406904
3.767943	462.463000	4643.437026
3.767382	462.466000	4643.467148
3.766820	462.469000	4643.497270
3.766258	462.472000	4643.527392
3.765696	462.475000	4643.557514
3.765134	462.478000	4643.587636
3.764572	462.481000	4643.617758
3.764009	462.484000	4643.647880
3.763447	462.487000	4643.678002
3.762885	462.490000	4643.708124
3.762323	462.493000	4643.738246
3.761760	462.496000	4643.768368
3.761198	462.499000	4643.798490
3.760635	462.502000	4643.828612
3.760072	462.505000	4643.858734
3.759510	462.508000	4643.888856
3.758947	462.511000	4643.918978
3.758384	462.514000	4643.949100
3.757821	462.517000	4643.979222
3.757258	462.520000	4644.009344
3.756695	462.523000	4644.039466
3.756132	462.526000	4644.069588
3.755569	462.529000	4644.099710
3.755006	462.532000	4644.129832
3.754443	462.535000	4644.159954
3.753880	462.538000	4644.190076
3.753316	462.541000	4644.220198
3.752753	462.544000	4644.250320
3.752189	462.547000	4644.280442
3.751626	462.550000	4644.310564
3.751062	462.553000	4644.340686
3.750498	462.556000	4644.370808
3.749935	462.559000	4644.400930
3.749371	462.562000	4644.431052
3.748807	462.565000	4644.461174
3.748243	462.568000	4644.491296
3.747679	462.571000	4644.521418
3.747115	462.574000	4644.551540
3.746551	462.577000	4644.581662
3.745987	462.580000	4644.611784
3.745423	462.583000	4644.641906
3.744858	462.586000	4644.672028
3.744294	462.589000	4644.702150
3.743729	462.592000	4644.732272
3.743165	462.595000	4644.762394
3.742600	462.598000	4644.792516
3.742036	462.601000	4644.822638
3.741471	462.604000	4644.852760
3.740906	462.607000	4644.882882
3.740341	462.610000	4644.913004
3.739777	462.613000	4644.943126
3.739212	462.616000	4644.973248
3.738647	462.619000	4645.003370
3.738082	462.622000	4645.033492
3.737516	462.625000	4645.063614
3.736951	462.628000	4645.093736
3.736386	462.631000	4645.123858
3.735821	462.634000	4645.153980
3.735255	462.637000	4645.184102
3.734690	462.640000	4645.214224
3.734124	462.643000	4645.244346
3.733559	462.646000	4645.274468
3.732993	462.649000	4645.304590
3.732427	462.652000	4645.334712
3.731862	462.655000	4645.364834
3.731296	462.658000	4645.394956
3.730730	462.661000	4645.425078
3.730164	462.664000	4645.455200
3.729598	462.667000	4645.485322
3.729032	462.670000	4645.515444
3.728466	462.673000	4645.545566
3.727899	462.676000	4645.575688
3.727333	462.679000	4645.605810
3.726767	462.682000	4645.635932
3.726200	462.685000	4645.666055
3.725634	462.688000	4645.696177
3.725067	462.691000	4645.726299
3.724501	462.694000	4645.756421
3.723934	462.697000	4645.786543
3.723367	462.700000	4645.816665
3.722800	462.703000	4645.846787
3.722234	462.706000	4645.876909
3.721667	462.709000	4645.907031
3.721100	462.712000	4645.937153
3.720533	462.715000	4645.967275
3.719965	462.718000	4645.997397
3.719398	462.721000	4646.027519
3.718831	462.724000	4646.057641
3.718264	462.727000	4646.087763
3.717696	462.730000	4646.117885
3.717129	462.733000	4646.148007
3.716561	462.736000	4646.178129
3.715994	462.739000	4646.208251
3.715426	462.742000	4646.238373
3.714858	462.745000	4646.268495
3.714291	462.748000	4646.298617
3.713723	462.751000	4646.328739
3.713155	462.754000	4646.358861
3.712587	462.757000	4646.388983
3.712019	462.760000	4646.419105
3.711451	462.763000	4646.449227
3.710883	462.766000	4646.479349
3.710315	462.769000	4646.509471
3.709746	462.772000	4646.539593
3.709178	462.775000	4646.569715
3.708609	462.778000	4646.599837
3.708041	462.781000	4646.629959
3.707472	462.784000	4646.660081
3.706904	462.787000	4646.690203
3.706335	462.790000	4646.720325
3.705766	462.793000	4646.750447
3.705198	462.796000	4646.780569
3.704629	462.799000	4646.810691
3.704060	462.802000	4646.840813
3.703491	462.805000	4646.870935
3.702922	462.808000	4646.901057
3.702353	462.811000	4646.931179
3.701783	462.814000	4646.961301
3.701214	462.817000	4646.991423
3.700645	462.820000	4647.021545
3.700076	462.823000	4647.051667
3.699506	462.826000	4647.081789
3.698937	462.829000	4647.111911
3.698367	462.832000	4647.142033
3.697797	462.835000	4647.172155
3.697228	462.838000	4647.202277
3.696658	462.841000	4647.232399
3.696088	462.844000	4647.262521
3.695518	462.847000	4647.292643
3.694948	462.850000	4647.322765
3.694378	462.853000	4647.352887
3.693808	462.856000	4647.383009
3.693238	462.859000	4647.413131
3.692668	462.862000	4647.443253
3.692097	462.865000	4647.473375
3.691527	462.868000	4647.503497
3.690956	462.871000	4647.533619
3.690386	462.874000	4647.563741
3.689815	462.877000	4647.593863
3.689245	462.880000	4647.623985
3.688674	462.883000	4647.654107
3.688103	462.886000	4647.684229
3.687532	462.889000	4647.714351
3.686962	462.892000	4647.744473
3.686391	462.895000	4647.774595
3.685820	462.898000	4647.804717
3.685248	462.901000	4647.834839
3.684677	462.904000	4647.864961
3.684106	462.907000	4647.895083
3.683535	462.910000	4647.925205
3.682963	462.913000	4647.955327
3.682392	462.916000	4647.985449
3.681821	462.919000	4648.015571
3.681249	462.922000	4648.045693
3.680677	462.925000	4648.075815
3.680106	462.928000	4648.105937
3.679534	462.931000	4648.136059
3.678962	462.934000	4648.166181
3.678390	462.937000	4648.196303
3.677818	462.940000	4648.226425
3.677246	462.943000	4648.256547
3.676674	462.946000	4648.286669
3.676102	462.949000	4648.316791
3.675530	462.952000	4648.346913
3.674958	462.955000	4648.377035
3.674385	462.958000	4648.407157
3.673813	462.961000	4648.437279
3.673240	462.964000	4648.467401
3.672668	462.967000	4648.497523
3.672095	462.970000	4648.527645
3.671522	462.973000	4648.557767
3.670950	462.976000	4648.587889
3.670377	462.979000	4648.618011
3.669804	462.982000	4648.648133
3.669231	462.985000	4648.678255
3.668658	462.988000	4648.708377
3.668085	462.991000	4648.738499
3.667512	462.994000	4648.768621
3.666939	462.997000	4648.798743
3.666365	463.000000	4648.828865
3.665792	463.003000	4648.858987
3.665219	463.006000	4648.889109
3.664645	463.009000	4648.919231
3.664072	463.012000	4648.949353
3.663498	463.015000	4648.979475
3.662924	463.018000	4649.009597
3.662351	463.021000	4649.039719
3.661777	463.024000	4649.069841
3.661203	463.027000	4649.099963
3.660629	463.030000	4649.130085
3.660055	463.033000	4649.160207
3.659481	463.036000	4649.190329
3.658907	463.039000	4649.220451
3.658333	463.042000	4649.250573
3.657758	463.045000	4649.280695
3.657184	463.048000	4649.310817
3.656610	463.051000	4649.340939
3.656035	463.054000	4649.371061
3.655460	463.057000	4649.401183
3.654886	463.060000	4649.431305
3.654311	463.063000	4649.461427
3.653736	463.066000	4649.491549
3.653162	463.069000	4649.521671
3.652587	463.072000	4649.551793
3.652012	463.075000	4649.581915
3.651437	463.078000	4649.612037
3.650862	463.081000	4649.642159
3.650287	463.084000	4649.672281
3.649711	463.087000	4649.702403
3.649136	463.090000	4649.732525
3.648561	463.093000	4649.762647
3.647985	463.096000	4649.792769
3.647410	463.099000	4649.822891
3.646834	463.102000	4649.853013
3.646259	463.105000	4649.883135
3.645683	463.108000	4649.913257
3.645107	463.111000	4649.943379
3.644531	463.114000	4649.973501
3.643955	463.117000	4650.003623
3.643379	463.120000	4650.033745
3.642803	463.123000	4650.063867
3.642227	463.126000	4650.093989
3.641651	463.129000	4650.124111
3.641075	463.132000	4650.154233
3.640499	463.135000	4650.184355
3.639922	463.138000	4650.214477
3.639346	463.141000	4650.244599
3.638769	463.144000	4650.274721
3.638193	463.147000	4650.304843
3.637616	463.150000	4650.334965
3.637039	463.153000	4650.365087
3.636463	463.156000	4650.395209
3.635886	463.159000	4650.425331
3.635309	463.162000	4650.455453
3.634732	463.165000	4650.485575
3.634155	463.168000	4650.515697
3.633578	463.171000	4650.545819
3.633001	463.174000	4650.575941
3.632423	463.177000	4650.606063
3.631846	463.180000	4650.636185
3.631269	463.183000	4650.666307
3.630691	463.186000	4650.696429
3.630114	463.189000	4650.726551
3.629536	463.192000	4650.756673
3.628958	463.195000	4650.786795
3.628381	463.198000	4650.816917
3.627803	463.201000	4650.847039
3.627225	463.204000	4650.877161
3.626647	463.207000	4650.907283
3.626069	463.210000	4650.937405
3.625491	463.213000	4650.967527
3.624913	463.216000	4650.997649
3.624335	463.219000	4651.027771
3.623756	463.222000	4651.057893
3.623178	463.225000	4651.088015
3.622600	463.228000	4651.118137
3.622021	463.231000	4651.148259
3.621443	463.234000	4651.178381
3.620864	463.237000	4651.208503
3.620285	463.240000	4651.238625
3.619707	463.243000	4651.268747
3.619128	463.246000	4651.298869
3.618549	463.249000	4651.328991
3.617970	463.252000	4651.359113
3.617391	463.255000	4651.389235
3.616812	463.258000	4651.419357
3.616233	463.261000	4651.449479
3.615653	463.264000	4651.479601
3.615074	463.267000	4651.509723
3.614495	463.270000	4651.539845
3.613915	463.273000	4651.569967
3.613336	463.276000	4651.600089
3.612756	463.279000	4651.630211
3.612176	463.282000	4651.660333
3.611597	463.285000	4651.690455
3.611017	463.288000	4651.720577
3.610437	463.291000	4651.750699
3.609857	463.294000	4651.780821
3.609277	463.297000	4651.810943
3.608697	463.300000	4651.841065
3.608117	463.303000	4651.871187
3.607537	463.306000	4651.901309
3.606956	463.309000	4651.931431
3.606376	463.312000	4651.961553
3.605796	463.315000	4651.991675
3.605215	463.318000	4652.021797
3.604635	463.321000	4652.051919
3.604054	463.324000	4652.082041
3.603473	463.327000	4652.112163
3.602893	463.330000	4652.142285
3.602312	463.333000	4652.172407
3.601731	463.336000	4652.202529
3.601150	463.339000	4652.232651
3.600569	463.342000	4652.262773
3.599988	463.345000	4652.292895
3.599407	463.348000	4652.323017
3.598825	463.351000	4652.353139
3.598244	463.354000	4652.383261
3.597663	463.357000	4652.413383
3.597081	463.360000	4652.443505
3.596500	463.363000	4652.473627
3.595918	463.366000	4652.503749
3.595336	463.369000	4652.533871
3.594755	463.372000	4652.563993
3.594173	463.375000	4652.594115
3.593591	463.378000	4652.624237
3.593009	463.381000	4652.654359
3.592427	463.384000	4652.684481
3.591845	463.387000	4652.714603
3.591263	463.390000	4652.744725
3.590681	463.393000	4652.774847
3.590098	463.396000	4652.804969
3.589516	463.399000	4652.835091
3.588934	463.402000	4652.865213
3.588351	463.405000	4652.895335
3.587768	463.408000	4652.925457
3.587186	463.411000	4652.955579
3.586603	463.414000	4652.985701
3.586020	463.417000	4653.015823
3.585437	463.420000	4653.045945
3.584855	463.423000	4653.076067
3.584272	463.426000	4653.106189
3.583688	463.429000	4653.136311
3.583105	463.432000	4653.166433
3.582522	463.435000	4653.196555
3.581939	463.438000	4653.226677
3.581356	463.441000	4653.256799
3.580772	463.444000	4653.286921
3.580189	463.447000	4653.317043
3.579605	463.450000	4653.347165
3.579021	463.453000	4653.377287
3.578438	463.456000	4653.407409
3.577854	463.459000	4653.437531
3.577270	463.462000	4653.467653
3.576686	463.465000	4653.497775
3.576102	463.468000	4653.527897
3.575518	463.471000	4653.558019
3.574934	463.474000	4653.588141
3.574350	463.477000	4653.618263
3.573766	463.480000	4653.648385
3.573181	463.483000	4653.678507
3.572597	463.486000	4653.708629
3.572012	463.489000	4653.738751
3.571428	463.492000	4653.768873
3.570843	463.495000	4653.798995
3.570258	463.498000	4653.829117
3.569674	463.501000	4653.859239
3.569089	463.504000	4653.889361
3.568504	463.507000	4653.919483
3.567919	463.510000	4653.949605
3.567334	463.513000	4653.979727
3.566749	463.516000	4654.009849
3.566164	463.519000	4654.039971
3.565578	463.522000	4654.070093
3.564993	463.525000	4654.100215
3.564408	463.528000	4654.130337
3.563822	463.531000	4654.160459
3.563237	463.534000	4654.190581
3.562651	463.537000	4654.220703
3.562065	463.540000	4654.250825
3.561480	463.543000	4654.280947
3.560894	463.546000	4654.311069
3.560308	463.549000	4654.341191
3.559722	463.552000	4654.371313
3.559136	463.555000	4654.401435
3.558550	463.558000	4654.431557
3.557964	463.561000	4654.461679
3.557377	463.564000	4654.491801
3.556791	463.567000	4654.521923
3.556205	463.570000	4654.552045
3.555618	463.573000	4654.582167
3.555032	463.576000	4654.612289
3.554445	463.579000	4654.642411
3.553858	463.582000	4654.672533
3.553271	463.585000	4654.702655
3.552685	463.588000	4654.732777
3.552098	463.591000	4654.762899
3.551511	463.594000	4654.793021
3.550924	463.597000	4654.823143
3.550337	463.600000	4654.853265
3.549749	463.603000	4654.883387
3.549162	463.606000	4654.913509
3.548575	463.609000	4654.943631
3.547987	463.612000	4654.973753
3.547400	463.615000	4655.003875
3.546812	463.618000	4655.033997
3.546225	463.621000	4655.064119
3.545637	463.624000	4655.094241
3.545049	463.627000	4655.124363
3.544461	463.630000	4655.154485
3.543874	463.633000	4655.184607
3.543286	463.636000	4655.214729
3.542697	463.639000	4655.244851
3.542109	463.642000	4655.274973
3.541521	463.645000	4655.305095
3.540933	463.648000	4655.335217
3.540345	463.651000	4655.365339
3.539756	463.654000	4655.395461
3.539168	463.657000	4655.425583
3.538579	463.660000	4655.455705
3.537990	463.663000	4655.485827
3.537402	463.666000	4655.515949
3.536813	463.669000	4655.546071
3.536224	463.672000	4655.576193
3.535635	463.675000	4655.606315
3.535046	463.678000	4655.636437
3.534457	463.681000	4655.666559
3.533868	463.684000	4655.696681
3.533279	463.687000	4655.726803
3.532689	463.690000	4655.756925
3.532100	463.693000	4655.787047
3.531511	463.696000	4655.817169
3.530921	463.699000	4655.847291
3.530331	463.702000	4655.877413
3.529742	463.705000	4655.907535
3.529152	463.708000	4655.937657
3.528562	463.711000	4655.967779
3.527972	463.714000	4655.997901
3.527382	463.717000	4656.028023
3.526792	463.720000	4656.058145
3.526202	463.723000	4656.088267
3.525612	463.726000	4656.118389
3.525022	463.729000	4656.148511
3.524432	463.732000	4656.178633
3.523841	463.735000	4656.208755
3.523251	463.738000	4656.238877
3.522660	463.741000	4656.268999
3.522070	463.744000	4656.299121
3.521479	463.747000	4656.329243
3.520888	463.750000	4656.359365
3.520297	463.753000	4656.389487
3.519707	463.756000	4656.419609
3.519116	463.759000	4656.449731
3.518524	463.762000	4656.479853
3.517933	463.765000	4656.509975
3.517342	463.768000	4656.540097
3.516751	463.771000	4656.570219
3.516160	463.774000	4656.600341
3.515568	463.777000	4656.630463
3.514977	463.780000	4656.660585
3.514385	463.783000	4656.690707
3.513793	463.786000	4656.720829
3.513202	463.789000	4656.750951
3.512610	463.792000	4656.781073
3.512018	463.795000	4656.811195
3.511426	463.798000	4656.841317
3.510834	463.801000	4656.871439
3.510242	463.804000	4656.901561
3.509650	463.807000	4656.931683
3.509058	463.810000	4656.961805
3.508465	463.813000	4656.991927
3.507873	463.816000	4657.022049
3.507281	463.819000	4657.052171
3.506688	463.822000	4657.082293
3.506095	463.825000	4657.112415
3.505503	463.828000	4657.142537
3.504910	463.831000	4657.172659
3.504317	463.834000	4657.202781
3.503724	463.837000	4657.232903
3.503131	463.840000	4657.263025
3.502538	463.843000	4657.293147
3.501945	463.846000	4657.323269
3.501352	463.849000	4657.353391
3.500759	463.852000	4657.383513
3.500165	463.855000	4657.413635
3.499572	463.858000	4657.443757
3.498979	463.861000	4657.473879
3.498385	463.864000	4657.504001
3.497791	463.867000	4657.534123
3.497198	463.870000	4657.564245
3.496604	463.873000	4657.594367
3.496010	463.876000	4657.624489
3.495416	463.879000	4657.654611
3.494822	463.882000	4657.684733
3.494228	463.885000	4657.714855
3.493634	463.888000	4657.744977
3.493040	463.891000	4657.775099
3.492445	463.894000	4657.805221
3.491851	463.897000	4657.835343
3.491256	463.900000	4657.865465
3.490662	463.903000	4657.895587
3.490067	463.906000	4657.925709
3.489473	463.909000	4657.955831
3.488878	463.912000	4657.985953
3.488283	463.915000	4658.016075
3.487688	463.918000	4658.046197
3.487093	463.921000	4658.076319
3.486498	463.924000	4658.106441
3.485903	463.927000	4658.136563
3.485308	463.930000	4658.166685
3.484712	463.933000	4658.196807
3.484117	463.936000	4658.226929
3.483522	463.939000	4658.257051
3.482926	463.942000	4658.287173
3.482331	463.945000	4658.317295
3.481735	463.948000	4658.347417
3.481139	463.951000	4658.377539
3.480543	463.954000	4658.407661
3.479947	463.957000	4658.437783
3.479351	463.960000	4658.467905
3.478755	463.963000	4658.498027
3.478159	463.966000	4658.528149
3.477563	463.969000	4658.558271
3.476967	463.972000	4658.588393
3.476370	463.975000	4658.618515
3.475774	463.978000	4658.648637
3.475178	463.981000	4658.678759
3.474581	463.984000	4658.708881
3.473984	463.987000	4658.739003
3.473388	463.990000	4658.769125
3.472791	463.993000	4658.799247
3.472194	463.996000	4658.829369
3.471597	463.999000	4658.859491
3.471000	464.002000	4658.889613
3.470403	464.005000	4658.919735
3.469806	464.008000	4658.949857
3.469209	464.011000	4658.979979
3.468611	464.014000	4659.010101
3.468014	464.017000	4659.040223
3.467416	464.020000	4659.070345
3.466819	464.023000	4659.100467
3.466221	464.026000	4659.130589
3.465623	464.029000	4659.160711
3.465026	464.032000	4659.190833
3.464428	464.035000	4659.220955
3.463830	464.038000	4659.251077
3.463232	464.041000	4659.281199
3.462634	464.044000	4659.311321
3.462036	464.047000	4659.341443
3.461437	464.050000	4659.371565
3.460839	464.053000	4659.401687
3.460241	464.056000	4659.431809
3.459642	464.059000	4659.461931
3.459044	464.062000	4659.492053
3.458445	464.065000	4659.522175
3.457846	464.068000	4659.552297
3.457247	464.071000	4659.582419
3.456649	464.074000	4659.612541
3.456050	464.077000	4659.642663
3.455451	464.080000	4659.672785
3.454852	464.083000	4659.702907
3.454252	464.086000	4659.733029
3.453653	464.089000	4659.763151
3.453054	464.092000	4659.793273
3.452455	464.095000	4659.823395
3.451855	464.098000	4659.853517
3.451256	464.101000	4659.883639
3.450656	464.104000	4659.913761
3.450056	464.107000	4659.943883
3.449456	464.110000	4659.974005
3.448857	464.113000	4660.004127
3.448257	464.116000	4660.034249
3.447657	464.119000	4660.064371
3.447057	464.122000	4660.094493
3.446456	464.125000	4660.124615
3.445856	464.128000	4660.154737
3.445256	464.131000	4660.184859
3.444655	464.134000	4660.214981
3.444055	464.137000	4660.245103
3.443454	464.140000	4660.275225
3.442854	464.143000	4660.305347
3.442253	464.146000	4660.335469
3.441652	464.149000	4660.365591
3.441051	464.152000	4660.395713
3.440451	464.155000	4660.425835
3.439849	464.158000	4660.455957
3.439248	464.161000	4660.486079
3.438647	464.164000	4660.516201
3.438046	464.167000	4660.546323
3.437445	464.170000	4660.576445
3.436843	464.173000	4660.606567
3.436242	464.176000	4660.636689
3.435640	464.179000	4660.666811
3.435039	464.182000	4660.696933
3.434437	464.185000	4660.727055
3.433835	464.188000	4660.757177
3.433233	464.191000	4660.787299
3.432631	464.194000	4660.817421
3.432029	464.197000	4660.847543
3.431427	464.200000	4660.877665
3.430825	464.203000	4660.907787
3.430223	464.206000	4660.937909
3.429620	464.209000	4660.968031
3.429018	464.212000	4660.998153
3.428415	464.215000	4661.028275
3.427813	464.218000	4661.058397
3.427210	464.221000	4661.088519
3.426608	464.224000	4661.118641
3.426005	464.227000	4661.148763
3.425402	464.230000	4661.178885
3.424799	464.233000	4661.209007
3.424196	464.236000	4661.239129
3.423593	464.239000	4661.269251
3.422990	464.242000	4661.299373
3.422386	464.245000	4661.329495
3.421783	464.248000	4661.359617
3.421179	464.251000	4661.389739
3.420576	464.254000	4661.419861
3.419972	464.257000	4661.449983
3.419369	464.260000	4661.480105
3.418765	464.263000	4661.510227
3.418161	464.266000	4661.540349
3.417557	464.269000	4661.570471
3.416953	464.272000	4661.600593
3.416349	464.275000	4661.630715
3.415745	464.278000	4661.660837
3.415141	464.281000	4661.690959
3.414536	464.284000	4661.721081
3.413932	464.287000	4661.751203
3.413328	464.290000	4661.781325
3.412723	464.293000	4661.811447
3.412119	464.296000	4661.841569
3.411514	464.299000	4661.871691
3.410909	464.302000	4661.901813
3.410304	464.305000	4661.931935
3.409699	464.308000	4661.962057
3.409094	464.311000	4661.992179
3.408489	464.314000	4662.022301
3.407884	464.317000	4662.052423
3.407279	464.320000	4662.082545
3.406673	464.323000	4662.112667
3.406068	464.326000	4662.142789
3.405463	464.329000	4662.172911
3.404857	464.332000	4662.203033
3.404251	464.335000	4662.233155
3.403646	464.338000	4662.263277
3.403040	464.341000	4662.293399
3.402434	464.344000	4662.323521
3.401828	464.347000	4662.353643
3.401222	464.350000	4662.383765
3.400616	464.353000	4662.413887
3.400010	464.356000	4662.444009
3.399403	464.359000	4662.474131
3.398797	464.362000	4662.504253
3.398190	464.365000	4662.534375
3.397584	464.368000	4662.564497
3.396977	464.371000	4662.594619
3.396371	464.374000	4662.624741
3.395764	464.377000	4662.654863
3.395157	464.380000	4662.684985
3.394550	464.383000	4662.715107
3.393943	464.386000	4662.745229
3.393336	464.389000	4662.775351
3.392729	464.392000	4662.805473
3.392122	464.395000	4662.835595
3.391514	464.398000	4662.865717
3.390907	464.401000	4662.895839
3.390299	464.404000	4662.925961
3.389692	464.407000	4662.956083
3.389084	464.410000	4662.986205
3.388476	464.413000	4663.016327
3.387869	464.416000	4663.046449
3.387261	464.419000	4663.076571
3.386653	464.422000	4663.106693
3.386045	464.425000	4663.136815
3.385437	464.428000	4663.166937
3.384828	464.431000	4663.197059
3.384220	464.434000	4663.227181
3.383612	464.437000	4663.257303
3.383003	464.440000	4663.287425
3.382395	464.443000	4663.317547
3.381786	464.446000	4663.347669
3.381178	464.449000	4663.377791
3.380569	464.452000	4663.407913
3.379960	464.455000	4663.438035
3.379351	464.458000	4663.468157
3.378742	464.461000	4663.498279
3.378133	464.464000	4663.528401
3.377524	464.467000	4663.558523
3.376914	464.470000	4663.588645
3.376305	464.473000	4663.618767
3.375696	464.476000	4663.648889
3.375086	464.479000	4663.679011
3.374477	464.482000	4663.709133
3.373867	464.485000	4663.739255
3.373257	464.488000	4663.769377
3.372647	464.491000	4663.799499
3.372037	464.494000	4663.829621
3.371427	464.497000	4663.859743
3.370817	464.500000	4663.889865
3.370207	464.503000	4663.919987
3.369597	464.506000	4663.950109
3.368987	464.509000	4663.980231
3.368376	464.512000	4664.010353
3.367766	464.515000	4664.040475
3.367155	464.518000	4664.070597
3.366545	464.521000	4664.100719
3.365934	464.524000	4664.130841
3.365323	464.527000	4664.160963
3.364712	464.530000	4664.191085
3.364101	464.533000	4664.221207
3.363490	464.536000	4664.251329
3.362879	464.539000	4664.281451
3.362268	464.542000	4664.311573
3.361657	464.545000	4664.341695
3.361045	464.548000	4664.371817
3.360434	464.551000	4664.401939
3.359822	464.554000	4664.432061
3.359210	464.557000	4664.462183
3.358599	464.560000	4664.492305
3.357987	464.563000	4664.522427
3.357375	464.566000	4664.552549
3.356763	464.569000	4664.582671
3.356151	464.572000	4664.612793
3.355539	464.575000	4664.642915
3.354927	464.578000	4664.673037
3.354315	464.581000	4664.703159
3.353702	464.584000	4664.733281
3.353090	464.587000	4664.763403
3.352477	464.590000	4664.793525
3.351865	464.593000	4664.823647
3.351252	464.596000	4664.853769
3.350639	464.599000	4664.883891
3.350026	464.602000	4664.914013
3.349413	464.605000	4664.944135
3.348800	464.608000	4664.974257
3.348187	464.611000	4665.004379
3.347574	464.614000	4665.034501
3.346961	464.617000	4665.064623
3.346347	464.620000	4665.094745
3.345734	464.623000	4665.124867
3.345120	464.626000	4665.154989
3.344507	464.629000	4665.185111
3.343893	464.632000	4665.215233
3.343279	464.635000	4665.245355
3.342666	464.638000	4665.275477
3.342052	464.641000	4665.305599
3.341438	464.644000	4665.335721
3.340823	464.647000	4665.365843
3.340209	464.650000	4665.395965
3.339595	464.653000	4665.426087
3.338981	464.656000	4665.456209
3.338366	464.659000	4665.486331
3.337752	464.662000	4665.516453
3.337137	464.665000	4665.546575
3.336522	464.668000	4665.576697
3.335908	464.671000	4665.606819
3.335293	464.674000	4665.636941
3.334678	464.677000	4665.667063
3.334063	464.680000	4665.697185
3.333448	464.683000	4665.727307
3.332833	464.686000	4665.757429
3.332217	464.689000	4665.787551
3.331602	464.692000	4665.817673
3.330986	464.695000	4665.847795
3.330371	464.698000	4665.877917
3.329755	464.701000	4665.908039
3.329140	464.704000	4665.938161
3.328524	464.707000	4665.968283
3.327908	464.710000	4665.998405
3.327292	464.713000	4666.028527
3.326676	464.716000	4666.058649
3.326060	464.719000	4666.088771
3.325444	464.722000	4666.118893
3.324827	464.725000	4666.149015
3.324211	464.728000	4666.179137
3.323595	464.731000	4666.209259
3.322978	464.734000	4666.239381
3.322362	464.737000	4666.269503
3.321745	464.740000	4666.299625
3.321128	464.743000	4666.329747
3.320511	464.746000	4666.359869
3.319894	464.749000	4666.389991
3.319277	464.752000	4666.420113
3.318660	464.755000	4666.450235
3.318043	464.758000	4666.480357
3.317426	464.761000	4666.510479
3.316808	464.764000	4666.540601
3.316191	464.767000	4666.570723
3.315573	464.770000	4666.600845
3.314956	464.773000	4666.630967
3.314338	464.776000	4666.661089
3.313720	464.779000	4666.691211
3.313102	464.782000	4666.721333
3.312484	464.785000	4666.751455
3.311866	464.788000	4666.781577
3.311248	464.791000	4666.811699
3.310630	464.794000	4666.841821
3.310012	464.797000	4666.871943
3.309393	464.800000	4666.902065
3.308775	464.803000	4666.932187
3.308156	464.806000	4666.962309
3.307537	464.809000	4666.992431
3.306919	464.812000	4667.022553
3.306300	464.815000	4667.052675
3.305681	464.818000	4667.082797
3.305062	464.821000	4667.112919
3.304443	464.824000	4667.143041
3.303824	464.827000	4667.173163
3.303205	464.830000	4667.203285
3.302585	464.833000	4667.233407
3.301966	464.836000	4667.263529
3.301346	464.839000	4667.293651
3.300727	464.842000	4667.323773
3.300107	464.845000	4667.353895
3.299487	464.848000	4667.384017
3.298867	464.851000	4667.414139
3.298248	464.854000	4667.444261
3.297628	464.857000	4667.474383
3.297007	464.860000	4667.504505
3.296387	464.863000	4667.534627
3.295767	464.866000	4667.564749
3.295147	464.869000	4667.594871
3.294526	464.872000	4667.624993
3.293906	464.875000	4667.655115
3.293285	464.878000	4667.685237
3.292664	464.881000	4667.715359
3.292044	464.884000	4667.745481
3.291423	464.887000	4667.775603
3.290802	464.890000	4667.805725
3.290181	464.893000	4667.835847
3.289560	464.896000	4667.865969
3.288938	464.899000	4667.896091
3.288317	464.902000	4667.926213
3.287696	464.905000	4667.956335
3.287074	464.908000	4667.986457
3.286453	464.911000	4668.016579
3.285831	464.914000	4668.046701
3.285209	464.917000	4668.076823
3.284587	464.920000	4668.106945
3.283965	464.923000	4668.137067
3.283343	464.926000	4668.167189
3.282721	464.929000	4668.197311
3.282099	464.932000	4668.227433
3.281477	464.935000	4668.257555
3.280855	464.938000	4668.287677
3.280232	464.941000	4668.317799
3.279610	464.944000	4668.347921
3.278987	464.947000	4668.378043
3.278364	464.950000	4668.408165
3.277742	464.953000	4668.438287
3.277119	464.956000	4668.468409
3.276496	464.959000	4668.498531
3.275873	464.962000	4668.528653
3.275250	464.965000	4668.558775
3.274626	464.968000	4668.588897
3.274003	464.971000	4668.619019
3.273380	464.974000	4668.649141
3.272756	464.977000	4668.679263
3.272133	464.980000	4668.709385
3.271509	464.983000	4668.739507
3.270885	464.986000	4668.769629
3.270261	464.989000	4668.799751
3.269638	464.992000	4668.829873
3.269014	464.995000	4668.859995
3.268389	464.998000	4668.890117
3.267765	465.001000	4668.920239
3.267141	465.004000	4668.950361
3.266517	465.007000	4668.980483
3.265892	465.010000	4669.010605
3.265268	465.013000	4669.040727
3.264643	465.016000	4669.070849
3.264018	465.019000	4669.100971
3.263394	465.022000	4669.131093
3.262769	465.025000	4669.161216
3.262144	465.028000	4669.191338
3.261519	465.031000	4669.221460
3.260894	465.034000	4669.251582
3.260268	465.037000	4669.281704
3.259643	465.040000	4669.311826
3.259018	465.043000	4669.341948
3.258392	465.046000	4669.372070
3.257767	465.049000	4669.402192
3.257141	465.052000	4669.432314
3.256515	465.055000	4669.462436
3.255889	465.058000	4669.492558
3.255263	465.061000	4669.522680
3.254637	465.064000	4669.552802
3.254011	465.067000	4669.582924
3.253385	465.070000	4669.613046
3.252759	465.073000	4669.643168
3.252132	465.076000	4669.673290
3.251506	465.079000	4669.703412
3.250879	465.082000	4669.733534
3.250253	465.085000	4669.763656
3.249626	465.088000	4669.793778
3.248999	465.091000	4669.823900
3.248372	465.094000	4669.854022
3.247745	465.097000	4669.884144
3.247118	465.100000	4669.914266
3.246491	465.103000	4669.944388
3.245864	465.106000	4669.974510
3.245236	465.109000	4670.004632
3.244609	465.112000	4670.034754
3.243981	465.115000	4670.064876
3.243354	465.118000	4670.094998
3.242726	465.121000	4670.125120
3.242098	465.124000	4670.155242
3.241470	465.127000	4670.185364
3.240842	465.130000	4670.215486
3.240214	465.133000	4670.245608
3.239586	465.136000	4670.275730
3.238958	465.139000	4670.305852
3.238329	465.142000	4670.335974
3.237701	465.145000	4670.366096
3.237073	465.148000	4670.396218
3.236444	465.151000	4670.426340
3.235815	465.154000	4670.456462
3.235186	465.157000	4670.486584
3.234558	465.160000	4670.516706
3.233929	465.163000	4670.546828
3.233300	465.166000	4670.576950
3.232670	465.169000	4670.607072
3.232041	465.172000	4670.637194
3.231412	465.175000	4670.667316
3.230782	465.178000	4670.697438
3.230153	465.181000	4670.727560
3.229523	465.184000	4670.757682
3.228894	465.187000	4670.787804
3.228264	465.190000	4670.817926
3.227634	465.193000	4670.848048
3.227004	465.196000	4670.878170
3.226374	465.199000	4670.908292
3.225744	465.202000	4670.938414
3.225114	465.205000	4670.968536
3.224483	465.208000	4670.998658
3.223853	465.211000	4671.028780
3.223222	465.214000	4671.058902
3.222592	465.217000	4671.089024
3.221961	465.220000	4671.119146
3.221330	465.223000	4671.149268
3.220699	465.226000	4671.179390
3.220069	465.229000	4671.209512
3.219437	465.232000	4671.239634
3.218806	465.235000	4671.269756
3.218175	465.238000	4671.299878
3.217544	465.241000	4671.330000
3.216912	465.244000	4671.360122
3.216281	465.247000	4671.390244
3.215649	465.250000	4671.420366
3.215018	465.253000	4671.450488
3.214386	465.256000	4671.480610
3.213754	465.259000	4671.510732
3.213122	465.262000	4671.540854
3.212490	465.265000	4671.570976
3.211858	465.268000	4671.601098
3.211226	465.271000	4671.631220
3.210593	465.274000	4671.661342
3.209961	465.277000	4671.691464
3.209328	465.280000	4671.721586
3.208696	465.283000	4671.751708
3.208063	465.286000	4671.781830
3.207430	465.289000	4671.811952
3.206797	465.292000	4671.842074
3.206165	465.295000	4671.872196
3.205531	465.298000	4671.902318
3.204898	465.301000	4671.932440
3.204265	465.304000	4671.962562
3.203632	465.307000	4671.992684
3.202998	465.310000	4672.022806
3.202365	465.313000	4672.052928
3.201731	465.316000	4672.083050
3.201098	465.319000	4672.113172
3.200464	465.322000	4672.143294
3.199830	465.325000	4672.173416
3.199196	465.328000	4672.203538
3.198562	465.331000	4672.233660
3.197928	465.334000	4672.263782
3.197293	465.337000	4672.293904
3.196659	465.340000	4672.324026
3.196025	465.343000	4672.354148
3.195390	465.346000	4672.384270
3.194755	465.349000	4672.414392
3.194121	465.352000	4672.444514
3.193486	465.355000	4672.474636
3.192851	465.358000	4672.504758
3.192216	465.361000	4672.534880
3.191581	465.364000	4672.565002
3.190946	465.367000	4672.595124
3.190311	465.370000	4672.625246
3.189675	465.373000	4672.655368
3.189040	465.376000	4672.685490
3.188404	465.379000	4672.715612
3.187769	465.382000	4672.745734
3.187133	465.385000	4672.775856
3.186497	465.388000	4672.805978
3.185861	465.391000	4672.836100
3.185225	465.394000	4672.866222
3.184589	465.397000	4672.896344
3.183953	465.400000	4672.926466
3.183317	465.403000	4672.956588
3.182680	465.406000	4672.986710
3.182044	465.409000	4673.016832
3.181407	465.412000	4673.046954
3.180770	465.415000	4673.077076
3.180134	465.418000	4673.107198
3.179497	465.421000	4673.137320
3.178860	465.424000	4673.167442
3.178223	465.427000	4673.197564
3.177586	465.430000	4673.227686
3.176948	465.433000	4673.257808
3.176311	465.436000	4673.287930
3.175674	465.439000	4673.318052
3.175036	465.442000	4673.348174
3.174399	465.445000	4673.378296
3.173761	465.448000	4673.408418
3.173123	465.451000	4673.438540
3.172485	465.454000	4673.468662
3.171847	465.457000	4673.498784
3.171209	465.460000	4673.528906
3.170571	465.463000	4673.559028
3.169933	465.466000	4673.589150
3.169294	465.469000	4673.619272
3.168656	465.472000	4673.649394
3.168017	465.475000	4673.679516
3.167379	465.478000	4673.709638
3.166740	465.481000	4673.739760
3.166101	465.484000	4673.769882
3.165462	465.487000	4673.800004
3.164823	465.490000	4673.830126
3.164184	465.493000	4673.860248
3.163545	465.496000	4673.890370
3.162906	465.499000	4673.920492
3.162266	465.502000	4673.950614
3.161627	465.505000	4673.980736
3.160987	465.508000	4674.010858
3.160348	465.511000	4674.040980
3.159708	465.514000	4674.071102
3.159068	465.517000	4674.101224
3.158428	465.520000	4674.131346
3.157788	465.523000	4674.161468
3.157148	465.526000	4674.191590
3.156508	465.529000	4674.221712
3.155867	465.532000	4674.251834
3.155227	465.535000	4674.281956
3.154586	465.538000	4674.312078
3.153946	465.541000	4674.342200
3.153305	465.544000	4674.372322
3.152664	465.547000	4674.402444
3.152023	465.550000	4674.432566
3.151382	465.553000	4674.462688
3.150741	465.556000	4674.492810
3.150100	465.559000	4674.522932
3.149459	465.562000	4674.553054
3.148817	465.565000	4674.583176
3.148176	465.568000	4674.613298
3.147534	465.571000	4674.643420
3.146892	465.574000	4674.673542
3.146251	465.577000	4674.703664
3.145609	465.580000	4674.733786
3.144967	465.583000	4674.763908
3.144325	465.586000	4674.794030
3.143683	465.589000	4674.824152
3.143040	465.592000	4674.854274
3.142398	465.595000	4674.884396
3.141756	465.598000	4674.914518
3.141113	465.601000	4674.944640
3.140470	465.604000	4674.974762
3.139828	465.607000	4675.004884
3.139185	465.610000	4675.035006
3.138542	465.613000	4675.065128
3.137899	465.616000	4675.095250
3.137256	465.619000	4675.125372
3.136612	465.622000	4675.155494
3.135969	465.625000	4675.185616
3.135326	465.628000	4675.215738
3.134682	465.631000	4675.245860
3.134039	465.634000	4675.275982
3.133395	465.637000	4675.306104
3.132751	465.640000	4675.336226
3.132107	465.643000	4675.366348
3.131463	465.646000	4675.396470
3.130819	465.649000	4675.426592
3.130175	465.652000	4675.456714
3.129531	465.655000	4675.486836
3.128886	465.658000	4675.516958
3.128242	465.661000	4675.547080
3.127597	465.664000	4675.577202
3.126953	465.667000	4675.607324
3.126308	465.670000	4675.637446
3.125663	465.673000	4675.667568
3.125018	465.676000	4675.697690
3.124373	465.679000	4675.727812
3.123728	465.682000	4675.757934
3.123082	465.685000	4675.788056
3.122437	465.688000	4675.818178
3.121792	465.691000	4675.848300
3.121146	465.694000	4675.878422
3.120500	465.697000	4675.908544
3.119855	465.700000	4675.938666
3.119209	465.703000	4675.968788
3.118563	465.706000	4675.998910
3.117917	465.709000	4676.029032
3.117271	465.712000	4676.059154
3.116625	465.715000	4676.089276
3.115978	465.718000	4676.119398
3.115332	465.721000	4676.149520
3.114685	465.724000	4676.179642
3.114039	465.727000	4676.209764
3.113392	465.730000	4676.239886
3.112745	465.733000	4676.270008
3.112098	465.736000	4676.300130
3.111451	465.739000	4676.330252
3.110804	465.742000	4676.360374
3.110157	465.745000	4676.390496
3.109509	465.748000	4676.420618
3.108862	465.751000	4676.450740
3.108215	465.754000	4676.480862
3.107567	465.757000	4676.510984
3.106919	465.760000	4676.541106
3.106271	465.763000	4676.571228
3.105623	465.766000	4676.601350
3.104975	465.769000	4676.631472
3.104327	465.772000	4676.661594
3.103679	465.775000	4676.691716
3.103031	465.778000	4676.721838
3.102382	465.781000	4676.751960
3.101734	465.784000	4676.782082
3.101085	465.787000	4676.812204
3.100437	465.790000	4676.842326
3.099788	465.793000	4676.872448
3.099139	465.796000	4676.902570
3.098490	465.799000	4676.932692
3.097841	465.802000	4676.962814
3.097192	465.805000	4676.992936
3.096542	465.808000	4677.023058
3.095893	465.811000	4677.053180
3.095243	465.814000	4677.083302
3.094594	465.817000	4677.113424
3.093944	465.820000	4677.143546
3.093294	465.823000	4677.173668
3.092644	465.826000	4677.203790
3.091994	465.829000	4677.233912
3.091344	465.832000	4677.264034
3.090694	465.835000	4677.294156
3.090044	465.838000	4677.324278
3.089393	465.841000	4677.354400
3.088743	465.844000	4677.384522
3.088092	465.847000	4677.414644
3.087442	465.850000	4677.444766
3.086791	465.853000	4677.474888
3.086140	465.856000	4677.505010
3.085489	465.859000	4677.535132
3.084838	465.862000	4677.565254
3.084187	465.865000	4677.595376
3.083535	465.868000	4677.625498
3.082884	465.871000	4677.655620
3.082232	465.874000	4677.685742
3.081581	465.877000	4677.715864
3.080929	465.880000	4677.745986
3.080277	465.883000	4677.776108
3.079625	465.886000	4677.806230
3.078973	465.889000	4677.836352
3.078321	465.892000	4677.866474
3.077669	465.895000	4677.896596
3.077017	465.898000	4677.926718
3.076364	465.901000	4677.956840
3.075712	465.904000	4677.986962
3.075059	465.907000	4678.017084
3.074406	465.910000	4678.047206
3.073754	465.913000	4678.077328
3.073101	465.916000	4678.107450
3.072448	465.919000	4678.137572
3.071795	465.922000	4678.167694
3.071141	465.925000	4678.197816
3.070488	465.928000	4678.227938
3.069835	465.931000	4678.258060
3.069181	465.934000	4678.288182
3.068527	465.937000	4678.318304
3.067874	465.940000	4678.348426
3.067220	465.943000	4678.378548
3.066566	465.946000	4678.408670
3.065912	465.949000	4678.438792
3.065258	465.952000	4678.468914
3.064604	465.955000	4678.499036
3.063949	465.958000	4678.529158
3.063295	465.961000	4678.559280
3.062640	465.964000	4678.589402
3.061986	465.967000	4678.619524
3.061331	465.970000	4678.649646
3.060676	465.973000	4678.679768
3.060021	465.976000	4678.709890
3.059366	465.979000	4678.740012
3.058711	465.982000	4678.770134
3.058055	465.985000	4678.800256
3.057400	465.988000	4678.830378
3.056745	465.991000	4678.860500
3.056089	465.994000	4678.890622
3.055433	465.997000	4678.920744
3.054778	466.000000	4678.950866
3.054122	466.003000	4678.980988
3.053466	466.006000	4679.011110
3.052810	466.009000	4679.041232
3.052153	466.012000	4679.071354
3.051497	466.015000	4679.101476
3.050841	466.018000	4679.131598
3.050184	466.021000	4679.161720
3.049528	466.024000	4679.191842
3.048871	466.027000	4679.221964
3.048214	466.030000	4679.252086
3.047557	466.033000	4679.282208
3.046900	466.036000	4679.312330
3.046243	466.039000	4679.342452
3.045586	466.042000	4679.372574
3.044929	466.045000	4679.402696
3.044271	466.048000	4679.432818
3.043614	466.051000	4679.462940
3.042956	466.054000	4679.493062
3.042298	466.057000	4679.523184
3.041640	466.060000	4679.553306
3.040982	466.063000	4679.583428
3.040324	466.066000	4679.613550
3.039666	466.069000	4679.643672
3.039008	466.072000	4679.673794
3.038350	466.075000	4679.703916
3.037691	466.078000	4679.734038
3.037033	466.081000	4679.764160
3.036374	466.084000	4679.794282
3.035715	466.087000	4679.824404
3.035056	466.090000	4679.854526
3.034397	466.093000	4679.884648
3.033738	466.096000	4679.914770
3.033079	466.099000	4679.944892
3.032420	466.102000	4679.975014
3.031760	466.105000	4680.005136
3.031101	466.108000	4680.035258
3.030441	466.111000	4680.065380
3.029781	466.114000	4680.095502
3.029121	466.117000	4680.125624
3.028462	466.120000	4680.155746
3.027802	466.123000	4680.185868
3.027141	466.126000	4680.215990
3.026481	466.129000	4680.246112
3.025821	466.132000	4680.276234
3.025160	466.135000	4680.306356
3.024500	466.138000	4680.336478
3.023839	466.141000	4680.366600
3.023178	466.144000	4680.396722
3.022517	466.147000	4680.426844
3.021856	466.150000	4680.456966
3.021195	466.153000	4680.487088
3.020534	466.156000	4680.517210
3.019873	466.159000	4680.547332
3.019211	466.162000	4680.577454
3.018550	466.165000	4680.607576
3.017888	466.168000	4680.637698
3.017227	466.171000	4680.667820
3.016565	466.174000	4680.697942
3.015903	466.177000	4680.728064
3.015241	466.180000	4680.758186
3.014579	466.183000	4680.788308
3.013916	466.186000	4680.818430
3.013254	466.189000	4680.848552
3.012591	466.192000	4680.878674
3.011929	466.195000	4680.908796
3.011266	466.198000	4680.938918
3.010603	466.201000	4680.969040
3.009941	466.204000	4680.999162
3.009277	466.207000	4681.029284
3.008614	466.210000	4681.059406
3.007951	466.213000	4681.089528
3.007288	466.216000	4681.119650
3.006624	466.219000	4681.149772
3.005961	466.222000	4681.179894
3.005297	466.225000	4681.210016
3.004633	466.228000	4681.240138
3.003970	466.231000	4681.270260
3.003306	466.234000	4681.300382
3.002642	466.237000	4681.330504
3.001977	466.240000	4681.360626
3.001313	466.243000	4681.390748
3.000649	466.246000	4681.420870
2.999984	466.249000	4681.450992
2.999320	466.252000	4681.481114
2.998655	466.255000	4681.511236
2.997990	466.258000	4681.541358
2.997325	466.261000	4681.571480
2.996660	466.264000	4681.601602
2.995995	466.267000	4681.631724
2.995330	466.270000	4681.661846
2.994664	466.273000	4681.691968
2.993999	466.276000	4681.722090
2.993333	466.279000	4681.752212
2.992668	466.282000	4681.782334
2.992002	466.285000	4681.812456
2.991336	466.288000	4681.842578
2.990670	466.291000	4681.872700
2.990004	466.294000	4681.902822
2.989338	466.297000	4681.932944
2.988671	466.300000	4681.963066
2.988005	466.303000	4681.993188
2.987338	466.306000	4682.023310
2.986672	466.309000	4682.053432
2.986005	466.312000	4682.083554
2.985338	466.315000	4682.113676
2.984671	466.318000	4682.143798
2.984004	466.321000	4682.173920
2.983337	466.324000	4682.204042
2.982669	466.327000	4682.234164
2.982002	466.330000	4682.264286
2.981334	466.333000	4682.294408
2.980667	466.336000	4682.324530
2.979999	466.339000	4682.354652
2.979331	466.342000	4682.384774
2.978663	466.345000	4682.414896
2.977995	466.348000	4682.445018
2.977327	466.351000	4682.475140
2.976659	466.354000	4682.505262
2.975990	466.357000	4682.535384
2.975322	466.360000	4682.565506
2.974653	466.363000	4682.595628
2.973984	466.366000	4682.625750
2.973315	466.369000	4682.655872
2.972646	466.372000	4682.685994
2.971977	466.375000	4682.716116
2.971308	466.378000	4682.746238
2.970639	466.381000	4682.776360
2.969970	466.384000	4682.806482
2.969300	466.387000	4682.836604
2.968630	466.390000	4682.866726
2.967961	466.393000	4682.896848
2.967291	466.396000	4682.926970
2.966621	466.399000	4682.957092
2.965951	466.402000	4682.987214
2.965281	466.405000	4683.017336
2.964610	466.408000	4683.047458
2.963940	466.411000	4683.077580
2.963270	466.414000	4683.107702
2.962599	466.417000	4683.137824
2.961928	466.420000	4683.167946
2.961257	466.423000	4683.198068
2.960587	466.426000	4683.228190
2.959915	466.429000	4683.258312
2.959244	466.432000	4683.288434
2.958573	466.435000	4683.318556
2.957902	466.438000	4683.348678
2.957230	466.441000	4683.378800
2.956559	466.444000	4683.408922
2.955887	466.447000	4683.439044
2.955215	466.450000	4683.469166
2.954543	466.453000	4683.499288
2.953871	466.456000	4683.529410
2.953199	466.459000	4683.559532
2.952527	466.462000	4683.589654
2.951854	466.465000	4683.619776
2.951182	466.468000	4683.649898
2.950509	466.471000	4683.680020
2.949836	466.474000	4683.710142
2.949164	466.477000	4683.740264
2.948491	466.480000	4683.770386
2.947818	466.483000	4683.800508
2.947144	466.486000	4683.830630
2.946471	466.489000	4683.860752
2.945798	466.492000	4683.890874
2.945124	466.495000	4683.920996
2.944451	466.498000	4683.951118
2.943777	466.501000	4683.981240
2.943103	466.504000	4684.011362
2.942429	466.507000	4684.041484
2.941755	466.510000	4684.071606
2.941081	466.513000	4684.101728
2.940407	466.516000	4684.131850
2.939732	466.519000	4684.161972
2.939058	466.522000	4684.192094
2.938383	466.525000	4684.222216
2.937708	466.528000	4684.252338
2.937033	466.531000	4684.282460
2.936358	466.534000	4684.312582
2.935683	466.537000	4684.342704
2.935008	466.540000	4684.372826
2.934333	466.543000	4684.402948
2.933657	466.546000	4684.433070
2.932982	466.549000	4684.463192
2.932306	466.552000	4684.493314
2.931631	466.555000	4684.523436
2.930955	466.558000	4684.553558
2.930279	466.561000	4684.583680
2.929603	466.564000	4684.613802
2.928926	466.567000	4684.643924
2.928250	466.570000	4684.674046
2.927574	466.573000	4684.704168
2.926897	466.576000	4684.734290
2.926220	466.579000	4684.764412
2.925544	466.582000	4684.794534
2.924867	466.585000	4684.824656
2.924190	466.588000	4684.854778
2.923513	466.591000	4684.884900
2.922835	466.594000	4684.915022
2.922158	466.597000	4684.945144
2.921480	466.600000	4684.975266
2.920803	466.603000	4685.005388
2.920125	466.606000	4685.035510
2.919447	466.609000	4685.065632
2.918769	466.612000	4685.095754
2.918091	466.615000	4685.125876
2.917413	466.618000	4685.155998
2.916735	466.621000	4685.186120
2.916057	466.624000	4685.216242
2.915378	466.627000	4685.246364
2.914700	466.630000	4685.276486
2.914021	466.633000	4685.306608
2.913342	466.636000	4685.336730
2.912663	466.639000	4685.366852
2.911984	466.642000	4685.396974
2.911305	466.645000	4685.427096
2.910625	466.648000	4685.457218
2.909946	466.651000	4685.487340
2.909266	466.654000	4685.517462
2.908587	466.657000	4685.547584
2.907907	466.660000	4685.577706
2.907227	466.663000	4685.607828
2.906547	466.666000	4685.637950
2.905867	466.669000	4685.668072
2.905187	466.672000	4685.698194
2.904506	466.675000	4685.728316
2.903826	466.678000	4685.758438
2.903145	466.681000	4685.788560
2.902465	466.684000	4685.818682
2.901784	466.687000	4685.848804
2.901103	466.690000	4685.878926
2.900422	466.693000	4685.909048
2.899741	466.696000	4685.939170
2.899060	466.699000	4685.969292
2.898378	466.702000	4685.999414
2.897697	466.705000	4686.029536
2.897015	466.708000	4686.059658
2.896333	466.711000	4686.089780
2.895651	466.714000	4686.119902
2.894969	466.717000	4686.150024
2.894287	466.720000	4686.180146
2.893605	466.723000	4686.210268
2.892923	466.726000	4686.240390
2.892240	466.729000	4686.270512
2.891558	466.732000	4686.300634
2.890875	466.735000	4686.330756
2.890192	466.738000	4686.360878
2.889509	466.741000	4686.391000
2.888826	466.744000	4686.421122
2.888143	466.747000	4686.451244
2.887460	466.750000	4686.481366
2.886777	466.753000	4686.511488
2.886093	466.756000	4686.541610
2.885409	466.759000	4686.571732
2.884726	466.762000	4686.601854
2.884042	466.765000	4686.631976
2.883358	466.768000	4686.662098
2.882674	466.771000	4686.692220
2.881990	466.774000	4686.722342
2.881305	466.777000	4686.752464
2.880621	466.780000	4686.782586
2.879936	466.783000	4686.812708
2.879252	466.786000	4686.842830
2.878567	466.789000	4686.872952
2.877882	466.792000	4686.903074
2.877197	466.795000	4686.933196
2.876512	466.798000	4686.963318
2.875826	466.801000	4686.993440
2.875141	466.804000	4687.023562
2.874455	466.807000	4687.053684
2.873770	466.810000	4687.083806
2.873084	466.813000	4687.113928
2.872398	466.816000	4687.144050
2.871712	466.819000	4687.174172
2.871026	466.822000	4687.204294
2.870340	466.825000	4687.234416
2.869654	466.828000	4687.264538
2.868967	466.831000	4687.294660
2.868281	466.834000	4687.324782
2.867594	466.837000	4687.354904
2.866907	466.840000	4687.385026
2.866220	466.843000	4687.415148
2.865533	466.846000	4687.445270
2.864846	466.849000	4687.475392
2.864158	466.852000	4687.505514
2.863471	466.855000	4687.535636
2.862784	466.858000	4687.565758
2.862096	466.861000	4687.595880
2.861408	466.864000	4687.626002
2.860720	466.867000	4687.656124
2.860032	466.870000	4687.686246
2.859344	466.873000	4687.716368
2.858656	466.876000	4687.746490
2.857967	466.879000	4687.776612
2.857279	466.882000	4687.806734
2.856590	466.885000	4687.836856
2.855901	466.888000	4687.866978
2.855213	466.891000	4687.897100
2.854524	466.894000	4687.927222
2.853835	466.897000	4687.957344
2.853145	466.900000	4687.987466
2.852456	466.903000	4688.017588
2.851766	466.906000	4688.047710
2.851077	466.909000	4688.077832
2.850387	466.912000	4688.107954
2.849697	466.915000	4688.138076
2.849007	466.918000	4688.168198
2.848317	466.921000	4688.198320
2.847627	466.924000	4688.228442
2.846937	466.927000	4688.258564
2.846246	466.930000	4688.288686
2.845556	466.933000	4688.318808
2.844865	466.936000	4688.348930
2.844174	466.939000	4688.379052
2.843483	466.942000	4688.409174
2.842792	466.945000	4688.439296
2.842101	466.948000	4688.469418
2.841410	466.951000	4688.499540
2.840718	466.954000	4688.529662
2.840027	466.957000	4688.559784
2.839335	466.960000	4688.589906
2.838643	466.963000	4688.620028
2.837952	466.966000	4688.650150
2.837259	466.969000	4688.680272
2.836567	466.972000	4688.710394
2.835875	466.975000	4688.740516
2.835183	466.978000	4688.770638
2.834490	466.981000	4688.800760
2.833798	466.984000	4688.830882
2.833105	466.987000	4688.861004
2.832412	466.990000	4688.891126
2.831719	466.993000	4688.921248
2.831026	466.996000	4688.951370
2.830332	466.999000	4688.981492
2.829639	467.002000	4689.011614
2.828946	467.005000	4689.041736
2.828252	467.008000	4689.071858
2.827558	467.011000	4689.101980
2.826864	467.014000	4689.132102
2.826170	467.017000	4689.162224
2.825476	467.020000	4689.192346
2.824782	467.023000	4689.222468
2.824088	467.026000	4689.252590
2.823393	467.029000	4689.282712
2.822698	467.032000	4689.312834
2.822004	467.035000	4689.342956
2.821309	467.038000	4689.373078
2.820614	467.041000	4689.403200
2.819919	467.044000	4689.433322
2.819223	467.047000	4689.463444
2.818528	467.050000	4689.493566
2.817833	467.053000	4689.523688
2.817137	467.056000	4689.553810
2.816441	467.059000	4689.583932
2.815745	467.062000	4689.614054
2.815049	467.065000	4689.644176
2.814353	467.068000	4689.674298
2.813657	467.071000	4689.704420
2.812961	467.074000	4689.734542
2.812264	467.077000	4689.764664
2.811568	467.080000	4689.794786
2.810871	467.083000	4689.824908
2.810174	467.086000	4689.855030
2.809477	467.089000	4689.885152
2.808780	467.092000	4689.915274
2.808083	467.095000	4689.945396
2.807385	467.098000	4689.975518
2.806688	467.101000	4690.005640
2.805990	467.104000	4690.035762
2.805292	467.107000	4690.065884
2.804595	467.110000	4690.096006
2.803897	467.113000	4690.126128
2.803198	467.116000	4690.156250
2.802500	467.119000	4690.186372
2.801802	467.122000	4690.216494
2.801103	467.125000	4690.246616
2.800405	467.128000	4690.276738
2.799706	467.131000	4690.306860
2.799007	467.134000	4690.336982
2.798308	467.137000	4690.367104
2.797609	467.140000	4690.397226
2.796910	467.143000	4690.427348
2.796210	467.146000	4690.457470
2.795511	467.149000	4690.487592
2.794811	467.152000	4690.517714
2.794111	467.155000	4690.547836
2.793411	467.158000	4690.577958
2.792711	467.161000	4690.608080
2.792011	467.164000	4690.638202
2.791311	467.167000	4690.668324
2.790611	467.170000	4690.698446
2.789910	467.173000	4690.728568
2.789209	467.176000	4690.758690
2.788509	467.179000	4690.788812
2.787808	467.182000	4690.818934
2.787107	467.185000	4690.849056
2.786405	467.188000	4690.879178
2.785704	467.191000	4690.909300
2.785003	467.194000	4690.939422
2.784301	467.197000	4690.969544
2.783599	467.200000	4690.999666
2.782898	467.203000	4691.029788
2.782196	467.206000	4691.059910
2.781494	467.209000	4691.090032
2.780791	467.212000	4691.120154
2.780089	467.215000	4691.150276
2.779387	467.218000	4691.180398
2.778684	467.221000	4691.210520
2.777981	467.224000	4691.240642
2.777278	467.227000	4691.270764
2.776575	467.230000	4691.300886
2.775872	467.233000	4691.331008
2.775169	467.236000	4691.361130
2.774466	467.239000	4691.391252
2.773762	467.242000	4691.421374
2.773059	467.245000	4691.451496
2.772355	467.248000	4691.481618
2.771651	467.251000	4691.511740
2.770947	467.254000	4691.541862
2.770243	467.257000	4691.571984
2.769539	467.260000	4691.602106
2.768834	467.263000	4691.632228
2.768130	467.266000	4691.662350
2.767425	467.269000	4691.692472
2.766720	467.272000	4691.722594
2.766015	467.275000	4691.752716
2.765310	467.278000	4691.782838
2.764605	467.281000	4691.812960
2.763900	467.284000	4691.843082
2.763194	467.287000	4691.873204
2.762489	467.290000	4691.903326
2.761783	467.293000	4691.933448
2.761077	467.296000	4691.963570
2.760371	467.299000	4691.993692
2.759665	467.302000	4692.023814
2.758959	467.305000	4692.053936
2.758253	467.308000	4692.084058
2.757546	467.311000	4692.114180
2.756840	467.314000	4692.144302
2.756133	467.317000	4692.174424
2.755426	467.320000	4692.204546
2.754719	467.323000	4692.234668
2.754012	467.326000	4692.264790
2.753305	467.329000	4692.294912
2.752597	467.332000	4692.325034
2.751890	467.335000	4692.355156
2.751182	467.338000	4692.385278
2.750474	467.341000	4692.415400
2.749766	467.344000	4692.445522
2.749058	467.347000	4692.475644
2.748350	467.350000	4692.505766
2.747642	467.353000	4692.535888
2.746933	467.356000	4692.566010
2.746225	467.359000	4692.596132
2.745516	467.362000	4692.626254
2.744807	467.365000	4692.656377
2.744098	467.368000	4692.686499
2.743389	467.371000	4692.716621
2.742680	467.374000	4692.746743
2.741970	467.377000	4692.776865
2.741261	467.380000	4692.806987
2.740551	467.383000	4692.837109
2.739841	467.386000	4692.867231
2.739131	467.389000	4692.897353
2.738421	467.392000	4692.927475
2.737711	467.395000	4692.957597
2.737001	467.398000	4692.987719
2.736290	467.401000	4693.017841
2.735580	467.404000	4693.047963
2.734869	467.407000	4693.078085
2.734158	467.410000	4693.108207
2.733447	467.413000	4693.138329
2.732736	467.416000	4693.168451
2.732025	467.419000	4693.198573
2.731313	467.422000	4693.228695
2.730602	467.425000	4693.258817
2.729890	467.428000	4693.288939
2.729178	467.431000	4693.319061
2.728466	467.434000	4693.349183
2.727754	467.437000	4693.379305
2.727042	467.440000	4693.409427
2.726330	467.443000	4693.439549
2.725617	467.446000	4693.469671
2.724905	467.449000	4693.499793
2.724192	467.452000	4693.529915
2.723479	467.455000	4693.560037
2.722766	467.458000	4693.590159
2.722053	467.461000	4693.620281
2.721340	467.464000	4693.650403
2.720626	467.467000	4693.680525
2.719913	467.470000	4693.710647
2.719199	467.473000	4693.740769
2.718485	467.476000	4693.770891
2.717771	467.479000	4693.801013
2.717057	467.482000	4693.831135
2.716343	467.485000	4693.861257
2.715629	467.488000	4693.891379
2.714914	467.491000	4693.921501
2.714199	467.494000	4693.951623
2.713485	467.497000	4693.981745
2.712770	467.500000	4694.011867
2.712055	467.503000	4694.041989
2.711339	467.506000	4694.072111
2.710624	467.509000	4694.102233
2.709909	467.512000	4694.132355
2.709193	467.515000	4694.162477
2.708477	467.518000	4694.192599
2.707762	467.521000	4694.222721
2.707045	467.524000	4694.252843
2.706329	467.527000	4694.282965
2.705613	467.530000	4694.313087
2.704897	467.533000	4694.343209
2.704180	467.536000	4694.373331
2.703463	467.539000	4694.403453
2.702747	467.542000	4694.433575
2.702030	467.545000	4694.463697
2.701313	467.548000	4694.493819
2.700595	467.551000	4694.523941
2.699878	467.554000	4694.554063
2.699160	467.557000	4694.584185
2.698443	467.560000	4694.614307
2.697725	467.563000	4694.644429
2.697007	467.566000	4694.674551
2.696289	467.569000	4694.704673
2.695571	467.572000	4694.734795
2.694852	467.575000	4694.764917
2.694134	467.578000	4694.795039
2.693415	467.581000	4694.825161
2.692696	467.584000	4694.855283
2.691978	467.587000	4694.885405
2.691259	467.590000	4694.915527
2.690539	467.593000	4694.945649
2.689820	467.596000	4694.975771
2.689101	467.599000	4695.005893
2.688381	467.602000	4695.036015
2.687661	467.605000	4695.066137
2.686941	467.608000	4695.096259
2.686221	467.611000	4695.126381
2.685501	467.614000	4695.156503
2.684781	467.617000	4695.186625
2.684060	467.620000	4695.216747
2.683340	467.623000	4695.246869
2.682619	467.626000	4695.276991
2.681898	467.629000	4695.307113
2.681177	467.632000	4695.337235
2.680456	467.635000	4695.367357
2.679735	467.638000	4695.397479
2.679014	467.641000	4695.427601
2.678292	467.644000	4695.457723
2.677570	467.647000	4695.487845
2.676848	467.650000	4695.517967
2.676126	467.653000	4695.548089
2.675404	467.656000	4695.578211
2.674682	467.659000	4695.608333
2.673960	467.662000	4695.638455
2.673237	467.665000	4695.668577
2.672514	467.668000	4695.698699
2.671792	467.671000	4695.728821
2.671069	467.674000	4695.758943
2.670346	467.677000	4695.789065
2.669622	467.680000	4695.819187
2.668899	467.683000	4695.849309
2.668175	467.686000	4695.879431
2.667452	467.689000	4695.909553
2.666728	467.692000	4695.939675
2.666004	467.695000	4695.969797
2.665280	467.698000	4695.999919
2.664556	467.701000	4696.030041
2.663831	467.704000	4696.060163
2.663107	467.707000	4696.090285
2.662382	467.710000	4696.120407
2.661657	467.713000	4696.150529
2.660932	467.716000	4696.180651
2.660207	467.719000	4696.210773
2.659482	467.722000	4696.240895
2.658756	467.725000	4696.271017
2.658031	467.728000	4696.301139
2.657305	467.731000	4696.331261
2.656579	467.734000	4696.361383
2.655853	467.737000	4696.391505
2.655127	467.740000	4696.421627
2.654401	467.743000	4696.451749
2.653675	467.746000	4696.481871
2.652948	467.749000	4696.511993
2.652222	467.752000	4696.542115
2.651495	467.755000	4696.572237
2.650768	467.758000	4696.602359
2.650041	467.761000	4696.632481
2.649313	467.764000	4696.662603
2.648586	467.767000	4696.692725
2.647858	467.770000	4696.722847
2.647131	467.773000	4696.752969
2.646403	467.776000	4696.783091
2.645675	467.779000	4696.813213
2.644947	467.782000	4696.843335
2.644219	467.785000	4696.873457
2.643490	467.788000	4696.903579
2.642762	467.791000	4696.933701
2.642033	467.794000	4696.963823
2.641304	467.797000	4696.993945
2.640575	467.800000	4697.024067
2.639846	467.803000	4697.054189
2.639117	467.806000	4697.084311
2.638387	467.809000	4697.114433
2.637658	467.812000	4697.144555
2.636928	467.815000	4697.174677
2.636198	467.818000	4697.204799
2.635468	467.821000	4697.234921
2.634738	467.824000	4697.265043
2.634008	467.827000	4697.295165
2.633277	467.830000	4697.325287
2.632547	467.833000	4697.355409
2.631816	467.836000	4697.385531
2.631085	467.839000	4697.415653
2.630354	467.842000	4697.445775
2.629623	467.845000	4697.475897
2.628891	467.848000	4697.506019
2.628160	467.851000	4697.536141
2.627428	467.854000	4697.566263
2.626696	467.857000	4697.596385
2.625965	467.860000	4697.626507
2.625232	467.863000	4697.656629
2.624500	467.866000	4697.686751
2.623768	467.869000	4697.716873
2.623035	467.872000	4697.746995
2.622303	467.875000	4697.777117
2.621570	467.878000	4697.807239
2.620837	467.881000	4697.837361
2.620104	467.884000	4697.867483
2.619371	467.887000	4697.897605
2.618637	467.890000	4697.927727
2.617904	467.893000	4697.957849
2.617170	467.896000	4697.987971
2.616436	467.899000	4698.018093
2.615702	467.902000	4698.048215
2.614968	467.905000	4698.078337
2.614234	467.908000	4698.108459
2.613499	467.911000	4698.138581
2.612765	467.914000	4698.168703
2.612030	467.917000	4698.198825
2.611295	467.920000	4698.228947
2.610560	467.923000	4698.259069
2.609825	467.926000	4698.289191
2.609090	467.929000	4698.319313
2.608354	467.932000	4698.349435
2.607618	467.935000	4698.379557
2.606883	467.938000	4698.409679
2.606147	467.941000	4698.439801
2.605411	467.944000	4698.469923
2.604674	467.947000	4698.500045
2.603938	467.950000	4698.530167
2.603201	467.953000	4698.560289
2.602465	467.956000	4698.590411
2.601728	467.959000	4698.620533
2.600991	467.962000	4698.650655
2.600254	467.965000	4698.680777
2.599517	467.968000	4698.710899
2.598779	467.971000	4698.741021
2.598042	467.974000	4698.771143
2.597304	467.977000	4698.801265
2.596566	467.980000	4698.831387
2.595828	467.983000	4698.861509
2.595090	467.986000	4698.891631
2.594351	467.989000	4698.921753
2.593613	467.992000	4698.951875
2.592874	467.995000	4698.981997
2.592135	467.998000	4699.012119
2.591396	468.001000	4699.042241
2.590657	468.004000	4699.072363
2.589918	468.007000	4699.102485
2.589179	468.010000	4699.132607
2.588439	468.013000	4699.162729
2.587699	468.016000	4699.192851
2.586960	468.019000	4699.222973
2.586220	468.022000	4699.253095
2.585479	468.025000	4699.283217
2.584739	468.028000	4699.313339
2.583999	468.031000	4699.343461
2.583258	468.034000	4699.373583
2.582517	468.037000	4699.403705
2.581776	468.040000	4699.433827
2.581035	468.043000	4699.463949
2.580294	468.046000	4699.494071
2.579552	468.049000	4699.524193
2.578811	468.052000	4699.554315
2.578069	468.055000	4699.584437
2.577327	468.058000	4699.614559
2.576585	468.061000	4699.644681
2.575843	468.064000	4699.674803
2.575101	468.067000	4699.704925
2.574358	468.070000	4699.735047
2.573616	468.073000	4699.765169
2.572873	468.076000	4699.795291
2.572130	468.079000	4699.825413
2.571387	468.082000	4699.855535
2.570644	468.085000	4699.885657
2.569900	468.088000	4699.915779
2.569157	468.091000	4699.945901
2.568413	468.094000	4699.976023
2.567669	468.097000	4700.006145
2.566925	468.100000	4700.036267
2.566181	468.103000	4700.066389
2.565437	468.106000	4700.096511
2.564692	468.109000	4700.126633
2.563947	468.112000	4700.156755
2.563203	468.115000	4700.186877
2.562458	468.118000	4700.216999
2.561713	468.121000	4700.247121
2.560967	468.124000	4700.277243
2.560222	468.127000	4700.307365
2.559476	468.130000	4700.337487
2.558730	468.133000	4700.367609
2.557985	468.136000	4700.397731
2.557239	468.139000	4700.427853
2.556492	468.142000	4700.457975
2.555746	468.145000	4700.488097
2.554999	468.148000	4700.518219
2.554253	468.151000	4700.548341
2.553506	468.154000	4700.578463
2.552759	468.157000	4700.608585
2.552012	468.160000	4700.638707
2.551264	468.163000	4700.668829
2.550517	468.166000	4700.698951
2.549769	468.169000	4700.729073
2.549022	468.172000	4700.759195
2.548274	468.175000	4700.789317
2.547525	468.178000	4700.819439
2.546777	468.181000	4700.849561
2.546029	468.184000	4700.879683
2.545280	468.187000	4700.909805
2.544531	468.190000	4700.939927
2.543783	468.193000	4700.970049
2.543033	468.196000	4701.000171
2.542284	468.199000	4701.030293
2.541535	468.202000	4701.060415
2.540785	468.205000	4701.090537
2.540036	468.208000	4701.120659
2.539286	468.211000	4701.150781
2.538536	468.214000	4701.180903
2.537786	468.217000	4701.211025
2.537035	468.220000	4701.241147
2.536285	468.223000	4701.271269
2.535534	468.226000	4701.301391
2.534783	468.229000	4701.331513
2.534032	468.232000	4701.361635
2.533281	468.235000	4701.391757
2.532530	468.238000	4701.421879
2.531778	468.241000	4701.452001
2.531027	468.244000	4701.482123
2.530275	468.247000	4701.512245
2.529523	468.250000	4701.542367
2.528771	468.253000	4701.572489
2.528019	468.256000	4701.602611
2.527266	468.259000	4701.632733
2.526514	468.262000	4701.662855
2.525761	468.265000	4701.692977
2.525008	468.268000	4701.723099
2.524255	468.271000	4701.753221
2.523502	468.274000	4701.783343
2.522748	468.277000	4701.813465
2.521995	468.280000	4701.843587
2.521241	468.283000	4701.873709
2.520487	468.286000	4701.903831
2.519733	468.289000	4701.933953
2.518979	468.292000	4701.964075
2.518225	468.295000	4701.994197
2.517470	468.298000	4702.024319
2.516715	468.301000	4702.054441
2.515961	468.304000	4702.084563
2.515206	468.307000	4702.114685
2.514450	468.310000	4702.144807
2.513695	468.313000	4702.174929
2.512940	468.316000	4702.205051
2.512184	468.319000	4702.235173
2.511428	468.322000	4702.265295
2.510672	468.325000	4702.295417
2.509916	468.328000	4702.325539
2.509160	468.331000	4702.355661
2.508403	468.334000	4702.385783
2.507646	468.337000	4702.415905
2.506890	468.340000	4702.446027
2.506133	468.343000	4702.476149
2.505375	468.346000	4702.506271
2.504618	468.349000	4702.536393
2.503861	468.352000	4702.566515
2.503103	468.355000	4702.596637
2.502345	468.358000	4702.626759
2.501587	468.361000	4702.656881
2.500829	468.364000	4702.687003
2.500071	468.367000	4702.717125
2.499312	468.370000	4702.747247
2.498554	468.373000	4702.777369
2.497795	468.376000	4702.807491
2.497036	468.379000	4702.837613
2.496277	468.382000	4702.867735
2.495517	468.385000	4702.897857
2.494758	468.388000	4702.927979
2.493998	468.391000	4702.958101
2.493239	468.394000	4702.988223
2.492479	468.397000	4703.018345
2.491718	468.400000	4703.048467
2.490958	468.403000	4703.078589
2.490198	468.406000	4703.108711
2.489437	468.409000	4703.138833
2.488676	468.412000	4703.168955
2.487915	468.415000	4703.199077
2.487154	468.418000	4703.229199
2.486393	468.421000	4703.259321
2.485631	468.424000	4703.289443
2.484870	468.427000	4703.319565
2.484108	468.430000	4703.349687
2.483346	468.433000	4703.379809
2.482584	468.436000	4703.409931
2.481821	468.439000	4703.440053
2.481059	468.442000	4703.470175
2.480296	468.445000	4703.500297
2.479533	468.448000	4703.530419
2.478770	468.451000	4703.560541
2.478007	468.454000	4703.590663
2.477244	468.457000	4703.620785
2.476481	468.460000	4703.650907
2.475717	468.463000	4703.681029
2.474953	468.466000	4703.711151
2.474189	468.469000	4703.741273
2.473425	468.472000	4703.771395
2.472660	468.475000	4703.801517
2.471896	468.478000	4703.831639
2.471131	468.481000	4703.861761
2.470366	468.484000	4703.891883
2.469601	468.487000	4703.922005
2.468836	468.490000	4703.952127
2.468071	468.493000	4703.982249
2.467305	468.496000	4704.012371
2.466540	468.499000	4704.042493
2.465774	468.502000	4704.072615
2.465008	468.505000	4704.102737
2.464241	468.508000	4704.132859
2.463475	468.511000	4704.162981
2.462708	468.514000	4704.193103
2.461942	468.517000	4704.223225
2.461175	468.520000	4704.253347
2.460408	468.523000	4704.283469
2.459640	468.526000	4704.313591
2.458873	468.529000	4704.343713
2.458105	468.532000	4704.373835
2.457338	468.535000	4704.403957
2.456570	468.538000	4704.434079
2.455802	468.541000	4704.464201
2.455033	468.544000	4704.494323
2.454265	468.547000	4704.524445
2.453496	468.550000	4704.554567
2.452727	468.553000	4704.584689
2.451958	468.556000	4704.614811
2.451189	468.559000	4704.644933
2.450420	468.562000	4704.675055
2.449650	468.565000	4704.705177
2.448881	468.568000	4704.735299
2.448111	468.571000	4704.765421
2.447341	468.574000	4704.795543
2.446571	468.577000	4704.825665
2.445800	468.580000	4704.855787
2.445030	468.583000	4704.885909
2.444259	468.586000	4704.916031
2.443488	468.589000	4704.946153
2.442717	468.592000	4704.976275
2.441946	468.595000	4705.006397
2.441174	468.598000	4705.036519
2.440403	468.601000	4705.066641
2.439631	468.604000	4705.096763
2.438859	468.607000	4705.126885
2.438087	468.610000	4705.157007
2.437315	468.613000	4705.187129
2.436542	468.616000	4705.217251
2.435770	468.619000	4705.247373
2.434997	468.622000	4705.277495
2.434224	468.625000	4705.307617
2.433451	468.628000	4705.337739
2.432677	468.631000	4705.367861
2.431904	468.634000	4705.397983
2.431130	468.637000	4705.428105
2.430356	468.640000	4705.458227
2.429582	468.643000	4705.488349
2.428808	468.646000	4705.518471
2.428033	468.649000	4705.548593
2.427259	468.652000	4705.578715
2.426484	468.655000	4705.608837
2.425709	468.658000	4705.638959
2.424934	468.661000	4705.669081
2.424159	468.664000	4705.699203
2.423383	468.667000	4705.729325
2.422607	468.670000	4705.759447
2.421832	468.673000	4705.789569
2.421056	468.676000	4705.819691
2.420279	468.679000	4705.849813
2.419503	468.682000	4705.879935
2.418726	468.685000	4705.910057
2.417950	468.688000	4705.940179
2.417173	468.691000	4705.970301
2.416396	468.694000	4706.000423
2.415618	468.697000	4706.030545
2.414841	468.700000	4706.060667
2.414063	468.703000	4706.090789
2.413286	468.706000	4706.120911
2.412508	468.709000	4706.151033
2.411729	468.712000	4706.181155
2.410951	468.715000	4706.211277
2.410172	468.718000	4706.241399
2.409394	468.721000	4706.271521
2.408615	468.724000	4706.301643
2.407836	468.727000	4706.331765
2.407057	468.730000	4706.361887
2.406277	468.733000	4706.392009
2.405497	468.736000	4706.422131
2.404718	468.739000	4706.452253
2.403938	468.742000	4706.482375
2.403157	468.745000	4706.512497
2.402377	468.748000	4706.542619
2.401597	468.751000	4706.572741
2.400816	468.754000	4706.602863
2.400035	468.757000	4706.632985
2.399254	468.760000	4706.663107
2.398473	468.763000	4706.693229
2.397691	468.766000	4706.723351
2.396910	468.769000	4706.753473
2.396128	468.772000	4706.783595
2.395346	468.775000	4706.813717
2.394564	468.778000	4706.843839
2.393781	468.781000	4706.873961
2.392999	468.784000	4706.904083
2.392216	468.787000	4706.934205
2.391433	468.790000	4706.964327
2.390650	468.793000	4706.994449
2.389867	468.796000	4707.024571
2.389083	468.799000	4707.054693
2.388300	468.802000	4707.084815
2.387516	468.805000	4707.114937
2.386732	468.808000	4707.145059
2.385947	468.811000	4707.175181
2.385163	468.814000	4707.205303
2.384379	468.817000	4707.235425
2.383594	468.820000	4707.265547
2.382809	468.823000	4707.295669
2.382024	468.826000	4707.325791
2.381238	468.829000	4707.355913
2.380453	468.832000	4707.386035
2.379667	468.835000	4707.416157
2.378881	468.838000	4707.446279
2.378095	468.841000	4707.476401
2.377309	468.844000	4707.506523
2.376523	468.847000	4707.536645
2.375736	468.850000	4707.566767
2.374949	468.853000	4707.596889
2.374162	468.856000	4707.627011
2.373375	468.859000	4707.657133
2.372588	468.862000	4707.687255
2.371800	468.865000	4707.717377
2.371012	468.868000	4707.747499
2.370224	468.871000	4707.777621
2.369436	468.874000	4707.807743
2.368648	468.877000	4707.837865
2.367859	468.880000	4707.867987
2.367071	468.883000	4707.898109
2.366282	468.886000	4707.928231
2.365493	468.889000	4707.958353
2.364704	468.892000	4707.988475
2.363914	468.895000	4708.018597
2.363124	468.898000	4708.048719
2.362335	468.901000	4708.078841
2.361545	468.904000	4708.108963
2.360754	468.907000	4708.139085
2.359964	468.910000	4708.169207
2.359173	468.913000	4708.199329
2.358383	468.916000	4708.229451
2.357592	468.919000	4708.259573
2.356801	468.922000	4708.289695
2.356009	468.925000	4708.319817
2.355218	468.928000	4708.349939
2.354426	468.931000	4708.380061
2.353634	468.934000	4708.410183
2.352842	468.937000	4708.440305
2.352050	468.940000	4708.470427
2.351257	468.943000	4708.500549
2.350464	468.946000	4708.530671
2.349672	468.949000	4708.560793
2.348879	468.952000	4708.590915
2.348085	468.955000	4708.621037
2.347292	468.958000	4708.651159
2.346498	468.961000	4708.681281
2.345704	468.964000	4708.711403
2.344910	468.967000	4708.741525
2.344116	468.970000	4708.771647
2.343322	468.973000	4708.801769
2.342527	468.976000	4708.831891
2.341732	468.979000	4708.862013
2.340937	468.982000	4708.892135
2.340142	468.985000	4708.922257
2.339347	468.988000	4708.952379
2.338551	468.991000	4708.982501
2.337755	468.994000	4709.012623
2.336959	468.997000	4709.042745
2.336163	469.000000	4709.072867
2.335367	469.003000	4709.102989
2.334570	469.006000	4709.133111
2.333774	469.009000	4709.163233
2.332977	469.012000	4709.193355
2.332180	469.015000	4709.223477
2.331382	469.018000	4709.253599
2.330585	469.021000	4709.283721
2.329787	469.024000	4709.313843
2.328989	469.027000	4709.343965
2.328191	469.030000	4709.374087
2.327393	469.033000	4709.404209
2.326594	469.036000	4709.434331
2.325795	469.039000	4709.464453
2.324997	469.042000	4709.494575
2.324197	469.045000	4709.524697
2.323398	469.048000	4709.554819
2.322599	469.051000	4709.584941
2.321799	469.054000	4709.615063
2.320999	469.057000	4709.645185
2.320199	469.060000	4709.675307
2.319399	469.063000	4709.705429
2.318598	469.066000	4709.735551
2.317798	469.069000	4709.765673
2.316997	469.072000	4709.795795
2.316196	469.075000	4709.825917
2.315394	469.078000	4709.856039
2.314593	469.081000	4709.886161
2.313791	469.084000	4709.916283
2.312989	469.087000	4709.946405
2.312187	469.090000	4709.976527
2.311385	469.093000	4710.006649
2.310583	469.096000	4710.036771
2.309780	469.099000	4710.066893
2.308977	469.102000	4710.097015
2.308174	469.105000	4710.127137
2.307371	469.108000	4710.157259
2.306567	469.111000	4710.187381
2.305764	469.114000	4710.217503
2.304960	469.117000	4710.247625
2.304156	469.120000	4710.277747
2.303351	469.123000	4710.307869
2.302547	469.126000	4710.337991
2.301742	469.129000	4710.368113
2.300937	469.132000	4710.398235
2.300132	469.135000	4710.428357
2.299327	469.138000	4710.458479
2.298522	469.141000	4710.488601
2.297716	469.144000	4710.518723
2.296910	469.147000	4710.548845
2.296104	469.150000	4710.578967
2.295298	469.153000	4710.609089
2.294491	469.156000	4710.639211
2.293684	469.159000	4710.669333
2.292877	469.162000	4710.699455
2.292070	469.165000	4710.729577
2.291263	469.168000	4710.759699
2.290456	469.171000	4710.789821
2.289648	469.174000	4710.819943
2.288840	469.177000	4710.850065
2.288032	469.180000	4710.880187
2.287223	469.183000	4710.910309
2.286415	469.186000	4710.940431
2.285606	469.189000	4710.970553
2.284797	469.192000	4711.000675
2.283988	469.195000	4711.030797
2.283179	469.198000	4711.060919
2.282369	469.201000	4711.091041
2.281559	469.204000	4711.121163
2.280749	469.207000	4711.151285
2.279939	469.210000	4711.181407
2.279129	469.213000	4711.211529
2.278318	469.216000	4711.241651
2.277508	469.219000	4711.271773
2.276697	469.222000	4711.301895
2.275885	469.225000	4711.332017
2.275074	469.228000	4711.362139
2.274262	469.231000	4711.392261
2.273450	469.234000	4711.422383
2.272638	469.237000	4711.452505
2.271826	469.240000	4711.482627
2.271014	469.243000	4711.512749
2.270201	469.246000	4711.542871
2.269388	469.249000	4711.572993
2.268575	469.252000	4711.603115
2.267762	469.255000	4711.633237
2.266948	469.258000	4711.663359
2.266135	469.261000	4711.693481
2.265321	469.264000	4711.723603
2.264507	469.267000	4711.753725
2.263692	469.270000	4711.783847
2.262878	469.273000	4711.813969
2.262063	469.276000	4711.844091
2.261248	469.279000	4711.874213
2.260433	469.282000	4711.904335
2.259617	469.285000	4711.934457
2.258802	469.288000	4711.964579
2.257986	469.291000	4711.994701
2.257170	469.294000	4712.024823
2.256354	469.297000	4712.054945
2.255537	469.300000	4712.085067
2.254721	469.303000	4712.115189
2.253904	469.306000	4712.145311
2.253087	469.309000	4712.175433
2.252269	469.312000	4712.205555
2.251452	469.315000	4712.235677
2.250634	469.318000	4712.265799
2.249816	469.321000	4712.295921
2.248998	469.324000	4712.326043
2.248180	469.327000	4712.356165
2.247361	469.330000	4712.386287
2.246542	469.333000	4712.416409
2.245723	469.336000	4712.446531
2.244904	469.339000	4712.476653
2.244085	469.342000	4712.506775
2.243265	469.345000	4712.536897
2.242445	469.348000	4712.567019
2.241625	469.351000	4712.597141
2.240805	469.354000	4712.627263
2.239984	469.357000	4712.657385
2.239164	469.360000	4712.687507
2.238343	469.363000	4712.717629
2.237522	469.366000	4712.747751
2.236700	469.369000	4712.777873
2.235879	469.372000	4712.807995
2.235057	469.375000	4712.838117
2.234235	469.378000	4712.868239
2.233413	469.381000	4712.898361
2.232590	469.384000	4712.928483
2.231768	469.387000	4712.958605
2.230945	469.390000	4712.988727
2.230122	469.393000	4713.018849
2.229298	469.396000	4713.048971
2.228475	469.399000	4713.079093
2.227651	469.402000	4713.109215
2.226827	469.405000	4713.139337
2.226003	469.408000	4713.169459
2.225179	469.411000	4713.199581
2.224354	469.414000	4713.229703
2.223529	469.417000	4713.259825
2.222704	469.420000	4713.289947
2.221879	469.423000	4713.320069
2.221053	469.426000	4713.350191
2.220228	469.429000	4713.380313
2.219402	469.432000	4713.410435
2.218575	469.435000	4713.440557
2.217749	469.438000	4713.470679
2.216923	469.441000	4713.500801
2.216096	469.444000	4713.530923
2.215269	469.447000	4713.561045
2.214441	469.450000	4713.591167
2.213614	469.453000	4713.621289
2.212786	469.456000	4713.651411
2.211958	469.459000	4713.681533
2.211130	469.462000	4713.711655
2.210302	469.465000	4713.741777
2.209473	469.468000	4713.771899
2.208644	469.471000	4713.802021
2.207815	469.474000	4713.832143
2.206986	469.477000	4713.862265
2.206157	469.480000	4713.892387
2.205327	469.483000	4713.922509
2.204497	469.486000	4713.952631
2.203667	469.489000	4713.982753
2.202837	469.492000	4714.012875
2.202006	469.495000	4714.042997
2.201175	469.498000	4714.073119
2.200344	469.501000	4714.103241
2.199513	469.504000	4714.133363
2.198681	469.507000	4714.163485
2.197850	469.510000	4714.193607
2.197018	469.513000	4714.223729
2.196186	469.516000	4714.253851
2.195353	469.519000	4714.283973
2.194521	469.522000	4714.314095
2.193688	469.525000	4714.344217
2.192855	469.528000	4714.374339
2.192021	469.531000	4714.404461
2.191188	469.534000	4714.434583
2.190354	469.537000	4714.464705
2.189520	469.540000	4714.494827
2.188686	469.543000	4714.524949
2.187851	469.546000	4714.555071
2.187017	469.549000	4714.585193
2.186182	469.552000	4714.615315
2.185347	469.555000	4714.645437
2.184511	469.558000	4714.675559
2.183676	469.561000	4714.705681
2.182840	469.564000	4714.735803
2.182004	469.567000	4714.765925
2.181168	469.570000	4714.796047
2.180331	469.573000	4714.826169
2.179495	469.576000	4714.856291
2.178658	469.579000	4714.886413
2.177820	469.582000	4714.916535
2.176983	469.585000	4714.946657
2.176145	469.588000	4714.976779
2.175308	469.591000	4715.006901
2.174469	469.594000	4715.037023
2.173631	469.597000	4715.067145
2.172793	469.600000	4715.097267
2.171954	469.603000	4715.127389
2.171115	469.606000	4715.157511
2.170276	469.609000	4715.187633
2.169436	469.612000	4715.217755
2.168596	469.615000	4715.247877
2.167756	469.618000	4715.277999
2.166916	469.621000	4715.308121
2.166076	469.624000	4715.338243
2.165235	469.627000	4715.368365
2.164394	469.630000	4715.398487
2.163553	469.633000	4715.428609
2.162712	469.636000	4715.458731
2.161870	469.639000	4715.488853
2.161028	469.642000	4715.518975
2.160186	469.645000	4715.549097
2.159344	469.648000	4715.579219
2.158502	469.651000	4715.609341
2.157659	469.654000	4715.639463
2.156816	469.657000	4715.669585
2.155973	469.660000	4715.699707
2.155129	469.663000	4715.729829
2.154285	469.666000	4715.759951
2.153441	469.669000	4715.790073
2.152597	469.672000	4715.820195
2.151753	469.675000	4715.850317
2.150908	469.678000	4715.880439
2.150063	469.681000	4715.910561
2.149218	469.684000	4715.940683
2.148373	469.687000	4715.970805
2.147527	469.690000	4716.000927
2.146681	469.693000	4716.031049
2.145835	469.696000	4716.061171
2.144989	469.699000	4716.091293
2.144143	469.702000	4716.121416
2.143296	469.705000	4716.151538
2.142449	469.708000	4716.181660
2.141601	469.711000	4716.211782
2.140754	469.714000	4716.241904
2.139906	469.717000	4716.272026
2.139058	469.720000	4716.302148
2.138210	469.723000	4716.332270
2.137362	469.726000	4716.362392
2.136513	469.729000	4716.392514
2.135664	469.732000	4716.422636
2.134815	469.735000	4716.452758
2.133965	469.738000	4716.482880
2.133116	469.741000	4716.513002
2.132266	469.744000	4716.543124
2.131416	469.747000	4716.573246
2.130565	469.750000	4716.603368
2.129715	469.753000	4716.633490
2.128864	469.756000	4716.663612
2.128013	469.759000	4716.693734
2.127161	469.762000	4716.723856
2.126310	469.765000	4716.753978
2.125458	469.768000	4716.784100
2.124606	469.771000	4716.814222
2.123753	469.774000	4716.844344
2.122901	469.777000	4716.874466
2.122048	469.780000	4716.904588
2.121195	469.783000	4716.934710
2.120341	469.786000	4716.964832
2.119488	469.789000	4716.994954
2.118634	469.792000	4717.025076
2.117780	469.795000	4717.055198
2.116926	469.798000	4717.085320
2.116071	469.801000	4717.115442
2.115216	469.804000	4717.145564
2.114361	469.807000	4717.175686
2.113506	469.810000	4717.205808
2.112650	469.813000	4717.235930
2.111795	469.816000	4717.266052
2.110939	469.819000	4717.296174
2.110082	469.822000	4717.326296
2.109226	469.825000	4717.356418
2.108369	469.828000	4717.386540
2.107512	469.831000	4717.416662
2.106655	469.834000	4717.446784
2.105797	469.837000	4717.476906
2.104939	469.840000	4717.507028
2.104081	469.843000	4717.537150
2.103223	469.846000	4717.567272
2.102365	469.849000	4717.597394
2.101506	469.852000	4717.627516
2.100647	469.855000	4717.657638
2.099788	469.858000	4717.687760
2.098928	469.861000	4717.717882
2.098068	469.864000	4717.748004
2.097208	469.867000	4717.778126
2.096348	469.870000	4717.808248
2.095487	469.873000	4717.838370
2.094627	469.876000	4717.868492
2.093766	469.879000	4717.898614
2.092904	469.882000	4717.928736
2.092043	469.885000	4717.958858
2.091181	469.888000	4717.988980
2.090319	469.891000	4718.019102
2.089457	469.894000	4718.049224
2.088594	469.897000	4718.079346
2.087731	469.900000	4718.109468
2.086868	469.903000	4718.139590
2.086005	469.906000	4718.169712
2.085141	469.909000	4718.199834
2.084278	469.912000	4718.229956
2.083413	469.915000	4718.260078
2.082549	469.918000	4718.290200
2.081684	469.921000	4718.320322
2.080820	469.924000	4718.350444
2.079955	469.927000	4718.380566
2.079089	469.930000	4718.410688
2.078224	469.933000	4718.440810
2.077358	469.936000	4718.470932
2.076491	469.939000	4718.501054
2.075625	469.942000	4718.531176
2.074758	469.945000	4718.561298
2.073892	469.948000	4718.591420
2.073024	469.951000	4718.621542
2.072157	469.954000	4718.651664
2.071289	469.957000	4718.681786
2.070421	469.960000	4718.711908
2.069553	469.963000	4718.742030
2.068685	469.966000	4718.772152
2.067816	469.969000	4718.802274
2.066947	469.972000	4718.832396
2.066078	469.975000	4718.862518
2.065208	469.978000	4718.892640
2.064338	469.981000	4718.922762
2.063468	469.984000	4718.952884
2.062598	469.987000	4718.983006
2.061727	469.990000	4719.013128
2.060857	469.993000	4719.043250
2.059986	469.996000	4719.073372
2.059114	469.999000	4719.103494
2.058243	470.002000	4719.133616
2.057371	470.005000	4719.163738
2.056499	470.008000	4719.193860
2.055626	470.011000	4719.223982
2.054753	470.014000	4719.254104
2.053881	470.017000	4719.284226
2.053007	470.020000	4719.314348
2.052134	470.023000	4719.344470
2.051260	470.026000	4719.374592
2.050386	470.029000	4719.404714
2.049512	470.032000	4719.434836
2.048637	470.035000	4719.464958
2.047763	470.038000	4719.495080
2.046888	470.041000	4719.525202
2.046012	470.044000	4719.555324
2.045137	470.047000	4719.585446
2.044261	470.050000	4719.615568
2.043385	470.053000	4719.645690
2.042508	470.056000	4719.675812
2.041632	470.059000	4719.705934
2.040755	470.062000	4719.736056
2.039878	470.065000	4719.766178
2.039000	470.068000	4719.796300
2.038122	470.071000	4719.826422
2.037244	470.074000	4719.856544
2.036366	470.077000	4719.886666
2.035487	470.080000	4719.916788
2.034609	470.083000	4719.946910
2.033730	470.086000	4719.977032
2.032850	470.089000	4720.007154
2.031971	470.092000	4720.037276
2.031091	470.095000	4720.067398
2.030211	470.098000	4720.097520
2.029330	470.101000	4720.127642
2.028449	470.104000	4720.157764
2.027568	470.107000	4720.187886
2.026687	470.110000	4720.218008
2.025806	470.113000	4720.248130
2.024924	470.116000	4720.278252
2.024042	470.119000	4720.308374
2.023159	470.122000	4720.338496
2.022277	470.125000	4720.368618
2.021394	470.128000	4720.398740
2.020511	470.131000	4720.428862
2.019627	470.134000	4720.458984
2.018743	470.137000	4720.489106
2.017859	470.140000	4720.519228
2.016975	470.143000	4720.549350
2.016091	470.146000	4720.579472
2.015206	470.149000	4720.609594
2.014321	470.152000	4720.639716
2.013435	470.155000	4720.669838
2.012550	470.158000	4720.699960
2.011664	470.161000	4720.730082
2.010777	470.164000	4720.760204
2.009891	470.167000	4720.790326
2.009004	470.170000	4720.820448
2.008117	470.173000	4720.850570
2.007230	470.176000	4720.880692
2.006342	470.179000	4720.910814
2.005454	470.182000	4720.940936
2.004566	470.185000	4720.971058
2.003677	470.188000	4721.001180
2.002789	470.191000	4721.031302
2.001900	470.194000	4721.061424
2.001010	470.197000	4721.091546
2.000121	470.200000	4721.121668
1.999231	470.203000	4721.151790
1.998341	470.206000	4721.181912
1.997450	470.209000	4721.212034
1.996560	470.212000	4721.242156
1.995669	470.215000	4721.272278
1.994777	470.218000	4721.302400
1.993886	470.221000	4721.332522
1.992994	470.224000	4721.362644
1.992102	470.227000	4721.392766
1.991209	470.230000	4721.422888
1.990317	470.233000	4721.453010
1.989424	470.236000	4721.483132
1.988530	470.239000	4721.513254
1.987637	470.242000	4721.543376
1.986743	470.245000	4721.573498
1.985849	470.248000	4721.603620
1.984954	470.251000	4721.633742
1.984060	470.254000	4721.663864
1.983165	470.257000	4721.693986
1.982269	470.260000	4721.724108
1.981374	470.263000	4721.754230
1.980478	470.266000	4721.784352
1.979582	470.269000	4721.814474
1.978685	470.272000	4721.844596
1.977789	470.275000	4721.874718
1.976892	470.278000	4721.904840
1.975994	470.281000	4721.934962
1.975097	470.284000	4721.965084
1.974199	470.287000	4721.995206
1.973301	470.290000	4722.025328
1.972402	470.293000	4722.055450
1.971503	470.296000	4722.085572
1.970604	470.299000	4722.115694
1.969705	470.302000	4722.145816
1.968805	470.305000	4722.175938
1.967905	470.308000	4722.206060
1.967005	470.311000	4722.236182
1.966105	470.314000	4722.266304
1.965204	470.317000	4722.296426
1.964303	470.320000	4722.326548
1.963401	470.323000	4722.356670
1.962500	470.326000	4722.386792
1.961598	470.329000	4722.416914
1.960695	470.332000	4722.447036
1.959793	470.335000	4722.477158
1.958890	470.338000	4722.507280
1.957987	470.341000	4722.537402
1.957083	470.344000	4722.567524
1.956179	470.347000	4722.597646
1.955275	470.350000	4722.627768
1.954371	470.353000	4722.657890
1.953466	470.356000	4722.688012
1.952561	470.359000	4722.718134
1.951656	470.362000	4722.748256
1.950751	470.365000	4722.778378
1.949845	470.368000	4722.808500
1.948939	470.371000	4722.838622
1.948032	470.374000	4722.868744
1.947125	470.377000	4722.898866
1.946218	470.380000	4722.928988
1.945311	470.383000	4722.959110
1.944403	470.386000	4722.989232
1.943495	470.389000	4723.019354
1.942587	470.392000	4723.049476
1.941678	470.395000	4723.079598
1.940770	470.398000	4723.109720
1.939860	470.401000	4723.139842
1.938951	470.404000	4723.169964
1.938041	470.407000	4723.200086
1.937131	470.410000	4723.230208
1.936221	470.413000	4723.260330
1.935310	470.416000	4723.290452
1.934399	470.419000	4723.320574
1.933488	470.422000	4723.350696
1.932576	470.425000	4723.380818
1.931664	470.428000	4723.410940
1.930752	470.431000	4723.441062
1.929839	470.434000	4723.471184
1.928926	470.437000	4723.501306
1.928013	470.440000	4723.531428
1.927100	470.443000	4723.561550
1.926186	470.446000	4723.591672
1.925272	470.449000	4723.621794
1.924358	470.452000	4723.651916
1.923443	470.455000	4723.682038
1.922528	470.458000	4723.712160
1.921613	470.461000	4723.742282
1.920697	470.464000	4723.772404
1.919781	470.467000	4723.802526
1.918865	470.470000	4723.832648
1.917948	470.473000	4723.862770
1.917031	470.476000	4723.892892
1.916114	470.479000	4723.923014
1.915197	470.482000	4723.953136
1.914279	470.485000	4723.983258
1.913361	470.488000	4724.013380
1.912442	470.491000	4724.043502
1.911524	470.494000	4724.073624
1.910604	470.497000	4724.103746
1.909685	470.500000	4724.133868
1.908765	470.503000	4724.163990
1.907845	470.506000	4724.194112
1.906925	470.509000	4724.224234
1.906004	470.512000	4724.254356
1.905083	470.515000	4724.284478
1.904162	470.518000	4724.314600
1.903241	470.521000	4724.344722
1.902319	470.524000	4724.374844
1.901396	470.527000	4724.404966
1.900474	470.530000	4724.435088
1.899551	470.533000	4724.465210
1.898628	470.536000	4724.495332
1.897704	470.539000	4724.525454
1.896781	470.542000	4724.555576
1.895856	470.545000	4724.585698
1.894932	470.548000	4724.615820
1.894007	470.551000	4724.645942
1.893082	470.554000	4724.676064
1.892157	470.557000	4724.706186
1.891231	470.560000	4724.736308
1.890305	470.563000	4724.766430
1.889378	470.566000	4724.796552
1.888452	470.569000	4724.826674
1.887525	470.572000	4724.856796
1.886597	470.575000	4724.886918
1.885670	470.578000	4724.917040
1.884741	470.581000	4724.947162
1.883813	470.584000	4724.977284
1.882884	470.587000	4725.007406
1.881955	470.590000	4725.037528
1.881026	470.593000	4725.067650
1.880097	470.596000	4725.097772
1.879167	470.599000	4725.127894
1.878236	470.602000	4725.158016
1.877306	470.605000	4725.188138
1.876375	470.608000	4725.218260
1.875443	470.611000	4725.248382
1.874512	470.614000	4725.278504
1.873580	470.617000	4725.308626
1.872648	470.620000	4725.338748
1.871715	470.623000	4725.368870
1.870782	470.626000	4725.398992
1.869849	470.629000	4725.429114
1.868915	470.632000	4725.459236
1.867981	470.635000	4725.489358
1.867047	470.638000	4725.519480
1.866112	470.641000	4725.549602
1.865177	470.644000	4725.579724
1.864242	470.647000	4725.609846
1.863306	470.650000	4725.639968
1.862371	470.653000	4725.670090
1.861434	470.656000	4725.700212
1.860498	470.659000	4725.730334
1.859561	470.662000	4725.760456
1.858623	470.665000	4725.790578
1.857686	470.668000	4725.820700
1.856748	470.671000	4725.850822
1.855810	470.674000	4725.880944
1.854871	470.677000	4725.911066
1.853932	470.680000	4725.941188
1.852993	470.683000	4725.971310
1.852053	470.686000	4726.001432
1.851113	470.689000	4726.031554
1.850173	470.692000	4726.061676
1.849232	470.695000	4726.091798
1.848291	470.698000	4726.121920
1.847350	470.701000	4726.152042
1.846408	470.704000	4726.182164
1.845466	470.707000	4726.212286
1.844524	470.710000	4726.242408
1.843581	470.713000	4726.272530
1.842638	470.716000	4726.302652
1.841695	470.719000	4726.332774
1.840751	470.722000	4726.362896
1.839807	470.725000	4726.393018
1.838862	470.728000	4726.423140
1.837918	470.731000	4726.453262
1.836972	470.734000	4726.483384
1.836027	470.737000	4726.513506
1.835081	470.740000	4726.543628
1.834135	470.743000	4726.573750
1.833189	470.746000	4726.603872
1.832242	470.749000	4726.633994
1.831295	470.752000	4726.664116
1.830347	470.755000	4726.694238
1.829399	470.758000	4726.724360
1.828451	470.761000	4726.754482
1.827502	470.764000	4726.784604
1.826553	470.767000	4726.814726
1.825604	470.770000	4726.844848
1.824654	470.773000	4726.874970
1.823704	470.776000	4726.905092
1.822754	470.779000	4726.935214
1.821803	470.782000	4726.965336
1.820852	470.785000	4726.995458
1.819901	470.788000	4727.025580
1.818949	470.791000	4727.055702
1.817997	470.794000	4727.085824
1.817044	470.797000	4727.115946
1.816092	470.800000	4727.146068
1.815138	470.803000	4727.176190
1.814185	470.806000	4727.206312
1.813231	470.809000	4727.236434
1.812277	470.812000	4727.266556
1.811322	470.815000	4727.296678
1.810367	470.818000	4727.326800
1.809412	470.821000	4727.356922
1.808456	470.824000	4727.387044
1.807500	470.827000	4727.417166
1.806544	470.830000	4727.447288
1.805587	470.833000	4727.477410
1.804630	470.836000	4727.507532
1.803672	470.839000	4727.537654
1.802715	470.842000	4727.567776
1.801756	470.845000	4727.597898
1.800798	470.848000	4727.628020
1.799839	470.851000	4727.658142
1.798880	470.854000	4727.688264
1.797920	470.857000	4727.718386
1.796960	470.860000	4727.748508
1.795999	470.863000	4727.778630
1.795039	470.866000	4727.808752
1.794078	470.869000	4727.838874
1.793116	470.872000	4727.868996
1.792154	470.875000	4727.899118
1.791192	470.878000	4727.929240
1.790229	470.881000	4727.959362
1.789266	470.884000	4727.989484
1.788303	470.887000	4728.019606
1.787339	470.890000	4728.049728
1.786375	470.893000	4728.079850
1.785411	470.896000	4728.109972
1.784446	470.899000	4728.140094
1.783481	470.902000	4728.170216
1.782515	470.905000	4728.200338
1.781550	470.908000	4728.230460
1.780583	470.911000	4728.260582
1.779617	470.914000	4728.290704
1.778650	470.917000	4728.320826
1.777682	470.920000	4728.350948
1.776714	470.923000	4728.381070
1.775746	470.926000	4728.411192
1.774778	470.929000	4728.441314
1.773809	470.932000	4728.471436
1.772839	470.935000	4728.501558
1.771870	470.938000	4728.531680
1.770900	470.941000	4728.561802
1.769929	470.944000	4728.591924
1.768959	470.947000	4728.622046
1.767987	470.950000	4728.652168
1.767016	470.953000	4728.682290
1.766044	470.956000	4728.712412
1.765072	470.959000	4728.742534
1.764099	470.962000	4728.772656
1.763126	470.965000	4728.802778
1.762152	470.968000	4728.832900
1.761178	470.971000	4728.863022
1.760204	470.974000	4728.893144
1.759230	470.977000	4728.923266
1.758255	470.980000	4728.953388
1.757279	470.983000	4728.983510
1.756303	470.986000	4729.013632
1.755327	470.989000	4729.043754
1.754351	470.992000	4729.073876
1.753374	470.995000	4729.103998
1.752397	470.998000	4729.134120
1.751419	471.001000	4729.164242
1.750441	471.004000	4729.194364
1.749462	471.007000	4729.224486
1.748483	471.010000	4729.254608
1.747504	471.013000	4729.284730
1.746525	471.016000	4729.314852
1.745545	471.019000	4729.344974
1.744564	471.022000	4729.375096
1.743583	471.025000	4729.405218
1.742602	471.028000	4729.435340
1.741621	471.031000	4729.465462
1.740639	471.034000	4729.495584
1.739656	471.037000	4729.525706
1.738673	471.040000	4729.555828
1.737690	471.043000	4729.585950
1.736707	471.046000	4729.616072
1.735723	471.049000	4729.646194
1.734738	471.052000	4729.676316
1.733754	471.055000	4729.706438
1.732768	471.058000	4729.736560
1.731783	471.061000	4729.766682
1.730797	471.064000	4729.796804
1.729811	471.067000	4729.826926
1.728824	471.070000	4729.857048
1.727837	471.073000	4729.887170
1.726849	471.076000	4729.917292
1.725861	471.079000	4729.947414
1.724873	471.082000	4729.977536
1.723884	471.085000	4730.007658
1.722895	471.088000	4730.037780
1.721905	471.091000	4730.067902
1.720915	471.094000	4730.098024
1.719925	471.097000	4730.128146
1.718934	471.100000	4730.158268
1.717943	471.103000	4730.188390
1.716951	471.106000	4730.218512
1.715959	471.109000	4730.248634
1.714967	471.112000	4730.278756
1.713974	471.115000	4730.308878
1.712981	471.118000	4730.339000
1.711987	471.121000	4730.369122
1.710993	471.124000	4730.399244
1.709999	471.127000	4730.429366
1.709004	471.130000	4730.459488
1.708009	471.133000	4730.489610
1.707013	471.136000	4730.519732
1.706017	471.139000	4730.549854
1.705020	471.142000	4730.579976
1.704023	471.145000	4730.610098
1.703026	471.148000	4730.640220
1.702028	471.151000	4730.670342
1.701030	471.154000	4730.700464
1.700032	471.157000	4730.730586
1.699033	471.160000	4730.760708
1.698033	471.163000	4730.790830
1.697033	471.166000	4730.820952
1.696033	471.169000	4730.851074
1.695032	471.172000	4730.881196
1.694031	471.175000	4730.911318
1.693030	471.178000	4730.941440
1.692028	471.181000	4730.971562
1.691025	471.184000	4731.001684
1.690023	471.187000	4731.031806
1.689019	471.190000	4731.061928
1.688016	471.193000	4731.092050
1.687012	471.196000	4731.122172
1.686007	471.199000	4731.152294
1.685002	471.202000	4731.182416
1.683997	471.205000	4731.212538
1.682991	471.208000	4731.242660
1.681985	471.211000	4731.272782
1.680979	471.214000	4731.302904
1.679971	471.217000	4731.333026
1.678964	471.220000	4731.363148
1.677956	471.223000	4731.393270
1.676948	471.226000	4731.423392
1.675939	471.229000	4731.453514
1.674930	471.232000	4731.483636
1.673920	471.235000	4731.513758
1.672910	471.238000	4731.543880
1.671900	471.241000	4731.574002
1.670889	471.244000	4731.604124
1.669877	471.247000	4731.634246
1.668866	471.250000	4731.664368
1.667853	471.253000	4731.694490
1.666841	471.256000	4731.724612
1.665828	471.259000	4731.754734
1.664814	471.262000	4731.784856
1.663800	471.265000	4731.814978
1.662786	471.268000	4731.845100
1.661771	471.271000	4731.875222
1.660756	471.274000	4731.905344
1.659740	471.277000	4731.935466
1.658724	471.280000	4731.965588
1.657707	471.283000	4731.995710
1.656690	471.286000	4732.025832
1.655672	471.289000	4732.055954
1.654655	471.292000	4732.086076
1.653636	471.295000	4732.116198
1.652617	471.298000	4732.146320
1.651598	471.301000	4732.176442
1.650578	471.304000	4732.206564
1.649558	471.307000	4732.236686
1.648537	471.310000	4732.266808
1.647516	471.313000	4732.296930
1.646495	471.316000	4732.327052
1.645473	471.319000	4732.357174
1.644450	471.322000	4732.387296
1.643428	471.325000	4732.417418
1.642404	471.328000	4732.447540
1.641380	471.331000	4732.477662
1.640356	471.334000	4732.507784
1.639331	471.337000	4732.537906
1.638306	471.340000	4732.568028
1.637281	471.343000	4732.598150
1.636255	471.346000	4732.628272
1.635228	471.349000	4732.658394
1.634201	471.352000	4732.688516
1.633174	471.355000	4732.718638
1.632146	471.358000	4732.748760
1.631118	471.361000	4732.778882
1.630089	471.364000	4732.809004
1.629059	471.367000	4732.839126
1.628030	471.370000	4732.869248
1.626999	471.373000	4732.899370
1.625969	471.376000	4732.929492
1.624938	471.379000	4732.959614
1.623906	471.382000	4732.989736
1.622874	471.385000	4733.019858
1.621842	471.388000	4733.049980
1.620809	471.391000	4733.080102
1.619775	471.394000	4733.110224
1.618741	471.397000	4733.140346
1.617707	471.400000	4733.170468
1.616672	471.403000	4733.200590
1.615637	471.406000	4733.230712
1.614601	471.409000	4733.260834
1.613564	471.412000	4733.290956
1.612528	471.415000	4733.321078
1.611491	471.418000	4733.351200
1.610453	471.421000	4733.381322
1.609415	471.424000	4733.411444
1.608376	471.427000	4733.441566
1.607337	471.430000	4733.471688
1.606297	471.433000	4733.501810
1.605257	471.436000	4733.531932
1.604217	471.439000	4733.562054
1.603176	471.442000	4733.592176
1.602134	471.445000	4733.622298
1.601092	471.448000	4733.652420
1.600050	471.451000	4733.682542
1.599007	471.454000	4733.712664
1.597963	471.457000	4733.742786
1.596919	471.460000	4733.772908
1.595875	471.463000	4733.803030
1.594830	471.466000	4733.833152
1.593785	471.469000	4733.863274
1.592739	471.472000	4733.893396
1.591692	471.475000	4733.923518
1.590645	471.478000	4733.953640
1.589598	471.481000	4733.983762
1.588550	471.484000	4734.013884
1.587502	471.487000	4734.044006
1.586453	471.490000	4734.074128
1.585404	471.493000	4734.104250
1.584354	471.496000	4734.134372
1.583304	471.499000	4734.164494
1.582253	471.502000	4734.194616
1.581202	471.505000	4734.224738
1.580150	471.508000	4734.254860
1.579098	471.511000	4734.284982
1.578045	471.514000	4734.315104
1.576992	471.517000	4734.345226
1.575938	471.520000	4734.375348
1.574884	471.523000	4734.405470
1.573829	471.526000	4734.435592
1.572774	471.529000	4734.465714
1.571718	471.532000	4734.495836
1.570662	471.535000	4734.525958
1.569605	471.538000	4734.556080
1.568547	471.541000	4734.586202
1.567490	471.544000	4734.616324
1.566431	471.547000	4734.646446
1.565373	471.550000	4734.676568
1.564313	471.553000	4734.706690
1.563253	471.556000	4734.736812
1.562193	471.559000	4734.766934
1.561132	471.562000	4734.797056
1.560071	471.565000	4734.827178
1.559009	471.568000	4734.857300
1.557947	471.571000	4734.887422
1.556884	471.574000	4734.917544
1.555820	471.577000	4734.947666
1.554756	471.580000	4734.977788
1.553692	471.583000	4735.007910
1.552627	471.586000	4735.038032
1.551562	471.589000	4735.068154
1.550496	471.592000	4735.098276
1.549429	471.595000	4735.128398
1.548362	471.598000	4735.158520
1.547294	471.601000	4735.188642
1.546226	471.604000	4735.218764
1.545158	471.607000	4735.248886
1.544089	471.610000	4735.279008
1.543019	471.613000	4735.309130
1.541949	471.616000	4735.339252
1.540878	471.619000	4735.369374
1.539807	471.622000	4735.399496
1.538735	471.625000	4735.429618
1.537663	471.628000	4735.459740
1.536590	471.631000	4735.489862
1.535516	471.634000	4735.519984
1.534443	471.637000	4735.550106
1.533368	471.640000	4735.580228
1.532293	471.643000	4735.610350
1.531218	471.646000	4735.640472
1.530142	471.649000	4735.670594
1.529065	471.652000	4735.700716
1.527988	471.655000	4735.730838
1.526910	471.658000	4735.760960
1.525832	471.661000	4735.791082
1.524753	471.664000	4735.821204
1.523674	471.667000	4735.851326
1.522594	471.670000	4735.881448
1.521514	471.673000	4735.911570
1.520433	471.676000	4735.941692
1.519352	471.679000	4735.971814
1.518270	471.682000	4736.001936
1.517187	471.685000	4736.032058
1.516104	471.688000	4736.062180
1.515020	471.691000	4736.092302
1.513936	471.694000	4736.122424
1.512851	471.697000	4736.152546
1.511766	471.700000	4736.182668
1.510680	471.703000	4736.212790
1.509594	471.706000	4736.242912
1.508507	471.709000	4736.273034
1.507419	471.712000	4736.303156
1.506331	471.715000	4736.333278
1.505243	471.718000	4736.363400
1.504154	471.721000	4736.393522
1.503064	471.724000	4736.423644
1.501974	471.727000	4736.453766
1.500883	471.730000	4736.483888
1.499791	471.733000	4736.514010
1.498699	471.736000	4736.544132
1.497607	471.739000	4736.574254
1.496514	471.742000	4736.604376
1.495420	471.745000	4736.634498
1.494326	471.748000	4736.664620
1.493231	471.751000	4736.694742
1.492135	471.754000	4736.724864
1.491039	471.757000	4736.754986
1.489943	471.760000	4736.785108
1.488846	471.763000	4736.815230
1.487748	471.766000	4736.845352
1.486650	471.769000	4736.875474
1.485551	471.772000	4736.905596
1.484452	471.775000	4736.935718
1.483352	471.778000	4736.965840
1.482251	471.781000	4736.995962
1.481150	471.784000	4737.026084
1.480048	471.787000	4737.056206
1.478946	471.790000	4737.086328
1.477843	471.793000	4737.116450
1.476740	471.796000	4737.146572
1.475636	471.799000	4737.176694
1.474531	471.802000	4737.206816
1.473426	471.805000	4737.236938
1.472320	471.808000	4737.267060
1.471213	471.811000	4737.297182
1.470106	471.814000	4737.327304
1.468999	471.817000	4737.357426
1.467891	471.820000	4737.387548
1.466782	471.823000	4737.417670
1.465672	471.826000	4737.447792
1.464563	471.829000	4737.477914
1.463452	471.832000	4737.508036
1.462341	471.835000	4737.538158
1.461229	471.838000	4737.568280
1.460117	471.841000	4737.598402
1.459004	471.844000	4737.628524
1.457890	471.847000	4737.658646
1.456776	471.850000	4737.688768
1.455661	471.853000	4737.718890
1.454546	471.856000	4737.749012
1.453430	471.859000	4737.779134
1.452313	471.862000	4737.809256
1.451196	471.865000	4737.839378
1.450078	471.868000	4737.869500
1.448960	471.871000	4737.899622
1.447841	471.874000	4737.929744
1.446721	471.877000	4737.959866
1.445601	471.880000	4737.989988
1.444480	471.883000	4738.020110
1.443359	471.886000	4738.050232
1.442236	471.889000	4738.080354
1.441114	471.892000	4738.110476
1.439990	471.895000	4738.140598
1.438866	471.898000	4738.170720
1.437742	471.901000	4738.200842
1.436617	471.904000	4738.230964
1.435491	471.907000	4738.261086
1.434364	471.910000	4738.291208
1.433237	471.913000	4738.321330
1.432109	471.916000	4738.351452
1.430981	471.919000	4738.381574
1.429852	471.922000	4738.411696
1.428723	471.925000	4738.441818
1.427592	471.928000	4738.471940
1.426461	471.931000	4738.502062
1.425330	471.934000	4738.532184
1.424198	471.937000	4738.562306
1.423065	471.940000	4738.592428
1.421931	471.943000	4738.622550
1.420797	471.946000	4738.652672
1.419663	471.949000	4738.682794
1.418527	471.952000	4738.712916
1.417391	471.955000	4738.743038
1.416255	471.958000	4738.773160
1.415117	471.961000	4738.803282
1.413979	471.964000	4738.833404
1.412841	471.967000	4738.863526
1.411702	471.970000	4738.893648
1.410562	471.973000	4738.923770
1.409421	471.976000	4738.953892
1.408280	471.979000	4738.984014
1.407138	471.982000	4739.014136
1.405996	471.985000	4739.044258
1.404852	471.988000	4739.074380
1.403709	471.991000	4739.104502
1.402564	471.994000	4739.134624
1.401419	471.997000	4739.164746
1.400273	472.000000	4739.194868
1.399127	472.003000	4739.224990
1.397979	472.006000	4739.255112
1.396832	472.009000	4739.285234
1.395683	472.012000	4739.315356
1.394534	472.015000	4739.345478
1.393384	472.018000	4739.375600
1.392234	472.021000	4739.405722
1.391083	472.024000	4739.435844
1.389931	472.027000	4739.465966
1.388778	472.030000	4739.496088
1.387625	472.033000	4739.526210
1.386471	472.036000	4739.556332
1.385317	472.039000	4739.586454
1.384161	472.042000	4739.616577
1.383005	472.045000	4739.646699
1.381849	472.048000	4739.676821
1.380691	472.051000	4739.706943
1.379533	472.054000	4739.737065
1.378375	472.057000	4739.767187
1.377215	472.060000	4739.797309
1.376055	472.063000	4739.827431
1.374895	472.066000	4739.857553
1.373733	472.069000	4739.887675
1.372571	472.072000	4739.917797
1.371408	472.075000	4739.947919
1.370245	472.078000	4739.978041
1.369081	472.081000	4740.008163
1.367916	472.084000	4740.038285
1.366750	472.087000	4740.068407
1.365584	472.090000	4740.098529
1.364417	472.093000	4740.128651
1.363249	472.096000	4740.158773
1.362080	472.099000	4740.188895
1.360911	472.102000	4740.219017
1.359741	472.105000	4740.249139
1.358571	472.108000	4740.279261
1.357399	472.111000	4740.309383
1.356227	472.114000	4740.339505
1.355055	472.117000	4740.369627
1.353881	472.120000	4740.399749
1.352707	472.123000	4740.429871
1.351532	472.126000	4740.459993
1.350356	472.129000	4740.490115
1.349180	472.132000	4740.520237
1.348003	472.135000	4740.550359
1.346825	472.138000	4740.580481
1.345647	472.141000	4740.610603
1.344467	472.144000	4740.640725
1.343287	472.147000	4740.670847
1.342107	472.150000	4740.700969
1.340925	472.153000	4740.731091
1.339743	472.156000	4740.761213
1.338560	472.159000	4740.791335
1.337376	472.162000	4740.821457
1.336192	472.165000	4740.851579
1.335007	472.168000	4740.881701
1.333821	472.171000	4740.911823
1.332634	472.174000	4740.941945
1.331447	472.177000	4740.972067
1.330259	472.180000	4741.002189
1.329070	472.183000	4741.032311
1.327880	472.186000	4741.062433
1.326690	472.189000	4741.092555
1.325499	472.192000	4741.122677
1.324307	472.195000	4741.152799
1.323114	472.198000	4741.182921
1.321920	472.201000	4741.213043
1.320726	472.204000	4741.243165
1.319531	472.207000	4741.273287
1.318336	472.210000	4741.303409
1.317139	472.213000	4741.333531
1.315942	472.216000	4741.363653
1.314744	472.219000	4741.393775
1.313545	472.222000	4741.423897
1.312345	472.225000	4741.454019
1.311145	472.228000	4741.484141
1.309944	472.231000	4741.514263
1.308742	472.234000	4741.544385
1.307539	472.237000	4741.574507
1.306336	472.240000	4741.604629
1.305131	472.243000	4741.634751
1.303926	472.246000	4741.664873
1.302720	472.249000	4741.694995
1.301514	472.252000	4741.725117
1.300306	472.255000	4741.755239
1.299098	472.258000	4741.785361
1.297889	472.261000	4741.815483
1.296679	472.264000	4741.845605
1.295469	472.267000	4741.875727
1.294257	472.270000	4741.905849
1.293045	472.273000	4741.935971
1.291832	472.276000	4741.966093
1.290618	472.279000	4741.996215
1.289404	472.282000	4742.026337
1.288188	472.285000	4742.056459
1.286972	472.288000	4742.086581
1.285755	472.291000	4742.116703
1.284537	472.294000	4742.146825
1.283318	472.297000	4742.176947
1.282099	472.300000	4742.207069
1.280879	472.303000	4742.237191
1.279657	472.306000	4742.267313
1.278435	472.309000	4742.297435
1.277213	472.312000	4742.327557
1.275989	472.315000	4742.357679
1.274765	472.318000	4742.387801
1.273539	472.321000	4742.417923
1.272313	472.324000	4742.448045
1.271086	472.327000	4742.478167
1.269858	472.330000	4742.508289
1.268630	472.333000	4742.538411
1.267400	472.336000	4742.568533
1.266170	472.339000	4742.598655
1.264939	472.342000	4742.628777
1.263707	472.345000	4742.658899
1.262474	472.348000	4742.689021
1.261240	472.351000	4742.719143
1.260006	472.354000	4742.749265
1.258770	472.357000	4742.779387
1.257534	472.360000	4742.809509
1.256297	472.363000	4742.839631
1.255059	472.366000	4742.869753
1.253820	472.369000	4742.899875
1.252580	472.372000	4742.929997
1.251340	472.375000	4742.960119
1.250098	472.378000	4742.990241
1.248856	472.381000	4743.020363
1.247613	472.384000	4743.050485
1.246369	472.387000	4743.080607
1.245124	472.390000	4743.110729
1.243878	472.393000	4743.140851
1.242631	472.396000	4743.170973
1.241384	472.399000	4743.201095
1.240135	472.402000	4743.231217
1.238886	472.405000	4743.261339
1.237636	472.408000	4743.291461
1.236384	472.411000	4743.321583
1.235132	472.414000	4743.351705
1.233879	472.417000	4743.381827
1.232626	472.420000	4743.411949
1.231371	472.423000	4743.442071
1.230115	472.426000	4743.472193
1.228859	472.429000	4743.502315
1.227601	472.432000	4743.532437
1.226343	472.435000	4743.562559
1.225084	472.438000	4743.592681
1.223824	472.441000	4743.622803
1.222562	472.444000	4743.652925
1.221300	472.447000	4743.683047
1.220038	472.450000	4743.713169
1.218774	472.453000	4743.743291
1.217509	472.456000	4743.773413
1.216243	472.459000	4743.803535
1.214977	472.462000	4743.833657
1.213709	472.465000	4743.863779
1.212441	472.468000	4743.893901
1.211171	472.471000	4743.924023
1.209901	472.474000	4743.954145
1.208630	472.477000	4743.984267
1.207357	472.480000	4744.014389
1.206084	472.483000	4744.044511
1.204810	472.486000	4744.074633
1.203535	472.489000	4744.104755
1.202259	472.492000	4744.134877
1.200982	472.495000	4744.164999
1.199704	472.498000	4744.195121
1.198425	472.501000	4744.225243
1.197145	472.504000	4744.255365
1.195864	472.507000	4744.285487
1.194583	472.510000	4744.315609
1.193300	472.513000	4744.345731
1.192016	472.516000	4744.375853
1.190731	472.519000	4744.405975
1.189446	472.522000	4744.436097
1.188159	472.525000	4744.466219
1.186871	472.528000	4744.496341
1.185583	472.531000	4744.526463
1.184293	472.534000	4744.556585
1.183002	472.537000	4744.586707
1.181711	472.540000	4744.616829
1.180418	472.543000	4744.646951
1.179125	472.546000	4744.677073
1.177830	472.549000	4744.707195
1.176535	472.552000	4744.737317
1.175238	472.555000	4744.767439
1.173940	472.558000	4744.797561
1.172642	472.561000	4744.827683
1.171342	472.564000	4744.857805
1.170042	472.567000	4744.887927
1.168740	472.570000	4744.918049
1.167437	472.573000	4744.948171
1.166134	472.576000	4744.978293
1.164829	472.579000	4745.008415
1.163523	472.582000	4745.038537
1.162216	472.585000	4745.068659
1.160909	472.588000	4745.098781
1.159600	472.591000	4745.128903
1.158290	472.594000	4745.159025
1.156979	472.597000	4745.189147
1.155667	472.600000	4745.219269
1.154354	472.603000	4745.249391
1.153040	472.606000	4745.279513
1.151725	472.609000	4745.309635
1.150409	472.612000	4745.339757
1.149092	472.615000	4745.369879
1.147773	472.618000	4745.400001
1.146454	472.621000	4745.430123
1.145134	472.624000	4745.460245
1.143812	472.627000	4745.490367
1.142489	472.630000	4745.520489
1.141166	472.633000	4745.550611
1.139841	472.636000	4745.580733
1.138515	472.639000	4745.610855
1.137189	472.642000	4745.640977
1.135861	472.645000	4745.671099
1.134532	472.648000	4745.701221
1.133201	472.651000	4745.731343
1.131870	472.654000	4745.761465
1.130538	472.657000	4745.791587
1.129205	472.660000	4745.821709
1.127870	472.663000	4745.851831
1.126534	472.666000	4745.881953
1.125198	472.669000	4745.912075
1.123860	472.672000	4745.942197
1.122521	472.675000	4745.972319
1.121181	472.678000	4746.002441
1.119840	472.681000	4746.032563
1.118497	472.684000	4746.062685
1.117154	472.687000	4746.092807
1.115809	472.690000	4746.122929
1.114463	472.693000	4746.153051
1.113117	472.696000	4746.183173
1.111769	472.699000	4746.213295
1.110419	472.702000	4746.243417
1.109069	472.705000	4746.273539
1.107718	472.708000	4746.303661
1.106365	472.711000	4746.333783
1.105011	472.714000	4746.363905
1.103656	472.717000	4746.394027
1.102300	472.720000	4746.424149
1.100943	472.723000	4746.454271
1.099585	472.726000	4746.484393
1.098225	472.729000	4746.514515
1.096864	472.732000	4746.544637
1.095502	472.735000	4746.574759
1.094139	472.738000	4746.604881
1.092775	472.741000	4746.635003
1.091409	472.744000	4746.665125
1.090043	472.747000	4746.695247
1.088675	472.750000	4746.725369
1.087306	472.753000	4746.755491
1.085935	472.756000	4746.785613
1.084564	472.759000	4746.815735
1.083191	472.762000	4746.845857
1.081817	472.765000	4746.875979
1.080442	472.768000	4746.906101
1.079066	472.771000	4746.936223
1.077688	472.774000	4746.966345
1.076309	472.777000	4746.996467
1.074929	472.780000	4747.026589
1.073548	472.783000	4747.056711
1.072165	472.786000	4747.086833
1.070782	472.789000	4747.116955
1.069397	472.792000	4747.147077
1.068010	472.795000	4747.177199
1.066623	472.798000	4747.207321
1.065234	472.801000	4747.237443
1.063844	472.804000	4747.267565
1.062453	472.807000	4747.297687
1.061060	472.810000	4747.327809
1.059666	472.813000	4747.357931
1.058271	472.816000	4747.388053
1.056875	472.819000	4747.418175
1.055477	472.822000	4747.448297
1.054078	472.825000	4747.478419
1.052678	472.828000	4747.508541
1.051276	472.831000	4747.538663
1.049873	472.834000	4747.568785
1.048469	472.837000	4747.598907
1.047064	472.840000	4747.629029
1.045657	472.843000	4747.659151
1.044249	472.846000	4747.689273
1.042839	472.849000	4747.719395
1.041429	472.852000	4747.749517
1.040017	472.855000	4747.779639
1.038603	472.858000	4747.809761
1.037189	472.861000	4747.839883
1.035772	472.864000	4747.870005
1.034355	472.867000	4747.900127
1.032936	472.870000	4747.930249
1.031516	472.873000	4747.960371
1.030095	472.876000	4747.990493
1.028672	472.879000	4748.020615
1.027248	472.882000	4748.050737
1.025822	472.885000	4748.080859
1.024395	472.888000	4748.110981
1.022967	472.891000	4748.141103
1.021537	472.894000	4748.171225
1.020106	472.897000	4748.201347
1.018674	472.900000	4748.231469
1.017240	472.903000	4748.261591
1.015805	472.906000	4748.291713
1.014368	472.909000	4748.321835
1.012930	472.912000	4748.351957
1.011490	472.915000	4748.382079
1.010049	472.918000	4748.412201
1.008607	472.921000	4748.442323
1.007163	472.924000	4748.472445
1.005718	472.927000	4748.502567
1.004272	472.930000	4748.532689
1.002824	472.933000	4748.562811
1.001374	472.936000	4748.592933
0.999923	472.939000	4748.623055
0.998471	472.942000	4748.653177
0.997017	472.945000	4748.683299
0.995562	472.948000	4748.713421
0.994105	472.951000	4748.743543
0.992647	472.954000	4748.773665
0.991187	472.957000	4748.803787
0.989726	472.960000	4748.833909
0.988263	472.963000	4748.864031
0.986799	472.966000	4748.894153
0.985333	472.969000	4748.924275
0.983866	472.972000	4748.954397
0.982397	472.975000	4748.984519
0.980927	472.978000	4749.014641
0.979455	472.981000	4749.044763
0.977982	472.984000	4749.074885
0.976507	472.987000	4749.105007
0.975031	472.990000	4749.135129
0.973553	472.993000	4749.165251
0.972074	472.996000	4749.195373
0.970593	472.999000	4749.225495
0.969111	473.002000	4749.255617
0.967627	473.005000	4749.285739
0.966141	473.008000	4749.315861
0.964654	473.011000	4749.345983
0.963165	473.014000	4749.376105
0.961675	473.017000	4749.406227
0.960183	473.020000	4749.436349
0.958690	473.023000	4749.466471
0.957195	473.026000	4749.496593
0.955698	473.029000	4749.526715
0.954200	473.032000	4749.556837
0.952700	473.035000	4749.586959
0.951199	473.038000	4749.617081
0.949696	473.041000	4749.647203
0.948191	473.044000	4749.677325
0.946685	473.047000	4749.707447
0.945177	473.050000	4749.737569
0.943667	473.053000	4749.767691
0.942156	473.056000	4749.797813
0.940643	473.059000	4749.827935
0.939128	473.062000	4749.858057
0.937612	473.065000	4749.888179
0.936094	473.068000	4749.918301
0.934575	473.071000	4749.948423
0.933053	473.074000	4749.978545
0.931530	473.077000	4750.008667
0.930006	473.080000	4750.038789
0.928479	473.083000	4750.068911
0.926951	473.086000	4750.099033
0.925422	473.089000	4750.129155
0.923890	473.092000	4750.159277
0.922357	473.095000	4750.189399
0.920822	473.098000	4750.219521
0.919285	473.101000	4750.249643
0.917747	473.104000	4750.279765
0.916207	473.107000	4750.309887
0.914665	473.110000	4750.340009
0.913121	473.113000	4750.370131
0.911576	473.116000	4750.400253
0.910029	473.119000	4750.430375
0.908480	473.122000	4750.460497
0.906929	473.125000	4750.490619
0.905377	473.128000	4750.520741
0.903822	473.131000	4750.550863
0.902266	473.134000	4750.580985
0.900708	473.137000	4750.611107
0.899148	473.140000	4750.641229
0.897587	473.143000	4750.671351
0.896023	473.146000	4750.701473
0.894458	473.149000	4750.731595
0.892891	473.152000	4750.761717
0.891322	473.155000	4750.791839
0.889751	473.158000	4750.821961
0.888179	473.161000	4750.852083
0.886604	473.164000	4750.882205
0.885028	473.167000	4750.912327
0.883449	473.170000	4750.942449
0.881869	473.173000	4750.972571
0.880287	473.176000	4751.002693
0.878703	473.179000	4751.032815
0.877117	473.182000	4751.062937
0.875529	473.185000	4751.093059
0.873940	473.188000	4751.123181
0.872348	473.191000	4751.153303
0.870754	473.194000	4751.183425
0.869159	473.197000	4751.213547
0.867561	473.200000	4751.243669
0.865962	473.203000	4751.273791
0.864360	473.206000	4751.303913
0.862757	473.209000	4751.334035
0.861152	473.212000	4751.364157
0.859544	473.215000	4751.394279
0.857935	473.218000	4751.424401
0.856323	473.221000	4751.454523
0.854710	473.224000	4751.484645
0.853095	473.227000	4751.514767
0.851477	473.230000	4751.544889
0.849858	473.233000	4751.575011
0.848236	473.236000	4751.605133
0.846612	473.239000	4751.635255
0.844987	473.242000	4751.665377
0.843359	473.245000	4751.695499
0.841729	473.248000	4751.725621
0.840097	473.251000	4751.755743
0.838463	473.254000	4751.785865
0.836827	473.257000	4751.815987
0.835189	473.260000	4751.846109
0.833549	473.263000	4751.876231
0.831906	473.266000	4751.906353
0.830262	473.269000	4751.936475
0.828615	473.272000	4751.966597
0.826966	473.275000	4751.996719
0.825315	473.278000	4752.026841
0.823662	473.281000	4752.056963
0.822007	473.284000	4752.087085
0.820349	473.287000	4752.117207
0.818690	473.290000	4752.147329
0.817028	473.293000	4752.177451
0.815364	473.296000	4752.207573
0.813697	473.299000	4752.237695
0.812029	473.302000	4752.267817
0.810358	473.305000	4752.297939
0.808685	473.308000	4752.328061
0.807010	473.311000	4752.358183
0.805332	473.314000	4752.388305
0.803652	473.317000	4752.418427
0.801970	473.320000	4752.448549
0.800286	473.323000	4752.478671
0.798599	473.326000	4752.508793
0.796910	473.329000	4752.538915
0.795219	473.332000	4752.569037
0.793525	473.335000	4752.599159
0.791829	473.338000	4752.629281
0.790131	473.341000	4752.659403
0.788430	473.344000	4752.689525
0.786727	473.347000	4752.719647
0.785022	473.350000	4752.749769
0.783314	473.353000	4752.779891
0.781604	473.356000	4752.810013
0.779891	473.359000	4752.840135
0.778176	473.362000	4752.870257
0.776459	473.365000	4752.900379
0.774739	473.368000	4752.930501
0.773017	473.371000	4752.960623
0.771292	473.374000	4752.990745
0.769565	473.377000	4753.020867
0.767835	473.380000	4753.050989
0.766103	473.383000	4753.081111
0.764368	473.386000	4753.111233
0.762631	473.389000	4753.141355
0.760892	473.392000	4753.171477
0.759150	473.395000	4753.201599
0.757405	473.398000	4753.231721
0.755658	473.401000	4753.261843
0.753908	473.404000	4753.291965
0.752156	473.407000	4753.322087
0.750401	473.410000	4753.352209
0.748643	473.413000	4753.382331
0.746883	473.416000	4753.412453
0.745121	473.419000	4753.442575
0.743355	473.422000	4753.472697
0.741587	473.425000	4753.502819
0.739817	473.428000	4753.532941
0.738044	473.431000	4753.563063
0.736268	473.434000	4753.593185
0.734489	473.437000	4753.623307
0.732708	473.440000	4753.653429
0.730924	473.443000	4753.683551
0.729137	473.446000	4753.713673
0.727348	473.449000	4753.743795
0.725556	473.452000	4753.773917
0.723761	473.455000	4753.804039
0.721964	473.458000	4753.834161
0.720163	473.461000	4753.864283
0.718360	473.464000	4753.894405
0.716555	473.467000	4753.924527
0.714746	473.470000	4753.954649
0.712934	473.473000	4753.984771
0.711120	473.476000	4754.014893
0.709303	473.479000	4754.045015
0.707483	473.482000	4754.075137
0.705660	473.485000	4754.105259
0.703835	473.488000	4754.135381
0.702006	473.491000	4754.165503
0.700175	473.494000	4754.195625
0.698340	473.497000	4754.225747
0.696503	473.500000	4754.255869
0.694663	473.503000	4754.285991
0.692820	473.506000	4754.316113
0.690974	473.509000	4754.346235
0.689125	473.512000	4754.376357
0.687273	473.515000	4754.406479
0.685418	473.518000	4754.436601
0.683560	473.521000	4754.466723
0.681699	473.524000	4754.496845
0.679835	473.527000	4754.526967
0.677967	473.530000	4754.557089
0.676097	473.533000	4754.587211
0.674224	473.536000	4754.617333
0.672348	473.539000	4754.647455
0.670468	473.542000	4754.677577
0.668586	473.545000	4754.707699
0.666700	473.548000	4754.737821
0.664812	473.551000	4754.767943
0.662920	473.554000	4754.798065
0.661025	473.557000	4754.828187
0.659126	473.560000	4754.858309
0.657225	473.563000	4754.888431
0.655320	473.566000	4754.918553
0.653412	473.569000	4754.948675
0.651501	473.572000	4754.978797
0.649587	473.575000	4755.008919
0.647670	473.578000	4755.039041
0.645749	473.581000	4755.069163
0.643825	473.584000	4755.099285
0.641897	473.587000	4755.129407
0.639967	473.590000	4755.159529
0.638033	473.593000	4755.189651
0.636095	473.596000	4755.219773
0.634155	473.599000	4755.249895
0.632210	473.602000	4755.280017
0.630263	473.605000	4755.310139
0.628312	473.608000	4755.340261
0.626358	473.611000	4755.370383
0.624400	473.614000	4755.400505
0.622439	473.617000	4755.430627
0.620475	473.620000	4755.460749
0.618507	473.623000	4755.490871
0.616535	473.626000	4755.520993
0.614560	473.629000	4755.551115
0.612582	473.632000	4755.581237
0.610600	473.635000	4755.611359
0.608614	473.638000	4755.641481
0.606625	473.641000	4755.671603
0.604632	473.644000	4755.701725
0.602636	473.647000	4755.731847
0.600636	473.650000	4755.761969
0.598633	473.653000	4755.792091
0.596626	473.656000	4755.822213
0.594615	473.659000	4755.852335
0.592601	473.662000	4755.882457
0.590583	473.665000	4755.912579
0.588561	473.668000	4755.942701
0.586535	473.671000	4755.972823
0.584506	473.674000	4756.002945
0.582474	473.677000	4756.033067
0.580437	473.680000	4756.063189
0.578397	473.683000	4756.093311
0.576353	473.686000	4756.123433
0.574305	473.689000	4756.153555
0.572253	473.692000	4756.183677
0.570197	473.695000	4756.213799
0.568138	473.698000	4756.243921
0.566075	473.701000	4756.274043
0.564008	473.704000	4756.304165
0.561937	473.707000	4756.334287
0.559862	473.710000	4756.364409
0.557784	473.713000	4756.394531
0.555701	473.716000	4756.424653
0.553615	473.719000	4756.454775
0.551524	473.722000	4756.484897
0.549430	473.725000	4756.515019
0.547331	473.728000	4756.545141
0.545229	473.731000	4756.575263
0.543123	473.734000	4756.605385
0.541012	473.737000	4756.635507
0.538898	473.740000	4756.665629
0.536779	473.743000	4756.695751
0.534657	473.746000	4756.725873
0.532530	473.749000	4756.755995
0.530400	473.752000	4756.786117
0.528265	473.755000	4756.816239
0.526126	473.758000	4756.846361
0.523983	473.761000	4756.876483
0.521836	473.764000	4756.906605
0.519684	473.767000	4756.936727
0.517529	473.770000	4756.966849
0.515369	473.773000	4756.996971
0.513206	473.776000	4757.027093
0.511038	473.779000	4757.057215
0.508865	473.782000	4757.087337
0.506689	473.785000	4757.117459
0.504508	473.788000	4757.147581
0.502323	473.791000	4757.177703
0.500134	473.794000	4757.207825
0.497941	473.797000	4757.237947
0.495743	473.800000	4757.268069
0.493541	473.803000	4757.298191
0.491335	473.806000	4757.328313
0.489124	473.809000	4757.358435
0.486909	473.812000	4757.388557
0.484690	473.815000	4757.418679
0.482466	473.818000	4757.448801
0.480238	473.821000	4757.478923
0.478006	473.824000	4757.509045
0.475769	473.827000	4757.539167
0.473528	473.830000	4757.569289
0.471282	473.833000	4757.599411
0.469033	473.836000	4757.629533
0.466778	473.839000	4757.659655
0.464519	473.842000	4757.689777
0.462256	473.845000	4757.719899
0.459989	473.848000	4757.750021
0.457717	473.851000	4757.780143
0.455440	473.854000	4757.810265
0.453159	473.857000	4757.840387
0.450874	473.860000	4757.870509
0.448584	473.863000	4757.900631
0.446290	473.866000	4757.930753
0.443991	473.869000	4757.960875
0.441688	473.872000	4757.990997
0.439380	473.875000	4758.021119
0.437068	473.878000	4758.051241
0.434752	473.881000	4758.081363
0.432431	473.884000	4758.111485
0.430105	473.887000	4758.141607
0.427775	473.890000	4758.171729
0.425441	473.893000	4758.201851
0.423102	473.896000	4758.231973
0.420758	473.899000	4758.262095
0.418411	473.902000	4758.292217
0.416058	473.905000	4758.322339
0.413701	473.908000	4758.352461
0.411340	473.911000	4758.382583
0.408974	473.914000	4758.412705
0.406604	473.917000	4758.442827
0.404230	473.920000	4758.472949
0.401851	473.923000	4758.503071
0.399467	473.926000	4758.533193
0.397080	473.929000	4758.563315
0.394687	473.932000	4758.593437
0.392291	473.935000	4758.623559
0.389890	473.938000	4758.653681
0.387485	473.941000	4758.683803
0.385075	473.944000	4758.713925
0.382661	473.947000	4758.744047
0.380243	473.950000	4758.774169
0.377820	473.953000	4758.804291
0.375394	473.956000	4758.834413
0.372963	473.959000	4758.864535
0.370527	473.962000	4758.894657
0.368088	473.965000	4758.924779
0.365644	473.968000	4758.954901
0.363196	473.971000	4758.985023
0.360744	473.974000	4759.015145
0.358288	473.977000	4759.045267
0.355828	473.980000	4759.075389
0.353364	473.983000	4759.105511
0.350896	473.986000	4759.135633
0.348424	473.989000	4759.165755
0.345948	473.992000	4759.195877
0.343468	473.995000	4759.225999
0.340984	473.998000	4759.256121
0.338497	474.001000	4759.286243
0.336005	474.004000	4759.316365
0.333510	474.007000	4759.346487
0.331012	474.010000	4759.376609
0.328509	474.013000	4759.406731
0.326003	474.016000	4759.436853
0.323494	474.019000	4759.466975
0.320981	474.022000	4759.497097
0.318465	474.025000	4759.527219
0.315945	474.028000	4759.557341
0.313422	474.031000	4759.587463
0.310895	474.034000	4759.617585
0.308366	474.037000	4759.647707
0.305833	474.040000	4759.677829
0.303298	474.043000	4759.707951
0.300759	474.046000	4759.738073
0.298218	474.049000	4759.768195
0.295674	474.052000	4759.798317
0.293127	474.055000	4759.828439
0.290577	474.058000	4759.858561
0.288025	474.061000	4759.888683
0.285470	474.064000	4759.918805
0.282913	474.067000	4759.948927
0.280353	474.070000	4759.979049
0.277792	474.073000	4760.009171
0.275228	474.076000	4760.039293
0.272662	474.079000	4760.069415
0.270095	474.082000	4760.099537
0.267525	474.085000	4760.129659
0.264954	474.088000	4760.159781
0.262381	474.091000	4760.189903
0.259807	474.094000	4760.220025
0.257232	474.097000	4760.250147
0.254655	474.100000	4760.280269
0.252077	474.103000	4760.310391
0.249498	474.106000	4760.340513
0.246919	474.109000	4760.370635
0.244338	474.112000	4760.400757
0.241757	474.115000	4760.430879
0.239176	474.118000	4760.461001
0.236594	474.121000	4760.491123
0.234013	474.124000	4760.521245
0.231431	474.127000	4760.551367
0.228849	474.130000	4760.581489
0.226268	474.133000	4760.611611
0.223688	474.136000	4760.641733
0.221108	474.139000	4760.671855
0.218528	474.142000	4760.701977
0.215950	474.145000	4760.732099
0.213373	474.148000	4760.762221
0.210798	474.151000	4760.792343
0.208224	474.154000	4760.822465
0.205651	474.157000	4760.852587
0.203081	474.160000	4760.882709
0.200513	474.163000	4760.912831
0.197947	474.166000	4760.942953
0.195384	474.169000	4760.973075
0.192823	474.172000	4761.003197
0.190266	474.175000	4761.033319
0.187711	474.178000	4761.063441
0.185160	474.181000	4761.093563
0.182613	474.184000	4761.123685
0.180069	474.187000	4761.153807
0.177530	474.190000	4761.183929
0.174995	474.193000	4761.214051
0.172464	474.196000	4761.244173
0.169939	474.199000	4761.274295
0.167418	474.202000	4761.304417
0.164902	474.205000	4761.334539
0.162392	474.208000	4761.364661
0.159888	474.211000	4761.394783
0.157390	474.214000	4761.424905
0.154899	474.217000	4761.455027
0.152413	474.220000	4761.485149
0.149935	474.223000	4761.515271
0.147464	474.226000	4761.545393
0.145000	474.229000	4761.575515
0.142544	474.232000	4761.605637
0.140096	474.235000	4761.635759
0.137656	474.238000	4761.665881
0.135225	474.241000	4761.696003
0.132802	474.244000	4761.726125
0.130389	474.247000	4761.756247
0.127985	474.250000	4761.786369
0.125591	474.253000	4761.816491
0.123206	474.256000	4761.846613
0.120833	474.259000	4761.876735
0.118469	474.262000	4761.906857
0.116117	474.265000	4761.936979
0.113776	474.268000	4761.967101
0.111447	474.271000	4761.997223
0.109129	474.274000	4762.027345
0.106824	474.277000	4762.057467
0.104531	474.280000	4762.087589
0.102251	474.283000	4762.117711
0.099984	474.286000	4762.147833
0.097731	474.289000	4762.177955
0.095492	474.292000	4762.208077
0.093266	474.295000	4762.238199
0.091056	474.298000	4762.268321
0.088860	474.301000	4762.298443
0.086679	474.304000	4762.328565
0.084514	474.307000	4762.358687
0.082365	474.310000	4762.388809
0.080232	474.313000	4762.418931
0.078115	474.316000	4762.449053
0.076016	474.319000	4762.479175
0.073933	474.322000	4762.509297
0.071868	474.325000	4762.539419
0.069822	474.328000	4762.569541
0.067793	474.331000	4762.599663
0.065783	474.334000	4762.629785
0.063792	474.337000	4762.659907
0.061821	474.340000	4762.690029
0.059869	474.343000	4762.720151
0.057937	474.346000	4762.750273
0.056026	474.349000	4762.780395
0.054135	474.352000	4762.810517
0.052266	474.355000	4762.840639
0.050418	474.358000	4762.870761
0.048591	474.361000	4762.900883
0.046780	474.364000	4762.931005
0.044987	474.367000	4762.961127
0.043211	474.370000	4762.991249
0.041454	474.373000	4763.021371
0.039714	474.376000	4763.051493
0.037993	474.379000	4763.081615
0.036291	474.382000	4763.111738
0.034609	474.385000	4763.141860
0.032946	474.388000	4763.171982
0.031304	474.391000	4763.202104
0.029682	474.394000	4763.232226
0.028081	474.397000	4763.262348
0.026503	474.400000	4763.292470
0.024946	474.403000	4763.322592
0.023412	474.406000	4763.352714
0.021902	474.409000	4763.382836
0.020417	474.412000	4763.412958
0.018956	474.415000	4763.443080
0.017521	474.418000	4763.473202
0.016113	474.421000	4763.503324
0.014733	474.424000	4763.533446
0.013382	474.427000	4763.563568
0.012060	474.430000	4763.593690
0.010770	474.433000	4763.623812
0.009513	474.436000	4763.653934
0.008290	474.439000	4763.684056
0.007104	474.442000	4763.714178
0.005957	474.445000	4763.744300
0.004850	474.448000	4763.774422
0.003787	474.451000	4763.804544
0.002772	474.454000	4763.834666
0.001808	474.457000	4763.864788
0.000901	474.460000	4763.894910
0.000051	474.463000	4763.925032
0.000051	474.463000	4763.925032
