# Energy(MeV) 	mg/cm2 	cm
# Starting Energy: 70 MeV
70.000000	0.000000	0.000000
69.994370	0.001000	0.010041
69.988741	0.002000	0.020081
69.983110	0.003000	0.030122
69.977480	0.004000	0.040163
69.971849	0.005000	0.050203
69.966218	0.006000	0.060244
69.960587	0.007000	0.070285
69.954955	0.008000	0.080325
69.949323	0.009000	0.090366
69.943691	0.010000	0.100407
69.938058	0.011000	0.110447
69.932425	0.012000	0.120488
69.926792	0.013000	0.130529
69.921159	0.014000	0.140569
69.915525	0.015000	0.150610
69.909891	0.016000	0.160651
69.904256	0.017000	0.170691
69.898622	0.018000	0.180732
69.892987	0.019000	0.190773
69.887352	0.020000	0.200813
69.881716	0.021000	0.210854
69.876080	0.022000	0.220895
69.870444	0.023000	0.230935
69.864807	0.024000	0.240976
69.859171	0.025000	0.251017
69.853534	0.026000	0.261057
69.847896	0.027000	0.271098
69.842259	0.028000	0.281139
69.836621	0.029000	0.291179
69.830982	0.030000	0.301220
69.825344	0.031000	0.311261
69.819705	0.032000	0.321301
69.814066	0.033000	0.331342
69.808426	0.034000	0.341383
69.802787	0.035000	0.351423
69.797147	0.036000	0.361464
69.791506	0.037000	0.371505
69.785866	0.038000	0.381545
69.780225	0.039000	0.391586
69.774583	0.040000	0.401627
69.768942	0.041000	0.411667
69.763300	0.042000	0.421708
69.757658	0.043000	0.431749
69.752015	0.044000	0.441789
69.746373	0.045000	0.451830
69.740729	0.046000	0.461871
69.735086	0.047000	0.471911
69.729442	0.048000	0.481952
69.723798	0.049000	0.491993
69.718154	0.050000	0.502033
69.712510	0.051000	0.512074
69.706865	0.052000	0.522115
69.701220	0.053000	0.532155
69.695574	0.054000	0.542196
69.689928	0.055000	0.552237
69.684282	0.056000	0.562277
69.678636	0.057000	0.572318
69.672989	0.058000	0.582359
69.667342	0.059000	0.592399
69.661695	0.060000	0.602440
69.656047	0.061000	0.612481
69.650400	0.062000	0.622521
69.644751	0.063000	0.632562
69.639103	0.064000	0.642603
69.633454	0.065000	0.652643
69.627805	0.066000	0.662684
69.622156	0.067000	0.672725
69.616506	0.068000	0.682765
69.610856	0.069000	0.692806
69.605206	0.070000	0.702847
69.599555	0.071000	0.712887
69.593904	0.072000	0.722928
69.588253	0.073000	0.732969
69.582602	0.074000	0.743009
69.576950	0.075000	0.753050
69.571298	0.076000	0.763091
69.565645	0.077000	0.773131
69.559993	0.078000	0.783172
69.554340	0.079000	0.793213
69.548686	0.080000	0.803253
69.543033	0.081000	0.813294
69.537379	0.082000	0.823335
69.531724	0.083000	0.833375
69.526070	0.084000	0.843416
69.520415	0.085000	0.853457
69.514760	0.086000	0.863497
69.509105	0.087000	0.873538
69.503449	0.088000	0.883579
69.497793	0.089000	0.893619
69.492136	0.090000	0.903660
69.486480	0.091000	0.913701
69.480823	0.092000	0.923741
69.475166	0.093000	0.933782
69.469508	0.094000	0.943823
69.463850	0.095000	0.953863
69.458192	0.096000	0.963904
69.452534	0.097000	0.973945
69.446875	0.098000	0.983985
69.441216	0.099000	0.994026
69.435557	0.100000	1.004067
69.429897	0.101000	1.014107
69.424237	0.102000	1.024148
69.418577	0.103000	1.034189
69.412916	0.104000	1.044229
69.407255	0.105000	1.054270
69.401594	0.106000	1.064311
69.395932	0.107000	1.074351
69.390271	0.108000	1.084392
69.384609	0.109000	1.094433
69.378946	0.110000	1.104473
69.373283	0.111000	1.114514
69.367620	0.112000	1.124555
69.361957	0.113000	1.134595
69.356294	0.114000	1.144636
69.350630	0.115000	1.154677
69.344965	0.116000	1.164717
69.339301	0.117000	1.174758
69.333636	0.118000	1.184799
69.327971	0.119000	1.194839
69.322306	0.120000	1.204880
69.316640	0.121000	1.214921
69.310974	0.122000	1.224961
69.305307	0.123000	1.235002
69.299641	0.124000	1.245043
69.293974	0.125000	1.255083
69.288306	0.126000	1.265124
69.282639	0.127000	1.275165
69.276971	0.128000	1.285205
69.271303	0.129000	1.295246
69.265634	0.130000	1.305287
69.259966	0.131000	1.315327
69.254297	0.132000	1.325368
69.248627	0.133000	1.335409
69.242957	0.134000	1.345449
69.237287	0.135000	1.355490
69.231617	0.136000	1.365531
69.225946	0.137000	1.375571
69.220276	0.138000	1.385612
69.214604	0.139000	1.395653
69.208933	0.140000	1.405693
69.203261	0.141000	1.415734
69.197589	0.142000	1.425775
69.191916	0.143000	1.435815
69.186244	0.144000	1.445856
69.180571	0.145000	1.455897
69.174897	0.146000	1.465937
69.169224	0.147000	1.475978
69.163550	0.148000	1.486019
69.157875	0.149000	1.496059
69.152201	0.150000	1.506100
69.146526	0.151000	1.516141
69.140851	0.152000	1.526181
69.135175	0.153000	1.536222
69.129499	0.154000	1.546263
69.123823	0.155000	1.556303
69.118147	0.156000	1.566344
69.112470	0.157000	1.576385
69.106793	0.158000	1.586425
69.101116	0.159000	1.596466
69.095438	0.160000	1.606507
69.089760	0.161000	1.616547
69.084082	0.162000	1.626588
69.078403	0.163000	1.636629
69.072724	0.164000	1.646669
69.067045	0.165000	1.656710
69.061366	0.166000	1.666751
69.055686	0.167000	1.676791
69.050006	0.168000	1.686832
69.044326	0.169000	1.696873
69.038645	0.170000	1.706913
69.032964	0.171000	1.716954
69.027282	0.172000	1.726995
69.021601	0.173000	1.737035
69.015919	0.174000	1.747076
69.010237	0.175000	1.757117
69.004554	0.176000	1.767157
68.998871	0.177000	1.777198
68.993188	0.178000	1.787239
68.987505	0.179000	1.797279
68.981821	0.180000	1.807320
68.976137	0.181000	1.817361
68.970452	0.182000	1.827401
68.964768	0.183000	1.837442
68.959083	0.184000	1.847483
68.953397	0.185000	1.857523
68.947712	0.186000	1.867564
68.942026	0.187000	1.877605
68.936340	0.188000	1.887645
68.930653	0.189000	1.897686
68.924966	0.190000	1.907727
68.919279	0.191000	1.917767
68.913592	0.192000	1.927808
68.907904	0.193000	1.937849
68.902216	0.194000	1.947889
68.896527	0.195000	1.957930
68.890839	0.196000	1.967971
68.885150	0.197000	1.978011
68.879460	0.198000	1.988052
68.873771	0.199000	1.998093
68.868081	0.200000	2.008133
68.862391	0.201000	2.018174
68.856700	0.202000	2.028215
68.851009	0.203000	2.038255
68.845318	0.204000	2.048296
68.839626	0.205000	2.058337
68.833935	0.206000	2.068377
68.828243	0.207000	2.078418
68.822550	0.208000	2.088459
68.816858	0.209000	2.098499
68.811164	0.210000	2.108540
68.805471	0.211000	2.118581
68.799778	0.212000	2.128621
68.794084	0.213000	2.138662
68.788389	0.214000	2.148703
68.782695	0.215000	2.158743
68.777000	0.216000	2.168784
68.771305	0.217000	2.178825
68.765609	0.218000	2.188865
68.759913	0.219000	2.198906
68.754217	0.220000	2.208947
68.748521	0.221000	2.218987
68.742824	0.222000	2.229028
68.737127	0.223000	2.239069
68.731430	0.224000	2.249109
68.725732	0.225000	2.259150
68.720034	0.226000	2.269191
68.714336	0.227000	2.279231
68.708637	0.228000	2.289272
68.702939	0.229000	2.299313
68.697239	0.230000	2.309353
68.691540	0.231000	2.319394
68.685840	0.232000	2.329435
68.680140	0.233000	2.339475
68.674439	0.234000	2.349516
68.668739	0.235000	2.359557
68.663038	0.236000	2.369597
68.657336	0.237000	2.379638
68.651635	0.238000	2.389679
68.645933	0.239000	2.399719
68.640230	0.240000	2.409760
68.634528	0.241000	2.419801
68.628825	0.242000	2.429841
68.623122	0.243000	2.439882
68.617418	0.244000	2.449923
68.611714	0.245000	2.459963
68.606010	0.246000	2.470004
68.600306	0.247000	2.480045
68.594601	0.248000	2.490085
68.588896	0.249000	2.500126
68.583190	0.250000	2.510167
68.577485	0.251000	2.520207
68.571779	0.252000	2.530248
68.566072	0.253000	2.540289
68.560366	0.254000	2.550329
68.554659	0.255000	2.560370
68.548951	0.256000	2.570411
68.543244	0.257000	2.580451
68.537536	0.258000	2.590492
68.531828	0.259000	2.600533
68.526119	0.260000	2.610573
68.520410	0.261000	2.620614
68.514701	0.262000	2.630655
68.508992	0.263000	2.640695
68.503282	0.264000	2.650736
68.497572	0.265000	2.660777
68.491862	0.266000	2.670817
68.486151	0.267000	2.680858
68.480440	0.268000	2.690899
68.474729	0.269000	2.700939
68.469017	0.270000	2.710980
68.463305	0.271000	2.721021
68.457593	0.272000	2.731061
68.451880	0.273000	2.741102
68.446167	0.274000	2.751143
68.440454	0.275000	2.761183
68.434741	0.276000	2.771224
68.429027	0.277000	2.781265
68.423313	0.278000	2.791305
68.417598	0.279000	2.801346
68.411884	0.280000	2.811387
68.406168	0.281000	2.821427
68.400453	0.282000	2.831468
68.394737	0.283000	2.841509
68.389021	0.284000	2.851549
68.383305	0.285000	2.861590
68.377589	0.286000	2.871631
68.371872	0.287000	2.881671
68.366154	0.288000	2.891712
68.360437	0.289000	2.901753
68.354719	0.290000	2.911793
68.349001	0.291000	2.921834
68.343282	0.292000	2.931875
68.337563	0.293000	2.941915
68.331844	0.294000	2.951956
68.326125	0.295000	2.961997
68.320405	0.296000	2.972037
68.314685	0.297000	2.982078
68.308965	0.298000	2.992119
68.303244	0.299000	3.002159
68.297523	0.300000	3.012200
68.291802	0.301000	3.022241
68.286080	0.302000	3.032281
68.280358	0.303000	3.042322
68.274636	0.304000	3.052363
68.268913	0.305000	3.062403
68.263190	0.306000	3.072444
68.257467	0.307000	3.082485
68.251744	0.308000	3.092525
68.246020	0.309000	3.102566
68.240296	0.310000	3.112607
68.234571	0.311000	3.122647
68.228847	0.312000	3.132688
68.223121	0.313000	3.142729
68.217396	0.314000	3.152769
68.211670	0.315000	3.162810
68.205944	0.316000	3.172851
68.200218	0.317000	3.182891
68.194491	0.318000	3.192932
68.188764	0.319000	3.202973
68.183037	0.320000	3.213013
68.177310	0.321000	3.223054
68.171582	0.322000	3.233095
68.165853	0.323000	3.243135
68.160125	0.324000	3.253176
68.154396	0.325000	3.263217
68.148667	0.326000	3.273257
68.142937	0.327000	3.283298
68.137208	0.328000	3.293339
68.131478	0.329000	3.303379
68.125747	0.330000	3.313420
68.120016	0.331000	3.323461
68.114285	0.332000	3.333501
68.108554	0.333000	3.343542
68.102822	0.334000	3.353583
68.097090	0.335000	3.363623
68.091358	0.336000	3.373664
68.085625	0.337000	3.383705
68.079892	0.338000	3.393745
68.074159	0.339000	3.403786
68.068426	0.340000	3.413827
68.062692	0.341000	3.423867
68.056957	0.342000	3.433908
68.051223	0.343000	3.443949
68.045488	0.344000	3.453989
68.039753	0.345000	3.464030
68.034018	0.346000	3.474071
68.028282	0.347000	3.484111
68.022546	0.348000	3.494152
68.016809	0.349000	3.504193
68.011073	0.350000	3.514233
68.005335	0.351000	3.524274
67.999598	0.352000	3.534315
67.993860	0.353000	3.544355
67.988122	0.354000	3.554396
67.982384	0.355000	3.564437
67.976645	0.356000	3.574477
67.970907	0.357000	3.584518
67.965167	0.358000	3.594559
67.959428	0.359000	3.604599
67.953688	0.360000	3.614640
67.947948	0.361000	3.624681
67.942207	0.362000	3.634721
67.936466	0.363000	3.644762
67.930725	0.364000	3.654803
67.924984	0.365000	3.664843
67.919242	0.366000	3.674884
67.913500	0.367000	3.684925
67.907757	0.368000	3.694965
67.902015	0.369000	3.705006
67.896272	0.370000	3.715047
67.890528	0.371000	3.725087
67.884784	0.372000	3.735128
67.879040	0.373000	3.745169
67.873296	0.374000	3.755209
67.867551	0.375000	3.765250
67.861807	0.376000	3.775291
67.856061	0.377000	3.785331
67.850316	0.378000	3.795372
67.844570	0.379000	3.805413
67.838824	0.380000	3.815453
67.833077	0.381000	3.825494
67.827330	0.382000	3.835535
67.821583	0.383000	3.845575
67.815835	0.384000	3.855616
67.810088	0.385000	3.865657
67.804339	0.386000	3.875697
67.798591	0.387000	3.885738
67.792842	0.388000	3.895779
67.787093	0.389000	3.905819
67.781344	0.390000	3.915860
67.775594	0.391000	3.925901
67.769844	0.392000	3.935942
67.764094	0.393000	3.945982
67.758343	0.394000	3.956023
67.752592	0.395000	3.966064
67.746841	0.396000	3.976104
67.741089	0.397000	3.986145
67.735337	0.398000	3.996186
67.729585	0.399000	4.006226
67.723832	0.400000	4.016267
67.718079	0.401000	4.026308
67.712326	0.402000	4.036348
67.706573	0.403000	4.046389
67.700819	0.404000	4.056430
67.695065	0.405000	4.066470
67.689310	0.406000	4.076511
67.683555	0.407000	4.086552
67.677800	0.408000	4.096592
67.672045	0.409000	4.106633
67.666289	0.410000	4.116674
67.660533	0.411000	4.126714
67.654776	0.412000	4.136755
67.649020	0.413000	4.146796
67.643263	0.414000	4.156836
67.637505	0.415000	4.166877
67.631747	0.416000	4.176918
67.625989	0.417000	4.186958
67.620231	0.418000	4.196999
67.614472	0.419000	4.207040
67.608714	0.420000	4.217080
67.602954	0.421000	4.227121
67.597195	0.422000	4.237162
67.591435	0.423000	4.247202
67.585674	0.424000	4.257243
67.579914	0.425000	4.267284
67.574153	0.426000	4.277324
67.568392	0.427000	4.287365
67.562630	0.428000	4.297406
67.556868	0.429000	4.307446
67.551106	0.430000	4.317487
67.545344	0.431000	4.327528
67.539581	0.432000	4.337568
67.533818	0.433000	4.347609
67.528054	0.434000	4.357650
67.522291	0.435000	4.367690
67.516526	0.436000	4.377731
67.510762	0.437000	4.387772
67.504997	0.438000	4.397812
67.499232	0.439000	4.407853
67.493467	0.440000	4.417894
67.487701	0.441000	4.427934
67.481935	0.442000	4.437975
67.476169	0.443000	4.448016
67.470402	0.444000	4.458056
67.464635	0.445000	4.468097
67.458868	0.446000	4.478138
67.453100	0.447000	4.488178
67.447332	0.448000	4.498219
67.441564	0.449000	4.508260
67.435796	0.450000	4.518300
67.430027	0.451000	4.528341
67.424257	0.452000	4.538382
67.418488	0.453000	4.548422
67.412718	0.454000	4.558463
67.406948	0.455000	4.568504
67.401177	0.456000	4.578544
67.395407	0.457000	4.588585
67.389635	0.458000	4.598626
67.383864	0.459000	4.608666
67.378092	0.460000	4.618707
67.372320	0.461000	4.628748
67.366548	0.462000	4.638788
67.360775	0.463000	4.648829
67.355002	0.464000	4.658870
67.349228	0.465000	4.668910
67.343455	0.466000	4.678951
67.337681	0.467000	4.688992
67.331906	0.468000	4.699032
67.326131	0.469000	4.709073
67.320356	0.470000	4.719114
67.314581	0.471000	4.729154
67.308805	0.472000	4.739195
67.303029	0.473000	4.749236
67.297253	0.474000	4.759276
67.291477	0.475000	4.769317
67.285700	0.476000	4.779358
67.279922	0.477000	4.789398
67.274145	0.478000	4.799439
67.268367	0.479000	4.809480
67.262589	0.480000	4.819520
67.256810	0.481000	4.829561
67.251031	0.482000	4.839602
67.245252	0.483000	4.849642
67.239472	0.484000	4.859683
67.233692	0.485000	4.869724
67.227912	0.486000	4.879764
67.222132	0.487000	4.889805
67.216351	0.488000	4.899846
67.210570	0.489000	4.909886
67.204788	0.490000	4.919927
67.199007	0.491000	4.929968
67.193224	0.492000	4.940008
67.187442	0.493000	4.950049
67.181659	0.494000	4.960090
67.175876	0.495000	4.970130
67.170093	0.496000	4.980171
67.164309	0.497000	4.990212
67.158525	0.498000	5.000252
67.152741	0.499000	5.010293
67.146956	0.500000	5.020334
67.141171	0.501000	5.030374
67.135385	0.502000	5.040415
67.129600	0.503000	5.050456
67.123814	0.504000	5.060496
67.118027	0.505000	5.070537
67.112241	0.506000	5.080578
67.106454	0.507000	5.090618
67.100667	0.508000	5.100659
67.094879	0.509000	5.110700
67.089091	0.510000	5.120740
67.083303	0.511000	5.130781
67.077514	0.512000	5.140822
67.071725	0.513000	5.150862
67.065936	0.514000	5.160903
67.060146	0.515000	5.170944
67.054356	0.516000	5.180984
67.048566	0.517000	5.191025
67.042776	0.518000	5.201066
67.036985	0.519000	5.211106
67.031194	0.520000	5.221147
67.025402	0.521000	5.231188
67.019610	0.522000	5.241228
67.013818	0.523000	5.251269
67.008026	0.524000	5.261310
67.002233	0.525000	5.271350
66.996440	0.526000	5.281391
66.990646	0.527000	5.291432
66.984852	0.528000	5.301472
66.979058	0.529000	5.311513
66.973264	0.530000	5.321554
66.967469	0.531000	5.331594
66.961674	0.532000	5.341635
66.955878	0.533000	5.351676
66.950083	0.534000	5.361716
66.944287	0.535000	5.371757
66.938490	0.536000	5.381798
66.932693	0.537000	5.391838
66.926896	0.538000	5.401879
66.921099	0.539000	5.411920
66.915301	0.540000	5.421960
66.909503	0.541000	5.432001
66.903705	0.542000	5.442042
66.897906	0.543000	5.452082
66.892107	0.544000	5.462123
66.886308	0.545000	5.472164
66.880508	0.546000	5.482204
66.874708	0.547000	5.492245
66.868908	0.548000	5.502286
66.863107	0.549000	5.512326
66.857306	0.550000	5.522367
66.851505	0.551000	5.532408
66.845703	0.552000	5.542448
66.839901	0.553000	5.552489
66.834099	0.554000	5.562530
66.828296	0.555000	5.572570
66.822494	0.556000	5.582611
66.816690	0.557000	5.592652
66.810887	0.558000	5.602692
66.805083	0.559000	5.612733
66.799279	0.560000	5.622774
66.793474	0.561000	5.632814
66.787669	0.562000	5.642855
66.781864	0.563000	5.652896
66.776058	0.564000	5.662936
66.770252	0.565000	5.672977
66.764446	0.566000	5.683018
66.758640	0.567000	5.693058
66.752833	0.568000	5.703099
66.747026	0.569000	5.713140
66.741218	0.570000	5.723180
66.735410	0.571000	5.733221
66.729602	0.572000	5.743262
66.723794	0.573000	5.753302
66.717985	0.574000	5.763343
66.712176	0.575000	5.773384
66.706366	0.576000	5.783424
66.700556	0.577000	5.793465
66.694746	0.578000	5.803506
66.688936	0.579000	5.813546
66.683125	0.580000	5.823587
66.677314	0.581000	5.833628
66.671502	0.582000	5.843668
66.665691	0.583000	5.853709
66.659878	0.584000	5.863750
66.654066	0.585000	5.873790
66.648253	0.586000	5.883831
66.642440	0.587000	5.893872
66.636627	0.588000	5.903912
66.630813	0.589000	5.913953
66.624999	0.590000	5.923994
66.619184	0.591000	5.934034
66.613370	0.592000	5.944075
66.607555	0.593000	5.954116
66.601739	0.594000	5.964156
66.595923	0.595000	5.974197
66.590107	0.596000	5.984238
66.584291	0.597000	5.994278
66.578474	0.598000	6.004319
66.572657	0.599000	6.014360
66.566840	0.600000	6.024400
66.561022	0.601000	6.034441
66.555204	0.602000	6.044482
66.549386	0.603000	6.054522
66.543567	0.604000	6.064563
66.537748	0.605000	6.074604
66.531929	0.606000	6.084644
66.526109	0.607000	6.094685
66.520289	0.608000	6.104726
66.514469	0.609000	6.114766
66.508648	0.610000	6.124807
66.502827	0.611000	6.134848
66.497006	0.612000	6.144888
66.491184	0.613000	6.154929
66.485362	0.614000	6.164970
66.479540	0.615000	6.175010
66.473717	0.616000	6.185051
66.467894	0.617000	6.195092
66.462071	0.618000	6.205132
66.456247	0.619000	6.215173
66.450423	0.620000	6.225214
66.444599	0.621000	6.235254
66.438774	0.622000	6.245295
66.432949	0.623000	6.255336
66.427124	0.624000	6.265376
66.421298	0.625000	6.275417
66.415472	0.626000	6.285458
66.409646	0.627000	6.295498
66.403819	0.628000	6.305539
66.397992	0.629000	6.315580
66.392165	0.630000	6.325620
66.386338	0.631000	6.335661
66.380510	0.632000	6.345702
66.374681	0.633000	6.355742
66.368853	0.634000	6.365783
66.363024	0.635000	6.375824
66.357194	0.636000	6.385864
66.351365	0.637000	6.395905
66.345535	0.638000	6.405946
66.339705	0.639000	6.415986
66.333874	0.640000	6.426027
66.328043	0.641000	6.436068
66.322212	0.642000	6.446108
66.316380	0.643000	6.456149
66.310548	0.644000	6.466190
66.304716	0.645000	6.476230
66.298883	0.646000	6.486271
66.293051	0.647000	6.496312
66.287217	0.648000	6.506352
66.281384	0.649000	6.516393
66.275550	0.650000	6.526434
66.269716	0.651000	6.536474
66.263881	0.652000	6.546515
66.258046	0.653000	6.556556
66.252211	0.654000	6.566596
66.246375	0.655000	6.576637
66.240539	0.656000	6.586678
66.234703	0.657000	6.596718
66.228866	0.658000	6.606759
66.223030	0.659000	6.616800
66.217192	0.660000	6.626840
66.211355	0.661000	6.636881
66.205517	0.662000	6.646922
66.199679	0.663000	6.656962
66.193840	0.664000	6.667003
66.188001	0.665000	6.677044
66.182162	0.666000	6.687084
66.176322	0.667000	6.697125
66.170482	0.668000	6.707166
66.164642	0.669000	6.717206
66.158801	0.670000	6.727247
66.152961	0.671000	6.737288
66.147119	0.672000	6.747328
66.141278	0.673000	6.757369
66.135436	0.674000	6.767410
66.129594	0.675000	6.777450
66.123751	0.676000	6.787491
66.117908	0.677000	6.797532
66.112065	0.678000	6.807572
66.106221	0.679000	6.817613
66.100377	0.680000	6.827654
66.094533	0.681000	6.837694
66.088689	0.682000	6.847735
66.082844	0.683000	6.857776
66.076998	0.684000	6.867816
66.071153	0.685000	6.877857
66.065307	0.686000	6.887898
66.059461	0.687000	6.897938
66.053614	0.688000	6.907979
66.047767	0.689000	6.918020
66.041920	0.690000	6.928060
66.036072	0.691000	6.938101
66.030224	0.692000	6.948142
66.024376	0.693000	6.958182
66.018527	0.694000	6.968223
66.012679	0.695000	6.978264
66.006829	0.696000	6.988304
66.000980	0.697000	6.998345
65.995130	0.698000	7.008386
65.989279	0.699000	7.018426
65.983429	0.700000	7.028467
65.977578	0.701000	7.038508
65.971727	0.702000	7.048548
65.965875	0.703000	7.058589
65.960023	0.704000	7.068630
65.954171	0.705000	7.078670
65.948318	0.706000	7.088711
65.942465	0.707000	7.098752
65.936612	0.708000	7.108792
65.930758	0.709000	7.118833
65.924904	0.710000	7.128874
65.919050	0.711000	7.138914
65.913195	0.712000	7.148955
65.907340	0.713000	7.158996
65.901485	0.714000	7.169036
65.895629	0.715000	7.179077
65.889773	0.716000	7.189118
65.883917	0.717000	7.199158
65.878061	0.718000	7.209199
65.872204	0.719000	7.219240
65.866346	0.720000	7.229280
65.860489	0.721000	7.239321
65.854631	0.722000	7.249362
65.848772	0.723000	7.259402
65.842914	0.724000	7.269443
65.837055	0.725000	7.279484
65.831195	0.726000	7.289524
65.825336	0.727000	7.299565
65.819475	0.728000	7.309606
65.813615	0.729000	7.319646
65.807754	0.730000	7.329687
65.801893	0.731000	7.339728
65.796032	0.732000	7.349768
65.790170	0.733000	7.359809
65.784308	0.734000	7.369850
65.778446	0.735000	7.379890
65.772583	0.736000	7.389931
65.766720	0.737000	7.399972
65.760857	0.738000	7.410012
65.754993	0.739000	7.420053
65.749129	0.740000	7.430094
65.743265	0.741000	7.440134
65.737400	0.742000	7.450175
65.731535	0.743000	7.460216
65.725669	0.744000	7.470256
65.719804	0.745000	7.480297
65.713938	0.746000	7.490338
65.708071	0.747000	7.500378
65.702204	0.748000	7.510419
65.696337	0.749000	7.520460
65.690470	0.750000	7.530500
65.684602	0.751000	7.540541
65.678734	0.752000	7.550582
65.672865	0.753000	7.560622
65.666997	0.754000	7.570663
65.661128	0.755000	7.580704
65.655258	0.756000	7.590744
65.649388	0.757000	7.600785
65.643518	0.758000	7.610826
65.637648	0.759000	7.620866
65.631777	0.760000	7.630907
65.625906	0.761000	7.640948
65.620034	0.762000	7.650988
65.614162	0.763000	7.661029
65.608290	0.764000	7.671070
65.602418	0.765000	7.681110
65.596545	0.766000	7.691151
65.590672	0.767000	7.701192
65.584798	0.768000	7.711232
65.578924	0.769000	7.721273
65.573050	0.770000	7.731314
65.567175	0.771000	7.741354
65.561301	0.772000	7.751395
65.555425	0.773000	7.761436
65.549550	0.774000	7.771476
65.543674	0.775000	7.781517
65.537798	0.776000	7.791558
65.531921	0.777000	7.801598
65.526044	0.778000	7.811639
65.520167	0.779000	7.821680
65.514289	0.780000	7.831720
65.508411	0.781000	7.841761
65.502533	0.782000	7.851802
65.496654	0.783000	7.861842
65.490775	0.784000	7.871883
65.484896	0.785000	7.881924
65.479016	0.786000	7.891964
65.473136	0.787000	7.902005
65.467256	0.788000	7.912046
65.461375	0.789000	7.922086
65.455494	0.790000	7.932127
65.449613	0.791000	7.942168
65.443731	0.792000	7.952208
65.437849	0.793000	7.962249
65.431967	0.794000	7.972290
65.426084	0.795000	7.982330
65.420201	0.796000	7.992371
65.414318	0.797000	8.002412
65.408434	0.798000	8.012452
65.402550	0.799000	8.022493
65.396666	0.800000	8.032534
65.390781	0.801000	8.042574
65.384896	0.802000	8.052615
65.379010	0.803000	8.062656
65.373124	0.804000	8.072696
65.367238	0.805000	8.082737
65.361352	0.806000	8.092778
65.355465	0.807000	8.102818
65.349578	0.808000	8.112859
65.343690	0.809000	8.122900
65.337803	0.810000	8.132940
65.331914	0.811000	8.142981
65.326026	0.812000	8.153022
65.320137	0.813000	8.163062
65.314248	0.814000	8.173103
65.308358	0.815000	8.183144
65.302468	0.816000	8.193184
65.296578	0.817000	8.203225
65.290688	0.818000	8.213266
65.284797	0.819000	8.223306
65.278905	0.820000	8.233347
65.273014	0.821000	8.243388
65.267122	0.822000	8.253428
65.261230	0.823000	8.263469
65.255337	0.824000	8.273510
65.249444	0.825000	8.283550
65.243551	0.826000	8.293591
65.237657	0.827000	8.303632
65.231763	0.828000	8.313672
65.225869	0.829000	8.323713
65.219974	0.830000	8.333754
65.214079	0.831000	8.343794
65.208184	0.832000	8.353835
65.202288	0.833000	8.363876
65.196392	0.834000	8.373916
65.190496	0.835000	8.383957
65.184599	0.836000	8.393998
65.178702	0.837000	8.404038
65.172804	0.838000	8.414079
65.166907	0.839000	8.424120
65.161008	0.840000	8.434160
65.155110	0.841000	8.444201
65.149211	0.842000	8.454242
65.143312	0.843000	8.464282
65.137413	0.844000	8.474323
65.131513	0.845000	8.484364
65.125613	0.846000	8.494404
65.119712	0.847000	8.504445
65.113811	0.848000	8.514486
65.107910	0.849000	8.524526
65.102008	0.850000	8.534567
65.096107	0.851000	8.544608
65.090204	0.852000	8.554648
65.084302	0.853000	8.564689
65.078399	0.854000	8.574730
65.072496	0.855000	8.584770
65.066592	0.856000	8.594811
65.060688	0.857000	8.604852
65.054784	0.858000	8.614892
65.048879	0.859000	8.624933
65.042974	0.860000	8.634974
65.037069	0.861000	8.645014
65.031163	0.862000	8.655055
65.025257	0.863000	8.665096
65.019351	0.864000	8.675136
65.013444	0.865000	8.685177
65.007537	0.866000	8.695218
65.001629	0.867000	8.705258
64.995722	0.868000	8.715299
64.989814	0.869000	8.725340
64.983905	0.870000	8.735380
64.977996	0.871000	8.745421
64.972087	0.872000	8.755462
64.966178	0.873000	8.765502
64.960268	0.874000	8.775543
64.954358	0.875000	8.785584
64.948447	0.876000	8.795624
64.942536	0.877000	8.805665
64.936625	0.878000	8.815706
64.930714	0.879000	8.825746
64.924802	0.880000	8.835787
64.918890	0.881000	8.845828
64.912977	0.882000	8.855868
64.907064	0.883000	8.865909
64.901151	0.884000	8.875950
64.895237	0.885000	8.885990
64.889323	0.886000	8.896031
64.883409	0.887000	8.906072
64.877494	0.888000	8.916112
64.871579	0.889000	8.926153
64.865664	0.890000	8.936194
64.859748	0.891000	8.946234
64.853832	0.892000	8.956275
64.847916	0.893000	8.966316
64.841999	0.894000	8.976356
64.836082	0.895000	8.986397
64.830164	0.896000	8.996438
64.824247	0.897000	9.006478
64.818328	0.898000	9.016519
64.812410	0.899000	9.026560
64.806491	0.900000	9.036600
64.800572	0.901000	9.046641
64.794652	0.902000	9.056682
64.788733	0.903000	9.066722
64.782812	0.904000	9.076763
64.776892	0.905000	9.086804
64.770971	0.906000	9.096844
64.765050	0.907000	9.106885
64.759128	0.908000	9.116926
64.753206	0.909000	9.126966
64.747284	0.910000	9.137007
64.741361	0.911000	9.147048
64.735438	0.912000	9.157088
64.729515	0.913000	9.167129
64.723591	0.914000	9.177170
64.717667	0.915000	9.187210
64.711743	0.916000	9.197251
64.705818	0.917000	9.207292
64.699893	0.918000	9.217332
64.693967	0.919000	9.227373
64.688042	0.920000	9.237414
64.682116	0.921000	9.247454
64.676189	0.922000	9.257495
64.670262	0.923000	9.267536
64.664335	0.924000	9.277576
64.658408	0.925000	9.287617
64.652480	0.926000	9.297658
64.646551	0.927000	9.307698
64.640623	0.928000	9.317739
64.634694	0.929000	9.327780
64.628765	0.930000	9.337820
64.622835	0.931000	9.347861
64.616905	0.932000	9.357902
64.610975	0.933000	9.367942
64.605044	0.934000	9.377983
64.599113	0.935000	9.388024
64.593182	0.936000	9.398064
64.587250	0.937000	9.408105
64.581318	0.938000	9.418146
64.575386	0.939000	9.428186
64.569453	0.940000	9.438227
64.563520	0.941000	9.448268
64.557586	0.942000	9.458308
64.551652	0.943000	9.468349
64.545718	0.944000	9.478390
64.539784	0.945000	9.488430
64.533849	0.946000	9.498471
64.527914	0.947000	9.508512
64.521978	0.948000	9.518552
64.516042	0.949000	9.528593
64.510106	0.950000	9.538634
64.504169	0.951000	9.548674
64.498232	0.952000	9.558715
64.492295	0.953000	9.568756
64.486357	0.954000	9.578796
64.480419	0.955000	9.588837
64.474481	0.956000	9.598878
64.468542	0.957000	9.608918
64.462603	0.958000	9.618959
64.456664	0.959000	9.629000
64.450724	0.960000	9.639040
64.444784	0.961000	9.649081
64.438844	0.962000	9.659122
64.432903	0.963000	9.669162
64.426962	0.964000	9.679203
64.421020	0.965000	9.689244
64.415078	0.966000	9.699284
64.409136	0.967000	9.709325
64.403193	0.968000	9.719366
64.397250	0.969000	9.729406
64.391307	0.970000	9.739447
64.385364	0.971000	9.749488
64.379420	0.972000	9.759528
64.373475	0.973000	9.769569
64.367531	0.974000	9.779610
64.361586	0.975000	9.789650
64.355640	0.976000	9.799691
64.349694	0.977000	9.809732
64.343748	0.978000	9.819772
64.337802	0.979000	9.829813
64.331855	0.980000	9.839854
64.325908	0.981000	9.849894
64.319960	0.982000	9.859935
64.314013	0.983000	9.869976
64.308064	0.984000	9.880016
64.302116	0.985000	9.890057
64.296167	0.986000	9.900098
64.290218	0.987000	9.910138
64.284268	0.988000	9.920179
64.278318	0.989000	9.930220
64.272368	0.990000	9.940260
64.266417	0.991000	9.950301
64.260466	0.992000	9.960342
64.254515	0.993000	9.970382
64.248563	0.994000	9.980423
64.242611	0.995000	9.990464
64.236658	0.996000	10.000504
64.230706	0.997000	10.010545
64.224753	0.998000	10.020586
64.218799	0.999000	10.030626
64.212845	1.000000	10.040667
64.206891	1.001000	10.050708
64.200936	1.002000	10.060748
64.194982	1.003000	10.070789
64.189026	1.004000	10.080830
64.183071	1.005000	10.090870
64.177115	1.006000	10.100911
64.171158	1.007000	10.110952
64.165202	1.008000	10.120992
64.159245	1.009000	10.131033
64.153287	1.010000	10.141074
64.147330	1.011000	10.151114
64.141371	1.012000	10.161155
64.135413	1.013000	10.171196
64.129454	1.014000	10.181236
64.123495	1.015000	10.191277
64.117536	1.016000	10.201318
64.111576	1.017000	10.211358
64.105615	1.018000	10.221399
64.099655	1.019000	10.231440
64.093694	1.020000	10.241480
64.087733	1.021000	10.251521
64.081771	1.022000	10.261562
64.075809	1.023000	10.271602
64.069847	1.024000	10.281643
64.063884	1.025000	10.291684
64.057921	1.026000	10.301724
64.051958	1.027000	10.311765
64.045994	1.028000	10.321806
64.040030	1.029000	10.331846
64.034065	1.030000	10.341887
64.028100	1.031000	10.351928
64.022135	1.032000	10.361968
64.016170	1.033000	10.372009
64.010204	1.034000	10.382050
64.004237	1.035000	10.392090
63.998271	1.036000	10.402131
63.992304	1.037000	10.412172
63.986337	1.038000	10.422212
63.980369	1.039000	10.432253
63.974401	1.040000	10.442294
63.968432	1.041000	10.452334
63.962464	1.042000	10.462375
63.956495	1.043000	10.472416
63.950525	1.044000	10.482456
63.944555	1.045000	10.492497
63.938585	1.046000	10.502538
63.932615	1.047000	10.512578
63.926644	1.048000	10.522619
63.920673	1.049000	10.532660
63.914701	1.050000	10.542700
63.908729	1.051000	10.552741
63.902757	1.052000	10.562782
63.896784	1.053000	10.572822
63.890811	1.054000	10.582863
63.884838	1.055000	10.592904
63.878864	1.056000	10.602944
63.872890	1.057000	10.612985
63.866915	1.058000	10.623026
63.860941	1.059000	10.633066
63.854965	1.060000	10.643107
63.848990	1.061000	10.653148
63.843014	1.062000	10.663188
63.837038	1.063000	10.673229
63.831061	1.064000	10.683270
63.825084	1.065000	10.693310
63.819107	1.066000	10.703351
63.813129	1.067000	10.713392
63.807151	1.068000	10.723432
63.801173	1.069000	10.733473
63.795194	1.070000	10.743514
63.789215	1.071000	10.753554
63.783236	1.072000	10.763595
63.777256	1.073000	10.773636
63.771276	1.074000	10.783676
63.765295	1.075000	10.793717
63.759314	1.076000	10.803758
63.753333	1.077000	10.813798
63.747351	1.078000	10.823839
63.741369	1.079000	10.833880
63.735387	1.080000	10.843920
63.729404	1.081000	10.853961
63.723421	1.082000	10.864002
63.717438	1.083000	10.874042
63.711454	1.084000	10.884083
63.705470	1.085000	10.894124
63.699486	1.086000	10.904164
63.693501	1.087000	10.914205
63.687516	1.088000	10.924246
63.681530	1.089000	10.934286
63.675544	1.090000	10.944327
63.669558	1.091000	10.954368
63.663571	1.092000	10.964408
63.657584	1.093000	10.974449
63.651597	1.094000	10.984490
63.645609	1.095000	10.994530
63.639621	1.096000	11.004571
63.633633	1.097000	11.014612
63.627644	1.098000	11.024652
63.621655	1.099000	11.034693
63.615665	1.100000	11.044734
63.609675	1.101000	11.054774
63.603685	1.102000	11.064815
63.597695	1.103000	11.074856
63.591704	1.104000	11.084896
63.585712	1.105000	11.094937
63.579721	1.106000	11.104978
63.573729	1.107000	11.115018
63.567736	1.108000	11.125059
63.561744	1.109000	11.135100
63.555751	1.110000	11.145140
63.549757	1.111000	11.155181
63.543763	1.112000	11.165222
63.537769	1.113000	11.175262
63.531774	1.114000	11.185303
63.525780	1.115000	11.195344
63.519784	1.116000	11.205384
63.513789	1.117000	11.215425
63.507793	1.118000	11.225466
63.501796	1.119000	11.235506
63.495800	1.120000	11.245547
63.489803	1.121000	11.255588
63.483805	1.122000	11.265628
63.477807	1.123000	11.275669
63.471809	1.124000	11.285710
63.465811	1.125000	11.295750
63.459812	1.126000	11.305791
63.453813	1.127000	11.315832
63.447813	1.128000	11.325872
63.441813	1.129000	11.335913
63.435813	1.130000	11.345954
63.429812	1.131000	11.355994
63.423811	1.132000	11.366035
63.417810	1.133000	11.376076
63.411808	1.134000	11.386116
63.405806	1.135000	11.396157
63.399803	1.136000	11.406198
63.393800	1.137000	11.416238
63.387797	1.138000	11.426279
63.381793	1.139000	11.436320
63.375790	1.140000	11.446360
63.369785	1.141000	11.456401
63.363781	1.142000	11.466442
63.357776	1.143000	11.476482
63.351770	1.144000	11.486523
63.345764	1.145000	11.496564
63.339758	1.146000	11.506604
63.333752	1.147000	11.516645
63.327745	1.148000	11.526686
63.321738	1.149000	11.536726
63.315730	1.150000	11.546767
63.309722	1.151000	11.556808
63.303714	1.152000	11.566848
63.297705	1.153000	11.576889
63.291696	1.154000	11.586930
63.285687	1.155000	11.596970
63.279677	1.156000	11.607011
63.273667	1.157000	11.617052
63.267657	1.158000	11.627092
63.261646	1.159000	11.637133
63.255634	1.160000	11.647174
63.249623	1.161000	11.657214
63.243611	1.162000	11.667255
63.237599	1.163000	11.677296
63.231586	1.164000	11.687336
63.225573	1.165000	11.697377
63.219560	1.166000	11.707418
63.213546	1.167000	11.717458
63.207532	1.168000	11.727499
63.201517	1.169000	11.737540
63.195502	1.170000	11.747581
63.189487	1.171000	11.757621
63.183472	1.172000	11.767662
63.177456	1.173000	11.777703
63.171439	1.174000	11.787743
63.165423	1.175000	11.797784
63.159406	1.176000	11.807825
63.153388	1.177000	11.817865
63.147371	1.178000	11.827906
63.141352	1.179000	11.837947
63.135334	1.180000	11.847987
63.129315	1.181000	11.858028
63.123296	1.182000	11.868069
63.117276	1.183000	11.878109
63.111256	1.184000	11.888150
63.105236	1.185000	11.898191
63.099215	1.186000	11.908231
63.093194	1.187000	11.918272
63.087173	1.188000	11.928313
63.081151	1.189000	11.938353
63.075129	1.190000	11.948394
63.069106	1.191000	11.958435
63.063083	1.192000	11.968475
63.057060	1.193000	11.978516
63.051037	1.194000	11.988557
63.045013	1.195000	11.998597
63.038988	1.196000	12.008638
63.032964	1.197000	12.018679
63.026939	1.198000	12.028719
63.020913	1.199000	12.038760
63.014887	1.200000	12.048801
63.008861	1.201000	12.058841
63.002835	1.202000	12.068882
62.996808	1.203000	12.078923
62.990780	1.204000	12.088963
62.984753	1.205000	12.099004
62.978725	1.206000	12.109045
62.972696	1.207000	12.119085
62.966668	1.208000	12.129126
62.960639	1.209000	12.139167
62.954609	1.210000	12.149207
62.948579	1.211000	12.159248
62.942549	1.212000	12.169289
62.936518	1.213000	12.179329
62.930487	1.214000	12.189370
62.924456	1.215000	12.199411
62.918424	1.216000	12.209451
62.912392	1.217000	12.219492
62.906360	1.218000	12.229533
62.900327	1.219000	12.239573
62.894294	1.220000	12.249614
62.888261	1.221000	12.259655
62.882227	1.222000	12.269695
62.876192	1.223000	12.279736
62.870158	1.224000	12.289777
62.864123	1.225000	12.299817
62.858087	1.226000	12.309858
62.852052	1.227000	12.319899
62.846016	1.228000	12.329939
62.839979	1.229000	12.339980
62.833942	1.230000	12.350021
62.827905	1.231000	12.360061
62.821868	1.232000	12.370102
62.815830	1.233000	12.380143
62.809791	1.234000	12.390183
62.803753	1.235000	12.400224
62.797714	1.236000	12.410265
62.791674	1.237000	12.420305
62.785634	1.238000	12.430346
62.779594	1.239000	12.440387
62.773554	1.240000	12.450427
62.767513	1.241000	12.460468
62.761472	1.242000	12.470509
62.755430	1.243000	12.480549
62.749388	1.244000	12.490590
62.743346	1.245000	12.500631
62.737303	1.246000	12.510671
62.731260	1.247000	12.520712
62.725216	1.248000	12.530753
62.719173	1.249000	12.540793
62.713128	1.250000	12.550834
62.707084	1.251000	12.560875
62.701039	1.252000	12.570915
62.694994	1.253000	12.580956
62.688948	1.254000	12.590997
62.682902	1.255000	12.601037
62.676855	1.256000	12.611078
62.670809	1.257000	12.621119
62.664761	1.258000	12.631159
62.658714	1.259000	12.641200
62.652666	1.260000	12.651241
62.646618	1.261000	12.661281
62.640569	1.262000	12.671322
62.634520	1.263000	12.681363
62.628471	1.264000	12.691403
62.622421	1.265000	12.701444
62.616371	1.266000	12.711485
62.610320	1.267000	12.721525
62.604269	1.268000	12.731566
62.598218	1.269000	12.741607
62.592166	1.270000	12.751647
62.586114	1.271000	12.761688
62.580062	1.272000	12.771729
62.574009	1.273000	12.781769
62.567956	1.274000	12.791810
62.561903	1.275000	12.801851
62.555849	1.276000	12.811891
62.549795	1.277000	12.821932
62.543740	1.278000	12.831973
62.537685	1.279000	12.842013
62.531630	1.280000	12.852054
62.525574	1.281000	12.862095
62.519518	1.282000	12.872135
62.513462	1.283000	12.882176
62.507405	1.284000	12.892217
62.501348	1.285000	12.902257
62.495290	1.286000	12.912298
62.489232	1.287000	12.922339
62.483174	1.288000	12.932379
62.477115	1.289000	12.942420
62.471056	1.290000	12.952461
62.464997	1.291000	12.962501
62.458937	1.292000	12.972542
62.452877	1.293000	12.982583
62.446816	1.294000	12.992623
62.440755	1.295000	13.002664
62.434694	1.296000	13.012705
62.428632	1.297000	13.022745
62.422570	1.298000	13.032786
62.416508	1.299000	13.042827
62.410445	1.300000	13.052867
62.404382	1.301000	13.062908
62.398318	1.302000	13.072949
62.392254	1.303000	13.082989
62.386190	1.304000	13.093030
62.380125	1.305000	13.103071
62.374060	1.306000	13.113111
62.367995	1.307000	13.123152
62.361929	1.308000	13.133193
62.355863	1.309000	13.143233
62.349797	1.310000	13.153274
62.343730	1.311000	13.163315
62.337662	1.312000	13.173355
62.331595	1.313000	13.183396
62.325527	1.314000	13.193437
62.319458	1.315000	13.203477
62.313390	1.316000	13.213518
62.307320	1.317000	13.223559
62.301251	1.318000	13.233599
62.295181	1.319000	13.243640
62.289111	1.320000	13.253681
62.283040	1.321000	13.263721
62.276969	1.322000	13.273762
62.270898	1.323000	13.283803
62.264826	1.324000	13.293843
62.258754	1.325000	13.303884
62.252681	1.326000	13.313925
62.246608	1.327000	13.323965
62.240535	1.328000	13.334006
62.234462	1.329000	13.344047
62.228387	1.330000	13.354087
62.222313	1.331000	13.364128
62.216238	1.332000	13.374169
62.210163	1.333000	13.384209
62.204088	1.334000	13.394250
62.198012	1.335000	13.404291
62.191936	1.336000	13.414331
62.185859	1.337000	13.424372
62.179782	1.338000	13.434413
62.173704	1.339000	13.444453
62.167627	1.340000	13.454494
62.161549	1.341000	13.464535
62.155470	1.342000	13.474575
62.149391	1.343000	13.484616
62.143312	1.344000	13.494657
62.137232	1.345000	13.504697
62.131152	1.346000	13.514738
62.125072	1.347000	13.524779
62.118991	1.348000	13.534819
62.112910	1.349000	13.544860
62.106828	1.350000	13.554901
62.100746	1.351000	13.564941
62.094664	1.352000	13.574982
62.088581	1.353000	13.585023
62.082498	1.354000	13.595063
62.076415	1.355000	13.605104
62.070331	1.356000	13.615145
62.064247	1.357000	13.625185
62.058163	1.358000	13.635226
62.052078	1.359000	13.645267
62.045992	1.360000	13.655307
62.039907	1.361000	13.665348
62.033821	1.362000	13.675389
62.027734	1.363000	13.685429
62.021647	1.364000	13.695470
62.015560	1.365000	13.705511
62.009473	1.366000	13.715551
62.003385	1.367000	13.725592
61.997296	1.368000	13.735633
61.991208	1.369000	13.745673
61.985118	1.370000	13.755714
61.979029	1.371000	13.765755
61.972939	1.372000	13.775795
61.966849	1.373000	13.785836
61.960758	1.374000	13.795877
61.954667	1.375000	13.805917
61.948576	1.376000	13.815958
61.942484	1.377000	13.825999
61.936392	1.378000	13.836039
61.930300	1.379000	13.846080
61.924207	1.380000	13.856121
61.918114	1.381000	13.866161
61.912020	1.382000	13.876202
61.905926	1.383000	13.886243
61.899832	1.384000	13.896283
61.893737	1.385000	13.906324
61.887642	1.386000	13.916365
61.881546	1.387000	13.926405
61.875450	1.388000	13.936446
61.869354	1.389000	13.946487
61.863257	1.390000	13.956527
61.857160	1.391000	13.966568
61.851063	1.392000	13.976609
61.844965	1.393000	13.986649
61.838867	1.394000	13.996690
61.832768	1.395000	14.006731
61.826669	1.396000	14.016771
61.820570	1.397000	14.026812
61.814470	1.398000	14.036853
61.808370	1.399000	14.046893
61.802270	1.400000	14.056934
61.796169	1.401000	14.066975
61.790068	1.402000	14.077015
61.783966	1.403000	14.087056
61.777864	1.404000	14.097097
61.771762	1.405000	14.107137
61.765659	1.406000	14.117178
61.759556	1.407000	14.127219
61.753453	1.408000	14.137259
61.747349	1.409000	14.147300
61.741244	1.410000	14.157341
61.735140	1.411000	14.167381
61.729035	1.412000	14.177422
61.722929	1.413000	14.187463
61.716824	1.414000	14.197503
61.710717	1.415000	14.207544
61.704611	1.416000	14.217585
61.698504	1.417000	14.227625
61.692397	1.418000	14.237666
61.686289	1.419000	14.247707
61.680181	1.420000	14.257747
61.674072	1.421000	14.267788
61.667964	1.422000	14.277829
61.661854	1.423000	14.287869
61.655745	1.424000	14.297910
61.649635	1.425000	14.307951
61.643524	1.426000	14.317991
61.637414	1.427000	14.328032
61.631303	1.428000	14.338073
61.625191	1.429000	14.348113
61.619079	1.430000	14.358154
61.612967	1.431000	14.368195
61.606854	1.432000	14.378235
61.600741	1.433000	14.388276
61.594628	1.434000	14.398317
61.588514	1.435000	14.408357
61.582400	1.436000	14.418398
61.576285	1.437000	14.428439
61.570170	1.438000	14.438479
61.564055	1.439000	14.448520
61.557939	1.440000	14.458561
61.551823	1.441000	14.468601
61.545707	1.442000	14.478642
61.539590	1.443000	14.488683
61.533472	1.444000	14.498723
61.527355	1.445000	14.508764
61.521237	1.446000	14.518805
61.515118	1.447000	14.528845
61.509000	1.448000	14.538886
61.502880	1.449000	14.548927
61.496761	1.450000	14.558967
61.490641	1.451000	14.569008
61.484521	1.452000	14.579049
61.478400	1.453000	14.589089
61.472279	1.454000	14.599130
61.466157	1.455000	14.609171
61.460035	1.456000	14.619211
61.453913	1.457000	14.629252
61.447791	1.458000	14.639293
61.441668	1.459000	14.649333
61.435544	1.460000	14.659374
61.429420	1.461000	14.669415
61.423296	1.462000	14.679455
61.417172	1.463000	14.689496
61.411047	1.464000	14.699537
61.404921	1.465000	14.709577
61.398796	1.466000	14.719618
61.392670	1.467000	14.729659
61.386543	1.468000	14.739699
61.380416	1.469000	14.749740
61.374289	1.470000	14.759781
61.368161	1.471000	14.769821
61.362033	1.472000	14.779862
61.355905	1.473000	14.789903
61.349776	1.474000	14.799943
61.343647	1.475000	14.809984
61.337517	1.476000	14.820025
61.331387	1.477000	14.830065
61.325257	1.478000	14.840106
61.319126	1.479000	14.850147
61.312995	1.480000	14.860187
61.306864	1.481000	14.870228
61.300732	1.482000	14.880269
61.294600	1.483000	14.890309
61.288467	1.484000	14.900350
61.282334	1.485000	14.910391
61.276201	1.486000	14.920431
61.270067	1.487000	14.930472
61.263933	1.488000	14.940513
61.257798	1.489000	14.950553
61.251663	1.490000	14.960594
61.245528	1.491000	14.970635
61.239392	1.492000	14.980675
61.233256	1.493000	14.990716
61.227119	1.494000	15.000757
61.220982	1.495000	15.010797
61.214845	1.496000	15.020838
61.208707	1.497000	15.030879
61.202569	1.498000	15.040919
61.196431	1.499000	15.050960
61.190292	1.500000	15.061001
61.184153	1.501000	15.071041
61.178013	1.502000	15.081082
61.171873	1.503000	15.091123
61.165733	1.504000	15.101163
61.159592	1.505000	15.111204
61.153451	1.506000	15.121245
61.147309	1.507000	15.131285
61.141167	1.508000	15.141326
61.135025	1.509000	15.151367
61.128882	1.510000	15.161407
61.122739	1.511000	15.171448
61.116596	1.512000	15.181489
61.110452	1.513000	15.191529
61.104307	1.514000	15.201570
61.098163	1.515000	15.211611
61.092018	1.516000	15.221651
61.085872	1.517000	15.231692
61.079727	1.518000	15.241733
61.073580	1.519000	15.251773
61.067434	1.520000	15.261814
61.061287	1.521000	15.271855
61.055139	1.522000	15.281895
61.048992	1.523000	15.291936
61.042843	1.524000	15.301977
61.036695	1.525000	15.312017
61.030546	1.526000	15.322058
61.024397	1.527000	15.332099
61.018247	1.528000	15.342139
61.012097	1.529000	15.352180
61.005946	1.530000	15.362221
60.999795	1.531000	15.372261
60.993644	1.532000	15.382302
60.987492	1.533000	15.392343
60.981340	1.534000	15.402383
60.975188	1.535000	15.412424
60.969035	1.536000	15.422465
60.962882	1.537000	15.432505
60.956728	1.538000	15.442546
60.950574	1.539000	15.452587
60.944420	1.540000	15.462627
60.938265	1.541000	15.472668
60.932110	1.542000	15.482709
60.925954	1.543000	15.492749
60.919798	1.544000	15.502790
60.913642	1.545000	15.512831
60.907485	1.546000	15.522871
60.901328	1.547000	15.532912
60.895171	1.548000	15.542953
60.889013	1.549000	15.552993
60.882854	1.550000	15.563034
60.876696	1.551000	15.573075
60.870536	1.552000	15.583115
60.864377	1.553000	15.593156
60.858217	1.554000	15.603197
60.852057	1.555000	15.613237
60.845896	1.556000	15.623278
60.839735	1.557000	15.633319
60.833574	1.558000	15.643359
60.827412	1.559000	15.653400
60.821250	1.560000	15.663441
60.815087	1.561000	15.673481
60.808924	1.562000	15.683522
60.802761	1.563000	15.693563
60.796597	1.564000	15.703603
60.790433	1.565000	15.713644
60.784268	1.566000	15.723685
60.778103	1.567000	15.733725
60.771938	1.568000	15.743766
60.765772	1.569000	15.753807
60.759606	1.570000	15.763847
60.753439	1.571000	15.773888
60.747272	1.572000	15.783929
60.741105	1.573000	15.793969
60.734937	1.574000	15.804010
60.728769	1.575000	15.814051
60.722601	1.576000	15.824091
60.716432	1.577000	15.834132
60.710263	1.578000	15.844173
60.704093	1.579000	15.854213
60.697923	1.580000	15.864254
60.691752	1.581000	15.874295
60.685581	1.582000	15.884335
60.679410	1.583000	15.894376
60.673238	1.584000	15.904417
60.667066	1.585000	15.914457
60.660894	1.586000	15.924498
60.654721	1.587000	15.934539
60.648548	1.588000	15.944579
60.642374	1.589000	15.954620
60.636200	1.590000	15.964661
60.630026	1.591000	15.974701
60.623851	1.592000	15.984742
60.617676	1.593000	15.994783
60.611500	1.594000	16.004823
60.605324	1.595000	16.014864
60.599148	1.596000	16.024905
60.592971	1.597000	16.034945
60.586794	1.598000	16.044986
60.580616	1.599000	16.055027
60.574438	1.600000	16.065067
60.568260	1.601000	16.075108
60.562081	1.602000	16.085149
60.555902	1.603000	16.095189
60.549723	1.604000	16.105230
60.543543	1.605000	16.115271
60.537362	1.606000	16.125311
60.531182	1.607000	16.135352
60.525000	1.608000	16.145393
60.518819	1.609000	16.155433
60.512637	1.610000	16.165474
60.506455	1.611000	16.175515
60.500272	1.612000	16.185555
60.494089	1.613000	16.195596
60.487905	1.614000	16.205637
60.481722	1.615000	16.215677
60.475537	1.616000	16.225718
60.469353	1.617000	16.235759
60.463167	1.618000	16.245799
60.456982	1.619000	16.255840
60.450796	1.620000	16.265881
60.444610	1.621000	16.275921
60.438423	1.622000	16.285962
60.432236	1.623000	16.296003
60.426049	1.624000	16.306043
60.419861	1.625000	16.316084
60.413672	1.626000	16.326125
60.407484	1.627000	16.336165
60.401295	1.628000	16.346206
60.395105	1.629000	16.356247
60.388915	1.630000	16.366287
60.382725	1.631000	16.376328
60.376535	1.632000	16.386369
60.370344	1.633000	16.396409
60.364152	1.634000	16.406450
60.357960	1.635000	16.416491
60.351768	1.636000	16.426531
60.345575	1.637000	16.436572
60.339382	1.638000	16.446613
60.333189	1.639000	16.456653
60.326995	1.640000	16.466694
60.320801	1.641000	16.476735
60.314606	1.642000	16.486775
60.308411	1.643000	16.496816
60.302216	1.644000	16.506857
60.296020	1.645000	16.516897
60.289824	1.646000	16.526938
60.283627	1.647000	16.536979
60.277430	1.648000	16.547019
60.271233	1.649000	16.557060
60.265035	1.650000	16.567101
60.258837	1.651000	16.577141
60.252638	1.652000	16.587182
60.246439	1.653000	16.597223
60.240240	1.654000	16.607263
60.234040	1.655000	16.617304
60.227840	1.656000	16.627345
60.221639	1.657000	16.637385
60.215438	1.658000	16.647426
60.209237	1.659000	16.657467
60.203035	1.660000	16.667507
60.196833	1.661000	16.677548
60.190630	1.662000	16.687589
60.184427	1.663000	16.697629
60.178224	1.664000	16.707670
60.172020	1.665000	16.717711
60.165816	1.666000	16.727751
60.159611	1.667000	16.737792
60.153406	1.668000	16.747833
60.147201	1.669000	16.757873
60.140995	1.670000	16.767914
60.134789	1.671000	16.777955
60.128582	1.672000	16.787995
60.122375	1.673000	16.798036
60.116168	1.674000	16.808077
60.109960	1.675000	16.818117
60.103752	1.676000	16.828158
60.097543	1.677000	16.838199
60.091334	1.678000	16.848239
60.085125	1.679000	16.858280
60.078915	1.680000	16.868321
60.072705	1.681000	16.878361
60.066494	1.682000	16.888402
60.060283	1.683000	16.898443
60.054072	1.684000	16.908483
60.047860	1.685000	16.918524
60.041648	1.686000	16.928565
60.035435	1.687000	16.938605
60.029222	1.688000	16.948646
60.023009	1.689000	16.958687
60.016795	1.690000	16.968727
60.010580	1.691000	16.978768
60.004366	1.692000	16.988809
59.998151	1.693000	16.998849
59.991935	1.694000	17.008890
59.985720	1.695000	17.018931
59.979503	1.696000	17.028971
59.973287	1.697000	17.039012
59.967070	1.698000	17.049053
59.960852	1.699000	17.059093
59.954634	1.700000	17.069134
59.948416	1.701000	17.079175
59.942197	1.702000	17.089215
59.935978	1.703000	17.099256
59.929759	1.704000	17.109297
59.923539	1.705000	17.119337
59.917319	1.706000	17.129378
59.911098	1.707000	17.139419
59.904877	1.708000	17.149459
59.898656	1.709000	17.159500
59.892434	1.710000	17.169541
59.886211	1.711000	17.179581
59.879989	1.712000	17.189622
59.873766	1.713000	17.199663
59.867542	1.714000	17.209703
59.861318	1.715000	17.219744
59.855094	1.716000	17.229785
59.848869	1.717000	17.239825
59.842644	1.718000	17.249866
59.836419	1.719000	17.259907
59.830193	1.720000	17.269947
59.823966	1.721000	17.279988
59.817740	1.722000	17.290029
59.811513	1.723000	17.300069
59.805285	1.724000	17.310110
59.799057	1.725000	17.320151
59.792829	1.726000	17.330191
59.786600	1.727000	17.340232
59.780371	1.728000	17.350273
59.774141	1.729000	17.360313
59.767911	1.730000	17.370354
59.761681	1.731000	17.380395
59.755450	1.732000	17.390435
59.749219	1.733000	17.400476
59.742987	1.734000	17.410517
59.736755	1.735000	17.420557
59.730523	1.736000	17.430598
59.724290	1.737000	17.440639
59.718057	1.738000	17.450679
59.711823	1.739000	17.460720
59.705589	1.740000	17.470761
59.699355	1.741000	17.480801
59.693120	1.742000	17.490842
59.686885	1.743000	17.500883
59.680649	1.744000	17.510923
59.674413	1.745000	17.520964
59.668177	1.746000	17.531005
59.661940	1.747000	17.541045
59.655703	1.748000	17.551086
59.649465	1.749000	17.561127
59.643227	1.750000	17.571167
59.636988	1.751000	17.581208
59.630749	1.752000	17.591249
59.624510	1.753000	17.601289
59.618270	1.754000	17.611330
59.612030	1.755000	17.621371
59.605790	1.756000	17.631411
59.599549	1.757000	17.641452
59.593307	1.758000	17.651493
59.587066	1.759000	17.661533
59.580824	1.760000	17.671574
59.574581	1.761000	17.681615
59.568338	1.762000	17.691655
59.562095	1.763000	17.701696
59.555851	1.764000	17.711737
59.549607	1.765000	17.721777
59.543362	1.766000	17.731818
59.537117	1.767000	17.741859
59.530872	1.768000	17.751899
59.524626	1.769000	17.761940
59.518380	1.770000	17.771981
59.512133	1.771000	17.782021
59.505886	1.772000	17.792062
59.499638	1.773000	17.802103
59.493391	1.774000	17.812143
59.487142	1.775000	17.822184
59.480894	1.776000	17.832225
59.474644	1.777000	17.842265
59.468395	1.778000	17.852306
59.462145	1.779000	17.862347
59.455895	1.780000	17.872387
59.449644	1.781000	17.882428
59.443393	1.782000	17.892469
59.437141	1.783000	17.902509
59.430889	1.784000	17.912550
59.424637	1.785000	17.922591
59.418384	1.786000	17.932631
59.412131	1.787000	17.942672
59.405877	1.788000	17.952713
59.399623	1.789000	17.962753
59.393369	1.790000	17.972794
59.387114	1.791000	17.982835
59.380859	1.792000	17.992875
59.374603	1.793000	18.002916
59.368347	1.794000	18.012957
59.362091	1.795000	18.022997
59.355834	1.796000	18.033038
59.349577	1.797000	18.043079
59.343319	1.798000	18.053119
59.337061	1.799000	18.063160
59.330802	1.800000	18.073201
59.324543	1.801000	18.083241
59.318284	1.802000	18.093282
59.312024	1.803000	18.103323
59.305764	1.804000	18.113363
59.299504	1.805000	18.123404
59.293243	1.806000	18.133445
59.286981	1.807000	18.143485
59.280719	1.808000	18.153526
59.274457	1.809000	18.163567
59.268195	1.810000	18.173607
59.261931	1.811000	18.183648
59.255668	1.812000	18.193689
59.249404	1.813000	18.203729
59.243140	1.814000	18.213770
59.236875	1.815000	18.223811
59.230610	1.816000	18.233851
59.224345	1.817000	18.243892
59.218079	1.818000	18.253933
59.211812	1.819000	18.263973
59.205546	1.820000	18.274014
59.199278	1.821000	18.284055
59.193011	1.822000	18.294095
59.186743	1.823000	18.304136
59.180474	1.824000	18.314177
59.174206	1.825000	18.324217
59.167936	1.826000	18.334258
59.161667	1.827000	18.344299
59.155397	1.828000	18.354339
59.149126	1.829000	18.364380
59.142855	1.830000	18.374421
59.136584	1.831000	18.384461
59.130312	1.832000	18.394502
59.124040	1.833000	18.404543
59.117768	1.834000	18.414583
59.111495	1.835000	18.424624
59.105221	1.836000	18.434665
59.098948	1.837000	18.444705
59.092673	1.838000	18.454746
59.086399	1.839000	18.464787
59.080124	1.840000	18.474827
59.073848	1.841000	18.484868
59.067573	1.842000	18.494909
59.061296	1.843000	18.504949
59.055020	1.844000	18.514990
59.048743	1.845000	18.525031
59.042465	1.846000	18.535071
59.036187	1.847000	18.545112
59.029909	1.848000	18.555153
59.023630	1.849000	18.565193
59.017351	1.850000	18.575234
59.011071	1.851000	18.585275
59.004791	1.852000	18.595315
58.998511	1.853000	18.605356
58.992230	1.854000	18.615397
58.985949	1.855000	18.625437
58.979667	1.856000	18.635478
58.973385	1.857000	18.645519
58.967103	1.858000	18.655559
58.960820	1.859000	18.665600
58.954537	1.860000	18.675641
58.948253	1.861000	18.685681
58.941969	1.862000	18.695722
58.935684	1.863000	18.705763
58.929399	1.864000	18.715803
58.923114	1.865000	18.725844
58.916828	1.866000	18.735885
58.910542	1.867000	18.745925
58.904255	1.868000	18.755966
58.897968	1.869000	18.766007
58.891681	1.870000	18.776047
58.885393	1.871000	18.786088
58.879104	1.872000	18.796129
58.872816	1.873000	18.806169
58.866527	1.874000	18.816210
58.860237	1.875000	18.826251
58.853947	1.876000	18.836291
58.847657	1.877000	18.846332
58.841366	1.878000	18.856373
58.835075	1.879000	18.866413
58.828783	1.880000	18.876454
58.822491	1.881000	18.886495
58.816198	1.882000	18.896535
58.809906	1.883000	18.906576
58.803612	1.884000	18.916617
58.797318	1.885000	18.926657
58.791024	1.886000	18.936698
58.784730	1.887000	18.946739
58.778435	1.888000	18.956779
58.772139	1.889000	18.966820
58.765844	1.890000	18.976861
58.759547	1.891000	18.986901
58.753251	1.892000	18.996942
58.746954	1.893000	19.006983
58.740656	1.894000	19.017023
58.734358	1.895000	19.027064
58.728060	1.896000	19.037105
58.721761	1.897000	19.047145
58.715462	1.898000	19.057186
58.709162	1.899000	19.067227
58.702862	1.900000	19.077267
58.696562	1.901000	19.087308
58.690261	1.902000	19.097349
58.683960	1.903000	19.107389
58.677658	1.904000	19.117430
58.671356	1.905000	19.127471
58.665054	1.906000	19.137511
58.658751	1.907000	19.147552
58.652447	1.908000	19.157593
58.646144	1.909000	19.167633
58.639839	1.910000	19.177674
58.633535	1.911000	19.187715
58.627230	1.912000	19.197755
58.620924	1.913000	19.207796
58.614618	1.914000	19.217837
58.608312	1.915000	19.227877
58.602005	1.916000	19.237918
58.595698	1.917000	19.247959
58.589391	1.918000	19.257999
58.583083	1.919000	19.268040
58.576774	1.920000	19.278081
58.570465	1.921000	19.288121
58.564156	1.922000	19.298162
58.557847	1.923000	19.308203
58.551536	1.924000	19.318243
58.545226	1.925000	19.328284
58.538915	1.926000	19.338325
58.532604	1.927000	19.348365
58.526292	1.928000	19.358406
58.519980	1.929000	19.368447
58.513667	1.930000	19.378487
58.507354	1.931000	19.388528
58.501041	1.932000	19.398569
58.494727	1.933000	19.408609
58.488412	1.934000	19.418650
58.482098	1.935000	19.428691
58.475783	1.936000	19.438731
58.469467	1.937000	19.448772
58.463151	1.938000	19.458813
58.456835	1.939000	19.468853
58.450518	1.940000	19.478894
58.444201	1.941000	19.488935
58.437883	1.942000	19.498975
58.431565	1.943000	19.509016
58.425246	1.944000	19.519057
58.418927	1.945000	19.529097
58.412608	1.946000	19.539138
58.406288	1.947000	19.549179
58.399968	1.948000	19.559219
58.393647	1.949000	19.569260
58.387326	1.950000	19.579301
58.381005	1.951000	19.589342
58.374683	1.952000	19.599382
58.368361	1.953000	19.609423
58.362038	1.954000	19.619464
58.355715	1.955000	19.629504
58.349391	1.956000	19.639545
58.343067	1.957000	19.649586
58.336743	1.958000	19.659626
58.330418	1.959000	19.669667
58.324092	1.960000	19.679708
58.317767	1.961000	19.689748
58.311441	1.962000	19.699789
58.305114	1.963000	19.709830
58.298787	1.964000	19.719870
58.292460	1.965000	19.729911
58.286132	1.966000	19.739952
58.279803	1.967000	19.749992
58.273475	1.968000	19.760033
58.267146	1.969000	19.770074
58.260816	1.970000	19.780114
58.254486	1.971000	19.790155
58.248156	1.972000	19.800196
58.241825	1.973000	19.810236
58.235494	1.974000	19.820277
58.229162	1.975000	19.830318
58.222830	1.976000	19.840358
58.216497	1.977000	19.850399
58.210165	1.978000	19.860440
58.203831	1.979000	19.870480
58.197497	1.980000	19.880521
58.191163	1.981000	19.890562
58.184829	1.982000	19.900602
58.178493	1.983000	19.910643
58.172158	1.984000	19.920684
58.165822	1.985000	19.930724
58.159486	1.986000	19.940765
58.153149	1.987000	19.950806
58.146812	1.988000	19.960846
58.140474	1.989000	19.970887
58.134136	1.990000	19.980928
58.127798	1.991000	19.990968
58.121459	1.992000	20.001009
58.115119	1.993000	20.011050
58.108780	1.994000	20.021090
58.102439	1.995000	20.031131
58.096099	1.996000	20.041172
58.089758	1.997000	20.051212
58.083416	1.998000	20.061253
58.077074	1.999000	20.071294
58.070732	2.000000	20.081334
58.064389	2.001000	20.091375
58.058046	2.002000	20.101416
58.051702	2.003000	20.111456
58.045358	2.004000	20.121497
58.039014	2.005000	20.131538
58.032669	2.006000	20.141578
58.026324	2.007000	20.151619
58.019978	2.008000	20.161660
58.013632	2.009000	20.171700
58.007285	2.010000	20.181741
58.000938	2.011000	20.191782
57.994591	2.012000	20.201822
57.988243	2.013000	20.211863
57.981894	2.014000	20.221904
57.975546	2.015000	20.231944
57.969197	2.016000	20.241985
57.962847	2.017000	20.252026
57.956497	2.018000	20.262066
57.950146	2.019000	20.272107
57.943796	2.020000	20.282148
57.937444	2.021000	20.292188
57.931092	2.022000	20.302229
57.924740	2.023000	20.312270
57.918388	2.024000	20.322310
57.912035	2.025000	20.332351
57.905681	2.026000	20.342392
57.899327	2.027000	20.352432
57.892973	2.028000	20.362473
57.886618	2.029000	20.372514
57.880263	2.030000	20.382554
57.873907	2.031000	20.392595
57.867551	2.032000	20.402636
57.861195	2.033000	20.412676
57.854838	2.034000	20.422717
57.848481	2.035000	20.432758
57.842123	2.036000	20.442798
57.835765	2.037000	20.452839
57.829406	2.038000	20.462880
57.823047	2.039000	20.472920
57.816687	2.040000	20.482961
57.810328	2.041000	20.493002
57.803967	2.042000	20.503042
57.797606	2.043000	20.513083
57.791245	2.044000	20.523124
57.784883	2.045000	20.533164
57.778521	2.046000	20.543205
57.772159	2.047000	20.553246
57.765796	2.048000	20.563286
57.759433	2.049000	20.573327
57.753069	2.050000	20.583368
57.746704	2.051000	20.593408
57.740340	2.052000	20.603449
57.733975	2.053000	20.613490
57.727609	2.054000	20.623530
57.721243	2.055000	20.633571
57.714877	2.056000	20.643612
57.708510	2.057000	20.653652
57.702143	2.058000	20.663693
57.695775	2.059000	20.673734
57.689407	2.060000	20.683774
57.683038	2.061000	20.693815
57.676669	2.062000	20.703856
57.670300	2.063000	20.713896
57.663930	2.064000	20.723937
57.657560	2.065000	20.733978
57.651189	2.066000	20.744018
57.644818	2.067000	20.754059
57.638446	2.068000	20.764100
57.632074	2.069000	20.774140
57.625702	2.070000	20.784181
57.619329	2.071000	20.794222
57.612955	2.072000	20.804262
57.606582	2.073000	20.814303
57.600207	2.074000	20.824344
57.593833	2.075000	20.834384
57.587458	2.076000	20.844425
57.581082	2.077000	20.854466
57.574706	2.078000	20.864506
57.568330	2.079000	20.874547
57.561953	2.080000	20.884588
57.555576	2.081000	20.894628
57.549198	2.082000	20.904669
57.542820	2.083000	20.914710
57.536442	2.084000	20.924750
57.530063	2.085000	20.934791
57.523683	2.086000	20.944832
57.517303	2.087000	20.954872
57.510923	2.088000	20.964913
57.504542	2.089000	20.974954
57.498161	2.090000	20.984994
57.491780	2.091000	20.995035
57.485398	2.092000	21.005076
57.479015	2.093000	21.015116
57.472632	2.094000	21.025157
57.466249	2.095000	21.035198
57.459865	2.096000	21.045238
57.453481	2.097000	21.055279
57.447096	2.098000	21.065320
57.440711	2.099000	21.075360
57.434326	2.100000	21.085401
57.427940	2.101000	21.095442
57.421553	2.102000	21.105482
57.415166	2.103000	21.115523
57.408779	2.104000	21.125564
57.402391	2.105000	21.135604
57.396003	2.106000	21.145645
57.389615	2.107000	21.155686
57.383226	2.108000	21.165726
57.376836	2.109000	21.175767
57.370446	2.110000	21.185808
57.364056	2.111000	21.195848
57.357665	2.112000	21.205889
57.351274	2.113000	21.215930
57.344883	2.114000	21.225970
57.338490	2.115000	21.236011
57.332098	2.116000	21.246052
57.325705	2.117000	21.256092
57.319312	2.118000	21.266133
57.312918	2.119000	21.276174
57.306524	2.120000	21.286214
57.300129	2.121000	21.296255
57.293734	2.122000	21.306296
57.287338	2.123000	21.316336
57.280942	2.124000	21.326377
57.274546	2.125000	21.336418
57.268149	2.126000	21.346458
57.261751	2.127000	21.356499
57.255354	2.128000	21.366540
57.248955	2.129000	21.376580
57.242557	2.130000	21.386621
57.236158	2.131000	21.396662
57.229758	2.132000	21.406702
57.223358	2.133000	21.416743
57.216958	2.134000	21.426784
57.210557	2.135000	21.436824
57.204156	2.136000	21.446865
57.197754	2.137000	21.456906
57.191352	2.138000	21.466946
57.184949	2.139000	21.476987
57.178546	2.140000	21.487028
57.172143	2.141000	21.497068
57.165739	2.142000	21.507109
57.159334	2.143000	21.517150
57.152930	2.144000	21.527190
57.146524	2.145000	21.537231
57.140119	2.146000	21.547272
57.133712	2.147000	21.557312
57.127306	2.148000	21.567353
57.120899	2.149000	21.577394
57.114491	2.150000	21.587434
57.108084	2.151000	21.597475
57.101675	2.152000	21.607516
57.095266	2.153000	21.617556
57.088857	2.154000	21.627597
57.082448	2.155000	21.637638
57.076038	2.156000	21.647678
57.069627	2.157000	21.657719
57.063216	2.158000	21.667760
57.056805	2.159000	21.677800
57.050393	2.160000	21.687841
57.043980	2.161000	21.697882
57.037568	2.162000	21.707922
57.031154	2.163000	21.717963
57.024741	2.164000	21.728004
57.018327	2.165000	21.738044
57.011912	2.166000	21.748085
57.005497	2.167000	21.758126
56.999082	2.168000	21.768166
56.992666	2.169000	21.778207
56.986250	2.170000	21.788248
56.979833	2.171000	21.798288
56.973416	2.172000	21.808329
56.966998	2.173000	21.818370
56.960580	2.174000	21.828410
56.954162	2.175000	21.838451
56.947743	2.176000	21.848492
56.941323	2.177000	21.858532
56.934904	2.178000	21.868573
56.928483	2.179000	21.878614
56.922063	2.180000	21.888654
56.915641	2.181000	21.898695
56.909220	2.182000	21.908736
56.902798	2.183000	21.918776
56.896375	2.184000	21.928817
56.889952	2.185000	21.938858
56.883529	2.186000	21.948898
56.877105	2.187000	21.958939
56.870681	2.188000	21.968980
56.864256	2.189000	21.979020
56.857831	2.190000	21.989061
56.851405	2.191000	21.999102
56.844979	2.192000	22.009142
56.838553	2.193000	22.019183
56.832126	2.194000	22.029224
56.825699	2.195000	22.039264
56.819271	2.196000	22.049305
56.812842	2.197000	22.059346
56.806414	2.198000	22.069386
56.799985	2.199000	22.079427
56.793555	2.200000	22.089468
56.787125	2.201000	22.099508
56.780694	2.202000	22.109549
56.774263	2.203000	22.119590
56.767832	2.204000	22.129630
56.761400	2.205000	22.139671
56.754968	2.206000	22.149712
56.748535	2.207000	22.159752
56.742102	2.208000	22.169793
56.735668	2.209000	22.179834
56.729234	2.210000	22.189874
56.722800	2.211000	22.199915
56.716365	2.212000	22.209956
56.709929	2.213000	22.219996
56.703494	2.214000	22.230037
56.697057	2.215000	22.240078
56.690621	2.216000	22.250118
56.684183	2.217000	22.260159
56.677746	2.218000	22.270200
56.671308	2.219000	22.280240
56.664869	2.220000	22.290281
56.658430	2.221000	22.300322
56.651991	2.222000	22.310362
56.645551	2.223000	22.320403
56.639110	2.224000	22.330444
56.632670	2.225000	22.340484
56.626228	2.226000	22.350525
56.619787	2.227000	22.360566
56.613345	2.228000	22.370606
56.606902	2.229000	22.380647
56.600459	2.230000	22.390688
56.594016	2.231000	22.400728
56.587572	2.232000	22.410769
56.581127	2.233000	22.420810
56.574683	2.234000	22.430850
56.568237	2.235000	22.440891
56.561792	2.236000	22.450932
56.555345	2.237000	22.460972
56.548899	2.238000	22.471013
56.542452	2.239000	22.481054
56.536004	2.240000	22.491094
56.529556	2.241000	22.501135
56.523108	2.242000	22.511176
56.516659	2.243000	22.521216
56.510210	2.244000	22.531257
56.503760	2.245000	22.541298
56.497310	2.246000	22.551338
56.490859	2.247000	22.561379
56.484408	2.248000	22.571420
56.477957	2.249000	22.581460
56.471505	2.250000	22.591501
56.465052	2.251000	22.601542
56.458599	2.252000	22.611582
56.452146	2.253000	22.621623
56.445692	2.254000	22.631664
56.439238	2.255000	22.641704
56.432783	2.256000	22.651745
56.426328	2.257000	22.661786
56.419872	2.258000	22.671826
56.413416	2.259000	22.681867
56.406960	2.260000	22.691908
56.400503	2.261000	22.701948
56.394045	2.262000	22.711989
56.387588	2.263000	22.722030
56.381129	2.264000	22.732070
56.374670	2.265000	22.742111
56.368211	2.266000	22.752152
56.361752	2.267000	22.762192
56.355291	2.268000	22.772233
56.348831	2.269000	22.782274
56.342370	2.270000	22.792314
56.335908	2.271000	22.802355
56.329446	2.272000	22.812396
56.322984	2.273000	22.822436
56.316521	2.274000	22.832477
56.310058	2.275000	22.842518
56.303594	2.276000	22.852558
56.297130	2.277000	22.862599
56.290665	2.278000	22.872640
56.284200	2.279000	22.882680
56.277735	2.280000	22.892721
56.271269	2.281000	22.902762
56.264802	2.282000	22.912802
56.258335	2.283000	22.922843
56.251868	2.284000	22.932884
56.245400	2.285000	22.942924
56.238932	2.286000	22.952965
56.232463	2.287000	22.963006
56.225994	2.288000	22.973046
56.219524	2.289000	22.983087
56.213054	2.290000	22.993128
56.206584	2.291000	23.003168
56.200113	2.292000	23.013209
56.193641	2.293000	23.023250
56.187169	2.294000	23.033290
56.180697	2.295000	23.043331
56.174224	2.296000	23.053372
56.167751	2.297000	23.063412
56.161277	2.298000	23.073453
56.154803	2.299000	23.083494
56.148329	2.300000	23.093534
56.141853	2.301000	23.103575
56.135378	2.302000	23.113616
56.128902	2.303000	23.123656
56.122425	2.304000	23.133697
56.115949	2.305000	23.143738
56.109471	2.306000	23.153778
56.102993	2.307000	23.163819
56.096515	2.308000	23.173860
56.090036	2.309000	23.183900
56.083557	2.310000	23.193941
56.077078	2.311000	23.203982
56.070597	2.312000	23.214022
56.064117	2.313000	23.224063
56.057636	2.314000	23.234104
56.051154	2.315000	23.244144
56.044673	2.316000	23.254185
56.038190	2.317000	23.264226
56.031707	2.318000	23.274266
56.025224	2.319000	23.284307
56.018740	2.320000	23.294348
56.012256	2.321000	23.304388
56.005771	2.322000	23.314429
55.999286	2.323000	23.324470
55.992801	2.324000	23.334510
55.986315	2.325000	23.344551
55.979828	2.326000	23.354592
55.973341	2.327000	23.364632
55.966854	2.328000	23.374673
55.960366	2.329000	23.384714
55.953878	2.330000	23.394754
55.947389	2.331000	23.404795
55.940900	2.332000	23.414836
55.934410	2.333000	23.424876
55.927920	2.334000	23.434917
55.921429	2.335000	23.444958
55.914938	2.336000	23.454998
55.908447	2.337000	23.465039
55.901955	2.338000	23.475080
55.895462	2.339000	23.485120
55.888969	2.340000	23.495161
55.882476	2.341000	23.505202
55.875982	2.342000	23.515242
55.869488	2.343000	23.525283
55.862993	2.344000	23.535324
55.856498	2.345000	23.545364
55.850002	2.346000	23.555405
55.843506	2.347000	23.565446
55.837009	2.348000	23.575486
55.830512	2.349000	23.585527
55.824015	2.350000	23.595568
55.817517	2.351000	23.605608
55.811019	2.352000	23.615649
55.804520	2.353000	23.625690
55.798020	2.354000	23.635730
55.791521	2.355000	23.645771
55.785020	2.356000	23.655812
55.778520	2.357000	23.665852
55.772018	2.358000	23.675893
55.765517	2.359000	23.685934
55.759015	2.360000	23.695974
55.752512	2.361000	23.706015
55.746009	2.362000	23.716056
55.739506	2.363000	23.726096
55.733002	2.364000	23.736137
55.726497	2.365000	23.746178
55.719992	2.366000	23.756218
55.713487	2.367000	23.766259
55.706981	2.368000	23.776300
55.700475	2.369000	23.786340
55.693968	2.370000	23.796381
55.687461	2.371000	23.806422
55.680953	2.372000	23.816462
55.674445	2.373000	23.826503
55.667937	2.374000	23.836544
55.661428	2.375000	23.846584
55.654918	2.376000	23.856625
55.648408	2.377000	23.866666
55.641898	2.378000	23.876706
55.635387	2.379000	23.886747
55.628876	2.380000	23.896788
55.622364	2.381000	23.906828
55.615852	2.382000	23.916869
55.609339	2.383000	23.926910
55.602826	2.384000	23.936950
55.596312	2.385000	23.946991
55.589798	2.386000	23.957032
55.583283	2.387000	23.967072
55.576768	2.388000	23.977113
55.570253	2.389000	23.987154
55.563737	2.390000	23.997194
55.557220	2.391000	24.007235
55.550704	2.392000	24.017276
55.544186	2.393000	24.027316
55.537668	2.394000	24.037357
55.531150	2.395000	24.047398
55.524631	2.396000	24.057438
55.518112	2.397000	24.067479
55.511592	2.398000	24.077520
55.505072	2.399000	24.087560
55.498552	2.400000	24.097601
55.492031	2.401000	24.107642
55.485509	2.402000	24.117682
55.478987	2.403000	24.127723
55.472465	2.404000	24.137764
55.465942	2.405000	24.147804
55.459418	2.406000	24.157845
55.452894	2.407000	24.167886
55.446370	2.408000	24.177926
55.439845	2.409000	24.187967
55.433320	2.410000	24.198008
55.426794	2.411000	24.208048
55.420268	2.412000	24.218089
55.413741	2.413000	24.228130
55.407214	2.414000	24.238170
55.400687	2.415000	24.248211
55.394159	2.416000	24.258252
55.387630	2.417000	24.268292
55.381101	2.418000	24.278333
55.374572	2.419000	24.288374
55.368042	2.420000	24.298414
55.361511	2.421000	24.308455
55.354980	2.422000	24.318496
55.348449	2.423000	24.328536
55.341917	2.424000	24.338577
55.335385	2.425000	24.348618
55.328852	2.426000	24.358658
55.322319	2.427000	24.368699
55.315785	2.428000	24.378740
55.309251	2.429000	24.388780
55.302717	2.430000	24.398821
55.296182	2.431000	24.408862
55.289646	2.432000	24.418902
55.283110	2.433000	24.428943
55.276574	2.434000	24.438984
55.270037	2.435000	24.449024
55.263499	2.436000	24.459065
55.256961	2.437000	24.469106
55.250423	2.438000	24.479146
55.243884	2.439000	24.489187
55.237345	2.440000	24.499228
55.230805	2.441000	24.509268
55.224265	2.442000	24.519309
55.217724	2.443000	24.529350
55.211183	2.444000	24.539390
55.204642	2.445000	24.549431
55.198099	2.446000	24.559472
55.191557	2.447000	24.569512
55.185014	2.448000	24.579553
55.178470	2.449000	24.589594
55.171926	2.450000	24.599634
55.165382	2.451000	24.609675
55.158837	2.452000	24.619716
55.152292	2.453000	24.629756
55.145746	2.454000	24.639797
55.139199	2.455000	24.649838
55.132653	2.456000	24.659878
55.126105	2.457000	24.669919
55.119558	2.458000	24.679960
55.113009	2.459000	24.690000
55.106461	2.460000	24.700041
55.099912	2.461000	24.710082
55.093362	2.462000	24.720122
55.086812	2.463000	24.730163
55.080261	2.464000	24.740204
55.073710	2.465000	24.750244
55.067159	2.466000	24.760285
55.060607	2.467000	24.770326
55.054054	2.468000	24.780366
55.047501	2.469000	24.790407
55.040948	2.470000	24.800448
55.034394	2.471000	24.810488
55.027840	2.472000	24.820529
55.021285	2.473000	24.830570
55.014730	2.474000	24.840610
55.008174	2.475000	24.850651
55.001618	2.476000	24.860692
54.995061	2.477000	24.870732
54.988504	2.478000	24.880773
54.981946	2.479000	24.890814
54.975388	2.480000	24.900854
54.968830	2.481000	24.910895
54.962270	2.482000	24.920936
54.955711	2.483000	24.930976
54.949151	2.484000	24.941017
54.942590	2.485000	24.951058
54.936029	2.486000	24.961098
54.929468	2.487000	24.971139
54.922906	2.488000	24.981180
54.916344	2.489000	24.991220
54.909781	2.490000	25.001261
54.903218	2.491000	25.011302
54.896654	2.492000	25.021342
54.890090	2.493000	25.031383
54.883525	2.494000	25.041424
54.876960	2.495000	25.051464
54.870394	2.496000	25.061505
54.863828	2.497000	25.071546
54.857261	2.498000	25.081586
54.850694	2.499000	25.091627
54.844126	2.500000	25.101668
54.837558	2.501000	25.111708
54.830990	2.502000	25.121749
54.824421	2.503000	25.131790
54.817851	2.504000	25.141830
54.811281	2.505000	25.151871
54.804711	2.506000	25.161912
54.798140	2.507000	25.171952
54.791568	2.508000	25.181993
54.784997	2.509000	25.192034
54.778424	2.510000	25.202074
54.771851	2.511000	25.212115
54.765278	2.512000	25.222156
54.758704	2.513000	25.232196
54.752130	2.514000	25.242237
54.745555	2.515000	25.252278
54.738980	2.516000	25.262318
54.732404	2.517000	25.272359
54.725828	2.518000	25.282400
54.719252	2.519000	25.292440
54.712675	2.520000	25.302481
54.706097	2.521000	25.312522
54.699519	2.522000	25.322562
54.692940	2.523000	25.332603
54.686361	2.524000	25.342644
54.679782	2.525000	25.352684
54.673202	2.526000	25.362725
54.666621	2.527000	25.372766
54.660040	2.528000	25.382806
54.653459	2.529000	25.392847
54.646877	2.530000	25.402888
54.640295	2.531000	25.412928
54.633712	2.532000	25.422969
54.627129	2.533000	25.433010
54.620545	2.534000	25.443050
54.613961	2.535000	25.453091
54.607376	2.536000	25.463132
54.600791	2.537000	25.473172
54.594205	2.538000	25.483213
54.587619	2.539000	25.493254
54.581032	2.540000	25.503294
54.574445	2.541000	25.513335
54.567857	2.542000	25.523376
54.561269	2.543000	25.533416
54.554680	2.544000	25.543457
54.548091	2.545000	25.553498
54.541502	2.546000	25.563538
54.534912	2.547000	25.573579
54.528321	2.548000	25.583620
54.521730	2.549000	25.593660
54.515139	2.550000	25.603701
54.508547	2.551000	25.613742
54.501954	2.552000	25.623782
54.495362	2.553000	25.633823
54.488768	2.554000	25.643864
54.482174	2.555000	25.653904
54.475580	2.556000	25.663945
54.468985	2.557000	25.673986
54.462390	2.558000	25.684026
54.455794	2.559000	25.694067
54.449198	2.560000	25.704108
54.442601	2.561000	25.714148
54.436004	2.562000	25.724189
54.429406	2.563000	25.734230
54.422808	2.564000	25.744270
54.416209	2.565000	25.754311
54.409610	2.566000	25.764352
54.403010	2.567000	25.774392
54.396410	2.568000	25.784433
54.389810	2.569000	25.794474
54.383208	2.570000	25.804514
54.376607	2.571000	25.814555
54.370005	2.572000	25.824596
54.363402	2.573000	25.834636
54.356799	2.574000	25.844677
54.350196	2.575000	25.854718
54.343592	2.576000	25.864758
54.336987	2.577000	25.874799
54.330382	2.578000	25.884840
54.323777	2.579000	25.894880
54.317171	2.580000	25.904921
54.310565	2.581000	25.914962
54.303958	2.582000	25.925002
54.297350	2.583000	25.935043
54.290742	2.584000	25.945084
54.284134	2.585000	25.955124
54.277525	2.586000	25.965165
54.270916	2.587000	25.975206
54.264306	2.588000	25.985246
54.257696	2.589000	25.995287
54.251085	2.590000	26.005328
54.244474	2.591000	26.015368
54.237862	2.592000	26.025409
54.231250	2.593000	26.035450
54.224637	2.594000	26.045490
54.218024	2.595000	26.055531
54.211410	2.596000	26.065572
54.204796	2.597000	26.075612
54.198182	2.598000	26.085653
54.191566	2.599000	26.095694
54.184951	2.600000	26.105734
54.178335	2.601000	26.115775
54.171718	2.602000	26.125816
54.165101	2.603000	26.135856
54.158484	2.604000	26.145897
54.151865	2.605000	26.155938
54.145247	2.606000	26.165978
54.138628	2.607000	26.176019
54.132008	2.608000	26.186060
54.125388	2.609000	26.196100
54.118768	2.610000	26.206141
54.112147	2.611000	26.216182
54.105526	2.612000	26.226222
54.098904	2.613000	26.236263
54.092281	2.614000	26.246304
54.085658	2.615000	26.256344
54.079035	2.616000	26.266385
54.072411	2.617000	26.276426
54.065787	2.618000	26.286466
54.059162	2.619000	26.296507
54.052536	2.620000	26.306548
54.045911	2.621000	26.316588
54.039284	2.622000	26.326629
54.032658	2.623000	26.336670
54.026030	2.624000	26.346710
54.019402	2.625000	26.356751
54.012774	2.626000	26.366792
54.006145	2.627000	26.376832
53.999516	2.628000	26.386873
53.992886	2.629000	26.396914
53.986256	2.630000	26.406954
53.979626	2.631000	26.416995
53.972994	2.632000	26.427036
53.966363	2.633000	26.437076
53.959730	2.634000	26.447117
53.953098	2.635000	26.457158
53.946465	2.636000	26.467198
53.939831	2.637000	26.477239
53.933197	2.638000	26.487280
53.926562	2.639000	26.497320
53.919927	2.640000	26.507361
53.913291	2.641000	26.517402
53.906655	2.642000	26.527442
53.900019	2.643000	26.537483
53.893382	2.644000	26.547524
53.886744	2.645000	26.557564
53.880106	2.646000	26.567605
53.873468	2.647000	26.577646
53.866829	2.648000	26.587686
53.860189	2.649000	26.597727
53.853549	2.650000	26.607768
53.846908	2.651000	26.617808
53.840267	2.652000	26.627849
53.833626	2.653000	26.637890
53.826984	2.654000	26.647930
53.820341	2.655000	26.657971
53.813699	2.656000	26.668012
53.807055	2.657000	26.678052
53.800411	2.658000	26.688093
53.793767	2.659000	26.698134
53.787122	2.660000	26.708174
53.780476	2.661000	26.718215
53.773830	2.662000	26.728256
53.767184	2.663000	26.738296
53.760537	2.664000	26.748337
53.753890	2.665000	26.758378
53.747242	2.666000	26.768418
53.740593	2.667000	26.778459
53.733945	2.668000	26.788500
53.727295	2.669000	26.798540
53.720645	2.670000	26.808581
53.713995	2.671000	26.818622
53.707344	2.672000	26.828662
53.700693	2.673000	26.838703
53.694041	2.674000	26.848744
53.687389	2.675000	26.858784
53.680736	2.676000	26.868825
53.674082	2.677000	26.878866
53.667429	2.678000	26.888906
53.660774	2.679000	26.898947
53.654120	2.680000	26.908988
53.647464	2.681000	26.919028
53.640809	2.682000	26.929069
53.634152	2.683000	26.939110
53.627495	2.684000	26.949150
53.620838	2.685000	26.959191
53.614180	2.686000	26.969232
53.607522	2.687000	26.979272
53.600863	2.688000	26.989313
53.594204	2.689000	26.999354
53.587544	2.690000	27.009394
53.580884	2.691000	27.019435
53.574223	2.692000	27.029476
53.567562	2.693000	27.039516
53.560900	2.694000	27.049557
53.554238	2.695000	27.059598
53.547576	2.696000	27.069638
53.540912	2.697000	27.079679
53.534249	2.698000	27.089720
53.527584	2.699000	27.099760
53.520920	2.700000	27.109801
53.514255	2.701000	27.119842
53.507589	2.702000	27.129882
53.500923	2.703000	27.139923
53.494256	2.704000	27.149964
53.487589	2.705000	27.160004
53.480921	2.706000	27.170045
53.474253	2.707000	27.180086
53.467584	2.708000	27.190126
53.460915	2.709000	27.200167
53.454245	2.710000	27.210208
53.447575	2.711000	27.220248
53.440905	2.712000	27.230289
53.434233	2.713000	27.240330
53.427562	2.714000	27.250370
53.420890	2.715000	27.260411
53.414217	2.716000	27.270452
53.407544	2.717000	27.280492
53.400870	2.718000	27.290533
53.394196	2.719000	27.300574
53.387521	2.720000	27.310614
53.380846	2.721000	27.320655
53.374171	2.722000	27.330696
53.367494	2.723000	27.340736
53.360818	2.724000	27.350777
53.354141	2.725000	27.360818
53.347463	2.726000	27.370858
53.340785	2.727000	27.380899
53.334106	2.728000	27.390940
53.327427	2.729000	27.400981
53.320747	2.730000	27.411021
53.314067	2.731000	27.421062
53.307387	2.732000	27.431103
53.300705	2.733000	27.441143
53.294024	2.734000	27.451184
53.287342	2.735000	27.461225
53.280659	2.736000	27.471265
53.273976	2.737000	27.481306
53.267292	2.738000	27.491347
53.260608	2.739000	27.501387
53.253923	2.740000	27.511428
53.247238	2.741000	27.521469
53.240553	2.742000	27.531509
53.233866	2.743000	27.541550
53.227180	2.744000	27.551591
53.220493	2.745000	27.561631
53.213805	2.746000	27.571672
53.207117	2.747000	27.581713
53.200428	2.748000	27.591753
53.193739	2.749000	27.601794
53.187049	2.750000	27.611835
53.180359	2.751000	27.621875
53.173669	2.752000	27.631916
53.166977	2.753000	27.641957
53.160286	2.754000	27.651997
53.153594	2.755000	27.662038
53.146901	2.756000	27.672079
53.140208	2.757000	27.682119
53.133514	2.758000	27.692160
53.126820	2.759000	27.702201
53.120125	2.760000	27.712241
53.113430	2.761000	27.722282
53.106734	2.762000	27.732323
53.100038	2.763000	27.742363
53.093341	2.764000	27.752404
53.086644	2.765000	27.762445
53.079946	2.766000	27.772485
53.073248	2.767000	27.782526
53.066549	2.768000	27.792567
53.059850	2.769000	27.802607
53.053151	2.770000	27.812648
53.046450	2.771000	27.822689
53.039750	2.772000	27.832729
53.033048	2.773000	27.842770
53.026347	2.774000	27.852811
53.019644	2.775000	27.862851
53.012942	2.776000	27.872892
53.006238	2.777000	27.882933
52.999535	2.778000	27.892973
52.992830	2.779000	27.903014
52.986126	2.780000	27.913055
52.979420	2.781000	27.923095
52.972714	2.782000	27.933136
52.966008	2.783000	27.943177
52.959301	2.784000	27.953217
52.952594	2.785000	27.963258
52.945886	2.786000	27.973299
52.939178	2.787000	27.983339
52.932469	2.788000	27.993380
52.925760	2.789000	28.003421
52.919050	2.790000	28.013461
52.912340	2.791000	28.023502
52.905629	2.792000	28.033543
52.898917	2.793000	28.043583
52.892206	2.794000	28.053624
52.885493	2.795000	28.063665
52.878780	2.796000	28.073705
52.872067	2.797000	28.083746
52.865353	2.798000	28.093787
52.858639	2.799000	28.103827
52.851924	2.800000	28.113868
52.845208	2.801000	28.123909
52.838492	2.802000	28.133949
52.831776	2.803000	28.143990
52.825059	2.804000	28.154031
52.818342	2.805000	28.164071
52.811624	2.806000	28.174112
52.804905	2.807000	28.184153
52.798186	2.808000	28.194193
52.791467	2.809000	28.204234
52.784747	2.810000	28.214275
52.778026	2.811000	28.224315
52.771305	2.812000	28.234356
52.764584	2.813000	28.244397
52.757862	2.814000	28.254437
52.751139	2.815000	28.264478
52.744416	2.816000	28.274519
52.737693	2.817000	28.284559
52.730968	2.818000	28.294600
52.724244	2.819000	28.304641
52.717519	2.820000	28.314681
52.710793	2.821000	28.324722
52.704067	2.822000	28.334763
52.697341	2.823000	28.344803
52.690613	2.824000	28.354844
52.683886	2.825000	28.364885
52.677158	2.826000	28.374925
52.670429	2.827000	28.384966
52.663700	2.828000	28.395007
52.656970	2.829000	28.405047
52.650240	2.830000	28.415088
52.643509	2.831000	28.425129
52.636778	2.832000	28.435169
52.630046	2.833000	28.445210
52.623314	2.834000	28.455251
52.616581	2.835000	28.465291
52.609848	2.836000	28.475332
52.603114	2.837000	28.485373
52.596380	2.838000	28.495413
52.589645	2.839000	28.505454
52.582910	2.840000	28.515495
52.576174	2.841000	28.525535
52.569438	2.842000	28.535576
52.562701	2.843000	28.545617
52.555964	2.844000	28.555657
52.549226	2.845000	28.565698
52.542487	2.846000	28.575739
52.535748	2.847000	28.585779
52.529009	2.848000	28.595820
52.522269	2.849000	28.605861
52.515529	2.850000	28.615901
52.508788	2.851000	28.625942
52.502046	2.852000	28.635983
52.495304	2.853000	28.646023
52.488562	2.854000	28.656064
52.481819	2.855000	28.666105
52.475075	2.856000	28.676145
52.468331	2.857000	28.686186
52.461587	2.858000	28.696227
52.454842	2.859000	28.706267
52.448096	2.860000	28.716308
52.441350	2.861000	28.726349
52.434603	2.862000	28.736389
52.427856	2.863000	28.746430
52.421108	2.864000	28.756471
52.414360	2.865000	28.766511
52.407612	2.866000	28.776552
52.400862	2.867000	28.786593
52.394113	2.868000	28.796633
52.387363	2.869000	28.806674
52.380612	2.870000	28.816715
52.373861	2.871000	28.826755
52.367109	2.872000	28.836796
52.360356	2.873000	28.846837
52.353604	2.874000	28.856877
52.346850	2.875000	28.866918
52.340097	2.876000	28.876959
52.333342	2.877000	28.886999
52.326587	2.878000	28.897040
52.319832	2.879000	28.907081
52.313076	2.880000	28.917121
52.306320	2.881000	28.927162
52.299563	2.882000	28.937203
52.292805	2.883000	28.947243
52.286047	2.884000	28.957284
52.279289	2.885000	28.967325
52.272530	2.886000	28.977365
52.265770	2.887000	28.987406
52.259010	2.888000	28.997447
52.252250	2.889000	29.007487
52.245489	2.890000	29.017528
52.238727	2.891000	29.027569
52.231965	2.892000	29.037609
52.225202	2.893000	29.047650
52.218439	2.894000	29.057691
52.211675	2.895000	29.067731
52.204911	2.896000	29.077772
52.198147	2.897000	29.087813
52.191381	2.898000	29.097853
52.184616	2.899000	29.107894
52.177849	2.900000	29.117935
52.171083	2.901000	29.127975
52.164315	2.902000	29.138016
52.157547	2.903000	29.148057
52.150779	2.904000	29.158097
52.144010	2.905000	29.168138
52.137241	2.906000	29.178179
52.130471	2.907000	29.188219
52.123700	2.908000	29.198260
52.116930	2.909000	29.208301
52.110158	2.910000	29.218341
52.103386	2.911000	29.228382
52.096614	2.912000	29.238423
52.089841	2.913000	29.248463
52.083067	2.914000	29.258504
52.076293	2.915000	29.268545
52.069518	2.916000	29.278585
52.062743	2.917000	29.288626
52.055968	2.918000	29.298667
52.049191	2.919000	29.308707
52.042415	2.920000	29.318748
52.035637	2.921000	29.328789
52.028860	2.922000	29.338829
52.022082	2.923000	29.348870
52.015303	2.924000	29.358911
52.008523	2.925000	29.368951
52.001744	2.926000	29.378992
51.994963	2.927000	29.389033
51.988182	2.928000	29.399073
51.981401	2.929000	29.409114
51.974619	2.930000	29.419155
51.967837	2.931000	29.429195
51.961054	2.932000	29.439236
51.954270	2.933000	29.449277
51.947486	2.934000	29.459317
51.940702	2.935000	29.469358
51.933917	2.936000	29.479399
51.927131	2.937000	29.489439
51.920345	2.938000	29.499480
51.913558	2.939000	29.509521
51.906771	2.940000	29.519561
51.899984	2.941000	29.529602
51.893195	2.942000	29.539643
51.886407	2.943000	29.549683
51.879617	2.944000	29.559724
51.872828	2.945000	29.569765
51.866037	2.946000	29.579805
51.859247	2.947000	29.589846
51.852455	2.948000	29.599887
51.845663	2.949000	29.609927
51.838871	2.950000	29.619968
51.832078	2.951000	29.630009
51.825285	2.952000	29.640049
51.818491	2.953000	29.650090
51.811696	2.954000	29.660131
51.804901	2.955000	29.670171
51.798106	2.956000	29.680212
51.791310	2.957000	29.690253
51.784513	2.958000	29.700293
51.777716	2.959000	29.710334
51.770918	2.960000	29.720375
51.764120	2.961000	29.730415
51.757321	2.962000	29.740456
51.750522	2.963000	29.750497
51.743722	2.964000	29.760537
51.736922	2.965000	29.770578
51.730121	2.966000	29.780619
51.723320	2.967000	29.790659
51.716518	2.968000	29.800700
51.709715	2.969000	29.810741
51.702913	2.970000	29.820781
51.696109	2.971000	29.830822
51.689305	2.972000	29.840863
51.682501	2.973000	29.850903
51.675696	2.974000	29.860944
51.668890	2.975000	29.870985
51.662084	2.976000	29.881025
51.655277	2.977000	29.891066
51.648470	2.978000	29.901107
51.641662	2.979000	29.911147
51.634854	2.980000	29.921188
51.628045	2.981000	29.931229
51.621236	2.982000	29.941269
51.614426	2.983000	29.951310
51.607616	2.984000	29.961351
51.600805	2.985000	29.971391
51.593994	2.986000	29.981432
51.587182	2.987000	29.991473
51.580369	2.988000	30.001513
51.573556	2.989000	30.011554
51.566743	2.990000	30.021595
51.559929	2.991000	30.031635
51.553114	2.992000	30.041676
51.546299	2.993000	30.051717
51.539483	2.994000	30.061757
51.532667	2.995000	30.071798
51.525851	2.996000	30.081839
51.519033	2.997000	30.091879
51.512216	2.998000	30.101920
51.505397	2.999000	30.111961
51.498578	3.000000	30.122001
51.491759	3.001000	30.132042
51.484939	3.002000	30.142083
51.478119	3.003000	30.152123
51.471298	3.004000	30.162164
51.464476	3.005000	30.172205
51.457654	3.006000	30.182245
51.450832	3.007000	30.192286
51.444009	3.008000	30.202327
51.437185	3.009000	30.212367
51.430361	3.010000	30.222408
51.423536	3.011000	30.232449
51.416711	3.012000	30.242489
51.409885	3.013000	30.252530
51.403059	3.014000	30.262571
51.396232	3.015000	30.272611
51.389405	3.016000	30.282652
51.382577	3.017000	30.292693
51.375748	3.018000	30.302733
51.368920	3.019000	30.312774
51.362090	3.020000	30.322815
51.355260	3.021000	30.332855
51.348429	3.022000	30.342896
51.341598	3.023000	30.352937
51.334767	3.024000	30.362977
51.327935	3.025000	30.373018
51.321102	3.026000	30.383059
51.314269	3.027000	30.393099
51.307435	3.028000	30.403140
51.300601	3.029000	30.413181
51.293766	3.030000	30.423221
51.286930	3.031000	30.433262
51.280094	3.032000	30.443303
51.273258	3.033000	30.453343
51.266421	3.034000	30.463384
51.259584	3.035000	30.473425
51.252745	3.036000	30.483465
51.245907	3.037000	30.493506
51.239068	3.038000	30.503547
51.232228	3.039000	30.513587
51.225388	3.040000	30.523628
51.218547	3.041000	30.533669
51.211706	3.042000	30.543709
51.204864	3.043000	30.553750
51.198022	3.044000	30.563791
51.191179	3.045000	30.573831
51.184335	3.046000	30.583872
51.177491	3.047000	30.593913
51.170647	3.048000	30.603953
51.163802	3.049000	30.613994
51.156956	3.050000	30.624035
51.150110	3.051000	30.634075
51.143264	3.052000	30.644116
51.136416	3.053000	30.654157
51.129569	3.054000	30.664197
51.122720	3.055000	30.674238
51.115872	3.056000	30.684279
51.109022	3.057000	30.694319
51.102172	3.058000	30.704360
51.095322	3.059000	30.714401
51.088471	3.060000	30.724441
51.081619	3.061000	30.734482
51.074767	3.062000	30.744523
51.067915	3.063000	30.754563
51.061062	3.064000	30.764604
51.054208	3.065000	30.774645
51.047354	3.066000	30.784685
51.040499	3.067000	30.794726
51.033644	3.068000	30.804767
51.026788	3.069000	30.814807
51.019932	3.070000	30.824848
51.013075	3.071000	30.834889
51.006217	3.072000	30.844929
50.999359	3.073000	30.854970
50.992501	3.074000	30.865011
50.985642	3.075000	30.875051
50.978782	3.076000	30.885092
50.971922	3.077000	30.895133
50.965061	3.078000	30.905173
50.958200	3.079000	30.915214
50.951338	3.080000	30.925255
50.944476	3.081000	30.935295
50.937613	3.082000	30.945336
50.930750	3.083000	30.955377
50.923886	3.084000	30.965417
50.917021	3.085000	30.975458
50.910156	3.086000	30.985499
50.903291	3.087000	30.995539
50.896425	3.088000	31.005580
50.889558	3.089000	31.015621
50.882691	3.090000	31.025661
50.875823	3.091000	31.035702
50.868955	3.092000	31.045743
50.862086	3.093000	31.055783
50.855216	3.094000	31.065824
50.848346	3.095000	31.075865
50.841476	3.096000	31.085905
50.834605	3.097000	31.095946
50.827733	3.098000	31.105987
50.820861	3.099000	31.116027
50.813989	3.100000	31.126068
50.807116	3.101000	31.136109
50.800242	3.102000	31.146149
50.793368	3.103000	31.156190
50.786493	3.104000	31.166231
50.779617	3.105000	31.176271
50.772741	3.106000	31.186312
50.765865	3.107000	31.196353
50.758988	3.108000	31.206393
50.752110	3.109000	31.216434
50.745232	3.110000	31.226475
50.738354	3.111000	31.236515
50.731475	3.112000	31.246556
50.724595	3.113000	31.256597
50.717715	3.114000	31.266637
50.710834	3.115000	31.276678
50.703952	3.116000	31.286719
50.697070	3.117000	31.296759
50.690188	3.118000	31.306800
50.683305	3.119000	31.316841
50.676421	3.120000	31.326881
50.669537	3.121000	31.336922
50.662653	3.122000	31.346963
50.655767	3.123000	31.357003
50.648882	3.124000	31.367044
50.641995	3.125000	31.377085
50.635109	3.126000	31.387125
50.628221	3.127000	31.397166
50.621333	3.128000	31.407207
50.614445	3.129000	31.417247
50.607556	3.130000	31.427288
50.600666	3.131000	31.437329
50.593776	3.132000	31.447369
50.586885	3.133000	31.457410
50.579994	3.134000	31.467451
50.573102	3.135000	31.477491
50.566210	3.136000	31.487532
50.559317	3.137000	31.497573
50.552424	3.138000	31.507613
50.545530	3.139000	31.517654
50.538635	3.140000	31.527695
50.531740	3.141000	31.537735
50.524844	3.142000	31.547776
50.517948	3.143000	31.557817
50.511052	3.144000	31.567857
50.504154	3.145000	31.577898
50.497256	3.146000	31.587939
50.490358	3.147000	31.597979
50.483459	3.148000	31.608020
50.476560	3.149000	31.618061
50.469660	3.150000	31.628101
50.462759	3.151000	31.638142
50.455858	3.152000	31.648183
50.448956	3.153000	31.658223
50.442054	3.154000	31.668264
50.435151	3.155000	31.678305
50.428248	3.156000	31.688345
50.421344	3.157000	31.698386
50.414440	3.158000	31.708427
50.407535	3.159000	31.718467
50.400629	3.160000	31.728508
50.393723	3.161000	31.738549
50.386816	3.162000	31.748589
50.379909	3.163000	31.758630
50.373001	3.164000	31.768671
50.366093	3.165000	31.778711
50.359184	3.166000	31.788752
50.352275	3.167000	31.798793
50.345365	3.168000	31.808833
50.338454	3.169000	31.818874
50.331543	3.170000	31.828915
50.324631	3.171000	31.838955
50.317719	3.172000	31.848996
50.310807	3.173000	31.859037
50.303893	3.174000	31.869077
50.296979	3.175000	31.879118
50.290065	3.176000	31.889159
50.283150	3.177000	31.899199
50.276234	3.178000	31.909240
50.269318	3.179000	31.919281
50.262402	3.180000	31.929321
50.255485	3.181000	31.939362
50.248567	3.182000	31.949403
50.241649	3.183000	31.959443
50.234730	3.184000	31.969484
50.227810	3.185000	31.979525
50.220890	3.186000	31.989565
50.213970	3.187000	31.999606
50.207049	3.188000	32.009647
50.200127	3.189000	32.019687
50.193205	3.190000	32.029728
50.186282	3.191000	32.039769
50.179359	3.192000	32.049809
50.172435	3.193000	32.059850
50.165511	3.194000	32.069891
50.158586	3.195000	32.079931
50.151660	3.196000	32.089972
50.144734	3.197000	32.100013
50.137808	3.198000	32.110053
50.130880	3.199000	32.120094
50.123953	3.200000	32.130135
50.117024	3.201000	32.140175
50.110095	3.202000	32.150216
50.103166	3.203000	32.160257
50.096236	3.204000	32.170297
50.089305	3.205000	32.180338
50.082374	3.206000	32.190379
50.075443	3.207000	32.200419
50.068510	3.208000	32.210460
50.061578	3.209000	32.220501
50.054644	3.210000	32.230541
50.047710	3.211000	32.240582
50.040776	3.212000	32.250623
50.033841	3.213000	32.260663
50.026905	3.214000	32.270704
50.019969	3.215000	32.280745
50.013033	3.216000	32.290785
50.006095	3.217000	32.300826
49.999157	3.218000	32.310867
49.992219	3.219000	32.320907
49.985280	3.220000	32.330948
49.978341	3.221000	32.340989
49.971401	3.222000	32.351029
49.964460	3.223000	32.361070
49.957519	3.224000	32.371111
49.950577	3.225000	32.381151
49.943635	3.226000	32.391192
49.936692	3.227000	32.401233
49.929749	3.228000	32.411273
49.922805	3.229000	32.421314
49.915860	3.230000	32.431355
49.908915	3.231000	32.441395
49.901969	3.232000	32.451436
49.895023	3.233000	32.461477
49.888076	3.234000	32.471517
49.881129	3.235000	32.481558
49.874181	3.236000	32.491599
49.867232	3.237000	32.501639
49.860283	3.238000	32.511680
49.853334	3.239000	32.521721
49.846384	3.240000	32.531761
49.839433	3.241000	32.541802
49.832482	3.242000	32.551843
49.825530	3.243000	32.561883
49.818577	3.244000	32.571924
49.811624	3.245000	32.581965
49.804671	3.246000	32.592005
49.797717	3.247000	32.602046
49.790762	3.248000	32.612087
49.783807	3.249000	32.622127
49.776851	3.250000	32.632168
49.769894	3.251000	32.642209
49.762938	3.252000	32.652249
49.755980	3.253000	32.662290
49.749022	3.254000	32.672331
49.742063	3.255000	32.682371
49.735104	3.256000	32.692412
49.728144	3.257000	32.702453
49.721184	3.258000	32.712493
49.714223	3.259000	32.722534
49.707262	3.260000	32.732575
49.700300	3.261000	32.742615
49.693337	3.262000	32.752656
49.686374	3.263000	32.762697
49.679410	3.264000	32.772737
49.672446	3.265000	32.782778
49.665481	3.266000	32.792819
49.658516	3.267000	32.802859
49.651550	3.268000	32.812900
49.644583	3.269000	32.822941
49.637616	3.270000	32.832981
49.630648	3.271000	32.843022
49.623680	3.272000	32.853063
49.616711	3.273000	32.863103
49.609742	3.274000	32.873144
49.602772	3.275000	32.883185
49.595801	3.276000	32.893225
49.588830	3.277000	32.903266
49.581858	3.278000	32.913307
49.574886	3.279000	32.923347
49.567913	3.280000	32.933388
49.560940	3.281000	32.943429
49.553966	3.282000	32.953469
49.546991	3.283000	32.963510
49.540016	3.284000	32.973551
49.533041	3.285000	32.983591
49.526064	3.286000	32.993632
49.519088	3.287000	33.003673
49.512110	3.288000	33.013713
49.505132	3.289000	33.023754
49.498154	3.290000	33.033795
49.491175	3.291000	33.043835
49.484195	3.292000	33.053876
49.477215	3.293000	33.063917
49.470234	3.294000	33.073957
49.463253	3.295000	33.083998
49.456271	3.296000	33.094039
49.449288	3.297000	33.104079
49.442305	3.298000	33.114120
49.435322	3.299000	33.124161
49.428337	3.300000	33.134201
49.421353	3.301000	33.144242
49.414367	3.302000	33.154283
49.407381	3.303000	33.164323
49.400395	3.304000	33.174364
49.393408	3.305000	33.184405
49.386420	3.306000	33.194445
49.379432	3.307000	33.204486
49.372443	3.308000	33.214527
49.365454	3.309000	33.224567
49.358464	3.310000	33.234608
49.351473	3.311000	33.244649
49.344482	3.312000	33.254689
49.337490	3.313000	33.264730
49.330498	3.314000	33.274771
49.323505	3.315000	33.284811
49.316512	3.316000	33.294852
49.309518	3.317000	33.304893
49.302524	3.318000	33.314933
49.295528	3.319000	33.324974
49.288533	3.320000	33.335015
49.281537	3.321000	33.345055
49.274540	3.322000	33.355096
49.267542	3.323000	33.365137
49.260544	3.324000	33.375177
49.253546	3.325000	33.385218
49.246547	3.326000	33.395259
49.239547	3.327000	33.405299
49.232547	3.328000	33.415340
49.225546	3.329000	33.425381
49.218544	3.330000	33.435421
49.211542	3.331000	33.445462
49.204540	3.332000	33.455503
49.197537	3.333000	33.465543
49.190533	3.334000	33.475584
49.183529	3.335000	33.485625
49.176524	3.336000	33.495665
49.169518	3.337000	33.505706
49.162512	3.338000	33.515747
49.155506	3.339000	33.525787
49.148498	3.340000	33.535828
49.141491	3.341000	33.545869
49.134482	3.342000	33.555909
49.127473	3.343000	33.565950
49.120464	3.344000	33.575991
49.113454	3.345000	33.586031
49.106443	3.346000	33.596072
49.099432	3.347000	33.606113
49.092420	3.348000	33.616153
49.085408	3.349000	33.626194
49.078395	3.350000	33.636235
49.071381	3.351000	33.646275
49.064367	3.352000	33.656316
49.057352	3.353000	33.666357
49.050337	3.354000	33.676397
49.043321	3.355000	33.686438
49.036305	3.356000	33.696479
49.029288	3.357000	33.706519
49.022270	3.358000	33.716560
49.015252	3.359000	33.726601
49.008233	3.360000	33.736641
49.001214	3.361000	33.746682
48.994194	3.362000	33.756723
48.987173	3.363000	33.766763
48.980152	3.364000	33.776804
48.973130	3.365000	33.786845
48.966108	3.366000	33.796885
48.959085	3.367000	33.806926
48.952062	3.368000	33.816967
48.945038	3.369000	33.827007
48.938013	3.370000	33.837048
48.930988	3.371000	33.847089
48.923963	3.372000	33.857129
48.916936	3.373000	33.867170
48.909909	3.374000	33.877211
48.902882	3.375000	33.887251
48.895854	3.376000	33.897292
48.888825	3.377000	33.907333
48.881796	3.378000	33.917373
48.874766	3.379000	33.927414
48.867736	3.380000	33.937455
48.860705	3.381000	33.947495
48.853673	3.382000	33.957536
48.846641	3.383000	33.967577
48.839608	3.384000	33.977617
48.832575	3.385000	33.987658
48.825541	3.386000	33.997699
48.818506	3.387000	34.007739
48.811471	3.388000	34.017780
48.804436	3.389000	34.027821
48.797400	3.390000	34.037861
48.790363	3.391000	34.047902
48.783325	3.392000	34.057943
48.776287	3.393000	34.067983
48.769249	3.394000	34.078024
48.762210	3.395000	34.088065
48.755170	3.396000	34.098105
48.748129	3.397000	34.108146
48.741089	3.398000	34.118187
48.734047	3.399000	34.128227
48.727005	3.400000	34.138268
48.719962	3.401000	34.148309
48.712919	3.402000	34.158349
48.705875	3.403000	34.168390
48.698831	3.404000	34.178431
48.691786	3.405000	34.188471
48.684740	3.406000	34.198512
48.677694	3.407000	34.208553
48.670647	3.408000	34.218593
48.663600	3.409000	34.228634
48.656552	3.410000	34.238675
48.649503	3.411000	34.248715
48.642454	3.412000	34.258756
48.635404	3.413000	34.268797
48.628354	3.414000	34.278837
48.621303	3.415000	34.288878
48.614252	3.416000	34.298919
48.607200	3.417000	34.308959
48.600147	3.418000	34.319000
48.593094	3.419000	34.329041
48.586040	3.420000	34.339081
48.578985	3.421000	34.349122
48.571930	3.422000	34.359163
48.564875	3.423000	34.369203
48.557819	3.424000	34.379244
48.550762	3.425000	34.389285
48.543704	3.426000	34.399325
48.536646	3.427000	34.409366
48.529588	3.428000	34.419407
48.522529	3.429000	34.429447
48.515469	3.430000	34.439488
48.508409	3.431000	34.449529
48.501348	3.432000	34.459569
48.494286	3.433000	34.469610
48.487224	3.434000	34.479651
48.480161	3.435000	34.489691
48.473098	3.436000	34.499732
48.466034	3.437000	34.509773
48.458970	3.438000	34.519813
48.451905	3.439000	34.529854
48.444839	3.440000	34.539895
48.437773	3.441000	34.549935
48.430706	3.442000	34.559976
48.423639	3.443000	34.570017
48.416571	3.444000	34.580057
48.409502	3.445000	34.590098
48.402433	3.446000	34.600139
48.395363	3.447000	34.610179
48.388293	3.448000	34.620220
48.381222	3.449000	34.630261
48.374150	3.450000	34.640301
48.367078	3.451000	34.650342
48.360005	3.452000	34.660383
48.352932	3.453000	34.670423
48.345858	3.454000	34.680464
48.338783	3.455000	34.690505
48.331708	3.456000	34.700545
48.324632	3.457000	34.710586
48.317556	3.458000	34.720627
48.310479	3.459000	34.730667
48.303402	3.460000	34.740708
48.296324	3.461000	34.750749
48.289245	3.462000	34.760789
48.282165	3.463000	34.770830
48.275086	3.464000	34.780871
48.268005	3.465000	34.790911
48.260924	3.466000	34.800952
48.253842	3.467000	34.810993
48.246760	3.468000	34.821033
48.239677	3.469000	34.831074
48.232594	3.470000	34.841115
48.225510	3.471000	34.851155
48.218425	3.472000	34.861196
48.211340	3.473000	34.871237
48.204254	3.474000	34.881277
48.197167	3.475000	34.891318
48.190080	3.476000	34.901359
48.182993	3.477000	34.911399
48.175904	3.478000	34.921440
48.168816	3.479000	34.931481
48.161726	3.480000	34.941521
48.154636	3.481000	34.951562
48.147545	3.482000	34.961603
48.140454	3.483000	34.971643
48.133362	3.484000	34.981684
48.126270	3.485000	34.991725
48.119177	3.486000	35.001765
48.112083	3.487000	35.011806
48.104989	3.488000	35.021847
48.097894	3.489000	35.031887
48.090799	3.490000	35.041928
48.083703	3.491000	35.051969
48.076606	3.492000	35.062009
48.069509	3.493000	35.072050
48.062411	3.494000	35.082091
48.055313	3.495000	35.092131
48.048214	3.496000	35.102172
48.041114	3.497000	35.112213
48.034014	3.498000	35.122253
48.026913	3.499000	35.132294
48.019811	3.500000	35.142335
48.012709	3.501000	35.152375
48.005607	3.502000	35.162416
47.998503	3.503000	35.172457
47.991400	3.504000	35.182497
47.984295	3.505000	35.192538
47.977190	3.506000	35.202579
47.970085	3.507000	35.212619
47.962978	3.508000	35.222660
47.955871	3.509000	35.232701
47.948764	3.510000	35.242742
47.941656	3.511000	35.252782
47.934547	3.512000	35.262823
47.927438	3.513000	35.272864
47.920328	3.514000	35.282904
47.913218	3.515000	35.292945
47.906107	3.516000	35.302986
47.898995	3.517000	35.313026
47.891883	3.518000	35.323067
47.884770	3.519000	35.333108
47.877656	3.520000	35.343148
47.870542	3.521000	35.353189
47.863427	3.522000	35.363230
47.856312	3.523000	35.373270
47.849196	3.524000	35.383311
47.842080	3.525000	35.393352
47.834963	3.526000	35.403392
47.827845	3.527000	35.413433
47.820727	3.528000	35.423474
47.813608	3.529000	35.433514
47.806488	3.530000	35.443555
47.799368	3.531000	35.453596
47.792247	3.532000	35.463636
47.785126	3.533000	35.473677
47.778004	3.534000	35.483718
47.770881	3.535000	35.493758
47.763758	3.536000	35.503799
47.756634	3.537000	35.513840
47.749510	3.538000	35.523880
47.742385	3.539000	35.533921
47.735259	3.540000	35.543962
47.728133	3.541000	35.554002
47.721006	3.542000	35.564043
47.713879	3.543000	35.574084
47.706751	3.544000	35.584124
47.699622	3.545000	35.594165
47.692493	3.546000	35.604206
47.685363	3.547000	35.614246
47.678233	3.548000	35.624287
47.671102	3.549000	35.634328
47.663970	3.550000	35.644368
47.656838	3.551000	35.654409
47.649705	3.552000	35.664450
47.642571	3.553000	35.674490
47.635437	3.554000	35.684531
47.628302	3.555000	35.694572
47.621167	3.556000	35.704612
47.614031	3.557000	35.714653
47.606895	3.558000	35.724694
47.599758	3.559000	35.734734
47.592620	3.560000	35.744775
47.585481	3.561000	35.754816
47.578342	3.562000	35.764856
47.571203	3.563000	35.774897
47.564063	3.564000	35.784938
47.556922	3.565000	35.794978
47.549780	3.566000	35.805019
47.542638	3.567000	35.815060
47.535496	3.568000	35.825100
47.528352	3.569000	35.835141
47.521208	3.570000	35.845182
47.514064	3.571000	35.855222
47.506919	3.572000	35.865263
47.499773	3.573000	35.875304
47.492627	3.574000	35.885344
47.485480	3.575000	35.895385
47.478332	3.576000	35.905426
47.471184	3.577000	35.915466
47.464035	3.578000	35.925507
47.456886	3.579000	35.935548
47.449736	3.580000	35.945588
47.442585	3.581000	35.955629
47.435434	3.582000	35.965670
47.428282	3.583000	35.975710
47.421130	3.584000	35.985751
47.413977	3.585000	35.995792
47.406823	3.586000	36.005832
47.399669	3.587000	36.015873
47.392514	3.588000	36.025914
47.385358	3.589000	36.035954
47.378202	3.590000	36.045995
47.371045	3.591000	36.056036
47.363888	3.592000	36.066076
47.356730	3.593000	36.076117
47.349571	3.594000	36.086158
47.342412	3.595000	36.096198
47.335252	3.596000	36.106239
47.328092	3.597000	36.116280
47.320931	3.598000	36.126320
47.313769	3.599000	36.136361
47.306607	3.600000	36.146402
47.299444	3.601000	36.156442
47.292280	3.602000	36.166483
47.285116	3.603000	36.176524
47.277951	3.604000	36.186564
47.270786	3.605000	36.196605
47.263620	3.606000	36.206646
47.256453	3.607000	36.216686
47.249286	3.608000	36.226727
47.242118	3.609000	36.236768
47.234949	3.610000	36.246808
47.227780	3.611000	36.256849
47.220611	3.612000	36.266890
47.213440	3.613000	36.276930
47.206269	3.614000	36.286971
47.199098	3.615000	36.297012
47.191926	3.616000	36.307052
47.184753	3.617000	36.317093
47.177579	3.618000	36.327134
47.170405	3.619000	36.337174
47.163231	3.620000	36.347215
47.156055	3.621000	36.357256
47.148879	3.622000	36.367296
47.141703	3.623000	36.377337
47.134526	3.624000	36.387378
47.127348	3.625000	36.397418
47.120169	3.626000	36.407459
47.112990	3.627000	36.417500
47.105811	3.628000	36.427540
47.098631	3.629000	36.437581
47.091450	3.630000	36.447622
47.084268	3.631000	36.457662
47.077086	3.632000	36.467703
47.069903	3.633000	36.477744
47.062720	3.634000	36.487784
47.055536	3.635000	36.497825
47.048351	3.636000	36.507866
47.041166	3.637000	36.517906
47.033980	3.638000	36.527947
47.026794	3.639000	36.537988
47.019607	3.640000	36.548028
47.012419	3.641000	36.558069
47.005231	3.642000	36.568110
46.998042	3.643000	36.578150
46.990852	3.644000	36.588191
46.983662	3.645000	36.598232
46.976471	3.646000	36.608272
46.969279	3.647000	36.618313
46.962087	3.648000	36.628354
46.954895	3.649000	36.638394
46.947701	3.650000	36.648435
46.940507	3.651000	36.658476
46.933313	3.652000	36.668516
46.926117	3.653000	36.678557
46.918922	3.654000	36.688598
46.911725	3.655000	36.698638
46.904528	3.656000	36.708679
46.897330	3.657000	36.718720
46.890132	3.658000	36.728760
46.882933	3.659000	36.738801
46.875733	3.660000	36.748842
46.868533	3.661000	36.758882
46.861332	3.662000	36.768923
46.854131	3.663000	36.778964
46.846929	3.664000	36.789004
46.839726	3.665000	36.799045
46.832523	3.666000	36.809086
46.825319	3.667000	36.819126
46.818114	3.668000	36.829167
46.810909	3.669000	36.839208
46.803703	3.670000	36.849248
46.796496	3.671000	36.859289
46.789289	3.672000	36.869330
46.782081	3.673000	36.879370
46.774873	3.674000	36.889411
46.767664	3.675000	36.899452
46.760454	3.676000	36.909492
46.753244	3.677000	36.919533
46.746033	3.678000	36.929574
46.738822	3.679000	36.939614
46.731610	3.680000	36.949655
46.724397	3.681000	36.959696
46.717183	3.682000	36.969736
46.709969	3.683000	36.979777
46.702755	3.684000	36.989818
46.695539	3.685000	36.999858
46.688323	3.686000	37.009899
46.681107	3.687000	37.019940
46.673890	3.688000	37.029980
46.666672	3.689000	37.040021
46.659453	3.690000	37.050062
46.652234	3.691000	37.060102
46.645014	3.692000	37.070143
46.637794	3.693000	37.080184
46.630573	3.694000	37.090224
46.623351	3.695000	37.100265
46.616129	3.696000	37.110306
46.608906	3.697000	37.120346
46.601683	3.698000	37.130387
46.594459	3.699000	37.140428
46.587234	3.700000	37.150468
46.580008	3.701000	37.160509
46.572782	3.702000	37.170550
46.565556	3.703000	37.180590
46.558328	3.704000	37.190631
46.551100	3.705000	37.200672
46.543872	3.706000	37.210712
46.536643	3.707000	37.220753
46.529413	3.708000	37.230794
46.522182	3.709000	37.240834
46.514951	3.710000	37.250875
46.507719	3.711000	37.260916
46.500487	3.712000	37.270956
46.493254	3.713000	37.280997
46.486020	3.714000	37.291038
46.478786	3.715000	37.301078
46.471551	3.716000	37.311119
46.464315	3.717000	37.321160
46.457079	3.718000	37.331200
46.449842	3.719000	37.341241
46.442605	3.720000	37.351282
46.435367	3.721000	37.361322
46.428128	3.722000	37.371363
46.420889	3.723000	37.381404
46.413649	3.724000	37.391444
46.406408	3.725000	37.401485
46.399167	3.726000	37.411526
46.391925	3.727000	37.421566
46.384682	3.728000	37.431607
46.377439	3.729000	37.441648
46.370195	3.730000	37.451688
46.362950	3.731000	37.461729
46.355705	3.732000	37.471770
46.348460	3.733000	37.481810
46.341213	3.734000	37.491851
46.333966	3.735000	37.501892
46.326718	3.736000	37.511932
46.319470	3.737000	37.521973
46.312221	3.738000	37.532014
46.304971	3.739000	37.542054
46.297721	3.740000	37.552095
46.290470	3.741000	37.562136
46.283219	3.742000	37.572176
46.275967	3.743000	37.582217
46.268714	3.744000	37.592258
46.261460	3.745000	37.602298
46.254206	3.746000	37.612339
46.246952	3.747000	37.622380
46.239696	3.748000	37.632420
46.232440	3.749000	37.642461
46.225184	3.750000	37.652502
46.217926	3.751000	37.662542
46.210668	3.752000	37.672583
46.203410	3.753000	37.682624
46.196151	3.754000	37.692664
46.188891	3.755000	37.702705
46.181630	3.756000	37.712746
46.174369	3.757000	37.722786
46.167107	3.758000	37.732827
46.159845	3.759000	37.742868
46.152582	3.760000	37.752908
46.145318	3.761000	37.762949
46.138054	3.762000	37.772990
46.130789	3.763000	37.783030
46.123523	3.764000	37.793071
46.116257	3.765000	37.803112
46.108990	3.766000	37.813152
46.101722	3.767000	37.823193
46.094454	3.768000	37.833234
46.087185	3.769000	37.843274
46.079916	3.770000	37.853315
46.072645	3.771000	37.863356
46.065375	3.772000	37.873396
46.058103	3.773000	37.883437
46.050831	3.774000	37.893478
46.043558	3.775000	37.903518
46.036285	3.776000	37.913559
46.029011	3.777000	37.923600
46.021736	3.778000	37.933640
46.014461	3.779000	37.943681
46.007185	3.780000	37.953722
45.999908	3.781000	37.963762
45.992631	3.782000	37.973803
45.985353	3.783000	37.983844
45.978075	3.784000	37.993884
45.970795	3.785000	38.003925
45.963516	3.786000	38.013966
45.956235	3.787000	38.024006
45.948954	3.788000	38.034047
45.941672	3.789000	38.044088
45.934390	3.790000	38.054128
45.927107	3.791000	38.064169
45.919823	3.792000	38.074210
45.912538	3.793000	38.084250
45.905253	3.794000	38.094291
45.897968	3.795000	38.104332
45.890681	3.796000	38.114372
45.883394	3.797000	38.124413
45.876107	3.798000	38.134454
45.868818	3.799000	38.144494
45.861529	3.800000	38.154535
45.854240	3.801000	38.164576
45.846950	3.802000	38.174616
45.839659	3.803000	38.184657
45.832367	3.804000	38.194698
45.825075	3.805000	38.204738
45.817782	3.806000	38.214779
45.810489	3.807000	38.224820
45.803194	3.808000	38.234860
45.795900	3.809000	38.244901
45.788604	3.810000	38.254942
45.781308	3.811000	38.264982
45.774011	3.812000	38.275023
45.766714	3.813000	38.285064
45.759416	3.814000	38.295104
45.752117	3.815000	38.305145
45.744818	3.816000	38.315186
45.737518	3.817000	38.325226
45.730217	3.818000	38.335267
45.722916	3.819000	38.345308
45.715614	3.820000	38.355348
45.708311	3.821000	38.365389
45.701008	3.822000	38.375430
45.693704	3.823000	38.385470
45.686399	3.824000	38.395511
45.679094	3.825000	38.405552
45.671788	3.826000	38.415592
45.664482	3.827000	38.425633
45.657174	3.828000	38.435674
45.649867	3.829000	38.445714
45.642558	3.830000	38.455755
45.635249	3.831000	38.465796
45.627939	3.832000	38.475836
45.620629	3.833000	38.485877
45.613317	3.834000	38.495918
45.606006	3.835000	38.505958
45.598693	3.836000	38.515999
45.591380	3.837000	38.526040
45.584066	3.838000	38.536080
45.576752	3.839000	38.546121
45.569437	3.840000	38.556162
45.562121	3.841000	38.566202
45.554805	3.842000	38.576243
45.547488	3.843000	38.586284
45.540170	3.844000	38.596324
45.532851	3.845000	38.606365
45.525532	3.846000	38.616406
45.518213	3.847000	38.626446
45.510892	3.848000	38.636487
45.503571	3.849000	38.646528
45.496250	3.850000	38.656568
45.488927	3.851000	38.666609
45.481604	3.852000	38.676650
45.474281	3.853000	38.686690
45.466956	3.854000	38.696731
45.459632	3.855000	38.706772
45.452306	3.856000	38.716812
45.444980	3.857000	38.726853
45.437653	3.858000	38.736894
45.430325	3.859000	38.746934
45.422997	3.860000	38.756975
45.415668	3.861000	38.767016
45.408338	3.862000	38.777056
45.401008	3.863000	38.787097
45.393677	3.864000	38.797138
45.386346	3.865000	38.807178
45.379013	3.866000	38.817219
45.371680	3.867000	38.827260
45.364347	3.868000	38.837300
45.357013	3.869000	38.847341
45.349678	3.870000	38.857382
45.342342	3.871000	38.867422
45.335006	3.872000	38.877463
45.327669	3.873000	38.887504
45.320332	3.874000	38.897544
45.312993	3.875000	38.907585
45.305655	3.876000	38.917626
45.298315	3.877000	38.927666
45.290975	3.878000	38.937707
45.283634	3.879000	38.947748
45.276292	3.880000	38.957788
45.268950	3.881000	38.967829
45.261607	3.882000	38.977870
45.254264	3.883000	38.987910
45.246920	3.884000	38.997951
45.239575	3.885000	39.007992
45.232229	3.886000	39.018032
45.224883	3.887000	39.028073
45.217536	3.888000	39.038114
45.210189	3.889000	39.048154
45.202841	3.890000	39.058195
45.195492	3.891000	39.068236
45.188142	3.892000	39.078276
45.180792	3.893000	39.088317
45.173441	3.894000	39.098358
45.166090	3.895000	39.108398
45.158738	3.896000	39.118439
45.151385	3.897000	39.128480
45.144031	3.898000	39.138520
45.136677	3.899000	39.148561
45.129322	3.900000	39.158602
45.121967	3.901000	39.168642
45.114611	3.902000	39.178683
45.107254	3.903000	39.188724
45.099896	3.904000	39.198764
45.092538	3.905000	39.208805
45.085179	3.906000	39.218846
45.077820	3.907000	39.228886
45.070460	3.908000	39.238927
45.063099	3.909000	39.248968
45.055737	3.910000	39.259008
45.048375	3.911000	39.269049
45.041012	3.912000	39.279090
45.033649	3.913000	39.289130
45.026284	3.914000	39.299171
45.018920	3.915000	39.309212
45.011554	3.916000	39.319252
45.004188	3.917000	39.329293
44.996821	3.918000	39.339334
44.989453	3.919000	39.349374
44.982085	3.920000	39.359415
44.974716	3.921000	39.369456
44.967347	3.922000	39.379496
44.959976	3.923000	39.389537
44.952605	3.924000	39.399578
44.945234	3.925000	39.409618
44.937862	3.926000	39.419659
44.930489	3.927000	39.429700
44.923115	3.928000	39.439740
44.915741	3.929000	39.449781
44.908366	3.930000	39.459822
44.900990	3.931000	39.469862
44.893614	3.932000	39.479903
44.886237	3.933000	39.489944
44.878859	3.934000	39.499984
44.871481	3.935000	39.510025
44.864102	3.936000	39.520066
44.856722	3.937000	39.530106
44.849342	3.938000	39.540147
44.841961	3.939000	39.550188
44.834579	3.940000	39.560228
44.827197	3.941000	39.570269
44.819814	3.942000	39.580310
44.812430	3.943000	39.590350
44.805045	3.944000	39.600391
44.797660	3.945000	39.610432
44.790275	3.946000	39.620472
44.782888	3.947000	39.630513
44.775501	3.948000	39.640554
44.768113	3.949000	39.650594
44.760725	3.950000	39.660635
44.753336	3.951000	39.670676
44.745946	3.952000	39.680716
44.738555	3.953000	39.690757
44.731164	3.954000	39.700798
44.723772	3.955000	39.710838
44.716380	3.956000	39.720879
44.708987	3.957000	39.730920
44.701593	3.958000	39.740960
44.694198	3.959000	39.751001
44.686803	3.960000	39.761042
44.679407	3.961000	39.771082
44.672010	3.962000	39.781123
44.664613	3.963000	39.791164
44.657215	3.964000	39.801204
44.649816	3.965000	39.811245
44.642417	3.966000	39.821286
44.635017	3.967000	39.831326
44.627616	3.968000	39.841367
44.620215	3.969000	39.851408
44.612813	3.970000	39.861448
44.605410	3.971000	39.871489
44.598007	3.972000	39.881530
44.590603	3.973000	39.891570
44.583198	3.974000	39.901611
44.575792	3.975000	39.911652
44.568386	3.976000	39.921692
44.560979	3.977000	39.931733
44.553572	3.978000	39.941774
44.546164	3.979000	39.951814
44.538755	3.980000	39.961855
44.531345	3.981000	39.971896
44.523935	3.982000	39.981936
44.516524	3.983000	39.991977
44.509113	3.984000	40.002018
44.501700	3.985000	40.012058
44.494287	3.986000	40.022099
44.486874	3.987000	40.032140
44.479459	3.988000	40.042180
44.472044	3.989000	40.052221
44.464629	3.990000	40.062262
44.457212	3.991000	40.072302
44.449795	3.992000	40.082343
44.442377	3.993000	40.092384
44.434959	3.994000	40.102424
44.427540	3.995000	40.112465
44.420120	3.996000	40.122506
44.412699	3.997000	40.132546
44.405278	3.998000	40.142587
44.397856	3.999000	40.152628
44.390434	4.000000	40.162668
44.383010	4.001000	40.172709
44.375587	4.002000	40.182750
44.368162	4.003000	40.192790
44.360737	4.004000	40.202831
44.353311	4.005000	40.212872
44.345884	4.006000	40.222912
44.338456	4.007000	40.232953
44.331028	4.008000	40.242994
44.323600	4.009000	40.253034
44.316170	4.010000	40.263075
44.308740	4.011000	40.273116
44.301309	4.012000	40.283156
44.293878	4.013000	40.293197
44.286446	4.014000	40.303238
44.279013	4.015000	40.313278
44.271579	4.016000	40.323319
44.264145	4.017000	40.333360
44.256710	4.018000	40.343400
44.249274	4.019000	40.353441
44.241838	4.020000	40.363482
44.234401	4.021000	40.373522
44.226963	4.022000	40.383563
44.219525	4.023000	40.393604
44.212086	4.024000	40.403644
44.204646	4.025000	40.413685
44.197205	4.026000	40.423726
44.189764	4.027000	40.433766
44.182322	4.028000	40.443807
44.174880	4.029000	40.453848
44.167436	4.030000	40.463888
44.159992	4.031000	40.473929
44.152548	4.032000	40.483970
44.145102	4.033000	40.494010
44.137656	4.034000	40.504051
44.130210	4.035000	40.514092
44.122762	4.036000	40.524132
44.115314	4.037000	40.534173
44.107865	4.038000	40.544214
44.100416	4.039000	40.554254
44.092966	4.040000	40.564295
44.085515	4.041000	40.574336
44.078063	4.042000	40.584376
44.070611	4.043000	40.594417
44.063158	4.044000	40.604458
44.055704	4.045000	40.614498
44.048250	4.046000	40.624539
44.040795	4.047000	40.634580
44.033339	4.048000	40.644620
44.025883	4.049000	40.654661
44.018426	4.050000	40.664702
44.010968	4.051000	40.674742
44.003509	4.052000	40.684783
43.996050	4.053000	40.694824
43.988590	4.054000	40.704864
43.981129	4.055000	40.714905
43.973668	4.056000	40.724946
43.966206	4.057000	40.734986
43.958743	4.058000	40.745027
43.951280	4.059000	40.755068
43.943816	4.060000	40.765108
43.936351	4.061000	40.775149
43.928885	4.062000	40.785190
43.921419	4.063000	40.795230
43.913952	4.064000	40.805271
43.906485	4.065000	40.815312
43.899016	4.066000	40.825352
43.891547	4.067000	40.835393
43.884078	4.068000	40.845434
43.876607	4.069000	40.855474
43.869136	4.070000	40.865515
43.861664	4.071000	40.875556
43.854192	4.072000	40.885596
43.846719	4.073000	40.895637
43.839245	4.074000	40.905678
43.831770	4.075000	40.915718
43.824295	4.076000	40.925759
43.816819	4.077000	40.935800
43.809342	4.078000	40.945840
43.801864	4.079000	40.955881
43.794386	4.080000	40.965922
43.786908	4.081000	40.975962
43.779428	4.082000	40.986003
43.771948	4.083000	40.996044
43.764467	4.084000	41.006084
43.756985	4.085000	41.016125
43.749503	4.086000	41.026166
43.742020	4.087000	41.036206
43.734536	4.088000	41.046247
43.727052	4.089000	41.056288
43.719566	4.090000	41.066328
43.712081	4.091000	41.076369
43.704594	4.092000	41.086410
43.697107	4.093000	41.096450
43.689619	4.094000	41.106491
43.682130	4.095000	41.116532
43.674641	4.096000	41.126572
43.667150	4.097000	41.136613
43.659660	4.098000	41.146654
43.652168	4.099000	41.156694
43.644676	4.100000	41.166735
43.637183	4.101000	41.176776
43.629689	4.102000	41.186816
43.622195	4.103000	41.196857
43.614700	4.104000	41.206898
43.607204	4.105000	41.216938
43.599708	4.106000	41.226979
43.592211	4.107000	41.237020
43.584713	4.108000	41.247060
43.577214	4.109000	41.257101
43.569715	4.110000	41.267142
43.562215	4.111000	41.277182
43.554714	4.112000	41.287223
43.547213	4.113000	41.297264
43.539711	4.114000	41.307304
43.532208	4.115000	41.317345
43.524704	4.116000	41.327386
43.517200	4.117000	41.337426
43.509695	4.118000	41.347467
43.502189	4.119000	41.357508
43.494683	4.120000	41.367548
43.487176	4.121000	41.377589
43.479668	4.122000	41.387630
43.472160	4.123000	41.397670
43.464650	4.124000	41.407711
43.457140	4.125000	41.417752
43.449630	4.126000	41.427792
43.442118	4.127000	41.437833
43.434606	4.128000	41.447874
43.427094	4.129000	41.457914
43.419580	4.130000	41.467955
43.412066	4.131000	41.477996
43.404551	4.132000	41.488036
43.397035	4.133000	41.498077
43.389519	4.134000	41.508118
43.382002	4.135000	41.518158
43.374484	4.136000	41.528199
43.366966	4.137000	41.538240
43.359446	4.138000	41.548280
43.351926	4.139000	41.558321
43.344406	4.140000	41.568362
43.336884	4.141000	41.578402
43.329362	4.142000	41.588443
43.321840	4.143000	41.598484
43.314316	4.144000	41.608524
43.306792	4.145000	41.618565
43.299267	4.146000	41.628606
43.291741	4.147000	41.638646
43.284215	4.148000	41.648687
43.276688	4.149000	41.658728
43.269160	4.150000	41.668768
43.261632	4.151000	41.678809
43.254102	4.152000	41.688850
43.246572	4.153000	41.698890
43.239042	4.154000	41.708931
43.231510	4.155000	41.718972
43.223978	4.156000	41.729012
43.216446	4.157000	41.739053
43.208912	4.158000	41.749094
43.201378	4.159000	41.759134
43.193843	4.160000	41.769175
43.186307	4.161000	41.779216
43.178771	4.162000	41.789256
43.171234	4.163000	41.799297
43.163696	4.164000	41.809338
43.156157	4.165000	41.819378
43.148618	4.166000	41.829419
43.141078	4.167000	41.839460
43.133537	4.168000	41.849500
43.125996	4.169000	41.859541
43.118454	4.170000	41.869582
43.110911	4.171000	41.879622
43.103367	4.172000	41.889663
43.095823	4.173000	41.899704
43.088278	4.174000	41.909744
43.080732	4.175000	41.919785
43.073186	4.176000	41.929826
43.065638	4.177000	41.939866
43.058090	4.178000	41.949907
43.050542	4.179000	41.959948
43.042992	4.180000	41.969988
43.035442	4.181000	41.980029
43.027891	4.182000	41.990070
43.020340	4.183000	42.000110
43.012788	4.184000	42.010151
43.005235	4.185000	42.020192
42.997681	4.186000	42.030232
42.990126	4.187000	42.040273
42.982571	4.188000	42.050314
42.975015	4.189000	42.060354
42.967459	4.190000	42.070395
42.959901	4.191000	42.080436
42.952343	4.192000	42.090476
42.944785	4.193000	42.100517
42.937225	4.194000	42.110558
42.929665	4.195000	42.120598
42.922104	4.196000	42.130639
42.914542	4.197000	42.140680
42.906980	4.198000	42.150720
42.899417	4.199000	42.160761
42.891853	4.200000	42.170802
42.884288	4.201000	42.180842
42.876723	4.202000	42.190883
42.869157	4.203000	42.200924
42.861590	4.204000	42.210964
42.854022	4.205000	42.221005
42.846454	4.206000	42.231046
42.838885	4.207000	42.241086
42.831315	4.208000	42.251127
42.823745	4.209000	42.261168
42.816174	4.210000	42.271208
42.808602	4.211000	42.281249
42.801029	4.212000	42.291290
42.793456	4.213000	42.301330
42.785882	4.214000	42.311371
42.778307	4.215000	42.321412
42.770732	4.216000	42.331452
42.763155	4.217000	42.341493
42.755578	4.218000	42.351534
42.748001	4.219000	42.361574
42.740422	4.220000	42.371615
42.732843	4.221000	42.381656
42.725263	4.222000	42.391696
42.717682	4.223000	42.401737
42.710101	4.224000	42.411778
42.702519	4.225000	42.421818
42.694936	4.226000	42.431859
42.687353	4.227000	42.441900
42.679768	4.228000	42.451940
42.672183	4.229000	42.461981
42.664597	4.230000	42.472022
42.657011	4.231000	42.482062
42.649424	4.232000	42.492103
42.641836	4.233000	42.502144
42.634247	4.234000	42.512184
42.626657	4.235000	42.522225
42.619067	4.236000	42.532266
42.611476	4.237000	42.542306
42.603885	4.238000	42.552347
42.596292	4.239000	42.562388
42.588699	4.240000	42.572428
42.581105	4.241000	42.582469
42.573511	4.242000	42.592510
42.565915	4.243000	42.602550
42.558319	4.244000	42.612591
42.550723	4.245000	42.622632
42.543125	4.246000	42.632672
42.535527	4.247000	42.642713
42.527928	4.248000	42.652754
42.520328	4.249000	42.662794
42.512727	4.250000	42.672835
42.505126	4.251000	42.682876
42.497524	4.252000	42.692916
42.489922	4.253000	42.702957
42.482318	4.254000	42.712998
42.474714	4.255000	42.723038
42.467109	4.256000	42.733079
42.459503	4.257000	42.743120
42.451897	4.258000	42.753160
42.444290	4.259000	42.763201
42.436682	4.260000	42.773242
42.429073	4.261000	42.783282
42.421464	4.262000	42.793323
42.413854	4.263000	42.803364
42.406243	4.264000	42.813404
42.398631	4.265000	42.823445
42.391019	4.266000	42.833486
42.383406	4.267000	42.843526
42.375792	4.268000	42.853567
42.368178	4.269000	42.863608
42.360562	4.270000	42.873648
42.352946	4.271000	42.883689
42.345330	4.272000	42.893730
42.337712	4.273000	42.903770
42.330094	4.274000	42.913811
42.322475	4.275000	42.923852
42.314855	4.276000	42.933892
42.307235	4.277000	42.943933
42.299613	4.278000	42.953974
42.291991	4.279000	42.964014
42.284369	4.280000	42.974055
42.276745	4.281000	42.984096
42.269121	4.282000	42.994136
42.261496	4.283000	43.004177
42.253870	4.284000	43.014218
42.246244	4.285000	43.024258
42.238617	4.286000	43.034299
42.230989	4.287000	43.044340
42.223360	4.288000	43.054381
42.215731	4.289000	43.064421
42.208101	4.290000	43.074462
42.200470	4.291000	43.084503
42.192838	4.292000	43.094543
42.185206	4.293000	43.104584
42.177572	4.294000	43.114625
42.169938	4.295000	43.124665
42.162304	4.296000	43.134706
42.154668	4.297000	43.144747
42.147032	4.298000	43.154787
42.139395	4.299000	43.164828
42.131758	4.300000	43.174869
42.124119	4.301000	43.184909
42.116480	4.302000	43.194950
42.108840	4.303000	43.204991
42.101200	4.304000	43.215031
42.093558	4.305000	43.225072
42.085916	4.306000	43.235113
42.078273	4.307000	43.245153
42.070630	4.308000	43.255194
42.062985	4.309000	43.265235
42.055340	4.310000	43.275275
42.047694	4.311000	43.285316
42.040047	4.312000	43.295357
42.032400	4.313000	43.305397
42.024752	4.314000	43.315438
42.017103	4.315000	43.325479
42.009453	4.316000	43.335519
42.001803	4.317000	43.345560
41.994152	4.318000	43.355601
41.986500	4.319000	43.365641
41.978847	4.320000	43.375682
41.971194	4.321000	43.385723
41.963540	4.322000	43.395763
41.955885	4.323000	43.405804
41.948229	4.324000	43.415845
41.940573	4.325000	43.425885
41.932915	4.326000	43.435926
41.925258	4.327000	43.445967
41.917599	4.328000	43.456007
41.909939	4.329000	43.466048
41.902279	4.330000	43.476089
41.894618	4.331000	43.486129
41.886956	4.332000	43.496170
41.879294	4.333000	43.506211
41.871631	4.334000	43.516251
41.863967	4.335000	43.526292
41.856302	4.336000	43.536333
41.848637	4.337000	43.546373
41.840970	4.338000	43.556414
41.833303	4.339000	43.566455
41.825636	4.340000	43.576495
41.817967	4.341000	43.586536
41.810298	4.342000	43.596577
41.802628	4.343000	43.606617
41.794957	4.344000	43.616658
41.787285	4.345000	43.626699
41.779613	4.346000	43.636739
41.771940	4.347000	43.646780
41.764266	4.348000	43.656821
41.756591	4.349000	43.666861
41.748916	4.350000	43.676902
41.741240	4.351000	43.686943
41.733563	4.352000	43.696983
41.725885	4.353000	43.707024
41.718207	4.354000	43.717065
41.710528	4.355000	43.727105
41.702848	4.356000	43.737146
41.695167	4.357000	43.747187
41.687486	4.358000	43.757227
41.679804	4.359000	43.767268
41.672121	4.360000	43.777309
41.664437	4.361000	43.787349
41.656752	4.362000	43.797390
41.649067	4.363000	43.807431
41.641381	4.364000	43.817471
41.633694	4.365000	43.827512
41.626007	4.366000	43.837553
41.618319	4.367000	43.847593
41.610630	4.368000	43.857634
41.602940	4.369000	43.867675
41.595249	4.370000	43.877715
41.587558	4.371000	43.887756
41.579866	4.372000	43.897797
41.572173	4.373000	43.907837
41.564479	4.374000	43.917878
41.556785	4.375000	43.927919
41.549089	4.376000	43.937959
41.541393	4.377000	43.948000
41.533697	4.378000	43.958041
41.525999	4.379000	43.968081
41.518301	4.380000	43.978122
41.510602	4.381000	43.988163
41.502902	4.382000	43.998203
41.495202	4.383000	44.008244
41.487500	4.384000	44.018285
41.479798	4.385000	44.028325
41.472095	4.386000	44.038366
41.464392	4.387000	44.048407
41.456687	4.388000	44.058447
41.448982	4.389000	44.068488
41.441276	4.390000	44.078529
41.433570	4.391000	44.088569
41.425862	4.392000	44.098610
41.418154	4.393000	44.108651
41.410445	4.394000	44.118691
41.402735	4.395000	44.128732
41.395024	4.396000	44.138773
41.387313	4.397000	44.148813
41.379601	4.398000	44.158854
41.371888	4.399000	44.168895
41.364175	4.400000	44.178935
41.356460	4.401000	44.188976
41.348745	4.402000	44.199017
41.341029	4.403000	44.209057
41.333312	4.404000	44.219098
41.325595	4.405000	44.229139
41.317877	4.406000	44.239179
41.310157	4.407000	44.249220
41.302438	4.408000	44.259261
41.294717	4.409000	44.269301
41.286996	4.410000	44.279342
41.279274	4.411000	44.289383
41.271551	4.412000	44.299423
41.263827	4.413000	44.309464
41.256103	4.414000	44.319505
41.248377	4.415000	44.329545
41.240651	4.416000	44.339586
41.232924	4.417000	44.349627
41.225197	4.418000	44.359667
41.217469	4.419000	44.369708
41.209739	4.420000	44.379749
41.202010	4.421000	44.389789
41.194279	4.422000	44.399830
41.186547	4.423000	44.409871
41.178815	4.424000	44.419911
41.171082	4.425000	44.429952
41.163349	4.426000	44.439993
41.155614	4.427000	44.450033
41.147879	4.428000	44.460074
41.140143	4.429000	44.470115
41.132406	4.430000	44.480155
41.124668	4.431000	44.490196
41.116930	4.432000	44.500237
41.109190	4.433000	44.510277
41.101450	4.434000	44.520318
41.093710	4.435000	44.530359
41.085968	4.436000	44.540399
41.078226	4.437000	44.550440
41.070483	4.438000	44.560481
41.062739	4.439000	44.570521
41.054994	4.440000	44.580562
41.047249	4.441000	44.590603
41.039502	4.442000	44.600643
41.031755	4.443000	44.610684
41.024007	4.444000	44.620725
41.016259	4.445000	44.630765
41.008509	4.446000	44.640806
41.000759	4.447000	44.650847
40.993008	4.448000	44.660887
40.985257	4.449000	44.670928
40.977504	4.450000	44.680969
40.969751	4.451000	44.691009
40.961997	4.452000	44.701050
40.954242	4.453000	44.711091
40.946486	4.454000	44.721131
40.938730	4.455000	44.731172
40.930973	4.456000	44.741213
40.923215	4.457000	44.751253
40.915456	4.458000	44.761294
40.907696	4.459000	44.771335
40.899936	4.460000	44.781375
40.892175	4.461000	44.791416
40.884413	4.462000	44.801457
40.876650	4.463000	44.811497
40.868887	4.464000	44.821538
40.861123	4.465000	44.831579
40.853357	4.466000	44.841619
40.845592	4.467000	44.851660
40.837825	4.468000	44.861701
40.830058	4.469000	44.871741
40.822289	4.470000	44.881782
40.814520	4.471000	44.891823
40.806751	4.472000	44.901863
40.798980	4.473000	44.911904
40.791209	4.474000	44.921945
40.783436	4.475000	44.931985
40.775664	4.476000	44.942026
40.767890	4.477000	44.952067
40.760115	4.478000	44.962107
40.752340	4.479000	44.972148
40.744564	4.480000	44.982189
40.736787	4.481000	44.992229
40.729009	4.482000	45.002270
40.721231	4.483000	45.012311
40.713452	4.484000	45.022351
40.705671	4.485000	45.032392
40.697891	4.486000	45.042433
40.690109	4.487000	45.052473
40.682327	4.488000	45.062514
40.674543	4.489000	45.072555
40.666759	4.490000	45.082595
40.658975	4.491000	45.092636
40.651189	4.492000	45.102677
40.643403	4.493000	45.112717
40.635615	4.494000	45.122758
40.627827	4.495000	45.132799
40.620039	4.496000	45.142839
40.612249	4.497000	45.152880
40.604459	4.498000	45.162921
40.596667	4.499000	45.172961
40.588875	4.500000	45.183002
40.581083	4.501000	45.193043
40.573289	4.502000	45.203083
40.565495	4.503000	45.213124
40.557700	4.504000	45.223165
40.549904	4.505000	45.233205
40.542107	4.506000	45.243246
40.534309	4.507000	45.253287
40.526511	4.508000	45.263327
40.518712	4.509000	45.273368
40.510912	4.510000	45.283409
40.503111	4.511000	45.293449
40.495310	4.512000	45.303490
40.487507	4.513000	45.313531
40.479704	4.514000	45.323571
40.471900	4.515000	45.333612
40.464096	4.516000	45.343653
40.456290	4.517000	45.353693
40.448484	4.518000	45.363734
40.440677	4.519000	45.373775
40.432869	4.520000	45.383815
40.425060	4.521000	45.393856
40.417251	4.522000	45.403897
40.409440	4.523000	45.413937
40.401629	4.524000	45.423978
40.393817	4.525000	45.434019
40.386005	4.526000	45.444059
40.378191	4.527000	45.454100
40.370377	4.528000	45.464141
40.362562	4.529000	45.474181
40.354746	4.530000	45.484222
40.346929	4.531000	45.494263
40.339111	4.532000	45.504303
40.331293	4.533000	45.514344
40.323474	4.534000	45.524385
40.315654	4.535000	45.534425
40.307833	4.536000	45.544466
40.300012	4.537000	45.554507
40.292189	4.538000	45.564547
40.284366	4.539000	45.574588
40.276542	4.540000	45.584629
40.268717	4.541000	45.594669
40.260892	4.542000	45.604710
40.253065	4.543000	45.614751
40.245238	4.544000	45.624791
40.237410	4.545000	45.634832
40.229581	4.546000	45.644873
40.221752	4.547000	45.654913
40.213921	4.548000	45.664954
40.206090	4.549000	45.674995
40.198258	4.550000	45.685035
40.190425	4.551000	45.695076
40.182592	4.552000	45.705117
40.174757	4.553000	45.715157
40.166922	4.554000	45.725198
40.159086	4.555000	45.735239
40.151249	4.556000	45.745279
40.143411	4.557000	45.755320
40.135573	4.558000	45.765361
40.127733	4.559000	45.775401
40.119893	4.560000	45.785442
40.112052	4.561000	45.795483
40.104211	4.562000	45.805523
40.096368	4.563000	45.815564
40.088525	4.564000	45.825605
40.080680	4.565000	45.835645
40.072835	4.566000	45.845686
40.064990	4.567000	45.855727
40.057143	4.568000	45.865767
40.049296	4.569000	45.875808
40.041447	4.570000	45.885849
40.033598	4.571000	45.895889
40.025748	4.572000	45.905930
40.017898	4.573000	45.915971
40.010046	4.574000	45.926011
40.002194	4.575000	45.936052
39.994341	4.576000	45.946093
39.986487	4.577000	45.956133
39.978632	4.578000	45.966174
39.970776	4.579000	45.976215
39.962920	4.580000	45.986255
39.955063	4.581000	45.996296
39.947205	4.582000	46.006337
39.939346	4.583000	46.016377
39.931486	4.584000	46.026418
39.923626	4.585000	46.036459
39.915765	4.586000	46.046499
39.907903	4.587000	46.056540
39.900040	4.588000	46.066581
39.892176	4.589000	46.076621
39.884311	4.590000	46.086662
39.876446	4.591000	46.096703
39.868580	4.592000	46.106743
39.860713	4.593000	46.116784
39.852845	4.594000	46.126825
39.844976	4.595000	46.136865
39.837107	4.596000	46.146906
39.829237	4.597000	46.156947
39.821365	4.598000	46.166987
39.813494	4.599000	46.177028
39.805621	4.600000	46.187069
39.797747	4.601000	46.197109
39.789873	4.602000	46.207150
39.781998	4.603000	46.217191
39.774122	4.604000	46.227231
39.766245	4.605000	46.237272
39.758367	4.606000	46.247313
39.750489	4.607000	46.257353
39.742609	4.608000	46.267394
39.734729	4.609000	46.277435
39.726848	4.610000	46.287475
39.718966	4.611000	46.297516
39.711084	4.612000	46.307557
39.703200	4.613000	46.317597
39.695316	4.614000	46.327638
39.687431	4.615000	46.337679
39.679545	4.616000	46.347719
39.671658	4.617000	46.357760
39.663771	4.618000	46.367801
39.655882	4.619000	46.377841
39.647993	4.620000	46.387882
39.640103	4.621000	46.397923
39.632212	4.622000	46.407963
39.624321	4.623000	46.418004
39.616428	4.624000	46.428045
39.608535	4.625000	46.438085
39.600641	4.626000	46.448126
39.592746	4.627000	46.458167
39.584850	4.628000	46.468207
39.576953	4.629000	46.478248
39.569056	4.630000	46.488289
39.561157	4.631000	46.498329
39.553258	4.632000	46.508370
39.545358	4.633000	46.518411
39.537457	4.634000	46.528451
39.529556	4.635000	46.538492
39.521653	4.636000	46.548533
39.513750	4.637000	46.558573
39.505846	4.638000	46.568614
39.497941	4.639000	46.578655
39.490035	4.640000	46.588695
39.482129	4.641000	46.598736
39.474221	4.642000	46.608777
39.466313	4.643000	46.618817
39.458404	4.644000	46.628858
39.450494	4.645000	46.638899
39.442583	4.646000	46.648939
39.434671	4.647000	46.658980
39.426759	4.648000	46.669021
39.418846	4.649000	46.679061
39.410932	4.650000	46.689102
39.403017	4.651000	46.699143
39.395101	4.652000	46.709183
39.387184	4.653000	46.719224
39.379267	4.654000	46.729265
39.371349	4.655000	46.739305
39.363430	4.656000	46.749346
39.355510	4.657000	46.759387
39.347589	4.658000	46.769427
39.339667	4.659000	46.779468
39.331745	4.660000	46.789509
39.323821	4.661000	46.799549
39.315897	4.662000	46.809590
39.307972	4.663000	46.819631
39.300047	4.664000	46.829671
39.292120	4.665000	46.839712
39.284192	4.666000	46.849753
39.276264	4.667000	46.859793
39.268335	4.668000	46.869834
39.260405	4.669000	46.879875
39.252474	4.670000	46.889915
39.244542	4.671000	46.899956
39.236610	4.672000	46.909997
39.228677	4.673000	46.920037
39.220742	4.674000	46.930078
39.212807	4.675000	46.940119
39.204872	4.676000	46.950159
39.196935	4.677000	46.960200
39.188997	4.678000	46.970241
39.181059	4.679000	46.980281
39.173120	4.680000	46.990322
39.165180	4.681000	47.000363
39.157239	4.682000	47.010403
39.149297	4.683000	47.020444
39.141354	4.684000	47.030485
39.133411	4.685000	47.040525
39.125467	4.686000	47.050566
39.117521	4.687000	47.060607
39.109575	4.688000	47.070647
39.101629	4.689000	47.080688
39.093681	4.690000	47.090729
39.085732	4.691000	47.100769
39.077783	4.692000	47.110810
39.069833	4.693000	47.120851
39.061882	4.694000	47.130891
39.053930	4.695000	47.140932
39.045977	4.696000	47.150973
39.038024	4.697000	47.161013
39.030069	4.698000	47.171054
39.022114	4.699000	47.181095
39.014158	4.700000	47.191135
39.006201	4.701000	47.201176
38.998243	4.702000	47.211217
38.990284	4.703000	47.221257
38.982325	4.704000	47.231298
38.974364	4.705000	47.241339
38.966403	4.706000	47.251379
38.958441	4.707000	47.261420
38.950478	4.708000	47.271461
38.942515	4.709000	47.281501
38.934550	4.710000	47.291542
38.926584	4.711000	47.301583
38.918618	4.712000	47.311623
38.910651	4.713000	47.321664
38.902683	4.714000	47.331705
38.894714	4.715000	47.341745
38.886744	4.716000	47.351786
38.878774	4.717000	47.361827
38.870802	4.718000	47.371867
38.862830	4.719000	47.381908
38.854857	4.720000	47.391949
38.846883	4.721000	47.401989
38.838908	4.722000	47.412030
38.830932	4.723000	47.422071
38.822956	4.724000	47.432111
38.814979	4.725000	47.442152
38.807000	4.726000	47.452193
38.799021	4.727000	47.462233
38.791041	4.728000	47.472274
38.783060	4.729000	47.482315
38.775079	4.730000	47.492355
38.767096	4.731000	47.502396
38.759113	4.732000	47.512437
38.751129	4.733000	47.522477
38.743144	4.734000	47.532518
38.735158	4.735000	47.542559
38.727171	4.736000	47.552599
38.719183	4.737000	47.562640
38.711195	4.738000	47.572681
38.703205	4.739000	47.582721
38.695215	4.740000	47.592762
38.687224	4.741000	47.602803
38.679232	4.742000	47.612843
38.671239	4.743000	47.622884
38.663245	4.744000	47.632925
38.655251	4.745000	47.642965
38.647256	4.746000	47.653006
38.639259	4.747000	47.663047
38.631262	4.748000	47.673087
38.623264	4.749000	47.683128
38.615265	4.750000	47.693169
38.607266	4.751000	47.703209
38.599265	4.752000	47.713250
38.591264	4.753000	47.723291
38.583261	4.754000	47.733331
38.575258	4.755000	47.743372
38.567254	4.756000	47.753413
38.559249	4.757000	47.763453
38.551244	4.758000	47.773494
38.543237	4.759000	47.783535
38.535230	4.760000	47.793575
38.527221	4.761000	47.803616
38.519212	4.762000	47.813657
38.511202	4.763000	47.823697
38.503191	4.764000	47.833738
38.495179	4.765000	47.843779
38.487167	4.766000	47.853819
38.479153	4.767000	47.863860
38.471139	4.768000	47.873901
38.463124	4.769000	47.883941
38.455108	4.770000	47.893982
38.447091	4.771000	47.904023
38.439073	4.772000	47.914063
38.431054	4.773000	47.924104
38.423034	4.774000	47.934145
38.415014	4.775000	47.944185
38.406993	4.776000	47.954226
38.398970	4.777000	47.964267
38.390947	4.778000	47.974307
38.382923	4.779000	47.984348
38.374899	4.780000	47.994389
38.366873	4.781000	48.004429
38.358846	4.782000	48.014470
38.350819	4.783000	48.024511
38.342791	4.784000	48.034551
38.334762	4.785000	48.044592
38.326732	4.786000	48.054633
38.318701	4.787000	48.064673
38.310669	4.788000	48.074714
38.302636	4.789000	48.084755
38.294603	4.790000	48.094795
38.286568	4.791000	48.104836
38.278533	4.792000	48.114877
38.270497	4.793000	48.124917
38.262460	4.794000	48.134958
38.254422	4.795000	48.144999
38.246383	4.796000	48.155039
38.238344	4.797000	48.165080
38.230303	4.798000	48.175121
38.222262	4.799000	48.185161
38.214220	4.800000	48.195202
38.206177	4.801000	48.205243
38.198133	4.802000	48.215283
38.190088	4.803000	48.225324
38.182042	4.804000	48.235365
38.173995	4.805000	48.245405
38.165948	4.806000	48.255446
38.157900	4.807000	48.265487
38.149850	4.808000	48.275527
38.141800	4.809000	48.285568
38.133749	4.810000	48.295609
38.125697	4.811000	48.305649
38.117644	4.812000	48.315690
38.109591	4.813000	48.325731
38.101536	4.814000	48.335771
38.093481	4.815000	48.345812
38.085425	4.816000	48.355853
38.077367	4.817000	48.365893
38.069309	4.818000	48.375934
38.061250	4.819000	48.385975
38.053191	4.820000	48.396015
38.045130	4.821000	48.406056
38.037068	4.822000	48.416097
38.029006	4.823000	48.426137
38.020943	4.824000	48.436178
38.012878	4.825000	48.446219
38.004813	4.826000	48.456259
37.996747	4.827000	48.466300
37.988680	4.828000	48.476341
37.980613	4.829000	48.486381
37.972544	4.830000	48.496422
37.964474	4.831000	48.506463
37.956404	4.832000	48.516503
37.948333	4.833000	48.526544
37.940261	4.834000	48.536585
37.932188	4.835000	48.546625
37.924114	4.836000	48.556666
37.916039	4.837000	48.566707
37.907963	4.838000	48.576747
37.899886	4.839000	48.586788
37.891809	4.840000	48.596829
37.883731	4.841000	48.606869
37.875651	4.842000	48.616910
37.867571	4.843000	48.626951
37.859490	4.844000	48.636991
37.851408	4.845000	48.647032
37.843325	4.846000	48.657073
37.835242	4.847000	48.667113
37.827157	4.848000	48.677154
37.819072	4.849000	48.687195
37.810985	4.850000	48.697235
37.802898	4.851000	48.707276
37.794810	4.852000	48.717317
37.786721	4.853000	48.727357
37.778631	4.854000	48.737398
37.770540	4.855000	48.747439
37.762448	4.856000	48.757479
37.754356	4.857000	48.767520
37.746262	4.858000	48.777561
37.738168	4.859000	48.787601
37.730072	4.860000	48.797642
37.721976	4.861000	48.807683
37.713879	4.862000	48.817723
37.705781	4.863000	48.827764
37.697682	4.864000	48.837805
37.689582	4.865000	48.847845
37.681482	4.866000	48.857886
37.673380	4.867000	48.867927
37.665278	4.868000	48.877967
37.657174	4.869000	48.888008
37.649070	4.870000	48.898049
37.640965	4.871000	48.908089
37.632859	4.872000	48.918130
37.624752	4.873000	48.928171
37.616644	4.874000	48.938211
37.608535	4.875000	48.948252
37.600426	4.876000	48.958293
37.592315	4.877000	48.968333
37.584204	4.878000	48.978374
37.576092	4.879000	48.988415
37.567978	4.880000	48.998455
37.559864	4.881000	49.008496
37.551749	4.882000	49.018537
37.543633	4.883000	49.028577
37.535516	4.884000	49.038618
37.527399	4.885000	49.048659
37.519280	4.886000	49.058699
37.511161	4.887000	49.068740
37.503040	4.888000	49.078781
37.494919	4.889000	49.088821
37.486797	4.890000	49.098862
37.478674	4.891000	49.108903
37.470550	4.892000	49.118943
37.462425	4.893000	49.128984
37.454299	4.894000	49.139025
37.446172	4.895000	49.149065
37.438044	4.896000	49.159106
37.429916	4.897000	49.169147
37.421786	4.898000	49.179187
37.413656	4.899000	49.189228
37.405525	4.900000	49.199269
37.397393	4.901000	49.209309
37.389259	4.902000	49.219350
37.381126	4.903000	49.229391
37.372991	4.904000	49.239431
37.364855	4.905000	49.249472
37.356718	4.906000	49.259513
37.348581	4.907000	49.269553
37.340442	4.908000	49.279594
37.332303	4.909000	49.289635
37.324162	4.910000	49.299675
37.316021	4.911000	49.309716
37.307879	4.912000	49.319757
37.299736	4.913000	49.329797
37.291592	4.914000	49.339838
37.283447	4.915000	49.349879
37.275301	4.916000	49.359919
37.267154	4.917000	49.369960
37.259007	4.918000	49.380001
37.250858	4.919000	49.390041
37.242709	4.920000	49.400082
37.234559	4.921000	49.410123
37.226407	4.922000	49.420163
37.218255	4.923000	49.430204
37.210102	4.924000	49.440245
37.201948	4.925000	49.450285
37.193793	4.926000	49.460326
37.185637	4.927000	49.470367
37.177481	4.928000	49.480407
37.169323	4.929000	49.490448
37.161164	4.930000	49.500489
37.153005	4.931000	49.510529
37.144845	4.932000	49.520570
37.136683	4.933000	49.530611
37.128521	4.934000	49.540651
37.120358	4.935000	49.550692
37.112194	4.936000	49.560733
37.104029	4.937000	49.570773
37.095863	4.938000	49.580814
37.087696	4.939000	49.590855
37.079528	4.940000	49.600895
37.071360	4.941000	49.610936
37.063190	4.942000	49.620977
37.055020	4.943000	49.631017
37.046848	4.944000	49.641058
37.038676	4.945000	49.651099
37.030503	4.946000	49.661139
37.022329	4.947000	49.671180
37.014154	4.948000	49.681221
37.005978	4.949000	49.691261
36.997801	4.950000	49.701302
36.989623	4.951000	49.711343
36.981444	4.952000	49.721383
36.973264	4.953000	49.731424
36.965084	4.954000	49.741465
36.956902	4.955000	49.751505
36.948720	4.956000	49.761546
36.940537	4.957000	49.771587
36.932352	4.958000	49.781627
36.924167	4.959000	49.791668
36.915981	4.960000	49.801709
36.907794	4.961000	49.811749
36.899606	4.962000	49.821790
36.891417	4.963000	49.831831
36.883227	4.964000	49.841871
36.875036	4.965000	49.851912
36.866845	4.966000	49.861953
36.858652	4.967000	49.871993
36.850458	4.968000	49.882034
36.842264	4.969000	49.892075
36.834069	4.970000	49.902115
36.825872	4.971000	49.912156
36.817675	4.972000	49.922197
36.809477	4.973000	49.932237
36.801278	4.974000	49.942278
36.793078	4.975000	49.952319
36.784877	4.976000	49.962359
36.776675	4.977000	49.972400
36.768472	4.978000	49.982441
36.760268	4.979000	49.992481
36.752064	4.980000	50.002522
36.743858	4.981000	50.012563
36.735651	4.982000	50.022603
36.727444	4.983000	50.032644
36.719236	4.984000	50.042685
36.711026	4.985000	50.052725
36.702816	4.986000	50.062766
36.694605	4.987000	50.072807
36.686393	4.988000	50.082847
36.678180	4.989000	50.092888
36.669966	4.990000	50.102929
36.661751	4.991000	50.112969
36.653535	4.992000	50.123010
36.645318	4.993000	50.133051
36.637100	4.994000	50.143091
36.628882	4.995000	50.153132
36.620662	4.996000	50.163173
36.612441	4.997000	50.173213
36.604220	4.998000	50.183254
36.595998	4.999000	50.193295
36.587774	5.000000	50.203335
36.579550	5.001000	50.213376
36.571325	5.002000	50.223417
36.563098	5.003000	50.233457
36.554871	5.004000	50.243498
36.546643	5.005000	50.253539
36.538414	5.006000	50.263579
36.530184	5.007000	50.273620
36.521954	5.008000	50.283661
36.513722	5.009000	50.293701
36.505489	5.010000	50.303742
36.497255	5.011000	50.313783
36.489021	5.012000	50.323823
36.480785	5.013000	50.333864
36.472549	5.014000	50.343905
36.464311	5.015000	50.353945
36.456073	5.016000	50.363986
36.447834	5.017000	50.374027
36.439593	5.018000	50.384067
36.431352	5.019000	50.394108
36.423110	5.020000	50.404149
36.414867	5.021000	50.414189
36.406623	5.022000	50.424230
36.398378	5.023000	50.434271
36.390132	5.024000	50.444311
36.381885	5.025000	50.454352
36.373637	5.026000	50.464393
36.365388	5.027000	50.474433
36.357139	5.028000	50.484474
36.348888	5.029000	50.494515
36.340636	5.030000	50.504555
36.332384	5.031000	50.514596
36.324130	5.032000	50.524637
36.315876	5.033000	50.534677
36.307620	5.034000	50.544718
36.299364	5.035000	50.554759
36.291107	5.036000	50.564799
36.282849	5.037000	50.574840
36.274589	5.038000	50.584881
36.266329	5.039000	50.594921
36.258068	5.040000	50.604962
36.249806	5.041000	50.615003
36.241543	5.042000	50.625043
36.233279	5.043000	50.635084
36.225014	5.044000	50.645125
36.216748	5.045000	50.655165
36.208482	5.046000	50.665206
36.200214	5.047000	50.675247
36.191945	5.048000	50.685287
36.183675	5.049000	50.695328
36.175405	5.050000	50.705369
36.167133	5.051000	50.715409
36.158861	5.052000	50.725450
36.150587	5.053000	50.735491
36.142313	5.054000	50.745531
36.134038	5.055000	50.755572
36.125761	5.056000	50.765613
36.117484	5.057000	50.775653
36.109206	5.058000	50.785694
36.100926	5.059000	50.795735
36.092646	5.060000	50.805775
36.084365	5.061000	50.815816
36.076083	5.062000	50.825857
36.067800	5.063000	50.835897
36.059516	5.064000	50.845938
36.051231	5.065000	50.855979
36.042945	5.066000	50.866020
36.034658	5.067000	50.876060
36.026371	5.068000	50.886101
36.018082	5.069000	50.896142
36.009792	5.070000	50.906182
36.001501	5.071000	50.916223
35.993210	5.072000	50.926264
35.984917	5.073000	50.936304
35.976623	5.074000	50.946345
35.968329	5.075000	50.956386
35.960033	5.076000	50.966426
35.951737	5.077000	50.976467
35.943439	5.078000	50.986508
35.935141	5.079000	50.996548
35.926842	5.080000	51.006589
35.918541	5.081000	51.016630
35.910240	5.082000	51.026670
35.901938	5.083000	51.036711
35.893635	5.084000	51.046752
35.885330	5.085000	51.056792
35.877025	5.086000	51.066833
35.868719	5.087000	51.076874
35.860412	5.088000	51.086914
35.852104	5.089000	51.096955
35.843795	5.090000	51.106996
35.835485	5.091000	51.117036
35.827174	5.092000	51.127077
35.818862	5.093000	51.137118
35.810549	5.094000	51.147158
35.802235	5.095000	51.157199
35.793921	5.096000	51.167240
35.785605	5.097000	51.177280
35.777288	5.098000	51.187321
35.768970	5.099000	51.197362
35.760651	5.100000	51.207402
35.752332	5.101000	51.217443
35.744011	5.102000	51.227484
35.735690	5.103000	51.237524
35.727367	5.104000	51.247565
35.719043	5.105000	51.257606
35.710719	5.106000	51.267646
35.702393	5.107000	51.277687
35.694067	5.108000	51.287728
35.685739	5.109000	51.297768
35.677411	5.110000	51.307809
35.669082	5.111000	51.317850
35.660751	5.112000	51.327890
35.652420	5.113000	51.337931
35.644088	5.114000	51.347972
35.635754	5.115000	51.358012
35.627420	5.116000	51.368053
35.619085	5.117000	51.378094
35.610748	5.118000	51.388134
35.602411	5.119000	51.398175
35.594073	5.120000	51.408216
35.585734	5.121000	51.418256
35.577394	5.122000	51.428297
35.569053	5.123000	51.438338
35.560711	5.124000	51.448378
35.552367	5.125000	51.458419
35.544023	5.126000	51.468460
35.535678	5.127000	51.478500
35.527332	5.128000	51.488541
35.518985	5.129000	51.498582
35.510637	5.130000	51.508622
35.502288	5.131000	51.518663
35.493939	5.132000	51.528704
35.485588	5.133000	51.538744
35.477236	5.134000	51.548785
35.468883	5.135000	51.558826
35.460529	5.136000	51.568866
35.452174	5.137000	51.578907
35.443818	5.138000	51.588948
35.435461	5.139000	51.598988
35.427104	5.140000	51.609029
35.418745	5.141000	51.619070
35.410385	5.142000	51.629110
35.402024	5.143000	51.639151
35.393663	5.144000	51.649192
35.385300	5.145000	51.659232
35.376936	5.146000	51.669273
35.368571	5.147000	51.679314
35.360206	5.148000	51.689354
35.351839	5.149000	51.699395
35.343471	5.150000	51.709436
35.335103	5.151000	51.719476
35.326733	5.152000	51.729517
35.318362	5.153000	51.739558
35.309991	5.154000	51.749598
35.301618	5.155000	51.759639
35.293245	5.156000	51.769680
35.284870	5.157000	51.779720
35.276494	5.158000	51.789761
35.268118	5.159000	51.799802
35.259740	5.160000	51.809842
35.251362	5.161000	51.819883
35.242982	5.162000	51.829924
35.234602	5.163000	51.839964
35.226220	5.164000	51.850005
35.217838	5.165000	51.860046
35.209454	5.166000	51.870086
35.201069	5.167000	51.880127
35.192684	5.168000	51.890168
35.184297	5.169000	51.900208
35.175910	5.170000	51.910249
35.167521	5.171000	51.920290
35.159132	5.172000	51.930330
35.150741	5.173000	51.940371
35.142350	5.174000	51.950412
35.133958	5.175000	51.960452
35.125564	5.176000	51.970493
35.117170	5.177000	51.980534
35.108774	5.178000	51.990574
35.100378	5.179000	52.000615
35.091980	5.180000	52.010656
35.083582	5.181000	52.020696
35.075182	5.182000	52.030737
35.066782	5.183000	52.040778
35.058380	5.184000	52.050818
35.049978	5.185000	52.060859
35.041574	5.186000	52.070900
35.033170	5.187000	52.080940
35.024764	5.188000	52.090981
35.016358	5.189000	52.101022
35.007950	5.190000	52.111062
34.999542	5.191000	52.121103
34.991132	5.192000	52.131144
34.982722	5.193000	52.141184
34.974310	5.194000	52.151225
34.965898	5.195000	52.161266
34.957484	5.196000	52.171306
34.949070	5.197000	52.181347
34.940654	5.198000	52.191388
34.932238	5.199000	52.201428
34.923820	5.200000	52.211469
34.915402	5.201000	52.221510
34.906982	5.202000	52.231550
34.898562	5.203000	52.241591
34.890140	5.204000	52.251632
34.881718	5.205000	52.261672
34.873294	5.206000	52.271713
34.864869	5.207000	52.281754
34.856444	5.208000	52.291794
34.848017	5.209000	52.301835
34.839590	5.210000	52.311876
34.831161	5.211000	52.321916
34.822731	5.212000	52.331957
34.814301	5.213000	52.341998
34.805869	5.214000	52.352038
34.797437	5.215000	52.362079
34.789003	5.216000	52.372120
34.780568	5.217000	52.382160
34.772132	5.218000	52.392201
34.763696	5.219000	52.402242
34.755258	5.220000	52.412282
34.746819	5.221000	52.422323
34.738380	5.222000	52.432364
34.729939	5.223000	52.442404
34.721497	5.224000	52.452445
34.713054	5.225000	52.462486
34.704610	5.226000	52.472526
34.696166	5.227000	52.482567
34.687720	5.228000	52.492608
34.679273	5.229000	52.502648
34.670825	5.230000	52.512689
34.662376	5.231000	52.522730
34.653926	5.232000	52.532770
34.645475	5.233000	52.542811
34.637023	5.234000	52.552852
34.628570	5.235000	52.562892
34.620116	5.236000	52.572933
34.611661	5.237000	52.582974
34.603205	5.238000	52.593014
34.594748	5.239000	52.603055
34.586290	5.240000	52.613096
34.577831	5.241000	52.623136
34.569371	5.242000	52.633177
34.560910	5.243000	52.643218
34.552448	5.244000	52.653258
34.543984	5.245000	52.663299
34.535520	5.246000	52.673340
34.527055	5.247000	52.683380
34.518589	5.248000	52.693421
34.510121	5.249000	52.703462
34.501653	5.250000	52.713502
34.493184	5.251000	52.723543
34.484713	5.252000	52.733584
34.476242	5.253000	52.743624
34.467770	5.254000	52.753665
34.459296	5.255000	52.763706
34.450822	5.256000	52.773746
34.442346	5.257000	52.783787
34.433870	5.258000	52.793828
34.425392	5.259000	52.803868
34.416914	5.260000	52.813909
34.408434	5.261000	52.823950
34.399953	5.262000	52.833990
34.391472	5.263000	52.844031
34.382989	5.264000	52.854072
34.374505	5.265000	52.864112
34.366021	5.266000	52.874153
34.357535	5.267000	52.884194
34.349048	5.268000	52.894234
34.340560	5.269000	52.904275
34.332071	5.270000	52.914316
34.323581	5.271000	52.924356
34.315090	5.272000	52.934397
34.306598	5.273000	52.944438
34.298105	5.274000	52.954478
34.289611	5.275000	52.964519
34.281116	5.276000	52.974560
34.272620	5.277000	52.984600
34.264123	5.278000	52.994641
34.255625	5.279000	53.004682
34.247126	5.280000	53.014722
34.238625	5.281000	53.024763
34.230124	5.282000	53.034804
34.221622	5.283000	53.044844
34.213118	5.284000	53.054885
34.204614	5.285000	53.064926
34.196108	5.286000	53.074966
34.187602	5.287000	53.085007
34.179094	5.288000	53.095048
34.170586	5.289000	53.105088
34.162076	5.290000	53.115129
34.153566	5.291000	53.125170
34.145054	5.292000	53.135210
34.136541	5.293000	53.145251
34.128027	5.294000	53.155292
34.119512	5.295000	53.165332
34.110997	5.296000	53.175373
34.102480	5.297000	53.185414
34.093962	5.298000	53.195454
34.085443	5.299000	53.205495
34.076923	5.300000	53.215536
34.068402	5.301000	53.225576
34.059880	5.302000	53.235617
34.051356	5.303000	53.245658
34.042832	5.304000	53.255698
34.034307	5.305000	53.265739
34.025781	5.306000	53.275780
34.017253	5.307000	53.285820
34.008725	5.308000	53.295861
34.000195	5.309000	53.305902
33.991665	5.310000	53.315942
33.983133	5.311000	53.325983
33.974601	5.312000	53.336024
33.966067	5.313000	53.346064
33.957532	5.314000	53.356105
33.948997	5.315000	53.366146
33.940460	5.316000	53.376186
33.931922	5.317000	53.386227
33.923383	5.318000	53.396268
33.914843	5.319000	53.406308
33.906302	5.320000	53.416349
33.897760	5.321000	53.426390
33.889217	5.322000	53.436430
33.880673	5.323000	53.446471
33.872128	5.324000	53.456512
33.863581	5.325000	53.466552
33.855034	5.326000	53.476593
33.846486	5.327000	53.486634
33.837936	5.328000	53.496674
33.829386	5.329000	53.506715
33.820834	5.330000	53.516756
33.812281	5.331000	53.526796
33.803728	5.332000	53.536837
33.795173	5.333000	53.546878
33.786617	5.334000	53.556918
33.778060	5.335000	53.566959
33.769503	5.336000	53.577000
33.760944	5.337000	53.587040
33.752384	5.338000	53.597081
33.743822	5.339000	53.607122
33.735260	5.340000	53.617162
33.726697	5.341000	53.627203
33.718133	5.342000	53.637244
33.709568	5.343000	53.647284
33.701001	5.344000	53.657325
33.692434	5.345000	53.667366
33.683865	5.346000	53.677406
33.675296	5.347000	53.687447
33.666725	5.348000	53.697488
33.658153	5.349000	53.707528
33.649581	5.350000	53.717569
33.641007	5.351000	53.727610
33.632432	5.352000	53.737650
33.623856	5.353000	53.747691
33.615279	5.354000	53.757732
33.606701	5.355000	53.767772
33.598122	5.356000	53.777813
33.589541	5.357000	53.787854
33.580960	5.358000	53.797894
33.572378	5.359000	53.807935
33.563794	5.360000	53.817976
33.555210	5.361000	53.828016
33.546624	5.362000	53.838057
33.538038	5.363000	53.848098
33.529450	5.364000	53.858138
33.520861	5.365000	53.868179
33.512271	5.366000	53.878220
33.503680	5.367000	53.888260
33.495089	5.368000	53.898301
33.486495	5.369000	53.908342
33.477901	5.370000	53.918382
33.469306	5.371000	53.928423
33.460710	5.372000	53.938464
33.452112	5.373000	53.948504
33.443514	5.374000	53.958545
33.434915	5.375000	53.968586
33.426314	5.376000	53.978626
33.417712	5.377000	53.988667
33.409110	5.378000	53.998708
33.400506	5.379000	54.008748
33.391901	5.380000	54.018789
33.383295	5.381000	54.028830
33.374688	5.382000	54.038870
33.366080	5.383000	54.048911
33.357471	5.384000	54.058952
33.348860	5.385000	54.068992
33.340249	5.386000	54.079033
33.331637	5.387000	54.089074
33.323023	5.388000	54.099114
33.314409	5.389000	54.109155
33.305793	5.390000	54.119196
33.297176	5.391000	54.129236
33.288558	5.392000	54.139277
33.279939	5.393000	54.149318
33.271319	5.394000	54.159358
33.262698	5.395000	54.169399
33.254076	5.396000	54.179440
33.245453	5.397000	54.189480
33.236829	5.398000	54.199521
33.228203	5.399000	54.209562
33.219577	5.400000	54.219602
33.210949	5.401000	54.229643
33.202320	5.402000	54.239684
33.193691	5.403000	54.249724
33.185060	5.404000	54.259765
33.176428	5.405000	54.269806
33.167795	5.406000	54.279846
33.159161	5.407000	54.289887
33.150526	5.408000	54.299928
33.141889	5.409000	54.309968
33.133252	5.410000	54.320009
33.124613	5.411000	54.330050
33.115974	5.412000	54.340090
33.107333	5.413000	54.350131
33.098691	5.414000	54.360172
33.090049	5.415000	54.370212
33.081405	5.416000	54.380253
33.072760	5.417000	54.390294
33.064114	5.418000	54.400334
33.055466	5.419000	54.410375
33.046818	5.420000	54.420416
33.038169	5.421000	54.430456
33.029518	5.422000	54.440497
33.020867	5.423000	54.450538
33.012214	5.424000	54.460578
33.003560	5.425000	54.470619
32.994905	5.426000	54.480660
32.986249	5.427000	54.490700
32.977592	5.428000	54.500741
32.968934	5.429000	54.510782
32.960275	5.430000	54.520822
32.951615	5.431000	54.530863
32.942953	5.432000	54.540904
32.934291	5.433000	54.550944
32.925627	5.434000	54.560985
32.916962	5.435000	54.571026
32.908296	5.436000	54.581066
32.899630	5.437000	54.591107
32.890961	5.438000	54.601148
32.882292	5.439000	54.611188
32.873622	5.440000	54.621229
32.864951	5.441000	54.631270
32.856278	5.442000	54.641310
32.847605	5.443000	54.651351
32.838930	5.444000	54.661392
32.830254	5.445000	54.671432
32.821577	5.446000	54.681473
32.812899	5.447000	54.691514
32.804220	5.448000	54.701554
32.795540	5.449000	54.711595
32.786859	5.450000	54.721636
32.778176	5.451000	54.731676
32.769493	5.452000	54.741717
32.760808	5.453000	54.751758
32.752123	5.454000	54.761798
32.743436	5.455000	54.771839
32.734748	5.456000	54.781880
32.726059	5.457000	54.791920
32.717369	5.458000	54.801961
32.708677	5.459000	54.812002
32.699985	5.460000	54.822042
32.691291	5.461000	54.832083
32.682597	5.462000	54.842124
32.673901	5.463000	54.852164
32.665204	5.464000	54.862205
32.656506	5.465000	54.872246
32.647807	5.466000	54.882286
32.639107	5.467000	54.892327
32.630406	5.468000	54.902368
32.621703	5.469000	54.912408
32.613000	5.470000	54.922449
32.604295	5.471000	54.932490
32.595590	5.472000	54.942530
32.586883	5.473000	54.952571
32.578175	5.474000	54.962612
32.569466	5.475000	54.972652
32.560755	5.476000	54.982693
32.552044	5.477000	54.992734
32.543332	5.478000	55.002774
32.534618	5.479000	55.012815
32.525903	5.480000	55.022856
32.517188	5.481000	55.032896
32.508471	5.482000	55.042937
32.499753	5.483000	55.052978
32.491033	5.484000	55.063018
32.482313	5.485000	55.073059
32.473592	5.486000	55.083100
32.464869	5.487000	55.093140
32.456145	5.488000	55.103181
32.447421	5.489000	55.113222
32.438695	5.490000	55.123262
32.429968	5.491000	55.133303
32.421239	5.492000	55.143344
32.412510	5.493000	55.153384
32.403780	5.494000	55.163425
32.395048	5.495000	55.173466
32.386316	5.496000	55.183506
32.377582	5.497000	55.193547
32.368847	5.498000	55.203588
32.360111	5.499000	55.213628
32.351374	5.500000	55.223669
32.342635	5.501000	55.233710
32.333896	5.502000	55.243750
32.325155	5.503000	55.253791
32.316414	5.504000	55.263832
32.307671	5.505000	55.273872
32.298927	5.506000	55.283913
32.290182	5.507000	55.293954
32.281435	5.508000	55.303994
32.272688	5.509000	55.314035
32.263940	5.510000	55.324076
32.255190	5.511000	55.334116
32.246439	5.512000	55.344157
32.237687	5.513000	55.354198
32.228934	5.514000	55.364238
32.220180	5.515000	55.374279
32.211425	5.516000	55.384320
32.202668	5.517000	55.394360
32.193911	5.518000	55.404401
32.185152	5.519000	55.414442
32.176392	5.520000	55.424482
32.167631	5.521000	55.434523
32.158869	5.522000	55.444564
32.150106	5.523000	55.454604
32.141341	5.524000	55.464645
32.132576	5.525000	55.474686
32.123809	5.526000	55.484726
32.115041	5.527000	55.494767
32.106272	5.528000	55.504808
32.097502	5.529000	55.514848
32.088731	5.530000	55.524889
32.079959	5.531000	55.534930
32.071185	5.532000	55.544970
32.062410	5.533000	55.555011
32.053634	5.534000	55.565052
32.044857	5.535000	55.575092
32.036079	5.536000	55.585133
32.027300	5.537000	55.595174
32.018520	5.538000	55.605214
32.009738	5.539000	55.615255
32.000955	5.540000	55.625296
31.992172	5.541000	55.635336
31.983387	5.542000	55.645377
31.974600	5.543000	55.655418
31.965813	5.544000	55.665458
31.957025	5.545000	55.675499
31.948235	5.546000	55.685540
31.939444	5.547000	55.695580
31.930652	5.548000	55.705621
31.921859	5.549000	55.715662
31.913065	5.550000	55.725702
31.904270	5.551000	55.735743
31.895473	5.552000	55.745784
31.886676	5.553000	55.755824
31.877877	5.554000	55.765865
31.869077	5.555000	55.775906
31.860276	5.556000	55.785946
31.851473	5.557000	55.795987
31.842670	5.558000	55.806028
31.833865	5.559000	55.816068
31.825060	5.560000	55.826109
31.816253	5.561000	55.836150
31.807445	5.562000	55.846190
31.798635	5.563000	55.856231
31.789825	5.564000	55.866272
31.781013	5.565000	55.876312
31.772201	5.566000	55.886353
31.763387	5.567000	55.896394
31.754572	5.568000	55.906434
31.745756	5.569000	55.916475
31.736938	5.570000	55.926516
31.728120	5.571000	55.936556
31.719300	5.572000	55.946597
31.710479	5.573000	55.956638
31.701657	5.574000	55.966678
31.692834	5.575000	55.976719
31.684010	5.576000	55.986760
31.675184	5.577000	55.996800
31.666358	5.578000	56.006841
31.657530	5.579000	56.016882
31.648701	5.580000	56.026922
31.639871	5.581000	56.036963
31.631040	5.582000	56.047004
31.622207	5.583000	56.057044
31.613373	5.584000	56.067085
31.604539	5.585000	56.077126
31.595703	5.586000	56.087166
31.586865	5.587000	56.097207
31.578027	5.588000	56.107248
31.569188	5.589000	56.117288
31.560347	5.590000	56.127329
31.551505	5.591000	56.137370
31.542662	5.592000	56.147410
31.533818	5.593000	56.157451
31.524973	5.594000	56.167492
31.516126	5.595000	56.177532
31.507278	5.596000	56.187573
31.498429	5.597000	56.197614
31.489579	5.598000	56.207654
31.480728	5.599000	56.217695
31.471876	5.600000	56.227736
31.463022	5.601000	56.237776
31.454167	5.602000	56.247817
31.445311	5.603000	56.257858
31.436454	5.604000	56.267898
31.427596	5.605000	56.277939
31.418737	5.606000	56.287980
31.409876	5.607000	56.298020
31.401014	5.608000	56.308061
31.392151	5.609000	56.318102
31.383287	5.610000	56.328142
31.374422	5.611000	56.338183
31.365555	5.612000	56.348224
31.356687	5.613000	56.358264
31.347818	5.614000	56.368305
31.338948	5.615000	56.378346
31.330077	5.616000	56.388386
31.321204	5.617000	56.398427
31.312331	5.618000	56.408468
31.303456	5.619000	56.418508
31.294580	5.620000	56.428549
31.285703	5.621000	56.438590
31.276824	5.622000	56.448630
31.267945	5.623000	56.458671
31.259064	5.624000	56.468712
31.250182	5.625000	56.478752
31.241299	5.626000	56.488793
31.232415	5.627000	56.498834
31.223529	5.628000	56.508874
31.214642	5.629000	56.518915
31.205754	5.630000	56.528956
31.196865	5.631000	56.538996
31.187975	5.632000	56.549037
31.179084	5.633000	56.559078
31.170191	5.634000	56.569118
31.161297	5.635000	56.579159
31.152402	5.636000	56.589200
31.143506	5.637000	56.599240
31.134608	5.638000	56.609281
31.125710	5.639000	56.619322
31.116810	5.640000	56.629362
31.107909	5.641000	56.639403
31.099006	5.642000	56.649444
31.090103	5.643000	56.659484
31.081198	5.644000	56.669525
31.072293	5.645000	56.679566
31.063386	5.646000	56.689606
31.054477	5.647000	56.699647
31.045568	5.648000	56.709688
31.036657	5.649000	56.719728
31.027745	5.650000	56.729769
31.018832	5.651000	56.739810
31.009918	5.652000	56.749850
31.001003	5.653000	56.759891
30.992086	5.654000	56.769932
30.983168	5.655000	56.779972
30.974249	5.656000	56.790013
30.965329	5.657000	56.800054
30.956408	5.658000	56.810094
30.947485	5.659000	56.820135
30.938561	5.660000	56.830176
30.929636	5.661000	56.840216
30.920710	5.662000	56.850257
30.911782	5.663000	56.860298
30.902854	5.664000	56.870338
30.893924	5.665000	56.880379
30.884993	5.666000	56.890420
30.876060	5.667000	56.900460
30.867127	5.668000	56.910501
30.858192	5.669000	56.920542
30.849256	5.670000	56.930582
30.840319	5.671000	56.940623
30.831381	5.672000	56.950664
30.822441	5.673000	56.960704
30.813500	5.674000	56.970745
30.804558	5.675000	56.980786
30.795615	5.676000	56.990826
30.786671	5.677000	57.000867
30.777725	5.678000	57.010908
30.768778	5.679000	57.020948
30.759830	5.680000	57.030989
30.750881	5.681000	57.041030
30.741930	5.682000	57.051070
30.732978	5.683000	57.061111
30.724025	5.684000	57.071152
30.715071	5.685000	57.081192
30.706116	5.686000	57.091233
30.697159	5.687000	57.101274
30.688201	5.688000	57.111314
30.679242	5.689000	57.121355
30.670282	5.690000	57.131396
30.661321	5.691000	57.141436
30.652358	5.692000	57.151477
30.643394	5.693000	57.161518
30.634429	5.694000	57.171558
30.625462	5.695000	57.181599
30.616495	5.696000	57.191640
30.607526	5.697000	57.201680
30.598556	5.698000	57.211721
30.589585	5.699000	57.221762
30.580612	5.700000	57.231802
30.571638	5.701000	57.241843
30.562663	5.702000	57.251884
30.553687	5.703000	57.261924
30.544710	5.704000	57.271965
30.535731	5.705000	57.282006
30.526751	5.706000	57.292046
30.517770	5.707000	57.302087
30.508788	5.708000	57.312128
30.499804	5.709000	57.322168
30.490820	5.710000	57.332209
30.481833	5.711000	57.342250
30.472846	5.712000	57.352290
30.463858	5.713000	57.362331
30.454868	5.714000	57.372372
30.445877	5.715000	57.382412
30.436885	5.716000	57.392453
30.427891	5.717000	57.402494
30.418897	5.718000	57.412534
30.409901	5.719000	57.422575
30.400904	5.720000	57.432616
30.391905	5.721000	57.442656
30.382906	5.722000	57.452697
30.373905	5.723000	57.462738
30.364903	5.724000	57.472778
30.355899	5.725000	57.482819
30.346895	5.726000	57.492860
30.337889	5.727000	57.502900
30.328882	5.728000	57.512941
30.319874	5.729000	57.522982
30.310864	5.730000	57.533022
30.301853	5.731000	57.543063
30.292841	5.732000	57.553104
30.283828	5.733000	57.563144
30.274813	5.734000	57.573185
30.265798	5.735000	57.583226
30.256781	5.736000	57.593266
30.247762	5.737000	57.603307
30.238743	5.738000	57.613348
30.229722	5.739000	57.623388
30.220700	5.740000	57.633429
30.211677	5.741000	57.643470
30.202652	5.742000	57.653510
30.193626	5.743000	57.663551
30.184599	5.744000	57.673592
30.175571	5.745000	57.683632
30.166542	5.746000	57.693673
30.157511	5.747000	57.703714
30.148479	5.748000	57.713754
30.139446	5.749000	57.723795
30.130411	5.750000	57.733836
30.121375	5.751000	57.743876
30.112338	5.752000	57.753917
30.103300	5.753000	57.763958
30.094261	5.754000	57.773998
30.085220	5.755000	57.784039
30.076178	5.756000	57.794080
30.067134	5.757000	57.804120
30.058090	5.758000	57.814161
30.049044	5.759000	57.824202
30.039997	5.760000	57.834242
30.030949	5.761000	57.844283
30.021899	5.762000	57.854324
30.012848	5.763000	57.864364
30.003796	5.764000	57.874405
29.994743	5.765000	57.884446
29.985688	5.766000	57.894486
29.976632	5.767000	57.904527
29.967575	5.768000	57.914568
29.958517	5.769000	57.924608
29.949457	5.770000	57.934649
29.940396	5.771000	57.944690
29.931334	5.772000	57.954730
29.922270	5.773000	57.964771
29.913205	5.774000	57.974812
29.904139	5.775000	57.984852
29.895072	5.776000	57.994893
29.886003	5.777000	58.004934
29.876934	5.778000	58.014974
29.867863	5.779000	58.025015
29.858790	5.780000	58.035056
29.849717	5.781000	58.045096
29.840642	5.782000	58.055137
29.831565	5.783000	58.065178
29.822488	5.784000	58.075218
29.813409	5.785000	58.085259
29.804329	5.786000	58.095300
29.795248	5.787000	58.105340
29.786165	5.788000	58.115381
29.777082	5.789000	58.125422
29.767996	5.790000	58.135462
29.758910	5.791000	58.145503
29.749822	5.792000	58.155544
29.740734	5.793000	58.165584
29.731643	5.794000	58.175625
29.722552	5.795000	58.185666
29.713459	5.796000	58.195706
29.704365	5.797000	58.205747
29.695270	5.798000	58.215788
29.686173	5.799000	58.225828
29.677075	5.800000	58.235869
29.667976	5.801000	58.245910
29.658876	5.802000	58.255950
29.649774	5.803000	58.265991
29.640671	5.804000	58.276032
29.631566	5.805000	58.286072
29.622461	5.806000	58.296113
29.613354	5.807000	58.306154
29.604246	5.808000	58.316194
29.595136	5.809000	58.326235
29.586026	5.810000	58.336276
29.576914	5.811000	58.346316
29.567800	5.812000	58.356357
29.558686	5.813000	58.366398
29.549570	5.814000	58.376438
29.540453	5.815000	58.386479
29.531334	5.816000	58.396520
29.522214	5.817000	58.406560
29.513093	5.818000	58.416601
29.503971	5.819000	58.426642
29.494847	5.820000	58.436682
29.485722	5.821000	58.446723
29.476596	5.822000	58.456764
29.467469	5.823000	58.466804
29.458340	5.824000	58.476845
29.449210	5.825000	58.486886
29.440078	5.826000	58.496926
29.430946	5.827000	58.506967
29.421812	5.828000	58.517008
29.412676	5.829000	58.527048
29.403540	5.830000	58.537089
29.394402	5.831000	58.547130
29.385263	5.832000	58.557170
29.376122	5.833000	58.567211
29.366980	5.834000	58.577252
29.357837	5.835000	58.587292
29.348693	5.836000	58.597333
29.339547	5.837000	58.607374
29.330400	5.838000	58.617414
29.321252	5.839000	58.627455
29.312102	5.840000	58.637496
29.302951	5.841000	58.647536
29.293799	5.842000	58.657577
29.284645	5.843000	58.667618
29.275491	5.844000	58.677658
29.266334	5.845000	58.687699
29.257177	5.846000	58.697740
29.248018	5.847000	58.707781
29.238858	5.848000	58.717821
29.229697	5.849000	58.727862
29.220534	5.850000	58.737903
29.211370	5.851000	58.747943
29.202205	5.852000	58.757984
29.193038	5.853000	58.768025
29.183870	5.854000	58.778065
29.174701	5.855000	58.788106
29.165530	5.856000	58.798147
29.156358	5.857000	58.808187
29.147185	5.858000	58.818228
29.138011	5.859000	58.828269
29.128835	5.860000	58.838309
29.119658	5.861000	58.848350
29.110479	5.862000	58.858391
29.101299	5.863000	58.868431
29.092118	5.864000	58.878472
29.082936	5.865000	58.888513
29.073752	5.866000	58.898553
29.064567	5.867000	58.908594
29.055381	5.868000	58.918635
29.046193	5.869000	58.928675
29.037004	5.870000	58.938716
29.027814	5.871000	58.948757
29.018622	5.872000	58.958797
29.009429	5.873000	58.968838
29.000235	5.874000	58.978879
28.991039	5.875000	58.988919
28.981842	5.876000	58.998960
28.972644	5.877000	59.009001
28.963444	5.878000	59.019041
28.954243	5.879000	59.029082
28.945041	5.880000	59.039123
28.935837	5.881000	59.049163
28.926632	5.882000	59.059204
28.917426	5.883000	59.069245
28.908218	5.884000	59.079285
28.899009	5.885000	59.089326
28.889799	5.886000	59.099367
28.880587	5.887000	59.109407
28.871374	5.888000	59.119448
28.862160	5.889000	59.129489
28.852944	5.890000	59.139529
28.843728	5.891000	59.149570
28.834509	5.892000	59.159611
28.825290	5.893000	59.169651
28.816069	5.894000	59.179692
28.806846	5.895000	59.189733
28.797623	5.896000	59.199773
28.788398	5.897000	59.209814
28.779171	5.898000	59.219855
28.769944	5.899000	59.229895
28.760715	5.900000	59.239936
28.751484	5.901000	59.249977
28.742253	5.902000	59.260017
28.733020	5.903000	59.270058
28.723785	5.904000	59.280099
28.714550	5.905000	59.290139
28.705313	5.906000	59.300180
28.696074	5.907000	59.310221
28.686834	5.908000	59.320261
28.677593	5.909000	59.330302
28.668351	5.910000	59.340343
28.659107	5.911000	59.350383
28.649862	5.912000	59.360424
28.640615	5.913000	59.370465
28.631368	5.914000	59.380505
28.622118	5.915000	59.390546
28.612868	5.916000	59.400587
28.603616	5.917000	59.410627
28.594363	5.918000	59.420668
28.585108	5.919000	59.430709
28.575852	5.920000	59.440749
28.566595	5.921000	59.450790
28.557336	5.922000	59.460831
28.548076	5.923000	59.470871
28.538815	5.924000	59.480912
28.529552	5.925000	59.490953
28.520288	5.926000	59.500993
28.511023	5.927000	59.511034
28.501756	5.928000	59.521075
28.492488	5.929000	59.531115
28.483218	5.930000	59.541156
28.473947	5.931000	59.551197
28.464675	5.932000	59.561237
28.455401	5.933000	59.571278
28.446126	5.934000	59.581319
28.436850	5.935000	59.591359
28.427572	5.936000	59.601400
28.418293	5.937000	59.611441
28.409013	5.938000	59.621481
28.399731	5.939000	59.631522
28.390448	5.940000	59.641563
28.381163	5.941000	59.651603
28.371878	5.942000	59.661644
28.362590	5.943000	59.671685
28.353302	5.944000	59.681725
28.344012	5.945000	59.691766
28.334720	5.946000	59.701807
28.325428	5.947000	59.711847
28.316133	5.948000	59.721888
28.306838	5.949000	59.731929
28.297541	5.950000	59.741969
28.288243	5.951000	59.752010
28.278943	5.952000	59.762051
28.269642	5.953000	59.772091
28.260340	5.954000	59.782132
28.251036	5.955000	59.792173
28.241731	5.956000	59.802213
28.232425	5.957000	59.812254
28.223117	5.958000	59.822295
28.213808	5.959000	59.832335
28.204497	5.960000	59.842376
28.195185	5.961000	59.852417
28.185872	5.962000	59.862457
28.176557	5.963000	59.872498
28.167241	5.964000	59.882539
28.157923	5.965000	59.892579
28.148604	5.966000	59.902620
28.139284	5.967000	59.912661
28.129962	5.968000	59.922701
28.120639	5.969000	59.932742
28.111315	5.970000	59.942783
28.101989	5.971000	59.952823
28.092662	5.972000	59.962864
28.083333	5.973000	59.972905
28.074003	5.974000	59.982945
28.064672	5.975000	59.992986
28.055339	5.976000	60.003027
28.046005	5.977000	60.013067
28.036669	5.978000	60.023108
28.027332	5.979000	60.033149
28.017994	5.980000	60.043189
28.008654	5.981000	60.053230
27.999313	5.982000	60.063271
27.989970	5.983000	60.073311
27.980627	5.984000	60.083352
27.971281	5.985000	60.093393
27.961934	5.986000	60.103433
27.952586	5.987000	60.113474
27.943237	5.988000	60.123515
27.933886	5.989000	60.133555
27.924534	5.990000	60.143596
27.915180	5.991000	60.153637
27.905825	5.992000	60.163677
27.896468	5.993000	60.173718
27.887110	5.994000	60.183759
27.877751	5.995000	60.193799
27.868390	5.996000	60.203840
27.859028	5.997000	60.213881
27.849665	5.998000	60.223921
27.840300	5.999000	60.233962
27.830933	6.000000	60.244003
27.821566	6.001000	60.254043
27.812197	6.002000	60.264084
27.802826	6.003000	60.274125
27.793454	6.004000	60.284165
27.784081	6.005000	60.294206
27.774706	6.006000	60.304247
27.765330	6.007000	60.314287
27.755952	6.008000	60.324328
27.746573	6.009000	60.334369
27.737193	6.010000	60.344409
27.727811	6.011000	60.354450
27.718427	6.012000	60.364491
27.709043	6.013000	60.374531
27.699657	6.014000	60.384572
27.690269	6.015000	60.394613
27.680880	6.016000	60.404653
27.671490	6.017000	60.414694
27.662098	6.018000	60.424735
27.652705	6.019000	60.434775
27.643310	6.020000	60.444816
27.633914	6.021000	60.454857
27.624517	6.022000	60.464897
27.615118	6.023000	60.474938
27.605718	6.024000	60.484979
27.596316	6.025000	60.495019
27.586913	6.026000	60.505060
27.577508	6.027000	60.515101
27.568102	6.028000	60.525141
27.558695	6.029000	60.535182
27.549286	6.030000	60.545223
27.539876	6.031000	60.555263
27.530464	6.032000	60.565304
27.521051	6.033000	60.575345
27.511636	6.034000	60.585385
27.502220	6.035000	60.595426
27.492803	6.036000	60.605467
27.483384	6.037000	60.615507
27.473964	6.038000	60.625548
27.464542	6.039000	60.635589
27.455119	6.040000	60.645629
27.445694	6.041000	60.655670
27.436268	6.042000	60.665711
27.426841	6.043000	60.675751
27.417412	6.044000	60.685792
27.407982	6.045000	60.695833
27.398550	6.046000	60.705873
27.389117	6.047000	60.715914
27.379682	6.048000	60.725955
27.370246	6.049000	60.735995
27.360808	6.050000	60.746036
27.351369	6.051000	60.756077
27.341929	6.052000	60.766117
27.332487	6.053000	60.776158
27.323044	6.054000	60.786199
27.313599	6.055000	60.796239
27.304153	6.056000	60.806280
27.294705	6.057000	60.816321
27.285256	6.058000	60.826361
27.275806	6.059000	60.836402
27.266354	6.060000	60.846443
27.256900	6.061000	60.856483
27.247445	6.062000	60.866524
27.237989	6.063000	60.876565
27.228531	6.064000	60.886605
27.219072	6.065000	60.896646
27.209611	6.066000	60.906687
27.200149	6.067000	60.916727
27.190686	6.068000	60.926768
27.181221	6.069000	60.936809
27.171754	6.070000	60.946849
27.162286	6.071000	60.956890
27.152817	6.072000	60.966931
27.143346	6.073000	60.976971
27.133873	6.074000	60.987012
27.124400	6.075000	60.997053
27.114924	6.076000	61.007093
27.105448	6.077000	61.017134
27.095970	6.078000	61.027175
27.086490	6.079000	61.037215
27.077009	6.080000	61.047256
27.067526	6.081000	61.057297
27.058042	6.082000	61.067337
27.048557	6.083000	61.077378
27.039070	6.084000	61.087419
27.029581	6.085000	61.097459
27.020092	6.086000	61.107500
27.010600	6.087000	61.117541
27.001107	6.088000	61.127581
26.991613	6.089000	61.137622
26.982117	6.090000	61.147663
26.972620	6.091000	61.157703
26.963121	6.092000	61.167744
26.953621	6.093000	61.177785
26.944120	6.094000	61.187825
26.934616	6.095000	61.197866
26.925112	6.096000	61.207907
26.915606	6.097000	61.217947
26.906098	6.098000	61.227988
26.896589	6.099000	61.238029
26.887079	6.100000	61.248069
26.877567	6.101000	61.258110
26.868053	6.102000	61.268151
26.858538	6.103000	61.278191
26.849022	6.104000	61.288232
26.839504	6.105000	61.298273
26.829985	6.106000	61.308313
26.820464	6.107000	61.318354
26.810941	6.108000	61.328395
26.801417	6.109000	61.338435
26.791892	6.110000	61.348476
26.782365	6.111000	61.358517
26.772837	6.112000	61.368557
26.763307	6.113000	61.378598
26.753776	6.114000	61.388639
26.744243	6.115000	61.398679
26.734709	6.116000	61.408720
26.725173	6.117000	61.418761
26.715636	6.118000	61.428801
26.706097	6.119000	61.438842
26.696557	6.120000	61.448883
26.687015	6.121000	61.458923
26.677472	6.122000	61.468964
26.667927	6.123000	61.479005
26.658381	6.124000	61.489045
26.648834	6.125000	61.499086
26.639284	6.126000	61.509127
26.629734	6.127000	61.519167
26.620181	6.128000	61.529208
26.610628	6.129000	61.539249
26.601073	6.130000	61.549289
26.591516	6.131000	61.559330
26.581958	6.132000	61.569371
26.572398	6.133000	61.579411
26.562837	6.134000	61.589452
26.553274	6.135000	61.599493
26.543710	6.136000	61.609533
26.534144	6.137000	61.619574
26.524577	6.138000	61.629615
26.515008	6.139000	61.639655
26.505438	6.140000	61.649696
26.495866	6.141000	61.659737
26.486293	6.142000	61.669777
26.476718	6.143000	61.679818
26.467142	6.144000	61.689859
26.457564	6.145000	61.699899
26.447985	6.146000	61.709940
26.438404	6.147000	61.719981
26.428822	6.148000	61.730021
26.419238	6.149000	61.740062
26.409653	6.150000	61.750103
26.400066	6.151000	61.760143
26.390477	6.152000	61.770184
26.380887	6.153000	61.780225
26.371296	6.154000	61.790265
26.361703	6.155000	61.800306
26.352108	6.156000	61.810347
26.342512	6.157000	61.820387
26.332915	6.158000	61.830428
26.323316	6.159000	61.840469
26.313715	6.160000	61.850509
26.304113	6.161000	61.860550
26.294510	6.162000	61.870591
26.284905	6.163000	61.880631
26.275298	6.164000	61.890672
26.265690	6.165000	61.900713
26.256080	6.166000	61.910753
26.246469	6.167000	61.920794
26.236856	6.168000	61.930835
26.227242	6.169000	61.940875
26.217626	6.170000	61.950916
26.208008	6.171000	61.960957
26.198389	6.172000	61.970997
26.188769	6.173000	61.981038
26.179147	6.174000	61.991079
26.169523	6.175000	62.001119
26.159898	6.176000	62.011160
26.150272	6.177000	62.021201
26.140644	6.178000	62.031241
26.131014	6.179000	62.041282
26.121383	6.180000	62.051323
26.111750	6.181000	62.061363
26.102116	6.182000	62.071404
26.092480	6.183000	62.081445
26.082843	6.184000	62.091485
26.073204	6.185000	62.101526
26.063563	6.186000	62.111567
26.053921	6.187000	62.121607
26.044278	6.188000	62.131648
26.034632	6.189000	62.141689
26.024986	6.190000	62.151729
26.015338	6.191000	62.161770
26.005688	6.192000	62.171811
25.996037	6.193000	62.181851
25.986384	6.194000	62.191892
25.976729	6.195000	62.201933
25.967073	6.196000	62.211973
25.957416	6.197000	62.222014
25.947757	6.198000	62.232055
25.938096	6.199000	62.242095
25.928434	6.200000	62.252136
25.918770	6.201000	62.262177
25.909105	6.202000	62.272217
25.899438	6.203000	62.282258
25.889770	6.204000	62.292299
25.880100	6.205000	62.302339
25.870428	6.206000	62.312380
25.860755	6.207000	62.322421
25.851080	6.208000	62.332461
25.841404	6.209000	62.342502
25.831726	6.210000	62.352543
25.822047	6.211000	62.362583
25.812366	6.212000	62.372624
25.802683	6.213000	62.382665
25.792999	6.214000	62.392705
25.783314	6.215000	62.402746
25.773627	6.216000	62.412787
25.763938	6.217000	62.422827
25.754247	6.218000	62.432868
25.744555	6.219000	62.442909
25.734862	6.220000	62.452949
25.725167	6.221000	62.462990
25.715470	6.222000	62.473031
25.705772	6.223000	62.483071
25.696072	6.224000	62.493112
25.686371	6.225000	62.503153
25.676668	6.226000	62.513193
25.666963	6.227000	62.523234
25.657257	6.228000	62.533275
25.647550	6.229000	62.543315
25.637840	6.230000	62.553356
25.628129	6.231000	62.563397
25.618417	6.232000	62.573437
25.608703	6.233000	62.583478
25.598987	6.234000	62.593519
25.589270	6.235000	62.603559
25.579551	6.236000	62.613600
25.569831	6.237000	62.623641
25.560109	6.238000	62.633681
25.550386	6.239000	62.643722
25.540660	6.240000	62.653763
25.530934	6.241000	62.663803
25.521205	6.242000	62.673844
25.511475	6.243000	62.683885
25.501744	6.244000	62.693925
25.492011	6.245000	62.703966
25.482276	6.246000	62.714007
25.472540	6.247000	62.724047
25.462802	6.248000	62.734088
25.453062	6.249000	62.744129
25.443321	6.250000	62.754169
25.433579	6.251000	62.764210
25.423834	6.252000	62.774251
25.414088	6.253000	62.784291
25.404341	6.254000	62.794332
25.394592	6.255000	62.804373
25.384841	6.256000	62.814413
25.375089	6.257000	62.824454
25.365335	6.258000	62.834495
25.355579	6.259000	62.844535
25.345822	6.260000	62.854576
25.336064	6.261000	62.864617
25.326303	6.262000	62.874657
25.316541	6.263000	62.884698
25.306778	6.264000	62.894739
25.297012	6.265000	62.904779
25.287246	6.266000	62.914820
25.277477	6.267000	62.924861
25.267707	6.268000	62.934901
25.257936	6.269000	62.944942
25.248162	6.270000	62.954983
25.238387	6.271000	62.965023
25.228611	6.272000	62.975064
25.218833	6.273000	62.985105
25.209053	6.274000	62.995145
25.199272	6.275000	63.005186
25.189489	6.276000	63.015227
25.179704	6.277000	63.025267
25.169918	6.278000	63.035308
25.160130	6.279000	63.045349
25.150341	6.280000	63.055389
25.140549	6.281000	63.065430
25.130757	6.282000	63.075471
25.120962	6.283000	63.085511
25.111166	6.284000	63.095552
25.101369	6.285000	63.105593
25.091569	6.286000	63.115633
25.081769	6.287000	63.125674
25.071966	6.288000	63.135715
25.062162	6.289000	63.145755
25.052356	6.290000	63.155796
25.042549	6.291000	63.165837
25.032740	6.292000	63.175877
25.022929	6.293000	63.185918
25.013117	6.294000	63.195959
25.003303	6.295000	63.205999
24.993487	6.296000	63.216040
24.983670	6.297000	63.226081
24.973851	6.298000	63.236121
24.964030	6.299000	63.246162
24.954208	6.300000	63.256203
24.944384	6.301000	63.266243
24.934559	6.302000	63.276284
24.924732	6.303000	63.286325
24.914903	6.304000	63.296365
24.905072	6.305000	63.306406
24.895240	6.306000	63.316447
24.885407	6.307000	63.326487
24.875571	6.308000	63.336528
24.865734	6.309000	63.346569
24.855896	6.310000	63.356609
24.846055	6.311000	63.366650
24.836213	6.312000	63.376691
24.826370	6.313000	63.386731
24.816524	6.314000	63.396772
24.806677	6.315000	63.406813
24.796829	6.316000	63.416853
24.786978	6.317000	63.426894
24.777126	6.318000	63.436935
24.767273	6.319000	63.446975
24.757417	6.320000	63.457016
24.747561	6.321000	63.467057
24.737702	6.322000	63.477097
24.727842	6.323000	63.487138
24.717980	6.324000	63.497179
24.708116	6.325000	63.507219
24.698251	6.326000	63.517260
24.688384	6.327000	63.527301
24.678515	6.328000	63.537341
24.668645	6.329000	63.547382
24.658773	6.330000	63.557423
24.648899	6.331000	63.567463
24.639024	6.332000	63.577504
24.629147	6.333000	63.587545
24.619269	6.334000	63.597585
24.609388	6.335000	63.607626
24.599506	6.336000	63.617667
24.589622	6.337000	63.627707
24.579737	6.338000	63.637748
24.569850	6.339000	63.647789
24.559961	6.340000	63.657829
24.550071	6.341000	63.667870
24.540179	6.342000	63.677911
24.530285	6.343000	63.687951
24.520390	6.344000	63.697992
24.510492	6.345000	63.708033
24.500594	6.346000	63.718073
24.490693	6.347000	63.728114
24.480791	6.348000	63.738155
24.470887	6.349000	63.748195
24.460981	6.350000	63.758236
24.451074	6.351000	63.768277
24.441165	6.352000	63.778317
24.431254	6.353000	63.788358
24.421342	6.354000	63.798399
24.411428	6.355000	63.808439
24.401512	6.356000	63.818480
24.391594	6.357000	63.828521
24.381675	6.358000	63.838561
24.371754	6.359000	63.848602
24.361832	6.360000	63.858643
24.351908	6.361000	63.868683
24.341982	6.362000	63.878724
24.332054	6.363000	63.888765
24.322124	6.364000	63.898805
24.312193	6.365000	63.908846
24.302261	6.366000	63.918887
24.292326	6.367000	63.928927
24.282390	6.368000	63.938968
24.272452	6.369000	63.949009
24.262512	6.370000	63.959049
24.252571	6.371000	63.969090
24.242628	6.372000	63.979131
24.232683	6.373000	63.989171
24.222736	6.374000	63.999212
24.212788	6.375000	64.009253
24.202838	6.376000	64.019293
24.192886	6.377000	64.029334
24.182933	6.378000	64.039375
24.172978	6.379000	64.049415
24.163021	6.380000	64.059456
24.153063	6.381000	64.069497
24.143102	6.382000	64.079537
24.133140	6.383000	64.089578
24.123177	6.384000	64.099619
24.113211	6.385000	64.109659
24.103244	6.386000	64.119700
24.093275	6.387000	64.129741
24.083304	6.388000	64.139781
24.073332	6.389000	64.149822
24.063358	6.390000	64.159863
24.053382	6.391000	64.169903
24.043404	6.392000	64.179944
24.033425	6.393000	64.189985
24.023444	6.394000	64.200025
24.013461	6.395000	64.210066
24.003477	6.396000	64.220107
23.993491	6.397000	64.230147
23.983503	6.398000	64.240188
23.973513	6.399000	64.250229
23.963521	6.400000	64.260269
23.953528	6.401000	64.270310
23.943533	6.402000	64.280351
23.933536	6.403000	64.290391
23.923538	6.404000	64.300432
23.913538	6.405000	64.310473
23.903536	6.406000	64.320513
23.893532	6.407000	64.330554
23.883526	6.408000	64.340595
23.873519	6.409000	64.350635
23.863510	6.410000	64.360676
23.853500	6.411000	64.370717
23.843487	6.412000	64.380757
23.833473	6.413000	64.390798
23.823457	6.414000	64.400839
23.813439	6.415000	64.410879
23.803420	6.416000	64.420920
23.793398	6.417000	64.430961
23.783375	6.418000	64.441001
23.773350	6.419000	64.451042
23.763324	6.420000	64.461083
23.753296	6.421000	64.471123
23.743265	6.422000	64.481164
23.733234	6.423000	64.491205
23.723200	6.424000	64.501245
23.713165	6.425000	64.511286
23.703127	6.426000	64.521327
23.693088	6.427000	64.531367
23.683048	6.428000	64.541408
23.673005	6.429000	64.551449
23.662961	6.430000	64.561489
23.652915	6.431000	64.571530
23.642867	6.432000	64.581571
23.632818	6.433000	64.591611
23.622766	6.434000	64.601652
23.612713	6.435000	64.611693
23.602658	6.436000	64.621733
23.592601	6.437000	64.631774
23.582543	6.438000	64.641815
23.572483	6.439000	64.651855
23.562421	6.440000	64.661896
23.552357	6.441000	64.671937
23.542291	6.442000	64.681977
23.532224	6.443000	64.692018
23.522154	6.444000	64.702059
23.512083	6.445000	64.712099
23.502011	6.446000	64.722140
23.491936	6.447000	64.732181
23.481860	6.448000	64.742221
23.471781	6.449000	64.752262
23.461701	6.450000	64.762303
23.451620	6.451000	64.772343
23.441536	6.452000	64.782384
23.431451	6.453000	64.792425
23.421364	6.454000	64.802465
23.411275	6.455000	64.812506
23.401184	6.456000	64.822547
23.391091	6.457000	64.832587
23.380997	6.458000	64.842628
23.370901	6.459000	64.852669
23.360803	6.460000	64.862709
23.350703	6.461000	64.872750
23.340601	6.462000	64.882791
23.330498	6.463000	64.892831
23.320392	6.464000	64.902872
23.310285	6.465000	64.912913
23.300177	6.466000	64.922953
23.290066	6.467000	64.932994
23.279953	6.468000	64.943035
23.269839	6.469000	64.953075
23.259723	6.470000	64.963116
23.249605	6.471000	64.973157
23.239485	6.472000	64.983197
23.229363	6.473000	64.993238
23.219240	6.474000	65.003279
23.209115	6.475000	65.013319
23.198988	6.476000	65.023360
23.188859	6.477000	65.033401
23.178728	6.478000	65.043441
23.168595	6.479000	65.053482
23.158461	6.480000	65.063523
23.148325	6.481000	65.073563
23.138187	6.482000	65.083604
23.128047	6.483000	65.093645
23.117905	6.484000	65.103685
23.107762	6.485000	65.113726
23.097616	6.486000	65.123767
23.087469	6.487000	65.133807
23.077320	6.488000	65.143848
23.067169	6.489000	65.153889
23.057016	6.490000	65.163929
23.046862	6.491000	65.173970
23.036705	6.492000	65.184011
23.026547	6.493000	65.194051
23.016387	6.494000	65.204092
23.006225	6.495000	65.214133
22.996061	6.496000	65.224173
22.985895	6.497000	65.234214
22.975728	6.498000	65.244255
22.965558	6.499000	65.254295
22.955387	6.500000	65.264336
22.945214	6.501000	65.274377
22.935039	6.502000	65.284417
22.924862	6.503000	65.294458
22.914683	6.504000	65.304499
22.904503	6.505000	65.314539
22.894320	6.506000	65.324580
22.884136	6.507000	65.334621
22.873950	6.508000	65.344661
22.863762	6.509000	65.354702
22.853572	6.510000	65.364743
22.843380	6.511000	65.374783
22.833187	6.512000	65.384824
22.822991	6.513000	65.394865
22.812794	6.514000	65.404905
22.802595	6.515000	65.414946
22.792394	6.516000	65.424987
22.782191	6.517000	65.435027
22.771986	6.518000	65.445068
22.761779	6.519000	65.455109
22.751571	6.520000	65.465149
22.741360	6.521000	65.475190
22.731148	6.522000	65.485231
22.720934	6.523000	65.495271
22.710718	6.524000	65.505312
22.700500	6.525000	65.515353
22.690280	6.526000	65.525393
22.680058	6.527000	65.535434
22.669834	6.528000	65.545475
22.659609	6.529000	65.555515
22.649381	6.530000	65.565556
22.639152	6.531000	65.575597
22.628921	6.532000	65.585637
22.618688	6.533000	65.595678
22.608453	6.534000	65.605719
22.598216	6.535000	65.615759
22.587977	6.536000	65.625800
22.577736	6.537000	65.635841
22.567494	6.538000	65.645881
22.557249	6.539000	65.655922
22.547003	6.540000	65.665963
22.536754	6.541000	65.676003
22.526504	6.542000	65.686044
22.516252	6.543000	65.696085
22.505998	6.544000	65.706125
22.495742	6.545000	65.716166
22.485484	6.546000	65.726207
22.475225	6.547000	65.736247
22.464963	6.548000	65.746288
22.454699	6.549000	65.756329
22.444434	6.550000	65.766369
22.434166	6.551000	65.776410
22.423897	6.552000	65.786451
22.413626	6.553000	65.796491
22.403353	6.554000	65.806532
22.393078	6.555000	65.816573
22.382801	6.556000	65.826613
22.372522	6.557000	65.836654
22.362241	6.558000	65.846695
22.351958	6.559000	65.856735
22.341673	6.560000	65.866776
22.331387	6.561000	65.876817
22.321098	6.562000	65.886857
22.310808	6.563000	65.896898
22.300515	6.564000	65.906939
22.290221	6.565000	65.916979
22.279924	6.566000	65.927020
22.269626	6.567000	65.937061
22.259326	6.568000	65.947101
22.249024	6.569000	65.957142
22.238720	6.570000	65.967183
22.228414	6.571000	65.977223
22.218106	6.572000	65.987264
22.207796	6.573000	65.997305
22.197484	6.574000	66.007345
22.187170	6.575000	66.017386
22.176854	6.576000	66.027427
22.166537	6.577000	66.037467
22.156217	6.578000	66.047508
22.145896	6.579000	66.057549
22.135572	6.580000	66.067589
22.125246	6.581000	66.077630
22.114919	6.582000	66.087671
22.104590	6.583000	66.097711
22.094258	6.584000	66.107752
22.083925	6.585000	66.117793
22.073590	6.586000	66.127833
22.063252	6.587000	66.137874
22.052913	6.588000	66.147915
22.042572	6.589000	66.157955
22.032229	6.590000	66.167996
22.021883	6.591000	66.178037
22.011536	6.592000	66.188077
22.001187	6.593000	66.198118
21.990836	6.594000	66.208159
21.980483	6.595000	66.218199
21.970128	6.596000	66.228240
21.959771	6.597000	66.238281
21.949412	6.598000	66.248321
21.939051	6.599000	66.258362
21.928688	6.600000	66.268403
21.918324	6.601000	66.278443
21.907957	6.602000	66.288484
21.897588	6.603000	66.298525
21.887217	6.604000	66.308565
21.876844	6.605000	66.318606
21.866469	6.606000	66.328647
21.856092	6.607000	66.338687
21.845714	6.608000	66.348728
21.835333	6.609000	66.358769
21.824950	6.610000	66.368809
21.814565	6.611000	66.378850
21.804178	6.612000	66.388891
21.793790	6.613000	66.398931
21.783399	6.614000	66.408972
21.773006	6.615000	66.419013
21.762611	6.616000	66.429053
21.752214	6.617000	66.439094
21.741815	6.618000	66.449135
21.731415	6.619000	66.459175
21.721012	6.620000	66.469216
21.710607	6.621000	66.479257
21.700200	6.622000	66.489297
21.689791	6.623000	66.499338
21.679380	6.624000	66.509379
21.668967	6.625000	66.519420
21.658553	6.626000	66.529460
21.648136	6.627000	66.539501
21.637717	6.628000	66.549542
21.627296	6.629000	66.559582
21.616873	6.630000	66.569623
21.606448	6.631000	66.579664
21.596021	6.632000	66.589704
21.585592	6.633000	66.599745
21.575160	6.634000	66.609786
21.564727	6.635000	66.619826
21.554292	6.636000	66.629867
21.543855	6.637000	66.639908
21.533416	6.638000	66.649948
21.522974	6.639000	66.659989
21.512531	6.640000	66.670030
21.502086	6.641000	66.680070
21.491638	6.642000	66.690111
21.481189	6.643000	66.700152
21.470737	6.644000	66.710192
21.460284	6.645000	66.720233
21.449828	6.646000	66.730274
21.439371	6.647000	66.740314
21.428911	6.648000	66.750355
21.418449	6.649000	66.760396
21.407986	6.650000	66.770436
21.397520	6.651000	66.780477
21.387052	6.652000	66.790518
21.376582	6.653000	66.800558
21.366110	6.654000	66.810599
21.355636	6.655000	66.820640
21.345160	6.656000	66.830680
21.334682	6.657000	66.840721
21.324201	6.658000	66.850762
21.313719	6.659000	66.860802
21.303235	6.660000	66.870843
21.292748	6.661000	66.880884
21.282260	6.662000	66.890924
21.271769	6.663000	66.900965
21.261277	6.664000	66.911006
21.250782	6.665000	66.921046
21.240285	6.666000	66.931087
21.229786	6.667000	66.941128
21.219285	6.668000	66.951168
21.208782	6.669000	66.961209
21.198277	6.670000	66.971250
21.187770	6.671000	66.981290
21.177261	6.672000	66.991331
21.166749	6.673000	67.001372
21.156236	6.674000	67.011412
21.145720	6.675000	67.021453
21.135203	6.676000	67.031494
21.124683	6.677000	67.041534
21.114161	6.678000	67.051575
21.103637	6.679000	67.061616
21.093111	6.680000	67.071656
21.082583	6.681000	67.081697
21.072053	6.682000	67.091738
21.061520	6.683000	67.101778
21.050986	6.684000	67.111819
21.040449	6.685000	67.121860
21.029911	6.686000	67.131900
21.019370	6.687000	67.141941
21.008827	6.688000	67.151982
20.998282	6.689000	67.162022
20.987735	6.690000	67.172063
20.977186	6.691000	67.182104
20.966635	6.692000	67.192144
20.956081	6.693000	67.202185
20.945526	6.694000	67.212226
20.934968	6.695000	67.222266
20.924408	6.696000	67.232307
20.913846	6.697000	67.242348
20.903282	6.698000	67.252388
20.892716	6.699000	67.262429
20.882148	6.700000	67.272470
20.871577	6.701000	67.282510
20.861005	6.702000	67.292551
20.850430	6.703000	67.302592
20.839853	6.704000	67.312632
20.829274	6.705000	67.322673
20.818693	6.706000	67.332714
20.808110	6.707000	67.342754
20.797525	6.708000	67.352795
20.786937	6.709000	67.362836
20.776347	6.710000	67.372876
20.765756	6.711000	67.382917
20.755162	6.712000	67.392958
20.744566	6.713000	67.402998
20.733967	6.714000	67.413039
20.723367	6.715000	67.423080
20.712764	6.716000	67.433120
20.702160	6.717000	67.443161
20.691553	6.718000	67.453202
20.680944	6.719000	67.463242
20.670332	6.720000	67.473283
20.659719	6.721000	67.483324
20.649104	6.722000	67.493364
20.638486	6.723000	67.503405
20.627866	6.724000	67.513446
20.617244	6.725000	67.523486
20.606620	6.726000	67.533527
20.595993	6.727000	67.543568
20.585365	6.728000	67.553608
20.574734	6.729000	67.563649
20.564101	6.730000	67.573690
20.553466	6.731000	67.583730
20.542829	6.732000	67.593771
20.532189	6.733000	67.603812
20.521548	6.734000	67.613852
20.510904	6.735000	67.623893
20.500258	6.736000	67.633934
20.489610	6.737000	67.643974
20.478959	6.738000	67.654015
20.468307	6.739000	67.664056
20.457652	6.740000	67.674096
20.446995	6.741000	67.684137
20.436336	6.742000	67.694178
20.425674	6.743000	67.704218
20.415011	6.744000	67.714259
20.404345	6.745000	67.724300
20.393677	6.746000	67.734340
20.383007	6.747000	67.744381
20.372335	6.748000	67.754422
20.361660	6.749000	67.764462
20.350983	6.750000	67.774503
20.340304	6.751000	67.784544
20.329623	6.752000	67.794584
20.318939	6.753000	67.804625
20.308254	6.754000	67.814666
20.297566	6.755000	67.824706
20.286876	6.756000	67.834747
20.276183	6.757000	67.844788
20.265489	6.758000	67.854828
20.254792	6.759000	67.864869
20.244093	6.760000	67.874910
20.233392	6.761000	67.884950
20.222688	6.762000	67.894991
20.211983	6.763000	67.905032
20.201275	6.764000	67.915072
20.190564	6.765000	67.925113
20.179852	6.766000	67.935154
20.169137	6.767000	67.945194
20.158420	6.768000	67.955235
20.147701	6.769000	67.965276
20.136980	6.770000	67.975316
20.126256	6.771000	67.985357
20.115531	6.772000	67.995398
20.104804	6.773000	68.005438
20.094074	6.774000	68.015479
20.083343	6.775000	68.025520
20.072609	6.776000	68.035560
20.061873	6.777000	68.045601
20.051136	6.778000	68.055642
20.040396	6.779000	68.065682
20.029654	6.780000	68.075723
20.018911	6.781000	68.085764
20.008165	6.782000	68.095804
19.997417	6.783000	68.105845
19.986667	6.784000	68.115886
19.975915	6.785000	68.125926
19.965162	6.786000	68.135967
19.954406	6.787000	68.146008
19.943648	6.788000	68.156048
19.932888	6.789000	68.166089
19.922126	6.790000	68.176130
19.911362	6.791000	68.186170
19.900596	6.792000	68.196211
19.889828	6.793000	68.206252
19.879058	6.794000	68.216292
19.868285	6.795000	68.226333
19.857511	6.796000	68.236374
19.846735	6.797000	68.246414
19.835957	6.798000	68.256455
19.825177	6.799000	68.266496
19.814394	6.800000	68.276536
19.803610	6.801000	68.286577
19.792823	6.802000	68.296618
19.782035	6.803000	68.306658
19.771245	6.804000	68.316699
19.760452	6.805000	68.326740
19.749657	6.806000	68.336780
19.738861	6.807000	68.346821
19.728062	6.808000	68.356862
19.717261	6.809000	68.366902
19.706459	6.810000	68.376943
19.695654	6.811000	68.386984
19.684847	6.812000	68.397024
19.674038	6.813000	68.407065
19.663227	6.814000	68.417106
19.652414	6.815000	68.427146
19.641599	6.816000	68.437187
19.630782	6.817000	68.447228
19.619962	6.818000	68.457268
19.609141	6.819000	68.467309
19.598318	6.820000	68.477350
19.587492	6.821000	68.487390
19.576665	6.822000	68.497431
19.565835	6.823000	68.507472
19.555004	6.824000	68.517512
19.544170	6.825000	68.527553
19.533334	6.826000	68.537594
19.522497	6.827000	68.547634
19.511657	6.828000	68.557675
19.500815	6.829000	68.567716
19.489971	6.830000	68.577756
19.479125	6.831000	68.587797
19.468276	6.832000	68.597838
19.457426	6.833000	68.607878
19.446574	6.834000	68.617919
19.435719	6.835000	68.627960
19.424863	6.836000	68.638000
19.414004	6.837000	68.648041
19.403144	6.838000	68.658082
19.392281	6.839000	68.668122
19.381416	6.840000	68.678163
19.370549	6.841000	68.688204
19.359680	6.842000	68.698244
19.348809	6.843000	68.708285
19.337936	6.844000	68.718326
19.327061	6.845000	68.728366
19.316183	6.846000	68.738407
19.305304	6.847000	68.748448
19.294422	6.848000	68.758488
19.283539	6.849000	68.768529
19.272653	6.850000	68.778570
19.261765	6.851000	68.788610
19.250875	6.852000	68.798651
19.239983	6.853000	68.808692
19.229089	6.854000	68.818732
19.218193	6.855000	68.828773
19.207294	6.856000	68.838814
19.196394	6.857000	68.848854
19.185491	6.858000	68.858895
19.174587	6.859000	68.868936
19.163680	6.860000	68.878976
19.152771	6.861000	68.889017
19.141860	6.862000	68.899058
19.130947	6.863000	68.909098
19.120032	6.864000	68.919139
19.109115	6.865000	68.929180
19.098195	6.866000	68.939220
19.087274	6.867000	68.949261
19.076350	6.868000	68.959302
19.065424	6.869000	68.969342
19.054496	6.870000	68.979383
19.043566	6.871000	68.989424
19.032634	6.872000	68.999464
19.021700	6.873000	69.009505
19.010763	6.874000	69.019546
18.999825	6.875000	69.029586
18.988884	6.876000	69.039627
18.977941	6.877000	69.049668
18.966996	6.878000	69.059708
18.956049	6.879000	69.069749
18.945100	6.880000	69.079790
18.934149	6.881000	69.089830
18.923195	6.882000	69.099871
18.912240	6.883000	69.109912
18.901282	6.884000	69.119952
18.890322	6.885000	69.129993
18.879360	6.886000	69.140034
18.868396	6.887000	69.150074
18.857430	6.888000	69.160115
18.846461	6.889000	69.170156
18.835491	6.890000	69.180196
18.824518	6.891000	69.190237
18.813543	6.892000	69.200278
18.802566	6.893000	69.210318
18.791587	6.894000	69.220359
18.780606	6.895000	69.230400
18.769622	6.896000	69.240440
18.758637	6.897000	69.250481
18.747649	6.898000	69.260522
18.736659	6.899000	69.270562
18.725667	6.900000	69.280603
18.714673	6.901000	69.290644
18.703676	6.902000	69.300684
18.692678	6.903000	69.310725
18.681677	6.904000	69.320766
18.670674	6.905000	69.330806
18.659669	6.906000	69.340847
18.648662	6.907000	69.350888
18.637652	6.908000	69.360928
18.626641	6.909000	69.370969
18.615627	6.910000	69.381010
18.604611	6.911000	69.391050
18.593593	6.912000	69.401091
18.582573	6.913000	69.411132
18.571551	6.914000	69.421172
18.560526	6.915000	69.431213
18.549499	6.916000	69.441254
18.538470	6.917000	69.451294
18.527439	6.918000	69.461335
18.516406	6.919000	69.471376
18.505370	6.920000	69.481416
18.494333	6.921000	69.491457
18.483293	6.922000	69.501498
18.472251	6.923000	69.511538
18.461207	6.924000	69.521579
18.450160	6.925000	69.531620
18.439112	6.926000	69.541660
18.428061	6.927000	69.551701
18.417008	6.928000	69.561742
18.405953	6.929000	69.571782
18.394895	6.930000	69.581823
18.383836	6.931000	69.591864
18.372774	6.932000	69.601904
18.361710	6.933000	69.611945
18.350644	6.934000	69.621986
18.339576	6.935000	69.632026
18.328505	6.936000	69.642067
18.317432	6.937000	69.652108
18.306357	6.938000	69.662148
18.295280	6.939000	69.672189
18.284201	6.940000	69.682230
18.273119	6.941000	69.692270
18.262035	6.942000	69.702311
18.250949	6.943000	69.712352
18.239861	6.944000	69.722392
18.228771	6.945000	69.732433
18.217678	6.946000	69.742474
18.206583	6.947000	69.752514
18.195486	6.948000	69.762555
18.184387	6.949000	69.772596
18.173285	6.950000	69.782636
18.162182	6.951000	69.792677
18.151076	6.952000	69.802718
18.139967	6.953000	69.812758
18.128857	6.954000	69.822799
18.117744	6.955000	69.832840
18.106629	6.956000	69.842880
18.095512	6.957000	69.852921
18.084393	6.958000	69.862962
18.073272	6.959000	69.873002
18.062148	6.960000	69.883043
18.051022	6.961000	69.893084
18.039893	6.962000	69.903124
18.028763	6.963000	69.913165
18.017630	6.964000	69.923206
18.006495	6.965000	69.933246
17.995358	6.966000	69.943287
17.984219	6.967000	69.953328
17.973077	6.968000	69.963368
17.961933	6.969000	69.973409
17.950787	6.970000	69.983450
17.939638	6.971000	69.993490
17.928488	6.972000	70.003531
17.917335	6.973000	70.013572
17.906180	6.974000	70.023612
17.895022	6.975000	70.033653
17.883862	6.976000	70.043694
17.872700	6.977000	70.053734
17.861536	6.978000	70.063775
17.850370	6.979000	70.073816
17.839201	6.980000	70.083856
17.828030	6.981000	70.093897
17.816857	6.982000	70.103938
17.805681	6.983000	70.113978
17.794504	6.984000	70.124019
17.783324	6.985000	70.134060
17.772141	6.986000	70.144100
17.760957	6.987000	70.154141
17.749770	6.988000	70.164182
17.738581	6.989000	70.174222
17.727389	6.990000	70.184263
17.716196	6.991000	70.194304
17.705000	6.992000	70.204344
17.693802	6.993000	70.214385
17.682601	6.994000	70.224426
17.671398	6.995000	70.234466
17.660193	6.996000	70.244507
17.648986	6.997000	70.254548
17.637776	6.998000	70.264588
17.626564	6.999000	70.274629
17.615350	7.000000	70.284670
17.604134	7.001000	70.294710
17.592915	7.002000	70.304751
17.581694	7.003000	70.314792
17.570471	7.004000	70.324832
17.559245	7.005000	70.334873
17.548017	7.006000	70.344914
17.536787	7.007000	70.354954
17.525554	7.008000	70.364995
17.514319	7.009000	70.375036
17.503082	7.010000	70.385076
17.491843	7.011000	70.395117
17.480601	7.012000	70.405158
17.469357	7.013000	70.415198
17.458111	7.014000	70.425239
17.446862	7.015000	70.435280
17.435611	7.016000	70.445320
17.424358	7.017000	70.455361
17.413102	7.018000	70.465402
17.401844	7.019000	70.475442
17.390584	7.020000	70.485483
17.379322	7.021000	70.495524
17.368057	7.022000	70.505564
17.356790	7.023000	70.515605
17.345520	7.024000	70.525646
17.334248	7.025000	70.535686
17.322974	7.026000	70.545727
17.311698	7.027000	70.555768
17.300419	7.028000	70.565808
17.289138	7.029000	70.575849
17.277855	7.030000	70.585890
17.266569	7.031000	70.595930
17.255281	7.032000	70.605971
17.243990	7.033000	70.616012
17.232698	7.034000	70.626052
17.221402	7.035000	70.636093
17.210105	7.036000	70.646134
17.198805	7.037000	70.656174
17.187503	7.038000	70.666215
17.176199	7.039000	70.676256
17.164892	7.040000	70.686296
17.153583	7.041000	70.696337
17.142271	7.042000	70.706378
17.130958	7.043000	70.716418
17.119641	7.044000	70.726459
17.108323	7.045000	70.736500
17.097002	7.046000	70.746540
17.085679	7.047000	70.756581
17.074353	7.048000	70.766622
17.063025	7.049000	70.776662
17.051695	7.050000	70.786703
17.040362	7.051000	70.796744
17.029027	7.052000	70.806784
17.017690	7.053000	70.816825
17.006350	7.054000	70.826866
16.995008	7.055000	70.836906
16.983664	7.056000	70.846947
16.972317	7.057000	70.856988
16.960968	7.058000	70.867028
16.949616	7.059000	70.877069
16.938262	7.060000	70.887110
16.926906	7.061000	70.897150
16.915547	7.062000	70.907191
16.904186	7.063000	70.917232
16.892823	7.064000	70.927272
16.881457	7.065000	70.937313
16.870089	7.066000	70.947354
16.858718	7.067000	70.957394
16.847345	7.068000	70.967435
16.835970	7.069000	70.977476
16.824592	7.070000	70.987516
16.813212	7.071000	70.997557
16.801830	7.072000	71.007598
16.790445	7.073000	71.017638
16.779058	7.074000	71.027679
16.767668	7.075000	71.037720
16.756276	7.076000	71.047760
16.744882	7.077000	71.057801
16.733485	7.078000	71.067842
16.722085	7.079000	71.077882
16.710684	7.080000	71.087923
16.699280	7.081000	71.097964
16.687873	7.082000	71.108004
16.676464	7.083000	71.118045
16.665053	7.084000	71.128086
16.653640	7.085000	71.138126
16.642223	7.086000	71.148167
16.630805	7.087000	71.158208
16.619384	7.088000	71.168248
16.607961	7.089000	71.178289
16.596535	7.090000	71.188330
16.585107	7.091000	71.198370
16.573676	7.092000	71.208411
16.562243	7.093000	71.218452
16.550808	7.094000	71.228492
16.539370	7.095000	71.238533
16.527930	7.096000	71.248574
16.516487	7.097000	71.258614
16.505042	7.098000	71.268655
16.493594	7.099000	71.278696
16.482145	7.100000	71.288736
16.470692	7.101000	71.298777
16.459237	7.102000	71.308818
16.447780	7.103000	71.318858
16.436320	7.104000	71.328899
16.424858	7.105000	71.338940
16.413394	7.106000	71.348980
16.401927	7.107000	71.359021
16.390457	7.108000	71.369062
16.378985	7.109000	71.379102
16.367511	7.110000	71.389143
16.356034	7.111000	71.399184
16.344555	7.112000	71.409224
16.333073	7.113000	71.419265
16.321589	7.114000	71.429306
16.310102	7.115000	71.439346
16.298613	7.116000	71.449387
16.287122	7.117000	71.459428
16.275628	7.118000	71.469468
16.264131	7.119000	71.479509
16.252632	7.120000	71.489550
16.241131	7.121000	71.499590
16.229627	7.122000	71.509631
16.218121	7.123000	71.519672
16.206612	7.124000	71.529712
16.195101	7.125000	71.539753
16.183587	7.126000	71.549794
16.172071	7.127000	71.559834
16.160552	7.128000	71.569875
16.149031	7.129000	71.579916
16.137508	7.130000	71.589956
16.125982	7.131000	71.599997
16.114453	7.132000	71.610038
16.102922	7.133000	71.620078
16.091389	7.134000	71.630119
16.079853	7.135000	71.640160
16.068314	7.136000	71.650200
16.056773	7.137000	71.660241
16.045230	7.138000	71.670282
16.033684	7.139000	71.680322
16.022135	7.140000	71.690363
16.010584	7.141000	71.700404
15.999031	7.142000	71.710444
15.987475	7.143000	71.720485
15.975917	7.144000	71.730526
15.964356	7.145000	71.740566
15.952792	7.146000	71.750607
15.941226	7.147000	71.760648
15.929658	7.148000	71.770688
15.918087	7.149000	71.780729
15.906513	7.150000	71.790770
15.894937	7.151000	71.800810
15.883359	7.152000	71.810851
15.871778	7.153000	71.820892
15.860194	7.154000	71.830932
15.848608	7.155000	71.840973
15.837020	7.156000	71.851014
15.825429	7.157000	71.861054
15.813835	7.158000	71.871095
15.802239	7.159000	71.881136
15.790640	7.160000	71.891176
15.779039	7.161000	71.901217
15.767436	7.162000	71.911258
15.755829	7.163000	71.921298
15.744221	7.164000	71.931339
15.732609	7.165000	71.941380
15.720996	7.166000	71.951420
15.709379	7.167000	71.961461
15.697760	7.168000	71.971502
15.686139	7.169000	71.981542
15.674515	7.170000	71.991583
15.662888	7.171000	72.001624
15.651259	7.172000	72.011664
15.639628	7.173000	72.021705
15.627994	7.174000	72.031746
15.616357	7.175000	72.041786
15.604718	7.176000	72.051827
15.593076	7.177000	72.061868
15.581431	7.178000	72.071908
15.569785	7.179000	72.081949
15.558135	7.180000	72.091990
15.546483	7.181000	72.102030
15.534828	7.182000	72.112071
15.523171	7.183000	72.122112
15.511512	7.184000	72.132152
15.499849	7.185000	72.142193
15.488184	7.186000	72.152234
15.476517	7.187000	72.162274
15.464847	7.188000	72.172315
15.453175	7.189000	72.182356
15.441499	7.190000	72.192396
15.429822	7.191000	72.202437
15.418141	7.192000	72.212478
15.406458	7.193000	72.222518
15.394773	7.194000	72.232559
15.383085	7.195000	72.242600
15.371394	7.196000	72.252640
15.359701	7.197000	72.262681
15.348005	7.198000	72.272722
15.336307	7.199000	72.282762
15.324606	7.200000	72.292803
15.312902	7.201000	72.302844
15.301196	7.202000	72.312884
15.289488	7.203000	72.322925
15.277776	7.204000	72.332966
15.266062	7.205000	72.343006
15.254346	7.206000	72.353047
15.242627	7.207000	72.363088
15.230905	7.208000	72.373128
15.219180	7.209000	72.383169
15.207453	7.210000	72.393210
15.195724	7.211000	72.403250
15.183992	7.212000	72.413291
15.172257	7.213000	72.423332
15.160519	7.214000	72.433372
15.148779	7.215000	72.443413
15.137037	7.216000	72.453454
15.125291	7.217000	72.463494
15.113544	7.218000	72.473535
15.101793	7.219000	72.483576
15.090040	7.220000	72.493616
15.078284	7.221000	72.503657
15.066526	7.222000	72.513698
15.054765	7.223000	72.523738
15.043001	7.224000	72.533779
15.031235	7.225000	72.543820
15.019466	7.226000	72.553860
15.007694	7.227000	72.563901
14.995920	7.228000	72.573942
14.984143	7.229000	72.583982
14.972364	7.230000	72.594023
14.960581	7.231000	72.604064
14.948797	7.232000	72.614104
14.937009	7.233000	72.624145
14.925219	7.234000	72.634186
14.913426	7.235000	72.644226
14.901631	7.236000	72.654267
14.889833	7.237000	72.664308
14.878032	7.238000	72.674348
14.866229	7.239000	72.684389
14.854423	7.240000	72.694430
14.842614	7.241000	72.704470
14.830803	7.242000	72.714511
14.818989	7.243000	72.724552
14.807172	7.244000	72.734592
14.795353	7.245000	72.744633
14.783531	7.246000	72.754674
14.771706	7.247000	72.764714
14.759879	7.248000	72.774755
14.748049	7.249000	72.784796
14.736216	7.250000	72.794836
14.724380	7.251000	72.804877
14.712542	7.252000	72.814918
14.700702	7.253000	72.824958
14.688858	7.254000	72.834999
14.677012	7.255000	72.845040
14.665163	7.256000	72.855080
14.653312	7.257000	72.865121
14.641457	7.258000	72.875162
14.629600	7.259000	72.885202
14.617741	7.260000	72.895243
14.605879	7.261000	72.905284
14.594014	7.262000	72.915324
14.582146	7.263000	72.925365
14.570275	7.264000	72.935406
14.558402	7.265000	72.945446
14.546526	7.266000	72.955487
14.534648	7.267000	72.965528
14.522767	7.268000	72.975568
14.510883	7.269000	72.985609
14.498996	7.270000	72.995650
14.487107	7.271000	73.005690
14.475215	7.272000	73.015731
14.463320	7.273000	73.025772
14.451422	7.274000	73.035812
14.439522	7.275000	73.045853
14.427619	7.276000	73.055894
14.415713	7.277000	73.065934
14.403805	7.278000	73.075975
14.391894	7.279000	73.086016
14.379980	7.280000	73.096056
14.368063	7.281000	73.106097
14.356144	7.282000	73.116138
14.344221	7.283000	73.126178
14.332297	7.284000	73.136219
14.320369	7.285000	73.146260
14.308439	7.286000	73.156300
14.296505	7.287000	73.166341
14.284570	7.288000	73.176382
14.272631	7.289000	73.186422
14.260690	7.290000	73.196463
14.248746	7.291000	73.206504
14.236799	7.292000	73.216544
14.224849	7.293000	73.226585
14.212897	7.294000	73.236626
14.200942	7.295000	73.246666
14.188984	7.296000	73.256707
14.177023	7.297000	73.266748
14.165060	7.298000	73.276788
14.153093	7.299000	73.286829
14.141124	7.300000	73.296870
14.129153	7.301000	73.306910
14.117178	7.302000	73.316951
14.105201	7.303000	73.326992
14.093221	7.304000	73.337032
14.081238	7.305000	73.347073
14.069252	7.306000	73.357114
14.057264	7.307000	73.367154
14.045273	7.308000	73.377195
14.033279	7.309000	73.387236
14.021282	7.310000	73.397276
14.009282	7.311000	73.407317
13.997280	7.312000	73.417358
13.985275	7.313000	73.427398
13.973267	7.314000	73.437439
13.961256	7.315000	73.447480
13.949242	7.316000	73.457520
13.937226	7.317000	73.467561
13.925207	7.318000	73.477602
13.913185	7.319000	73.487642
13.901160	7.320000	73.497683
13.889133	7.321000	73.507724
13.877102	7.322000	73.517764
13.865069	7.323000	73.527805
13.853033	7.324000	73.537846
13.840994	7.325000	73.547886
13.828952	7.326000	73.557927
13.816908	7.327000	73.567968
13.804861	7.328000	73.578008
13.792810	7.329000	73.588049
13.780757	7.330000	73.598090
13.768702	7.331000	73.608130
13.756643	7.332000	73.618171
13.744581	7.333000	73.628212
13.732517	7.334000	73.638252
13.720450	7.335000	73.648293
13.708380	7.336000	73.658334
13.696307	7.337000	73.668374
13.684232	7.338000	73.678415
13.672153	7.339000	73.688456
13.660072	7.340000	73.698496
13.647987	7.341000	73.708537
13.635900	7.342000	73.718578
13.623810	7.343000	73.728618
13.611718	7.344000	73.738659
13.599622	7.345000	73.748700
13.587524	7.346000	73.758740
13.575422	7.347000	73.768781
13.563318	7.348000	73.778822
13.551211	7.349000	73.788862
13.539101	7.350000	73.798903
13.526988	7.351000	73.808944
13.514872	7.352000	73.818984
13.502754	7.353000	73.829025
13.490632	7.354000	73.839066
13.478508	7.355000	73.849106
13.466381	7.356000	73.859147
13.454251	7.357000	73.869188
13.442118	7.358000	73.879228
13.429982	7.359000	73.889269
13.417843	7.360000	73.899310
13.405702	7.361000	73.909350
13.393557	7.362000	73.919391
13.381410	7.363000	73.929432
13.369259	7.364000	73.939472
13.357106	7.365000	73.949513
13.344950	7.366000	73.959554
13.332791	7.367000	73.969594
13.320629	7.368000	73.979635
13.308464	7.369000	73.989676
13.296297	7.370000	73.999716
13.284126	7.371000	74.009757
13.271952	7.372000	74.019798
13.259776	7.373000	74.029838
13.247597	7.374000	74.039879
13.235414	7.375000	74.049920
13.223229	7.376000	74.059960
13.211041	7.377000	74.070001
13.198850	7.378000	74.080042
13.186656	7.379000	74.090082
13.174459	7.380000	74.100123
13.162259	7.381000	74.110164
13.150056	7.382000	74.120204
13.137851	7.383000	74.130245
13.125642	7.384000	74.140286
13.113430	7.385000	74.150326
13.101216	7.386000	74.160367
13.088998	7.387000	74.170408
13.076778	7.388000	74.180448
13.064555	7.389000	74.190489
13.052328	7.390000	74.200530
13.040099	7.391000	74.210570
13.027867	7.392000	74.220611
13.015632	7.393000	74.230652
13.003394	7.394000	74.240692
12.991153	7.395000	74.250733
12.978909	7.396000	74.260774
12.966662	7.397000	74.270814
12.954412	7.398000	74.280855
12.942159	7.399000	74.290896
12.929903	7.400000	74.300936
12.917644	7.401000	74.310977
12.905382	7.402000	74.321018
12.893117	7.403000	74.331058
12.880849	7.404000	74.341099
12.868579	7.405000	74.351140
12.856305	7.406000	74.361181
12.844028	7.407000	74.371221
12.831748	7.408000	74.381262
12.819466	7.409000	74.391303
12.807180	7.410000	74.401343
12.794891	7.411000	74.411384
12.782600	7.412000	74.421425
12.770305	7.413000	74.431465
12.758007	7.414000	74.441506
12.745707	7.415000	74.451547
12.733403	7.416000	74.461587
12.721096	7.417000	74.471628
12.708787	7.418000	74.481669
12.696474	7.419000	74.491709
12.684158	7.420000	74.501750
12.671839	7.421000	74.511791
12.659518	7.422000	74.521831
12.647193	7.423000	74.531872
12.634865	7.424000	74.541913
12.622534	7.425000	74.551953
12.610200	7.426000	74.561994
12.597864	7.427000	74.572035
12.585524	7.428000	74.582075
12.573181	7.429000	74.592116
12.560835	7.430000	74.602157
12.548486	7.431000	74.612197
12.536134	7.432000	74.622238
12.523779	7.433000	74.632279
12.511421	7.434000	74.642319
12.499060	7.435000	74.652360
12.486695	7.436000	74.662401
12.474328	7.437000	74.672441
12.461958	7.438000	74.682482
12.449585	7.439000	74.692523
12.437208	7.440000	74.702563
12.424829	7.441000	74.712604
12.412446	7.442000	74.722645
12.400061	7.443000	74.732685
12.387672	7.444000	74.742726
12.375280	7.445000	74.752767
12.362886	7.446000	74.762807
12.350488	7.447000	74.772848
12.338087	7.448000	74.782889
12.325683	7.449000	74.792929
12.313276	7.450000	74.802970
12.300866	7.451000	74.813011
12.288453	7.452000	74.823051
12.276037	7.453000	74.833092
12.263617	7.454000	74.843133
12.251195	7.455000	74.853173
12.238769	7.456000	74.863214
12.226341	7.457000	74.873255
12.213909	7.458000	74.883295
12.201474	7.459000	74.893336
12.189036	7.460000	74.903377
12.176595	7.461000	74.913417
12.164151	7.462000	74.923458
12.151704	7.463000	74.933499
12.139254	7.464000	74.943539
12.126800	7.465000	74.953580
12.114344	7.466000	74.963621
12.101884	7.467000	74.973661
12.089422	7.468000	74.983702
12.076956	7.469000	74.993743
12.064487	7.470000	75.003783
12.052015	7.471000	75.013824
12.039540	7.472000	75.023865
12.027061	7.473000	75.033905
12.014580	7.474000	75.043946
12.002095	7.475000	75.053987
11.989608	7.476000	75.064027
11.977117	7.477000	75.074068
11.964623	7.478000	75.084109
11.952126	7.479000	75.094149
11.939625	7.480000	75.104190
11.927122	7.481000	75.114231
11.914615	7.482000	75.124271
11.902106	7.483000	75.134312
11.889593	7.484000	75.144353
11.877077	7.485000	75.154393
11.864558	7.486000	75.164434
11.852036	7.487000	75.174475
11.839510	7.488000	75.184515
11.826982	7.489000	75.194556
11.814450	7.490000	75.204597
11.801915	7.491000	75.214637
11.789377	7.492000	75.224678
11.776836	7.493000	75.234719
11.764291	7.494000	75.244759
11.751744	7.495000	75.254800
11.739193	7.496000	75.264841
11.726639	7.497000	75.274881
11.714082	7.498000	75.284922
11.701522	7.499000	75.294963
11.688958	7.500000	75.305003
11.676392	7.501000	75.315044
11.663822	7.502000	75.325085
11.651249	7.503000	75.335125
11.638673	7.504000	75.345166
11.626093	7.505000	75.355207
11.613511	7.506000	75.365247
11.600925	7.507000	75.375288
11.588336	7.508000	75.385329
11.575744	7.509000	75.395369
11.563148	7.510000	75.405410
11.550550	7.511000	75.415451
11.537948	7.512000	75.425491
11.525343	7.513000	75.435532
11.512735	7.514000	75.445573
11.500123	7.515000	75.455613
11.487509	7.516000	75.465654
11.474891	7.517000	75.475695
11.462270	7.518000	75.485735
11.449645	7.519000	75.495776
11.437018	7.520000	75.505817
11.424387	7.521000	75.515857
11.411753	7.522000	75.525898
11.399116	7.523000	75.535939
11.386476	7.524000	75.545979
11.373832	7.525000	75.556020
11.361185	7.526000	75.566061
11.348535	7.527000	75.576101
11.335881	7.528000	75.586142
11.323225	7.529000	75.596183
11.310565	7.530000	75.606223
11.297902	7.531000	75.616264
11.285236	7.532000	75.626305
11.272566	7.533000	75.636345
11.259893	7.534000	75.646386
11.247217	7.535000	75.656427
11.234538	7.536000	75.666467
11.221855	7.537000	75.676508
11.209169	7.538000	75.686549
11.196480	7.539000	75.696589
11.183787	7.540000	75.706630
11.171092	7.541000	75.716671
11.158393	7.542000	75.726711
11.145692	7.543000	75.736752
11.132987	7.544000	75.746793
11.120280	7.545000	75.756833
11.107570	7.546000	75.766874
11.094858	7.547000	75.776915
11.082142	7.548000	75.786955
11.069424	7.549000	75.796996
11.056703	7.550000	75.807037
11.043978	7.551000	75.817077
11.031252	7.552000	75.827118
11.018522	7.553000	75.837159
11.005789	7.554000	75.847199
10.993054	7.555000	75.857240
10.980316	7.556000	75.867281
10.967575	7.557000	75.877321
10.954832	7.558000	75.887362
10.942085	7.559000	75.897403
10.929336	7.560000	75.907443
10.916584	7.561000	75.917484
10.903829	7.562000	75.927525
10.891071	7.563000	75.937565
10.878311	7.564000	75.947606
10.865548	7.565000	75.957647
10.852782	7.566000	75.967687
10.840013	7.567000	75.977728
10.827242	7.568000	75.987769
10.814467	7.569000	75.997809
10.801690	7.570000	76.007850
10.788910	7.571000	76.017891
10.776127	7.572000	76.027931
10.763342	7.573000	76.037972
10.750554	7.574000	76.048013
10.737762	7.575000	76.058053
10.724969	7.576000	76.068094
10.712172	7.577000	76.078135
10.699372	7.578000	76.088175
10.686570	7.579000	76.098216
10.673765	7.580000	76.108257
10.660957	7.581000	76.118297
10.648147	7.582000	76.128338
10.635333	7.583000	76.138379
10.622517	7.584000	76.148419
10.609698	7.585000	76.158460
10.596876	7.586000	76.168501
10.584052	7.587000	76.178541
10.571224	7.588000	76.188582
10.558394	7.589000	76.198623
10.545561	7.590000	76.208663
10.532725	7.591000	76.218704
10.519887	7.592000	76.228745
10.507046	7.593000	76.238785
10.494202	7.594000	76.248826
10.481355	7.595000	76.258867
10.468505	7.596000	76.268907
10.455653	7.597000	76.278948
10.442797	7.598000	76.288989
10.429939	7.599000	76.299029
10.417079	7.600000	76.309070
10.404215	7.601000	76.319111
10.391349	7.602000	76.329151
10.378480	7.603000	76.339192
10.365608	7.604000	76.349233
10.352733	7.605000	76.359273
10.339856	7.606000	76.369314
10.326975	7.607000	76.379355
10.314092	7.608000	76.389395
10.301207	7.609000	76.399436
10.288318	7.610000	76.409477
10.275427	7.611000	76.419517
10.262533	7.612000	76.429558
10.249636	7.613000	76.439599
10.236736	7.614000	76.449639
10.223834	7.615000	76.459680
10.210928	7.616000	76.469721
10.198020	7.617000	76.479761
10.185110	7.618000	76.489802
10.172196	7.619000	76.499843
10.159280	7.620000	76.509883
10.146361	7.621000	76.519924
10.133439	7.622000	76.529965
10.120515	7.623000	76.540005
10.107587	7.624000	76.550046
10.094657	7.625000	76.560087
10.081724	7.626000	76.570127
10.068789	7.627000	76.580168
10.055850	7.628000	76.590209
10.042909	7.629000	76.600249
10.029965	7.630000	76.610290
10.017019	7.631000	76.620331
10.004069	7.632000	76.630371
9.991117	7.633000	76.640412
9.978162	7.634000	76.650453
9.965205	7.635000	76.660493
9.952244	7.636000	76.670534
9.939281	7.637000	76.680575
9.926315	7.638000	76.690615
9.913347	7.639000	76.700656
9.900375	7.640000	76.710697
9.887401	7.641000	76.720737
9.874424	7.642000	76.730778
9.861445	7.643000	76.740819
9.848462	7.644000	76.750859
9.835477	7.645000	76.760900
9.822489	7.646000	76.770941
9.809499	7.647000	76.780981
9.796506	7.648000	76.791022
9.783510	7.649000	76.801063
9.770511	7.650000	76.811103
9.757509	7.651000	76.821144
9.744505	7.652000	76.831185
9.731498	7.653000	76.841225
9.718489	7.654000	76.851266
9.705476	7.655000	76.861307
9.692461	7.656000	76.871347
9.679444	7.657000	76.881388
9.666423	7.658000	76.891429
9.653400	7.659000	76.901469
9.640374	7.660000	76.911510
9.627345	7.661000	76.921551
9.614314	7.662000	76.931591
9.601280	7.663000	76.941632
9.588243	7.664000	76.951673
9.575204	7.665000	76.961713
9.562162	7.666000	76.971754
9.549117	7.667000	76.981795
9.536069	7.668000	76.991835
9.523019	7.669000	77.001876
9.509966	7.670000	77.011917
9.496911	7.671000	77.021957
9.483853	7.672000	77.031998
9.470792	7.673000	77.042039
9.457728	7.674000	77.052079
9.444662	7.675000	77.062120
9.431593	7.676000	77.072161
9.418521	7.677000	77.082201
9.405447	7.678000	77.092242
9.392370	7.679000	77.102283
9.379290	7.680000	77.112323
9.366208	7.681000	77.122364
9.353123	7.682000	77.132405
9.340035	7.683000	77.142445
9.326945	7.684000	77.152486
9.313852	7.685000	77.162527
9.300757	7.686000	77.172567
9.287658	7.687000	77.182608
9.274558	7.688000	77.192649
9.261454	7.689000	77.202689
9.248348	7.690000	77.212730
9.235239	7.691000	77.222771
9.222128	7.692000	77.232811
9.209014	7.693000	77.242852
9.195897	7.694000	77.252893
9.182778	7.695000	77.262933
9.169656	7.696000	77.272974
9.156532	7.697000	77.283015
9.143405	7.698000	77.293055
9.130275	7.699000	77.303096
9.117143	7.700000	77.313137
9.104008	7.701000	77.323177
9.090870	7.702000	77.333218
9.077730	7.703000	77.343259
9.064587	7.704000	77.353299
9.051442	7.705000	77.363340
9.038294	7.706000	77.373381
9.025144	7.707000	77.383421
9.011991	7.708000	77.393462
8.998835	7.709000	77.403503
8.985677	7.710000	77.413543
8.972517	7.711000	77.423584
8.959353	7.712000	77.433625
8.946188	7.713000	77.443665
8.933019	7.714000	77.453706
8.919848	7.715000	77.463747
8.906675	7.716000	77.473787
8.893499	7.717000	77.483828
8.880321	7.718000	77.493869
8.867139	7.719000	77.503909
8.853956	7.720000	77.513950
8.840770	7.721000	77.523991
8.827581	7.722000	77.534031
8.814390	7.723000	77.544072
8.801197	7.724000	77.554113
8.788001	7.725000	77.564153
8.774802	7.726000	77.574194
8.761601	7.727000	77.584235
8.748397	7.728000	77.594275
8.735191	7.729000	77.604316
8.721983	7.730000	77.614357
8.708772	7.731000	77.624397
8.695558	7.732000	77.634438
8.682342	7.733000	77.644479
8.669124	7.734000	77.654519
8.655903	7.735000	77.664560
8.642680	7.736000	77.674601
8.629454	7.737000	77.684641
8.616226	7.738000	77.694682
8.602996	7.739000	77.704723
8.589763	7.740000	77.714763
8.576527	7.741000	77.724804
8.563289	7.742000	77.734845
8.550049	7.743000	77.744885
8.536807	7.744000	77.754926
8.523562	7.745000	77.764967
8.510314	7.746000	77.775007
8.497064	7.747000	77.785048
8.483812	7.748000	77.795089
8.470558	7.749000	77.805129
8.457301	7.750000	77.815170
8.444042	7.751000	77.825211
8.430780	7.752000	77.835251
8.417516	7.753000	77.845292
8.404250	7.754000	77.855333
8.390981	7.755000	77.865373
8.377710	7.756000	77.875414
8.364437	7.757000	77.885455
8.351162	7.758000	77.895495
8.337884	7.759000	77.905536
8.324604	7.760000	77.915577
8.311321	7.761000	77.925617
8.298037	7.762000	77.935658
8.284750	7.763000	77.945699
8.271460	7.764000	77.955739
8.258169	7.765000	77.965780
8.244875	7.766000	77.975821
8.231579	7.767000	77.985861
8.218281	7.768000	77.995902
8.204980	7.769000	78.005943
8.191678	7.770000	78.015983
8.178373	7.771000	78.026024
8.165066	7.772000	78.036065
8.151756	7.773000	78.046105
8.138445	7.774000	78.056146
8.125131	7.775000	78.066187
8.111816	7.776000	78.076227
8.098498	7.777000	78.086268
8.085177	7.778000	78.096309
8.071855	7.779000	78.106349
8.058531	7.780000	78.116390
8.045204	7.781000	78.126431
8.031875	7.782000	78.136471
8.018545	7.783000	78.146512
8.005212	7.784000	78.156553
7.991877	7.785000	78.166593
7.978540	7.786000	78.176634
7.965201	7.787000	78.186675
7.951860	7.788000	78.196715
7.938516	7.789000	78.206756
7.925171	7.790000	78.216797
7.911824	7.791000	78.226837
7.898474	7.792000	78.236878
7.885123	7.793000	78.246919
7.871770	7.794000	78.256959
7.858414	7.795000	78.267000
7.845057	7.796000	78.277041
7.831698	7.797000	78.287081
7.818336	7.798000	78.297122
7.804973	7.799000	78.307163
7.791608	7.800000	78.317203
7.778241	7.801000	78.327244
7.764872	7.802000	78.337285
7.751501	7.803000	78.347325
7.738128	7.804000	78.357366
7.724754	7.805000	78.367407
7.711377	7.806000	78.377447
7.697999	7.807000	78.387488
7.684619	7.808000	78.397529
7.671237	7.809000	78.407569
7.657853	7.810000	78.417610
7.644467	7.811000	78.427651
7.631079	7.812000	78.437691
7.617690	7.813000	78.447732
7.604299	7.814000	78.457773
7.590906	7.815000	78.467813
7.577512	7.816000	78.477854
7.564115	7.817000	78.487895
7.550717	7.818000	78.497935
7.537317	7.819000	78.507976
7.523916	7.820000	78.518017
7.510513	7.821000	78.528057
7.497108	7.822000	78.538098
7.483702	7.823000	78.548139
7.470294	7.824000	78.558179
7.456884	7.825000	78.568220
7.443472	7.826000	78.578261
7.430060	7.827000	78.588301
7.416645	7.828000	78.598342
7.403229	7.829000	78.608383
7.389811	7.830000	78.618423
7.376392	7.831000	78.628464
7.362971	7.832000	78.638505
7.349549	7.833000	78.648545
7.336126	7.834000	78.658586
7.322700	7.835000	78.668627
7.309274	7.836000	78.678667
7.295846	7.837000	78.688708
7.282416	7.838000	78.698749
7.268985	7.839000	78.708789
7.255553	7.840000	78.718830
7.242119	7.841000	78.728871
7.228684	7.842000	78.738911
7.215248	7.843000	78.748952
7.201810	7.844000	78.758993
7.188371	7.845000	78.769033
7.174930	7.846000	78.779074
7.161489	7.847000	78.789115
7.148046	7.848000	78.799155
7.134602	7.849000	78.809196
7.121156	7.850000	78.819237
7.107710	7.851000	78.829277
7.094262	7.852000	78.839318
7.080813	7.853000	78.849359
7.067363	7.854000	78.859399
7.053912	7.855000	78.869440
7.040458	7.856000	78.879481
7.027001	7.857000	78.889521
7.013541	7.858000	78.899562
7.000077	7.859000	78.909603
6.986609	7.860000	78.919643
6.973138	7.861000	78.929684
6.959664	7.862000	78.939725
6.946186	7.863000	78.949765
6.932705	7.864000	78.959806
6.919220	7.865000	78.969847
6.905732	7.866000	78.979887
6.892241	7.867000	78.989928
6.878746	7.868000	78.999969
6.865247	7.869000	79.010009
6.851744	7.870000	79.020050
6.838238	7.871000	79.030091
6.824729	7.872000	79.040131
6.811215	7.873000	79.050172
6.797699	7.874000	79.060213
6.784178	7.875000	79.070253
6.770654	7.876000	79.080294
6.757127	7.877000	79.090335
6.743596	7.878000	79.100375
6.730061	7.879000	79.110416
6.716523	7.880000	79.120457
6.702982	7.881000	79.130497
6.689436	7.882000	79.140538
6.675888	7.883000	79.150579
6.662336	7.884000	79.160619
6.648780	7.885000	79.170660
6.635221	7.886000	79.180701
6.621658	7.887000	79.190741
6.608092	7.888000	79.200782
6.594522	7.889000	79.210823
6.580949	7.890000	79.220863
6.567372	7.891000	79.230904
6.553792	7.892000	79.240945
6.540209	7.893000	79.250985
6.526622	7.894000	79.261026
6.513032	7.895000	79.271067
6.499438	7.896000	79.281107
6.485841	7.897000	79.291148
6.472240	7.898000	79.301189
6.458637	7.899000	79.311229
6.445029	7.900000	79.321270
6.431419	7.901000	79.331311
6.417805	7.902000	79.341351
6.404187	7.903000	79.351392
6.390567	7.904000	79.361433
6.376943	7.905000	79.371473
6.363316	7.906000	79.381514
6.349685	7.907000	79.391555
6.336051	7.908000	79.401595
6.322414	7.909000	79.411636
6.308774	7.910000	79.421677
6.295130	7.911000	79.431717
6.281483	7.912000	79.441758
6.267833	7.913000	79.451799
6.254179	7.914000	79.461839
6.240523	7.915000	79.471880
6.226863	7.916000	79.481921
6.213200	7.917000	79.491961
6.199534	7.918000	79.502002
6.185865	7.919000	79.512043
6.172193	7.920000	79.522083
6.158517	7.921000	79.532124
6.144839	7.922000	79.542165
6.131157	7.923000	79.552205
6.117472	7.924000	79.562246
6.103784	7.925000	79.572287
6.090094	7.926000	79.582327
6.076400	7.927000	79.592368
6.062703	7.928000	79.602409
6.049003	7.929000	79.612449
6.035300	7.930000	79.622490
6.021594	7.931000	79.632531
6.007885	7.932000	79.642571
5.994174	7.933000	79.652612
5.980459	7.934000	79.662653
5.966742	7.935000	79.672693
5.953021	7.936000	79.682734
5.939298	7.937000	79.692775
5.925572	7.938000	79.702815
5.911843	7.939000	79.712856
5.898111	7.940000	79.722897
5.884376	7.941000	79.732937
5.870639	7.942000	79.742978
5.856899	7.943000	79.753019
5.843156	7.944000	79.763059
5.829411	7.945000	79.773100
5.815663	7.946000	79.783141
5.801912	7.947000	79.793181
5.788158	7.948000	79.803222
5.774402	7.949000	79.813263
5.760644	7.950000	79.823303
5.746882	7.951000	79.833344
5.733119	7.952000	79.843385
5.719352	7.953000	79.853425
5.705583	7.954000	79.863466
5.691812	7.955000	79.873507
5.678038	7.956000	79.883547
5.664262	7.957000	79.893588
5.650483	7.958000	79.903629
5.636702	7.959000	79.913669
5.622919	7.960000	79.923710
5.609133	7.961000	79.933751
5.595345	7.962000	79.943791
5.581555	7.963000	79.953832
5.567762	7.964000	79.963873
5.553967	7.965000	79.973913
5.540170	7.966000	79.983954
5.526371	7.967000	79.993995
5.512570	7.968000	80.004035
5.498766	7.969000	80.014076
5.484961	7.970000	80.024117
5.471153	7.971000	80.034157
5.457343	7.972000	80.044198
5.443532	7.973000	80.054239
5.429718	7.974000	80.064279
5.415902	7.975000	80.074320
5.402085	7.976000	80.084361
5.388266	7.977000	80.094401
5.374444	7.978000	80.104442
5.360621	7.979000	80.114483
5.346797	7.980000	80.124523
5.332970	7.981000	80.134564
5.319142	7.982000	80.144605
5.305312	7.983000	80.154645
5.291480	7.984000	80.164686
5.277647	7.985000	80.174727
5.263812	7.986000	80.184767
5.249976	7.987000	80.194808
5.236138	7.988000	80.204849
5.222299	7.989000	80.214889
5.208459	7.990000	80.224930
5.194617	7.991000	80.234971
5.180773	7.992000	80.245011
5.166928	7.993000	80.255052
5.153082	7.994000	80.265093
5.139235	7.995000	80.275133
5.125387	7.996000	80.285174
5.111537	7.997000	80.295215
5.097687	7.998000	80.305255
5.083835	7.999000	80.315296
5.069982	8.000000	80.325337
5.056129	8.001000	80.335377
5.042274	8.002000	80.345418
5.028419	8.003000	80.355459
5.014562	8.004000	80.365499
5.000705	8.005000	80.375540
4.986847	8.006000	80.385581
4.972989	8.007000	80.395621
4.959129	8.008000	80.405662
4.945270	8.009000	80.415703
4.931409	8.010000	80.425743
4.917548	8.011000	80.435784
4.903687	8.012000	80.445825
4.889825	8.013000	80.455865
4.875963	8.014000	80.465906
4.862100	8.015000	80.475947
4.848238	8.016000	80.485987
4.834375	8.017000	80.496028
4.820512	8.018000	80.506069
4.806648	8.019000	80.516109
4.792785	8.020000	80.526150
4.778922	8.021000	80.536191
4.765059	8.022000	80.546231
4.751195	8.023000	80.556272
4.737333	8.024000	80.566313
4.723470	8.025000	80.576353
4.709607	8.026000	80.586394
4.695745	8.027000	80.596435
4.681884	8.028000	80.606475
4.668023	8.029000	80.616516
4.654162	8.030000	80.626557
4.640302	8.031000	80.636597
4.626442	8.032000	80.646638
4.612584	8.033000	80.656679
4.598726	8.034000	80.666719
4.584869	8.035000	80.676760
4.571013	8.036000	80.686801
4.557157	8.037000	80.696841
4.543303	8.038000	80.706882
4.529450	8.039000	80.716923
4.515598	8.040000	80.726963
4.501748	8.041000	80.737004
4.487898	8.042000	80.747045
4.474050	8.043000	80.757085
4.460204	8.044000	80.767126
4.446359	8.045000	80.777167
4.432516	8.046000	80.787207
4.418674	8.047000	80.797248
4.404834	8.048000	80.807289
4.390996	8.049000	80.817329
4.377159	8.050000	80.827370
4.363325	8.051000	80.837411
4.349493	8.052000	80.847451
4.335663	8.053000	80.857492
4.321835	8.054000	80.867533
4.308009	8.055000	80.877573
4.294186	8.056000	80.887614
4.280365	8.057000	80.897655
4.266547	8.058000	80.907695
4.252731	8.059000	80.917736
4.238918	8.060000	80.927777
4.225108	8.061000	80.937817
4.211301	8.062000	80.947858
4.197496	8.063000	80.957899
4.183695	8.064000	80.967939
4.169897	8.065000	80.977980
4.156102	8.066000	80.988021
4.142310	8.067000	80.998061
4.128522	8.068000	81.008102
4.114737	8.069000	81.018143
4.100955	8.070000	81.028183
4.087178	8.071000	81.038224
4.073404	8.072000	81.048265
4.059634	8.073000	81.058305
4.045868	8.074000	81.068346
4.032106	8.075000	81.078387
4.018348	8.076000	81.088427
4.004594	8.077000	81.098468
3.990845	8.078000	81.108509
3.977100	8.079000	81.118549
3.963360	8.080000	81.128590
3.949624	8.081000	81.138631
3.935893	8.082000	81.148671
3.922167	8.083000	81.158712
3.908446	8.084000	81.168753
3.894730	8.085000	81.178793
3.881019	8.086000	81.188834
3.867314	8.087000	81.198875
3.853614	8.088000	81.208915
3.839919	8.089000	81.218956
3.826230	8.090000	81.228997
3.812547	8.091000	81.239037
3.798869	8.092000	81.249078
3.785198	8.093000	81.259119
3.771532	8.094000	81.269159
3.757873	8.095000	81.279200
3.744220	8.096000	81.289241
3.730573	8.097000	81.299281
3.716933	8.098000	81.309322
3.703300	8.099000	81.319363
3.689673	8.100000	81.329403
3.676053	8.101000	81.339444
3.662440	8.102000	81.349485
3.648835	8.103000	81.359525
3.635236	8.104000	81.369566
3.621645	8.105000	81.379607
3.608062	8.106000	81.389647
3.594486	8.107000	81.399688
3.580918	8.108000	81.409729
3.567358	8.109000	81.419769
3.553806	8.110000	81.429810
3.540261	8.111000	81.439851
3.526726	8.112000	81.449891
3.513198	8.113000	81.459932
3.499680	8.114000	81.469973
3.486170	8.115000	81.480013
3.472668	8.116000	81.490054
3.459176	8.117000	81.500095
3.445693	8.118000	81.510135
3.432219	8.119000	81.520176
3.418754	8.120000	81.530217
3.405299	8.121000	81.540257
3.391853	8.122000	81.550298
3.378418	8.123000	81.560339
3.364992	8.124000	81.570379
3.351576	8.125000	81.580420
3.338171	8.126000	81.590461
3.324776	8.127000	81.600501
3.311391	8.128000	81.610542
3.298018	8.129000	81.620583
3.284655	8.130000	81.630623
3.271302	8.131000	81.640664
3.257962	8.132000	81.650705
3.244632	8.133000	81.660745
3.231314	8.134000	81.670786
3.218007	8.135000	81.680827
3.204712	8.136000	81.690867
3.191429	8.137000	81.700908
3.178158	8.138000	81.710949
3.164899	8.139000	81.720989
3.151652	8.140000	81.731030
3.138418	8.141000	81.741071
3.125197	8.142000	81.751111
3.111988	8.143000	81.761152
3.098793	8.144000	81.771193
3.085610	8.145000	81.781233
3.072441	8.146000	81.791274
3.059286	8.147000	81.801315
3.046144	8.148000	81.811355
3.033015	8.149000	81.821396
3.019901	8.150000	81.831437
3.006801	8.151000	81.841477
2.993715	8.152000	81.851518
2.980644	8.153000	81.861559
2.967587	8.154000	81.871599
2.954545	8.155000	81.881640
2.941518	8.156000	81.891681
2.928506	8.157000	81.901721
2.915510	8.158000	81.911762
2.902529	8.159000	81.921803
2.889563	8.160000	81.931843
2.876613	8.161000	81.941884
2.863680	8.162000	81.951925
2.850762	8.163000	81.961965
2.837861	8.164000	81.972006
2.824976	8.165000	81.982047
2.812108	8.166000	81.992087
2.799257	8.167000	82.002128
2.786423	8.168000	82.012169
2.773606	8.169000	82.022209
2.760807	8.170000	82.032250
2.748025	8.171000	82.042291
2.735261	8.172000	82.052331
2.722514	8.173000	82.062372
2.709786	8.174000	82.072413
2.697076	8.175000	82.082453
2.684385	8.176000	82.092494
2.671712	8.177000	82.102535
2.659058	8.178000	82.112575
2.646423	8.179000	82.122616
2.633807	8.180000	82.132657
2.621210	8.181000	82.142697
2.608633	8.182000	82.152738
2.596076	8.183000	82.162779
2.583538	8.184000	82.172820
2.571021	8.185000	82.182860
2.558524	8.186000	82.192901
2.546047	8.187000	82.202942
2.533591	8.188000	82.212982
2.521155	8.189000	82.223023
2.508741	8.190000	82.233064
2.496347	8.191000	82.243104
2.483975	8.192000	82.253145
2.471625	8.193000	82.263186
2.459296	8.194000	82.273226
2.446989	8.195000	82.283267
2.434704	8.196000	82.293308
2.422441	8.197000	82.303348
2.410201	8.198000	82.313389
2.397983	8.199000	82.323430
2.385788	8.200000	82.333470
2.373616	8.201000	82.343511
2.361467	8.202000	82.353552
2.349341	8.203000	82.363592
2.337239	8.204000	82.373633
2.325160	8.205000	82.383674
2.313106	8.206000	82.393714
2.301075	8.207000	82.403755
2.289068	8.208000	82.413796
2.277086	8.209000	82.423836
2.265128	8.210000	82.433877
2.253195	8.211000	82.443918
2.241287	8.212000	82.453958
2.229403	8.213000	82.463999
2.217545	8.214000	82.474040
2.205713	8.215000	82.484080
2.193906	8.216000	82.494121
2.182124	8.217000	82.504162
2.170369	8.218000	82.514202
2.158639	8.219000	82.524243
2.146936	8.220000	82.534284
2.135259	8.221000	82.544324
2.123609	8.222000	82.554365
2.111985	8.223000	82.564406
2.100388	8.224000	82.574446
2.088819	8.225000	82.584487
2.077276	8.226000	82.594528
2.065761	8.227000	82.604568
2.054274	8.228000	82.614609
2.042814	8.229000	82.624650
2.031382	8.230000	82.634690
2.019978	8.231000	82.644731
2.008602	8.232000	82.654772
1.997254	8.233000	82.664812
1.985935	8.234000	82.674853
1.974645	8.235000	82.684894
1.963383	8.236000	82.694934
1.952150	8.237000	82.704975
1.940946	8.238000	82.715016
1.929772	8.239000	82.725056
1.918627	8.240000	82.735097
1.907511	8.241000	82.745138
1.896425	8.242000	82.755178
1.885369	8.243000	82.765219
1.874342	8.244000	82.775260
1.863346	8.245000	82.785300
1.852380	8.246000	82.795341
1.841444	8.247000	82.805382
1.830539	8.248000	82.815422
1.819664	8.249000	82.825463
1.808820	8.250000	82.835504
1.798007	8.251000	82.845544
1.787225	8.252000	82.855585
1.776474	8.253000	82.865626
1.765754	8.254000	82.875666
1.755066	8.255000	82.885707
1.744409	8.256000	82.895748
1.733784	8.257000	82.905788
1.723190	8.258000	82.915829
1.712628	8.259000	82.925870
1.702099	8.260000	82.935910
1.691601	8.261000	82.945951
1.681135	8.262000	82.955992
1.670702	8.263000	82.966032
1.660301	8.264000	82.976073
1.649933	8.265000	82.986114
1.639597	8.266000	82.996154
1.629294	8.267000	83.006195
1.619024	8.268000	83.016236
1.608786	8.269000	83.026276
1.598582	8.270000	83.036317
1.588411	8.271000	83.046358
1.578272	8.272000	83.056398
1.568168	8.273000	83.066439
1.558096	8.274000	83.076480
1.548058	8.275000	83.086520
1.538053	8.276000	83.096561
1.528082	8.277000	83.106602
1.518145	8.278000	83.116642
1.508242	8.279000	83.126683
1.498372	8.280000	83.136724
1.488536	8.281000	83.146764
1.478735	8.282000	83.156805
1.468967	8.283000	83.166846
1.459233	8.284000	83.176886
1.449534	8.285000	83.186927
1.439869	8.286000	83.196968
1.430238	8.287000	83.207008
1.420641	8.288000	83.217049
1.411079	8.289000	83.227090
1.401552	8.290000	83.237130
1.392059	8.291000	83.247171
1.382600	8.292000	83.257212
1.373177	8.293000	83.267252
1.363788	8.294000	83.277293
1.354433	8.295000	83.287334
1.345114	8.296000	83.297374
1.335829	8.297000	83.307415
1.326579	8.298000	83.317456
1.317364	8.299000	83.327496
1.308184	8.300000	83.337537
1.299038	8.301000	83.347578
1.289928	8.302000	83.357618
1.280853	8.303000	83.367659
1.271813	8.304000	83.377700
1.262808	8.305000	83.387740
1.253838	8.306000	83.397781
1.244903	8.307000	83.407822
1.236003	8.308000	83.417862
1.227139	8.309000	83.427903
1.218309	8.310000	83.437944
1.209515	8.311000	83.447984
1.200756	8.312000	83.458025
1.192032	8.313000	83.468066
1.183343	8.314000	83.478106
1.174690	8.315000	83.488147
1.166071	8.316000	83.498188
1.157488	8.317000	83.508228
1.148940	8.318000	83.518269
1.140428	8.319000	83.528310
1.131950	8.320000	83.538350
1.123508	8.321000	83.548391
1.115101	8.322000	83.558432
1.106728	8.323000	83.568472
1.098392	8.324000	83.578513
1.090090	8.325000	83.588554
1.081823	8.326000	83.598594
1.073592	8.327000	83.608635
1.065395	8.328000	83.618676
1.057234	8.329000	83.628716
1.049107	8.330000	83.638757
1.041016	8.331000	83.648798
1.032959	8.332000	83.658838
1.024938	8.333000	83.668879
1.016951	8.334000	83.678920
1.009000	8.335000	83.688960
1.001083	8.336000	83.699001
0.993201	8.337000	83.709042
0.985354	8.338000	83.719082
0.977541	8.339000	83.729123
0.969763	8.340000	83.739164
0.962020	8.341000	83.749204
0.954312	8.342000	83.759245
0.946638	8.343000	83.769286
0.938998	8.344000	83.779326
0.931393	8.345000	83.789367
0.923823	8.346000	83.799408
0.916286	8.347000	83.809448
0.908785	8.348000	83.819489
0.901317	8.349000	83.829530
0.893883	8.350000	83.839570
0.886484	8.351000	83.849611
0.879119	8.352000	83.859652
0.871788	8.353000	83.869692
0.864490	8.354000	83.879733
0.857227	8.355000	83.889774
0.849998	8.356000	83.899814
0.842802	8.357000	83.909855
0.835640	8.358000	83.919896
0.828512	8.359000	83.929936
0.821417	8.360000	83.939977
0.814355	8.361000	83.950018
0.807327	8.362000	83.960058
0.800333	8.363000	83.970099
0.793372	8.364000	83.980140
0.786444	8.365000	83.990180
0.779549	8.366000	84.000221
0.772687	8.367000	84.010262
0.765858	8.368000	84.020302
0.759062	8.369000	84.030343
0.752298	8.370000	84.040384
0.745568	8.371000	84.050424
0.738870	8.372000	84.060465
0.732205	8.373000	84.070506
0.725572	8.374000	84.080546
0.718971	8.375000	84.090587
0.712403	8.376000	84.100628
0.705867	8.377000	84.110668
0.699364	8.378000	84.120709
0.692892	8.379000	84.130750
0.686452	8.380000	84.140790
0.680044	8.381000	84.150831
0.673668	8.382000	84.160872
0.667324	8.383000	84.170912
0.661011	8.384000	84.180953
0.654729	8.385000	84.190994
0.648479	8.386000	84.201034
0.642261	8.387000	84.211075
0.636073	8.388000	84.221116
0.629917	8.389000	84.231156
0.623791	8.390000	84.241197
0.617697	8.391000	84.251238
0.611633	8.392000	84.261278
0.605601	8.393000	84.271319
0.599598	8.394000	84.281360
0.593627	8.395000	84.291400
0.587685	8.396000	84.301441
0.581774	8.397000	84.311482
0.575893	8.398000	84.321522
0.570043	8.399000	84.331563
0.564222	8.400000	84.341604
0.558431	8.401000	84.351644
0.552670	8.402000	84.361685
0.546939	8.403000	84.371726
0.541238	8.404000	84.381766
0.535566	8.405000	84.391807
0.529923	8.406000	84.401848
0.524309	8.407000	84.411888
0.518725	8.408000	84.421929
0.513170	8.409000	84.431970
0.507644	8.410000	84.442010
0.502146	8.411000	84.452051
0.496678	8.412000	84.462092
0.491238	8.413000	84.472132
0.485827	8.414000	84.482173
0.480444	8.415000	84.492214
0.475089	8.416000	84.502254
0.469763	8.417000	84.512295
0.464465	8.418000	84.522336
0.459194	8.419000	84.532376
0.453952	8.420000	84.542417
0.448737	8.421000	84.552458
0.443551	8.422000	84.562498
0.438391	8.423000	84.572539
0.433259	8.424000	84.582580
0.428155	8.425000	84.592620
0.423078	8.426000	84.602661
0.418028	8.427000	84.612702
0.413005	8.428000	84.622742
0.408009	8.429000	84.632783
0.403039	8.430000	84.642824
0.398097	8.431000	84.652864
0.393179	8.432000	84.662905
0.388287	8.433000	84.672946
0.383422	8.434000	84.682986
0.378585	8.435000	84.693027
0.373775	8.436000	84.703068
0.368994	8.437000	84.713108
0.364239	8.438000	84.723149
0.359512	8.439000	84.733190
0.354813	8.440000	84.743230
0.350141	8.441000	84.753271
0.345497	8.442000	84.763312
0.340880	8.443000	84.773352
0.336291	8.444000	84.783393
0.331729	8.445000	84.793434
0.327194	8.446000	84.803474
0.322687	8.447000	84.813515
0.318207	8.448000	84.823556
0.313754	8.449000	84.833596
0.309328	8.450000	84.843637
0.304929	8.451000	84.853678
0.300558	8.452000	84.863718
0.296214	8.453000	84.873759
0.291896	8.454000	84.883800
0.287606	8.455000	84.893840
0.283343	8.456000	84.903881
0.279107	8.457000	84.913922
0.274898	8.458000	84.923962
0.270715	8.459000	84.934003
0.266560	8.460000	84.944044
0.262431	8.461000	84.954084
0.258329	8.462000	84.964125
0.254254	8.463000	84.974166
0.250206	8.464000	84.984206
0.246184	8.465000	84.994247
0.242189	8.466000	85.004288
0.238220	8.467000	85.014328
0.234278	8.468000	85.024369
0.230363	8.469000	85.034410
0.226473	8.470000	85.044450
0.222610	8.471000	85.054491
0.218772	8.472000	85.064532
0.214961	8.473000	85.074572
0.211175	8.474000	85.084613
0.207416	8.475000	85.094654
0.203682	8.476000	85.104694
0.199971	8.477000	85.114735
0.196286	8.478000	85.124776
0.192627	8.479000	85.134816
0.188993	8.480000	85.144857
0.185384	8.481000	85.154898
0.181802	8.482000	85.164938
0.178245	8.483000	85.174979
0.174713	8.484000	85.185020
0.171207	8.485000	85.195060
0.167726	8.486000	85.205101
0.164270	8.487000	85.215142
0.160840	8.488000	85.225182
0.157435	8.489000	85.235223
0.154056	8.490000	85.245264
0.150701	8.491000	85.255304
0.147372	8.492000	85.265345
0.144067	8.493000	85.275386
0.140788	8.494000	85.285426
0.137533	8.495000	85.295467
0.134303	8.496000	85.305508
0.131098	8.497000	85.315548
0.127918	8.498000	85.325589
0.124762	8.499000	85.335630
0.121631	8.500000	85.345670
0.118524	8.501000	85.355711
0.115442	8.502000	85.365752
0.112383	8.503000	85.375792
0.109349	8.504000	85.385833
0.106339	8.505000	85.395874
0.103353	8.506000	85.405914
0.100390	8.507000	85.415955
0.097451	8.508000	85.425996
0.094535	8.509000	85.436036
0.091643	8.510000	85.446077
0.088773	8.511000	85.456118
0.085927	8.512000	85.466158
0.083103	8.513000	85.476199
0.080302	8.514000	85.486240
0.077523	8.515000	85.496280
0.074766	8.516000	85.506321
0.072031	8.517000	85.516362
0.069318	8.518000	85.526402
0.066625	8.519000	85.536443
0.063954	8.520000	85.546484
0.061303	8.521000	85.556524
0.058672	8.522000	85.566565
0.056060	8.523000	85.576606
0.053468	8.524000	85.586646
0.050894	8.525000	85.596687
0.048338	8.526000	85.606728
0.045800	8.527000	85.616768
0.043278	8.528000	85.626809
0.040772	8.529000	85.636850
0.038280	8.530000	85.646890
0.035802	8.531000	85.656931
0.033336	8.532000	85.666972
0.030882	8.533000	85.677012
0.028436	8.534000	85.687053
0.025998	8.535000	85.697094
0.023566	8.536000	85.707134
0.021135	8.537000	85.717175
0.018704	8.538000	85.727216
0.016268	8.539000	85.737256
0.013823	8.540000	85.747297
0.011363	8.541000	85.757338
0.008882	8.542000	85.767378
0.006374	8.543000	85.777419
0.003838	8.544000	85.787460
0.001296	8.545000	85.797500
